{"lowlevel.dissonance.mean": [-0.26667797565460205], "sfx.inharmonicity.mean": [0.26277482509613037], "lowlevel.spectral_contrast.mean": [[0.9660035967826843, 0.3142378330230713, 0.29192376136779785, 0.3195004463195801, 0.3365814685821533, 0.2675039768218994]], "lowlevel.spectral_centroid.mean": [0.33944836258888245], "lowlevel.mfcc.mean": [[0.22491562366485596, 0.3117978572845459, 0.646523118019104, 0.64638352394104, 0.6825972199440002, 0.5540744662284851, 0.4769642949104309, 0.3124551475048065, 0.21341601014137268, 0.05093023180961609, -0.07292598485946655, -0.14155423641204834, -0.19966083765029907]], "sfx.logattacktime.mean": [0.20343008637428284], "lowlevel.hfc.mean": [0.4777284562587738]}