{"lowlevel.dissonance.mean": [0.6013931035995483], "sfx.inharmonicity.mean": [0.6543498039245605], "lowlevel.spectral_contrast.mean": [[0.14870524406433105, 0.8101077079772949, 0.8386044502258301, 1.0070160627365112, 0.7621340751647949, 0.6136932373046875]], "lowlevel.spectral_centroid.mean": [0.493610143661499], "lowlevel.mfcc.mean": [[0.4076244831085205, 0.2481497824192047, -0.2093375027179718, 0.24028748273849487, 0.23402054607868195, 0.30579298734664917, 0.24835753440856934, 0.22163984179496765, 0.29084649682044983, 0.3083844780921936, 0.48842549324035645, 0.6284580826759338, 0.8385559320449829]], "sfx.logattacktime.mean": [0.5731143355369568], "lowlevel.hfc.mean": [0.472839891910553]}