{
"metadata": {
    "version": {
        "essentia": "2.1-beta2"
    }
},
"lowLevel": {
    "dissonance": {
        "mean": 0.0116077596322
    },
    "hfc": {
        "mean": 24.4128036499
    },
    "spectral_centroid": {
        "mean": 0.0368006229401
    },
    "mfcc": {
        "mean": [-921.849243164, 175.532821655, 3.82979774475, -55.8279685974, -47.0388946533, -37.8594207764, -37.4462432861, -23.2111358643, -6.24018764496, -9.38317775726, -22.6837463379, -26.8949832916, -15.5437717438, -0.277596265078, 4.85850477219, 3.87919783592, 7.48504543304, 19.2795295715, 30.7028102875, 36.3298683167, 30.873216629, 11.175453186, -13.674829483, -24.8439655304, -18.9076690674, -5.45268440247, 7.70649576187, 17.3916397095, 12.041636467, -2.28928828239, -10.0816049576, -9.02069664001, -2.25501775742, 6.47820091248, 10.4203300476, -0.515639901161, -17.7344169617, -18.5718612671, -3.73146080971, 5.19987249374]
    },
    "spectral_contrast": {
        "mean": [-0.457537472248, -0.43386927247, -0.648522496223, -0.817131459713, -0.887547850609, -0.870985925198]
    }
},
"sfx": {
    "inharmonicity": {
        "mean": 0.261643975973
    },
    "logattacktime": {
        "mean": -4.95556926727
    }
}
}