{
"metadata": {
    "version": {
        "essentia": "2.1-beta2"
    }
},
"lowLevel": {
    "average_loudness": 0.99068403244,
    "barkbands_kurtosis": {
        "mean": 5.7416844368
    },
    "barkbands_skewness": {
        "mean": -0.229717060924
    },
    "barkbands_spread": {
        "mean": 7.49570846558
    },
    "dissonance": {
        "mean": 0.416133791208
    },
    "hfc": {
        "mean": 0.49566078186
    },
    "pitch": {
        "mean": 648.301452637
    },
    "pitch_instantaneous_confidence": {
        "mean": 0.688173234463
    },
    "pitch_salience": {
        "mean": 0.513576328754
    },
    "silence_rate_20dB": {
        "mean": 1
    },
    "silence_rate_30dB": {
        "mean": 1
    },
    "silence_rate_60dB": {
        "mean": 1
    },
    "spectral_centroid": {
        "mean": 2461.37255859
    },
    "spectral_complexity": {
        "mean": 1.21739125252
    },
    "spectral_crest": {
        "mean": 14.8064947128
    },
    "spectral_decrease": {
        "mean": -4.23560110596e-11
    },
    "spectral_energy": {
        "mean": 0.000204818701604
    },
    "spectral_energyband_high": {
        "mean": 2.18638051592e-05
    },
    "spectral_energyband_low": {
        "mean": 3.13675769803e-07
    },
    "spectral_energyband_middle_high": {
        "mean": 0.000179378737812
    },
    "spectral_energyband_middle_low": {
        "mean": 3.15970987685e-06
    },
    "spectral_flatness_db": {
        "mean": 0.235989958048
    },
    "spectral_flux": {
        "mean": 0.00468307826668
    },
    "spectral_kurtosis": {
        "mean": 11.6419706345
    },
    "spectral_rms": {
        "mean": 0.000394600618165
    },
    "spectral_rolloff": {
        "mean": 3510.84790039
    },
    "spectral_skewness": {
        "mean": 2.51776266098
    },
    "spectral_spread": {
        "mean": 7416648.5
    },
    "spectral_strongpeak": {
        "mean": 0.484564751387
    },
    "zerocrossingrate": {
        "mean": 0.115340523422
    },
    "barkbands": {
        "mean": [2.90166383365e-07, 1.88212737839e-07, 4.17094758731e-09, 2.75415890094e-09, 9.07499586589e-09, 6.3106710968e-09, 1.1160994795e-08, 2.50844982475e-06, 5.51616153643e-07, 3.87206085861e-07, 4.27957047577e-06, 1.19951573652e-06, 2.72242095889e-06, 9.27512883209e-05, 1.14420447517e-06, 2.27509408433e-05, 6.00884595769e-06, 3.45748958352e-05, 1.29579630084e-05, 2.12465624827e-06, 3.62841183232e-06, 1.43423503687e-05, 1.57771387421e-06, 7.55237977046e-07, 3.65588057605e-08, 4.94040719445e-09, 7.57291174214e-10]
    },
    "mfcc": {
        "mean": [-959.423583984, 11.4394264221, -89.567527771, -8.75845146179, 1.12803256512, 19.9407234192, -0.349850952625, 15.3631343842, 11.0905828476, 11.9558649063, 32.1012306213, 4.55934000015, -4.20114707947]
    },
    "sccoeffs": {
        "mean": [-0.788010656834, -0.693424582481, -0.727593302727, -0.63143324852, -0.742953419685, -0.730313003063]
    },
    "scvalleys": {
        "mean": [-11.4729299545, -11.9587469101, -11.4436445236, -11.0101041794, -11.1568613052, -13.2096939087]
    }
},
"rhythm": {
    "bpm": 0,
    "first_peak_bpm": {
        "mean": 0
    },
    "first_peak_spread": {
        "mean": 0
    },
    "first_peak_weight": {
        "mean": 0
    },
    "onset_rate": 2.01480269432,
    "second_peak_bpm": {
        "mean": 0
    },
    "second_peak_spread": {
        "mean": 0
    },
    "second_peak_weight": {
        "mean": 0
    },
    "beats_position": [],
    "bpm_estimates": [],
    "bpm_intervals": [],
    "onset_times": [0.0348299331963]
},
"sfx": {
    "inharmonicity": {
        "mean": 0.0805976390839
    },
    "oddtoevenharmonicenergyratio": {
        "mean": 7.73879957199
    },
    "pitch_after_max_to_before_max_energy_ratio": 0.199804246426,
    "pitch_centroid": 9.60237884521,
    "pitch_max_to_total": 0.956521749496,
    "pitch_min_to_total": 0.478260874748,
    "tristimulus": {
        "mean": [0.0957325473428, 0.641457736492, 0.173243120313]
    }
},
"tonal": {
    "chords_changes_rate": 0,
    "chords_number_rate": 0.0833333358169,
    "chords_strength": {
        "mean": 0.374260932207
    },
    "key_strength": 0.578350841999,
    "tuning_diatonic_strength": 0.359053403139,
    "tuning_equal_tempered_deviation": 0.18264849484,
    "tuning_frequency": 440.508575439,
    "tuning_nontempered_energy_ratio": 0.788346529007,
    "hpcp": {
        "mean": [0.0338935926557, 0.0484090559185, 0.0326324887574, 0.00730635644868, 0.0208657402545, 0.0514811165631, 0.0465329773724, 0.0216335505247, 0.0124838976189, 0.017806019634, 0.0988018140197, 0.193237319589, 0.116061657667, 0.0401685573161, 0.0544945597649, 0.0537501275539, 0.0565327145159, 0.0509948916733, 0.0310086011887, 0.0359318219125, 0.0632604807615, 0.0370749421418, 0.0108131607994, 0.0214597675949, 0.019893841818, 0.0151235125959, 0.0174664929509, 0.0508957505226, 0.184606313705, 0.619832575321, 0.973610639572, 0.583604753017, 0.131469622254, 0.0742628201842, 0.0427925623953, 0.0242481883615]
    },
    "chords_histogram": [0, 0, 0, 0, 0, 0, 0, 100, 0, 0, 0, 0, 0, 0, 0, 0, 0, 0, 0, 0, 0, 0, 0, 0],
    "thpcp": [1, 0.59942317009, 0.13503305614, 0.0762756839395, 0.0439524389803, 0.0249054264277, 0.0348122678697, 0.0497211664915, 0.0335169807076, 0.00750439241529, 0.0214312989265, 0.0528764948249, 0.0477942377329, 0.0222199205309, 0.012822269462, 0.0182886458933, 0.101479798555, 0.198474943638, 0.119207464159, 0.0412573106587, 0.0559716150165, 0.0552070066333, 0.0580650120974, 0.0523770898581, 0.0318490788341, 0.0369057394564, 0.0649751350284, 0.0380798466504, 0.0111062480137, 0.0220414269716, 0.0204330570996, 0.0155334295705, 0.0179399158806, 0.052275262773, 0.189610004425, 0.636632919312],
    "chords_key": "C",
    "chords_scale": "major",
    "key_key": "C",
    "key_scale": "minor",
    "chords_progression": ["C", "C", "C", "C", "C", "C", "C", "C", "C", "C", "C", "C"]
}
}