{
"metadata": {
    "version": {
        "essentia": "2.1-beta2"
    }
},
"lowLevel": {
    "average_loudness": 0.922232568264,
    "barkbands_kurtosis": {
        "mean": 9.66665363312
    },
    "barkbands_skewness": {
        "mean": 1.64911925793
    },
    "barkbands_spread": {
        "mean": 9.24556350708
    },
    "dissonance": {
        "mean": 0.486396074295
    },
    "hfc": {
        "mean": 77.8718414307
    },
    "pitch": {
        "mean": 1545.95422363
    },
    "pitch_instantaneous_confidence": {
        "mean": 0.892013669014
    },
    "pitch_salience": {
        "mean": 0.395586788654
    },
    "silence_rate_20dB": {
        "mean": 1
    },
    "silence_rate_30dB": {
        "mean": 0.926829278469
    },
    "silence_rate_60dB": {
        "mean": 0.214634150267
    },
    "spectral_centroid": {
        "mean": 1982.88989258
    },
    "spectral_complexity": {
        "mean": 1.6097561121
    },
    "spectral_crest": {
        "mean": 19.2137298584
    },
    "spectral_decrease": {
        "mean": -8.08040390154e-09
    },
    "spectral_energy": {
        "mean": 0.0375604331493
    },
    "spectral_energyband_high": {
        "mean": 0.000209408943192
    },
    "spectral_energyband_low": {
        "mean": 3.11408655307e-07
    },
    "spectral_energyband_middle_high": {
        "mean": 0.037350255996
    },
    "spectral_energyband_middle_low": {
        "mean": 2.46556993488e-07
    },
    "spectral_flatness_db": {
        "mean": 0.484008461237
    },
    "spectral_flux": {
        "mean": 0.0320054776967
    },
    "spectral_kurtosis": {
        "mean": 8.31273651123
    },
    "spectral_rms": {
        "mean": 0.00496227853
    },
    "spectral_rolloff": {
        "mean": 2569.70336914
    },
    "spectral_skewness": {
        "mean": 2.67524290085
    },
    "spectral_spread": {
        "mean": 9963325
    },
    "spectral_strongpeak": {
        "mean": 10.0930128098
    },
    "zerocrossingrate": {
        "mean": 0.100397773087
    },
    "barkbands": {
        "mean": [6.03913861141e-07, 5.31247437152e-08, 2.05494332661e-09, 1.54018686693e-09, 1.49764005641e-08, 3.51058488945e-08, 3.98488992914e-08, 2.94520088318e-08, 1.02071815888e-07, 9.60787716053e-08, 1.44617416709e-07, 1.10151155752e-07, 1.9142031249e-07, 0.0286364834756, 0.000531470752321, 3.93914035612e-07, 1.86133320312e-07, 2.13734665522e-07, 0.00818085297942, 2.25949420951e-07, 9.21881655813e-05, 1.81966782975e-07, 7.15370188118e-05, 1.34466126838e-05, 1.14850681712e-05, 2.01365328394e-05, 3.37686088869e-07]
    },
    "mfcc": {
        "mean": [-960.789489746, -43.12550354, -53.3618125916, -8.56068992615, 22.0966033936, 20.7714977264, 9.80958652496, -22.298122406, -24.3459587097, 47.0297050476, 44.0856361389, -38.4580421448, -26.2828788757]
    },
    "sccoeffs": {
        "mean": [-0.747659385204, -0.882118403912, -0.886632323265, -0.456073284149, -0.57795381546, -0.74778842926]
    },
    "scvalleys": {
        "mean": [-11.199344635, -10.756193161, -10.4080104828, -10.095995903, -10.7364683151, -11.4436798096]
    }
},
"rhythm": {
    "beats_loudness": {
        "mean": 0.0345784313977
    },
    "bpm": 68.6795883179,
    "first_peak_bpm": {
        "mean": 69
    },
    "first_peak_spread": {
        "mean": 0
    },
    "first_peak_weight": {
        "mean": 1
    },
    "onset_rate": 0.846026957035,
    "second_peak_bpm": {
        "mean": 0
    },
    "second_peak_spread": {
        "mean": 0
    },
    "second_peak_weight": {
        "mean": 0
    },
    "beats_loudness_band_ratio": {
        "mean": [0.161469429731, 0.00049581337953, 0.000632212613709, 0.00921164546162, 0.62320971489, 0.205096244812]
    },
    "beats_position": [0.882358253002, 1.764716506, 2.63546490669, 3.50621318817, 4.37696123123],
    "bpm_estimates": [67.9995880127, 68.9062423706, 68.90625, 68.9062728882],
    "bpm_intervals": [0.882358253002, 0.870748400688, 0.870748281479, 0.87074804306],
    "onset_times": [0.417959183455, 1.06811785698, 2.68190479279, 3.81968259811]
},
"sfx": {
    "inharmonicity": {
        "mean": 0.0756141543388
    },
    "oddtoevenharmonicenergyratio": {
        "mean": 10892.0488281
    },
    "pitch_after_max_to_before_max_energy_ratio": 50.5598068237,
    "pitch_centroid": 105.919975281,
    "pitch_max_to_total": 0.0829268321395,
    "pitch_min_to_total": 0,
    "tristimulus": {
        "mean": [0.197770148516, 0.365593016148, 0.049440022558]
    }
},
"tonal": {
    "chords_changes_rate": 0.116504855454,
    "chords_number_rate": 0.0485436879098,
    "chords_strength": {
        "mean": 0.493461102247
    },
    "key_strength": 0.543336510658,
    "tuning_diatonic_strength": 0.388026952744,
    "tuning_equal_tempered_deviation": 0.235815480351,
    "tuning_frequency": 445.112548828,
    "tuning_nontempered_energy_ratio": 0.805801153183,
    "hpcp": {
        "mean": [0.0235496405512, 0.0175568051636, 0.0146752782166, 0.016938501969, 0.024461556226, 0.0309454500675, 0.0305238459259, 0.0228590890765, 0.0165751390159, 0.0125861316919, 0.0108491461724, 0.00988882873207, 0.00769957806915, 0.0072397524491, 0.00968096870929, 0.0136532988399, 0.012020740658, 0.00973529368639, 0.0111810211092, 0.010956148617, 0.0102577069774, 0.0171920210123, 0.100682005286, 0.134808406234, 0.0670424029231, 0.0457526631653, 0.0490023680031, 0.0345649309456, 0.0192291177809, 0.0181448366493, 0.0180985052139, 0.0707396939397, 0.560075461864, 0.8432289958, 0.372189730406, 0.0410032682121]
    },
    "chords_histogram": [12.6213588715, 33.0097084045, 0, 0, 0, 0, 0, 0, 0, 0, 7.76699018478, 19.4174766541, 0, 0, 0, 0, 0, 0, 27.1844654083, 0, 0, 0, 0, 0],
    "thpcp": [1, 0.441386312246, 0.0486264936626, 0.0279279295355, 0.0208209212869, 0.0174036696553, 0.0200876649469, 0.0290093868971, 0.0366987511516, 0.0361987613142, 0.0271089933813, 0.0196567475796, 0.0149261131883, 0.012866191566, 0.0117273349315, 0.00913106370717, 0.00858574919403, 0.0114808296785, 0.0161916855723, 0.0142556065693, 0.0115452548489, 0.013259768486, 0.0129930879921, 0.0121647939086, 0.0203883182257, 0.119400545955, 0.159871637821, 0.0795067548752, 0.0542588829994, 0.0581127628684, 0.0409911572933, 0.0228041466326, 0.021518278867, 0.0214633326977, 0.0838914364576, 0.664203286171],
    "chords_key": "F",
    "chords_scale": "minor",
    "key_key": "C#",
    "key_scale": "major",
    "chords_progression": ["E", "E", "E", "E", "E", "E", "E", "E", "E", "E", "E", "E", "E", "E", "E", "E", "E", "E", "E", "E", "E", "E", "E", "E", "E", "E", "E", "C#", "E", "C#", "C#", "C#", "C#", "C#", "C#", "C#", "C#", "C#", "C#", "Fm", "Fm", "Fm", "Fm", "Fm", "Fm", "Fm", "Fm", "C#", "Fm", "Fm", "Fm", "Fm", "Fm", "Fm", "Fm", "Fm", "C#", "Fm", "Fm", "Fm", "Fm", "Fm", "Fm", "Fm", "Fm", "Fm", "Fm", "Fm", "Fm", "Fm", "Fm", "Fm", "Fm", "Fm", "Fm", "C", "C", "C", "C", "C", "Em", "C", "C", "C", "Em", "Em", "Em", "Em", "Em", "Em", "Em", "Em", "Em", "Em", "Em", "Em", "Em", "Em", "Em", "Em", "Em", "Em", "Em"]
}
}