{
"metadata": {
    "version": {
        "essentia": "2.1-beta2"
    }
},
"lowLevel": {
    "dissonance": {
        "mean": 0.278317689896
    },
    "hfc": {
        "mean": 26.1417007446
    },
    "spectral_centroid": {
        "mean": 0.129381433129
    },
    "mfcc": {
        "mean": [-841.870117188, -12.658156395, -118.661697388, -19.8250160217, -18.2275733948, 31.1246833801, 26.5522556305, 27.316368103, 17.5686454773, 12.3443002701, 13.1483602524, -2.88991737366, -24.4454727173, -30.4660186768, 16.9196033478, 39.1504707336, 24.4233417511, 11.7832489014, 3.00899982452, -18.4716930389, -28.4083499908, 4.78908348083, 31.9390544891, 17.2228775024, -4.56277227402, -1.33345687389, -10.6070041656, -6.94797849655, 1.70152676105, 7.78677988052, 3.68327212334, -10.1996488571, -9.21728515625, 0.785871684551, 10.4597082138, 4.69749355316, 1.63072681427, -5.48867464066, -8.095744133, -1.53430116177]
    },
    "spectral_contrast": {
        "mean": [-0.797353208065, -0.434650957584, -0.683499217033, -0.678828418255, -0.704061865807, -0.767155885696]
    }
},
"sfx": {
    "inharmonicity": {
        "mean": 0.312886178493
    },
    "logattacktime": {
        "mean": -4.86798048019
    }
}
}