{"lowlevel.dissonance.mean": [0.528923511505127], "sfx.inharmonicity.mean": [0.3270972967147827], "lowlevel.spectral_contrast.mean": [[0.5106825828552246, 0.47225725650787354, 0.47489678859710693, 0.805687665939331, 0.4754958152770996, 0.33185362815856934]], "lowlevel.spectral_centroid.mean": [0.33767592906951904], "lowlevel.mfcc.mean": [[0.5592039823532104, 0.9863187074661255, 0.5913820266723633, 0.3725762963294983, 0.6906960010528564, 0.686086118221283, 0.6067501902580261, 0.4146445393562317, 0.37039273977279663, 0.5480517148971558, 0.7624599933624268, 0.6437431573867798, 0.2636587619781494]], "sfx.logattacktime.mean": [0.4012286067008972], "lowlevel.hfc.mean": [0.4805173873901367]}