{
"metadata": {
    "version": {
        "essentia": "2.1-beta2"
    }
},
"lowLevel": {
    "dissonance": {
        "mean": 0.434737712145
    },
    "hfc": {
        "mean": 3.03750348091
    },
    "spectral_centroid": {
        "mean": 0.197862163186
    },
    "mfcc": {
        "mean": [-818.677429199, -45.514881134, -75.9765777588, 2.980427742, -23.6809940338, 16.2835063934, -3.19230985641, 10.4410829544, 13.3568477631, 20.4709415436, 23.4068202972, -6.9814748764, -15.1206541061, 14.3793878555, 11.6809749603, -3.4977619648, -3.43095302582, 0.270391732454, 11.4937906265, 18.2265815735, 7.89609670639, -3.71686816216, 2.38914084435, 9.29136371613, -0.615631997585, -9.38148880005, 2.09292531013, 3.51000356674, -8.3961019516, -2.49875164032, 2.00178146362, -2.35039591789, -0.593672811985, 0.626133620739, 1.74266815186, 0.729779183865, -3.62290453911, -1.20181965828, 1.49941277504, -0.320284724236]
    },
    "spectral_contrast": {
        "mean": [-0.757154464722, -0.838451147079, -0.704655349255, -0.766005814075, -0.725871026516, -0.69267642498]
    }
},
"sfx": {
    "inharmonicity": {
        "mean": 0.184839442372
    },
    "logattacktime": {
        "mean": -5
    }
}
}