{
"metadata": {
    "version": {
        "essentia": "2.1-beta2"
    }
},
"lowLevel": {
    "dissonance": {
        "mean": 0.109373994172
    },
    "hfc": {
        "mean": 31.0896434784
    },
    "spectral_centroid": {
        "mean": 0.139021888375
    },
    "mfcc": {
        "mean": [-849.896789551, 3.52993583679, -51.6624794006, -17.8960609436, 14.079035759, 46.6945381165, -6.08298492432, -23.1969547272, -42.009765625, 22.9539680481, 43.5542373657, 2.94600987434, -39.9010047913, 11.24883461, 56.1420631409, 0.97594845295, -9.41925907135, 6.28028917313, -31.56183815, 47.4375114441, 28.4143543243, -43.6664505005, 13.1629362106, 0.13391160965, 21.9788455963, -4.64376449585, -27.8276405334, 27.2526245117, -15.1136417389, 17.6527137756, -14.3552846909, -0.876258671284, -6.95181083679, 14.1778173447, -10.2878828049, -5.50779724121, 5.29698944092, 1.32265245914, 2.04164838791, 0.521870791912]
    },
    "spectral_contrast": {
        "mean": [-0.805154979229, -0.829052150249, -0.34872841835, -0.674347639084, -0.656157195568, -0.713686943054]
    }
},
"sfx": {
    "inharmonicity": {
        "mean": 0.222336187959
    },
    "logattacktime": {
        "mean": -5
    }
}
}