{
"metadata": {
    "version": {
        "essentia": "2.1-beta2"
    }
},
"lowLevel": {
    "average_loudness": 0.973673045635,
    "barkbands_kurtosis": {
        "mean": 22.3508911133
    },
    "barkbands_skewness": {
        "mean": 1.51864671707
    },
    "barkbands_spread": {
        "mean": 9.86172199249
    },
    "dissonance": {
        "mean": 0.466975271702
    },
    "hfc": {
        "mean": 10.2748584747
    },
    "pitch": {
        "mean": 1189.03308105
    },
    "pitch_instantaneous_confidence": {
        "mean": 0.858551561832
    },
    "pitch_salience": {
        "mean": 0.644423723221
    },
    "silence_rate_20dB": {
        "mean": 1
    },
    "silence_rate_30dB": {
        "mean": 1
    },
    "silence_rate_60dB": {
        "mean": 0.26424869895
    },
    "spectral_centroid": {
        "mean": 2235.88476562
    },
    "spectral_complexity": {
        "mean": 2.34715032578
    },
    "spectral_crest": {
        "mean": 12.7834711075
    },
    "spectral_decrease": {
        "mean": -7.69482089158e-10
    },
    "spectral_energy": {
        "mean": 0.00383615796454
    },
    "spectral_energyband_high": {
        "mean": 0.000814826402348
    },
    "spectral_energyband_low": {
        "mean": 9.8724228792e-07
    },
    "spectral_energyband_middle_high": {
        "mean": 0.00301739643328
    },
    "spectral_energyband_middle_low": {
        "mean": 2.20777246795e-06
    },
    "spectral_flatness_db": {
        "mean": 0.316165298223
    },
    "spectral_flux": {
        "mean": 0.00710549997166
    },
    "spectral_kurtosis": {
        "mean": 3.64314961433
    },
    "spectral_rms": {
        "mean": 0.00170802138746
    },
    "spectral_rolloff": {
        "mean": 3445.20532227
    },
    "spectral_skewness": {
        "mean": 1.829226017
    },
    "spectral_spread": {
        "mean": 13909581
    },
    "spectral_strongpeak": {
        "mean": 3.22021412849
    },
    "zerocrossingrate": {
        "mean": 0.115457013249
    },
    "barkbands": {
        "mean": [1.45624062498e-06, 2.87155984324e-07, 5.10857987024e-08, 1.75083580967e-09, 4.11410695733e-07, 3.95933454911e-07, 8.70841859069e-07, 3.4862313214e-07, 1.39064582072e-07, 4.77324647363e-07, 6.10967447301e-07, 7.74044963237e-07, 0.00147845107131, 1.77132037038e-07, 2.96123772614e-07, 1.81584834991e-06, 1.21398147712e-06, 0.00153256230988, 5.38366066394e-07, 0.000569514581002, 2.45089466944e-07, 0.000153081535245, 6.37489210931e-05, 1.86541219591e-05, 6.71971201882e-06, 3.01590171148e-06, 3.05240604348e-07]
    },
    "mfcc": {
        "mean": [-909.466491699, -12.5216884613, -35.7313346863, 7.11123466492, -3.48537898064, 16.8558139801, 13.2262172699, -0.309021502733, -23.219083786, -20.6119689941, 24.0058345795, 48.9173126221, -7.09598207474]
    },
    "sccoeffs": {
        "mean": [-0.733570873737, -0.847023308277, -0.859546065331, -0.604828894138, -0.630027711391, -0.734963834286]
    },
    "scvalleys": {
        "mean": [-10.3205785751, -9.8190984726, -10.1197786331, -10.2200708389, -10.4842443466, -11.3670139313]
    }
},
"rhythm": {
    "beats_loudness": {
        "mean": 0.00483811367303
    },
    "bpm": 104.963386536,
    "first_peak_bpm": {
        "mean": 103
    },
    "first_peak_spread": {
        "mean": 0.333333313465
    },
    "first_peak_weight": {
        "mean": 0.333333343267
    },
    "onset_rate": 0.450452774763,
    "second_peak_bpm": {
        "mean": 108
    },
    "second_peak_spread": {
        "mean": 0.66666662693
    },
    "second_peak_weight": {
        "mean": 0.166666671634
    },
    "beats_loudness_band_ratio": {
        "mean": [0.000410085282056, 0.000170826475369, 0.000387739681173, 0.417798995972, 0.389719754457, 0.191591233015]
    },
    "beats_position": [0.510838985443, 1.06811785698, 1.6137868166, 2.18267560005, 2.76317453384, 3.29723358154, 3.87773227692],
    "bpm_estimates": [107.666023254, 105.468772888, 103.359359741, 103.359405518],
    "bpm_intervals": [0.557278871536, 0.545668959618, 0.568888783455, 0.580498933792, 0.534059047699, 0.580498695374],
    "onset_times": [0.417959183455, 0.986848056316]
},
"sfx": {
    "inharmonicity": {
        "mean": 0.205439716578
    },
    "oddtoevenharmonicenergyratio": {
        "mean": 103.624069214
    },
    "pitch_after_max_to_before_max_energy_ratio": 0.0197070911527,
    "pitch_centroid": 98.6852798462,
    "pitch_max_to_total": 0.937823832035,
    "pitch_min_to_total": 0.948186516762,
    "tristimulus": {
        "mean": [0.173923328519, 0.496763169765, 0.0597671493888]
    }
},
"tonal": {
    "chords_changes_rate": 0,
    "chords_number_rate": 0.0103092780337,
    "chords_strength": {
        "mean": 0.539890229702
    },
    "key_strength": 0.57383364439,
    "tuning_diatonic_strength": 0.408883213997,
    "tuning_equal_tempered_deviation": 0.139437332749,
    "tuning_frequency": 437.465789795,
    "tuning_nontempered_energy_ratio": 0.678927779198,
    "hpcp": {
        "mean": [0.000695527531207, 0.000738547882065, 0.000761253468227, 0.000839902320877, 0.00111841165926, 0.00133627501782, 0.00159329839516, 0.00149873073678, 0.06041206792, 0.152867898345, 0.0971584916115, 0.00505569577217, 0.00248170690611, 0.00431545637548, 0.00527462689206, 0.00400912994519, 0.00283203390427, 0.00204760185443, 0.00390634918585, 0.0118696959689, 0.0106991026551, 0.00360665842891, 0.0193039290607, 0.496086001396, 0.958049833775, 0.486887276173, 0.00768220098689, 0.000597106351051, 0.000398934498662, 0.00770943146199, 0.0649675130844, 0.104994617403, 0.0597534663975, 0.0142943197861, 0.00284916930832, 0.00118359387852]
    },
    "chords_histogram": [0, 0, 0, 0, 0, 0, 0, 0, 0, 0, 0, 0, 0, 0, 0, 0, 0, 0, 0, 0, 0, 0, 0, 100],
    "thpcp": [1, 0.508206605911, 0.00801858212799, 0.000623251893558, 0.000416402646806, 0.00804700423032, 0.0678122490644, 0.109592020512, 0.0623698942363, 0.014920225367, 0.00297392602079, 0.00123542000074, 0.000725982594304, 0.000770886719692, 0.000794586492702, 0.000876679143403, 0.00116738362703, 0.00139478652272, 0.00166306423489, 0.00156435568351, 0.063057333231, 0.159561529756, 0.101412773132, 0.00527706975117, 0.00259037339129, 0.00450441753492, 0.00550558697432, 0.00418467773125, 0.00295604020357, 0.00213726027869, 0.00407739682123, 0.0123894345015, 0.0111675849184, 0.00376458326355, 0.0201491918415, 0.517808139324],
    "chords_key": "C#",
    "chords_scale": "major",
    "key_key": "F",
    "key_scale": "minor",
    "chords_progression": ["C#", "C#", "C#", "C#", "C#", "C#", "C#", "C#", "C#", "C#", "C#", "C#", "C#", "C#", "C#", "C#", "C#", "C#", "C#", "C#", "C#", "C#", "C#", "C#", "C#", "C#", "C#", "C#", "C#", "C#", "C#", "C#", "C#", "C#", "C#", "C#", "C#", "C#", "C#", "C#", "C#", "C#", "C#", "C#", "C#", "C#", "C#", "C#", "C#", "C#", "C#", "C#", "C#", "C#", "C#", "C#", "C#", "C#", "C#", "C#", "C#", "C#", "C#", "C#", "C#", "C#", "C#", "C#", "C#", "C#", "C#", "C#", "C#", "C#", "C#", "C#", "C#", "C#", "C#", "C#", "C#", "C#", "C#", "C#", "C#", "C#", "C#", "C#", "C#", "C#", "C#", "C#", "C#", "C#", "C#", "C#", "C#"]
}
}