{"lowlevel.dissonance.mean": [0.6383904218673706], "sfx.inharmonicity.mean": [1.8080202341079712], "lowlevel.spectral_contrast.mean": [[0.38475096225738525, 0.300869345664978, 0.3374500274658203, 1.037034034729004, 1.0838322639465332, 0.8466825485229492]], "lowlevel.spectral_centroid.mean": [0.5594126582145691], "lowlevel.mfcc.mean": [[0.435024619102478, 0.10660889744758606, 0.2684929370880127, 0.4572768807411194, 0.44196072220802307, 0.6987881064414978, 0.7195005416870117, 0.47141754627227783, 0.03493773937225342, 0.016826868057250977, 1.0830739736557007, 1.7446489334106445, 0.3122062087059021]], "sfx.logattacktime.mean": [0.46617400646209717], "lowlevel.hfc.mean": [0.46983033418655396]}