{"lowlevel.dissonance.mean": [-0.3450961112976074], "sfx.inharmonicity.mean": [0.29615503549575806], "lowlevel.spectral_contrast.mean": [[0.7265071868896484, 1.4520500898361206, 0.9399299621582031, 0.9176188707351685, 0.4071066379547119, 0.27196383476257324]], "lowlevel.spectral_centroid.mean": [0.33715710043907166], "lowlevel.mfcc.mean": [[0.31262993812561035, 0.5872272253036499, 0.4845289885997772, 0.06216996908187866, 0.06060507893562317, 0.05546879768371582, 0.06555101275444031, 0.022061049938201904, 0.10182425379753113, 0.11662960052490234, 0.19913333654403687, 0.18243393301963806, 0.27896568179130554]], "sfx.logattacktime.mean": [0.2359444499015808], "lowlevel.hfc.mean": [0.4706670641899109]}