{
"metadata": {
    "version": {
        "essentia": "2.1-beta2"
    }
},
"lowLevel": {
    "dissonance": {
        "mean": 0.281003385782
    },
    "hfc": {
        "mean": 0.689467251301
    },
    "spectral_centroid": {
        "mean": 0.136132895947
    },
    "mfcc": {
        "mean": [-899.818115234, 10.2232170105, -103.617424011, -10.1487751007, 3.58551812172, 25.6343822479, 2.83785247803, 18.5674057007, 12.0278482437, 12.2977085114, 34.9221725464, 5.8184428215, -7.06197166443, 16.3679332733, -6.95810842514, -0.490991026163, -1.2992374897, -12.274969101, 3.23186039925, 34.363319397, 32.4026756287, 2.82457685471, -12.1174993515, -1.5107833147, -3.99923229218, -7.11388587952, -6.59075498581, 5.01979255676, 15.1612787247, 1.6430003643, -9.91162776947, -4.43357038498, -0.514665424824, 13.5566167831, 2.22399044037, -1.63400566578, -8.35352897644, -3.57588577271, 4.86106300354, -1.38331568241]
    },
    "spectral_contrast": {
        "mean": [-0.727959692478, -0.68827098608, -0.656814157963, -0.727927982807, -0.710350990295, -0.81682318449]
    }
},
"sfx": {
    "inharmonicity": {
        "mean": 0.292041659355
    },
    "logattacktime": {
        "mean": -4.8797454834
    }
}
}