{
"metadata": {
    "version": {
        "essentia": "2.1-beta2"
    }
},
"lowLevel": {
    "average_loudness": 0.863865077496,
    "barkbands_kurtosis": {
        "mean": 53.5366630554
    },
    "barkbands_skewness": {
        "mean": 2.08496618271
    },
    "barkbands_spread": {
        "mean": 10.5771903992
    },
    "dissonance": {
        "mean": 0.356661736965
    },
    "hfc": {
        "mean": 0.624264121056
    },
    "pitch": {
        "mean": 232.100402832
    },
    "pitch_instantaneous_confidence": {
        "mean": 0.838051497936
    },
    "pitch_salience": {
        "mean": 0.507230699062
    },
    "silence_rate_20dB": {
        "mean": 1
    },
    "silence_rate_30dB": {
        "mean": 1
    },
    "silence_rate_60dB": {
        "mean": 1
    },
    "spectral_centroid": {
        "mean": 801.665405273
    },
    "spectral_complexity": {
        "mean": 2.81871342659
    },
    "spectral_crest": {
        "mean": 12.3173046112
    },
    "spectral_decrease": {
        "mean": -1.42875211662e-10
    },
    "spectral_energy": {
        "mean": 0.000595865421928
    },
    "spectral_energyband_high": {
        "mean": 3.95795154873e-07
    },
    "spectral_energyband_low": {
        "mean": 2.6242887543e-06
    },
    "spectral_energyband_middle_high": {
        "mean": 0.000284617446596
    },
    "spectral_energyband_middle_low": {
        "mean": 0.000306089350488
    },
    "spectral_flatness_db": {
        "mean": 0.310423970222
    },
    "spectral_flux": {
        "mean": 0.00178076128941
    },
    "spectral_kurtosis": {
        "mean": 23.3903522491
    },
    "spectral_rms": {
        "mean": 0.000593473901972
    },
    "spectral_rolloff": {
        "mean": 1368.9329834
    },
    "spectral_skewness": {
        "mean": 4.01460361481
    },
    "spectral_spread": {
        "mean": 7495811.5
    },
    "spectral_strongpeak": {
        "mean": 0.513097047806
    },
    "zerocrossingrate": {
        "mean": 0.0553585290909
    },
    "barkbands": {
        "mean": [4.12656117987e-06, 5.6627544609e-07, 8.01255168881e-08, 1.34233857807e-07, 8.87133573997e-05, 1.08927267206e-07, 7.10559615982e-05, 2.46005846805e-08, 0.000146049249452, 3.24766551785e-06, 3.38201324723e-08, 2.48060714512e-05, 9.5097158237e-07, 0.000164338576724, 4.90747952426e-05, 3.65151245205e-05, 2.88099181489e-06, 3.33523786367e-07, 1.43689112519e-06, 1.11378381007e-06, 1.06181495596e-07, 1.13167764937e-07, 2.23312657255e-08, 2.56354404371e-08, 6.55916476688e-09, 1.30129729214e-09, 3.81954856632e-10]
    },
    "mfcc": {
        "mean": [-963.486816406, 114.962310791, -22.3979740143, -5.15232896805, 6.43142366409, -7.65010643005, -16.3535327911, -16.9094657898, 0.319377779961, 11.8694972992, -0.527067065239, -8.10863113403, 3.73928928375]
    },
    "sccoeffs": {
        "mean": [-0.632009387016, -0.596402049065, -0.61832100153, -0.650245666504, -0.776833593845, -0.853969454765]
    },
    "scvalleys": {
        "mean": [-9.57009506226, -10.6650447845, -11.4465465546, -11.736661911, -12.2731304169, -13.3429279327]
    }
},
"rhythm": {
    "beats_loudness": {
        "mean": 0.00082163856132
    },
    "bpm": 93.1241149902,
    "first_peak_bpm": {
        "mean": 92
    },
    "first_peak_spread": {
        "mean": 0.5
    },
    "first_peak_weight": {
        "mean": 0.5
    },
    "onset_rate": 2.28659319878,
    "second_peak_bpm": {
        "mean": 0
    },
    "second_peak_spread": {
        "mean": 0
    },
    "second_peak_weight": {
        "mean": 0
    },
    "beats_loudness_band_ratio": {
        "mean": [0.220709592104, 0.108607873321, 0.332120358944, 0.251926362514, 0.102853499353, 0.00273729930632]
    },
    "beats_position": [0.626938760281, 1.26548755169, 1.90403628349, 2.55419492722, 3.20435357094],
    "bpm_estimates": [93.9630661011, 93.9630737305, 92.2851715088, 92.2851715088],
    "bpm_intervals": [0.638548791409, 0.638548731804, 0.650158643723, 0.650158643723],
    "onset_times": [0.0232199542224, 0.104489795864, 2.83283448219, 3.00698423386, 3.20435380936, 3.25079369545, 3.3785033226, 3.49460315704, 3.59909296036]
},
"sfx": {
    "inharmonicity": {
        "mean": 0.0101072732359
    },
    "oddtoevenharmonicenergyratio": {
        "mean": 4.52460765839
    },
    "pitch_after_max_to_before_max_energy_ratio": 0.365129411221,
    "pitch_centroid": 88.4655380249,
    "pitch_max_to_total": 0.994152069092,
    "pitch_min_to_total": 0.964912295341,
    "tristimulus": {
        "mean": [0.437362790108, 0.541389644146, 0.0156239541247]
    }
},
"tonal": {
    "chords_changes_rate": 0.0232558138669,
    "chords_number_rate": 0.0232558138669,
    "chords_strength": {
        "mean": 0.443627655506
    },
    "key_strength": 0.574684560299,
    "tuning_diatonic_strength": 0.465167224407,
    "tuning_equal_tempered_deviation": 0.0844523534179,
    "tuning_frequency": 442.03793335,
    "tuning_nontempered_energy_ratio": 0.644147276878,
    "hpcp": {
        "mean": [0.910460114479, 0.404492050409, 0.00929589755833, 0.00786446966231, 0.00665799109265, 0.105472818017, 0.216060146689, 0.115682758391, 0.00552645279095, 0.00963832810521, 0.0292735844851, 0.121881075203, 0.12345906347, 0.0316604971886, 0.0109855961055, 0.00797853432596, 0.0102432882413, 0.00891216937453, 0.00529088545591, 0.0114324456081, 0.2704205513, 0.503478884697, 0.29810154438, 0.123449601233, 0.0755769312382, 0.0181856397539, 0.0334419496357, 0.0500434786081, 0.322275549173, 0.56980919838, 0.287809938192, 0.02120038867, 0.0192406345159, 0.0215075034648, 0.0306033454835, 0.53203356266]
    },
    "chords_histogram": [54.6511611938, 0, 0, 0, 0, 0, 0, 0, 0, 0, 0, 0, 0, 0, 0, 0, 0, 45.3488388062, 0, 0, 0, 0, 0, 0],
    "thpcp": [1, 0.444272130728, 0.0102101098746, 0.00863790698349, 0.00731277605519, 0.115845620632, 0.237308740616, 0.127059668303, 0.00606995588169, 0.0105862170458, 0.03215251863, 0.133867561817, 0.135600730777, 0.0347741730511, 0.0120659824461, 0.00876318942755, 0.0112506719306, 0.00978864356875, 0.00581122143194, 0.012556778267, 0.297015249729, 0.552993893623, 0.32741856575, 0.135590344667, 0.0830096006393, 0.0199741199613, 0.0367308221757, 0.0549650415778, 0.353969991207, 0.625847518444, 0.316114813089, 0.0232853572816, 0.021132869646, 0.0236226748675, 0.0336130559444, 0.584356784821],
    "chords_key": "A",
    "chords_scale": "major",
    "key_key": "A",
    "key_scale": "major",
    "chords_progression": ["A", "A", "A", "A", "A", "A", "A", "A", "A", "A", "A", "A", "A", "A", "A", "A", "A", "A", "A", "A", "A", "A", "Am", "Am", "Am", "Am", "Am", "Am", "Am", "Am", "Am", "Am", "Am", "Am", "Am", "Am", "Am", "Am", "Am", "Am", "Am", "Am", "Am", "Am", "Am", "Am", "Am", "Am", "Am", "Am", "Am", "Am", "Am", "Am", "Am", "Am", "Am", "Am", "Am", "Am", "Am", "A", "A", "A", "A", "A", "A", "A", "A", "A", "A", "A", "A", "A", "A", "A", "A", "A", "A", "A", "A", "A", "A", "A", "A", "A"]
}
}