{
"metadata": {
    "version": {
        "essentia": "2.1-beta2"
    }
},
"lowLevel": {
    "dissonance": {
        "mean": 0.261323034763
    },
    "hfc": {
        "mean": 5.60421800613
    },
    "spectral_centroid": {
        "mean": 0.0303384605795
    },
    "mfcc": {
        "mean": [-846.538085938, 268.324584961, 30.4109134674, -54.7131729126, -32.5424232483, -23.0087947845, -22.6069507599, -11.4888210297, -2.41930341721, 2.6819331646, 3.71091651917, 2.50562024117, 5.81458377838, 5.51783657074, -2.86240005493, -7.42130470276, -7.45476341248, -8.30747127533, -5.01274204254, -0.799573719501, -3.57405400276, -6.07068967819, -2.23000574112, 0.991624951363, -0.138642668724, -2.34142494202, -2.40203547478, 0.703136742115, 2.87595176697, 0.663710296154, -0.902671337128, 1.56619918346, 2.39266324043, -1.48044312, -5.12734985352, -4.64384841919, -1.32114601135, 1.40383064747, 1.37072813511, 0.11919438839]
    },
    "spectral_contrast": {
        "mean": [-0.577078163624, -0.693911075592, -0.809226810932, -0.848942935467, -0.897410452366, -0.834435045719]
    }
},
"sfx": {
    "inharmonicity": {
        "mean": 0.276338756084
    },
    "logattacktime": {
        "mean": -5
    }
}
}