{
"metadata": {
    "version": {
        "essentia": "2.1-beta2"
    }
},
"lowLevel": {
    "dissonance": {
        "mean": 0.412656664848
    },
    "hfc": {
        "mean": 38.7013969421
    },
    "spectral_centroid": {
        "mean": 0.123538039625
    },
    "mfcc": {
        "mean": [-739.92767334, 64.3227844238, -120.636795044, 21.080745697, -22.6487102509, 10.6230945587, 16.758600235, 21.5791606903, 12.0862131119, 11.5801820755, 11.0295991898, 6.68160247803, 0.598411381245, -4.59903001785, -0.869090259075, 6.63473844528, 2.3584280014, 3.88279938698, 7.08499288559, 6.70941829681, 10.9833889008, 12.3660802841, 6.82214450836, 5.00127410889, 2.42998814583, 8.08685016632, 7.99323129654, 7.42104721069, 6.00150299072, 3.26902079582, 4.84028482437, 3.36538696289, 1.56765639782, 3.89306092262, 0.637718975544, -0.930070638657, -5.11087799072, -3.44718265533, -0.146832063794, 0.390605926514]
    },
    "spectral_contrast": {
        "mean": [-0.662149608135, -0.750482439995, -0.788464725018, -0.760748803616, -0.679125905037, -0.806429445744]
    }
},
"sfx": {
    "inharmonicity": {
        "mean": 0.200235873461
    },
    "logattacktime": {
        "mean": -4.95007753372
    }
}
}