{
"metadata": {
    "version": {
        "essentia": "2.1-beta2"
    }
},
"lowLevel": {
    "average_loudness": 0.99068403244,
    "barkbands_kurtosis": {
        "mean": 5.08792066574
    },
    "barkbands_skewness": {
        "mean": 0.0533180981874
    },
    "barkbands_spread": {
        "mean": 8.26315498352
    },
    "dissonance": {
        "mean": 0.470517992973
    },
    "hfc": {
        "mean": 70.7867965698
    },
    "pitch": {
        "mean": 625.926086426
    },
    "pitch_instantaneous_confidence": {
        "mean": 0.583942055702
    },
    "pitch_salience": {
        "mean": 0.477172106504
    },
    "silence_rate_20dB": {
        "mean": 1
    },
    "silence_rate_30dB": {
        "mean": 0.942307710648
    },
    "silence_rate_60dB": {
        "mean": 0.730769217014
    },
    "spectral_centroid": {
        "mean": 2696.72509766
    },
    "spectral_complexity": {
        "mean": 9.32692337036
    },
    "spectral_crest": {
        "mean": 12.6792840958
    },
    "spectral_decrease": {
        "mean": -3.18569681745e-09
    },
    "spectral_energy": {
        "mean": 0.0184441246092
    },
    "spectral_energyband_high": {
        "mean": 0.00720572704449
    },
    "spectral_energyband_low": {
        "mean": 4.32079730217e-07
    },
    "spectral_energyband_middle_high": {
        "mean": 0.0108955558389
    },
    "spectral_energyband_middle_low": {
        "mean": 0.000362112157745
    },
    "spectral_flatness_db": {
        "mean": 0.257396489382
    },
    "spectral_flux": {
        "mean": 0.0465051159263
    },
    "spectral_kurtosis": {
        "mean": 11.6616706848
    },
    "spectral_rms": {
        "mean": 0.00222357595339
    },
    "spectral_rolloff": {
        "mean": 3993.99389648
    },
    "spectral_skewness": {
        "mean": 2.26254153252
    },
    "spectral_spread": {
        "mean": 6193678
    },
    "spectral_strongpeak": {
        "mean": 1.80745375156
    },
    "zerocrossingrate": {
        "mean": 0.127309948206
    },
    "barkbands": {
        "mean": [4.81579945699e-07, 2.29858358125e-07, 9.53117762492e-09, 1.13788320988e-08, 1.6735690167e-07, 5.10297240908e-07, 7.46994992369e-05, 0.00028395029949, 2.24252448788e-06, 2.39450200752e-05, 6.06589674135e-05, 0.000147960046888, 0.00018563886988, 0.00344242551364, 0.00091098214034, 0.000347605644492, 0.00128104432952, 0.00123008643277, 0.00275948620401, 0.00123876403086, 0.00175181240775, 0.00187887169886, 0.00200872705318, 0.000576028949581, 0.00019555563631, 3.9781556552e-05, 2.45674777943e-06]
    },
    "mfcc": {
        "mean": [-857.779541016, -24.6401576996, -104.833084106, -6.65443515778, -7.67204809189, 21.4937267303, 9.89099311829, -0.800094604492, -9.81799125671, 11.0387763977, 35.3950653076, 25.8311443329, 3.16995763779]
    },
    "sccoeffs": {
        "mean": [-0.785692811012, -0.684713304043, -0.656837165356, -0.623747825623, -0.732211709023, -0.705391287804]
    },
    "scvalleys": {
        "mean": [-10.7338552475, -10.5849628448, -10.7646770477, -9.06313991547, -8.93581199646, -11.1999292374]
    }
},
"rhythm": {
    "bpm": 0,
    "first_peak_bpm": {
        "mean": 0
    },
    "first_peak_spread": {
        "mean": 0
    },
    "first_peak_weight": {
        "mean": 0
    },
    "onset_rate": 0.850694477558,
    "second_peak_bpm": {
        "mean": 0
    },
    "second_peak_spread": {
        "mean": 0
    },
    "second_peak_weight": {
        "mean": 0
    },
    "beats_position": [],
    "bpm_estimates": [],
    "bpm_intervals": [],
    "onset_times": [0.0464399084449]
},
"sfx": {
    "inharmonicity": {
        "mean": 0.122896432877
    },
    "oddtoevenharmonicenergyratio": {
        "mean": 11.5582933426
    },
    "pitch_after_max_to_before_max_energy_ratio": 1.5302863121,
    "pitch_centroid": 18.7970352173,
    "pitch_max_to_total": 0.192307695746,
    "pitch_min_to_total": 0.153846159577,
    "tristimulus": {
        "mean": [0.0767582803965, 0.539855539799, 0.196528360248]
    }
},
"tonal": {
    "chords_changes_rate": 0,
    "chords_number_rate": 0.037037037313,
    "chords_strength": {
        "mean": 0.490624755621
    },
    "key_strength": 0.564572572708,
    "tuning_diatonic_strength": 0.406145453453,
    "tuning_equal_tempered_deviation": 0.246631875634,
    "tuning_frequency": 431.692352295,
    "tuning_nontempered_energy_ratio": 0.903398811817,
    "hpcp": {
        "mean": [0.082811228931, 0.0909645110369, 0.0730390846729, 0.0788386389613, 0.0706123560667, 0.0765374228358, 0.0732273906469, 0.041882224381, 0.0598307400942, 0.069794639945, 0.0449658669531, 0.0558018013835, 0.0633511319757, 0.0465371571481, 0.0610993802547, 0.0801429823041, 0.0755023881793, 0.0738493278623, 0.109385333955, 0.141246989369, 0.172141969204, 0.21780359745, 0.133230790496, 0.0386146791279, 0.038930747658, 0.02619423531, 0.0225459542125, 0.0378802344203, 0.0830045565963, 0.22738969326, 0.492029130459, 0.955868601799, 0.732697367668, 0.137961179018, 0.0820437893271, 0.0731412544847]
    },
    "chords_histogram": [0, 0, 0, 0, 0, 0, 0, 0, 100, 0, 0, 0, 0, 0, 0, 0, 0, 0, 0, 0, 0, 0, 0, 0],
    "thpcp": [1, 0.76652520895, 0.144330695271, 0.085831657052, 0.0765181034803, 0.0866345316172, 0.0951642394066, 0.0764112174511, 0.082478530705, 0.0738724470139, 0.0800710693002, 0.0766082182527, 0.0438158810139, 0.0625930577517, 0.0730169788003, 0.0470418930054, 0.0583781078458, 0.0662759840488, 0.0486857257783, 0.0639202743769, 0.0838430970907, 0.0789882466197, 0.0772588700056, 0.114435531199, 0.147768214345, 0.180089578032, 0.227859348059, 0.139381915331, 0.0403974764049, 0.0407281368971, 0.027403594926, 0.0235868766904, 0.039629124105, 0.086836785078, 0.237888023257, 0.514745593071],
    "chords_key": "E",
    "chords_scale": "minor",
    "key_key": "C",
    "key_scale": "minor",
    "chords_progression": ["Em", "Em", "Em", "Em", "Em", "Em", "Em", "Em", "Em", "Em", "Em", "Em", "Em", "Em", "Em", "Em", "Em", "Em", "Em", "Em", "Em", "Em", "Em", "Em", "Em", "Em", "Em"]
}
}