{
"metadata": {
    "version": {
        "essentia": "2.1-beta2"
    }
},
"lowLevel": {
    "dissonance": {
        "mean": 0.432221412659
    },
    "hfc": {
        "mean": 0.293034434319
    },
    "spectral_centroid": {
        "mean": 0.121796444058
    },
    "mfcc": {
        "mean": [-966.432067871, 17.3908405304, -104.706352234, 33.7575836182, 40.2524032593, 14.125459671, -6.66883087158, -19.0027008057, 6.83447170258, 35.1582221985, 18.1032085419, -14.0756797791, -5.92028570175, 13.5137071609, 14.5979824066, -1.69161868095, 0.299252718687, -0.60132920742, 9.63116645813, 23.5479698181, 5.66967821121, -1.27761387825, -2.88899827003, 2.95883226395, 0.854052901268, -5.8394742012, 5.24095344543, 2.31014823914, 0.285043269396, 3.6750934124, 2.48120832443, -1.06574332714, -3.81752634048, 0.969755530357, 1.70839107037, 0.0808877944946, -1.31998443604, 0.375431478024, 3.03281807899, -1.16320419312]
    },
    "spectral_contrast": {
        "mean": [-0.806350708008, -0.851872861385, -0.713058173656, -0.785067200661, -0.778146445751, -0.872786939144]
    }
},
"sfx": {
    "inharmonicity": {
        "mean": 0.205356270075
    },
    "logattacktime": {
        "mean": -4.29190540314
    }
}
}