{
"metadata": {
    "version": {
        "essentia": "2.1-beta2"
    }
},
"lowLevel": {
    "average_loudness": 0.969734430313,
    "barkbands_kurtosis": {
        "mean": 4.86013221741
    },
    "barkbands_skewness": {
        "mean": 0.261521309614
    },
    "barkbands_spread": {
        "mean": 10.1788673401
    },
    "dissonance": {
        "mean": 0.48443454504
    },
    "hfc": {
        "mean": 94.4297943115
    },
    "pitch": {
        "mean": 1582.70458984
    },
    "pitch_instantaneous_confidence": {
        "mean": 0.887626886368
    },
    "pitch_salience": {
        "mean": 0.461665481329
    },
    "silence_rate_20dB": {
        "mean": 1
    },
    "silence_rate_30dB": {
        "mean": 0.990291237831
    },
    "silence_rate_60dB": {
        "mean": 0.20873786509
    },
    "spectral_centroid": {
        "mean": 2257.75415039
    },
    "spectral_complexity": {
        "mean": 2.03883504868
    },
    "spectral_crest": {
        "mean": 17.0591392517
    },
    "spectral_decrease": {
        "mean": -7.57474438728e-09
    },
    "spectral_energy": {
        "mean": 0.0371538475156
    },
    "spectral_energyband_high": {
        "mean": 7.61866249377e-05
    },
    "spectral_energyband_low": {
        "mean": 3.64815235798e-07
    },
    "spectral_energyband_middle_high": {
        "mean": 0.0370769873261
    },
    "spectral_energyband_middle_low": {
        "mean": 2.71848161759e-08
    },
    "spectral_flatness_db": {
        "mean": 0.578128635883
    },
    "spectral_flux": {
        "mean": 0.0192952957004
    },
    "spectral_kurtosis": {
        "mean": 20.5907745361
    },
    "spectral_rms": {
        "mean": 0.00523415300995
    },
    "spectral_rolloff": {
        "mean": 2951.92773438
    },
    "spectral_skewness": {
        "mean": 3.74508047104
    },
    "spectral_spread": {
        "mean": 7124104
    },
    "spectral_strongpeak": {
        "mean": 14.4588851929
    },
    "zerocrossingrate": {
        "mean": 0.126415073872
    },
    "barkbands": {
        "mean": [6.81732558405e-07, 6.74991298411e-08, 1.38846545372e-09, 6.80182299373e-10, 1.73791858682e-09, 3.6020897376e-09, 2.54731635785e-09, 3.00103430995e-09, 6.79755451927e-09, 3.46184201305e-08, 7.22269000164e-09, 2.36915163043e-08, 2.85888308582e-08, 0.0159751325846, 3.02827857013e-07, 8.14685705564e-08, 4.9482622444e-08, 1.01820404552e-07, 0.0211012270302, 6.21514502086e-08, 5.43249370821e-05, 4.07682030357e-08, 1.53429609782e-05, 2.34237472796e-06, 2.60043907474e-06, 1.12448026357e-06, 3.74563143168e-07]
    },
    "mfcc": {
        "mean": [-1009.79345703, -40.6898384094, -61.2635612488, 23.0592060089, 21.6266536713, 24.9769954681, 14.5211381912, -9.86067485809, -31.7101459503, 41.2035369873, 65.3484039307, -41.1545524597, -44.2249031067]
    },
    "sccoeffs": {
        "mean": [-0.715273678303, -0.899046242237, -0.886090815067, -0.429509609938, -0.495795577765, -0.749359846115]
    },
    "scvalleys": {
        "mean": [-11.6283540726, -11.688328743, -11.2740755081, -10.7703475952, -11.1889047623, -12.0753335953]
    }
},
"rhythm": {
    "beats_loudness": {
        "mean": 0.0471268296242
    },
    "bpm": 107.050773621,
    "first_peak_bpm": {
        "mean": 108
    },
    "first_peak_spread": {
        "mean": 0
    },
    "first_peak_weight": {
        "mean": 0.857142865658
    },
    "onset_rate": 0.841751694679,
    "second_peak_bpm": {
        "mean": 103
    },
    "second_peak_spread": {
        "mean": 0
    },
    "second_peak_weight": {
        "mean": 0.142857149243
    },
    "beats_loudness_band_ratio": {
        "mean": [0.123995102942, 1.11013941932e-05, 3.89643828385e-05, 0.105128541589, 0.421848773956, 0.473990350962]
    },
    "beats_position": [0.510838985443, 1.06811785698, 1.62539684772, 2.18267560005, 2.73995471001, 3.29723358154, 3.87773227692, 4.43501138687],
    "bpm_estimates": [107.666023254, 107.666000366, 107.666046143, 107.665977478, 107.666023254, 103.359405518, 107.665977478],
    "bpm_intervals": [0.557278871536, 0.557278990746, 0.557278752327, 0.557279109955, 0.557278871536, 0.580498695374, 0.557279109955],
    "onset_times": [0.417959183455, 1.19582772255, 3.29723358154, 3.90095233917]
},
"sfx": {
    "inharmonicity": {
        "mean": 0.0718431100249
    },
    "oddtoevenharmonicenergyratio": {
        "mean": 112564.09375
    },
    "pitch_after_max_to_before_max_energy_ratio": 0.252054721117,
    "pitch_centroid": 109.059272766,
    "pitch_max_to_total": 0.961165070534,
    "pitch_min_to_total": 0.019417475909,
    "tristimulus": {
        "mean": [0.114225424826, 0.389549911022, 0.03320087865]
    }
},
"tonal": {
    "chords_changes_rate": 0.0192307699472,
    "chords_number_rate": 0.0192307699472,
    "chords_strength": {
        "mean": 0.437365502119
    },
    "key_strength": 0.562501907349,
    "tuning_diatonic_strength": 0.357782423496,
    "tuning_equal_tempered_deviation": 0.139844983816,
    "tuning_frequency": 453.416503906,
    "tuning_nontempered_energy_ratio": 0.785123109818,
    "hpcp": {
        "mean": [0.0203031413257, 0.0305348224938, 0.0384226702154, 0.0339499935508, 0.0294584929943, 0.034455832094, 0.0408742055297, 0.0323437713087, 0.0192780457437, 0.0133098168299, 0.012220358476, 0.0136549556628, 0.0146763473749, 0.0155550278723, 0.0196587126702, 0.0221654400229, 0.0211517717689, 0.0247766096145, 0.0321050956845, 0.0437615960836, 0.0524637438357, 0.114958100021, 0.133686587214, 0.064277023077, 0.0455069765449, 0.0450029037893, 0.0314799286425, 0.032481752336, 0.0401778556406, 0.459179133177, 0.865281641483, 0.453980505466, 0.0537184514105, 0.0501337721944, 0.036069765687, 0.0220126919448]
    },
    "chords_histogram": [44.2307701111, 55.7692298889, 0, 0, 0, 0, 0, 0, 0, 0, 0, 0, 0, 0, 0, 0, 0, 0, 0, 0, 0, 0, 0, 0],
    "thpcp": [1, 0.524662137032, 0.062082041055, 0.0579392537475, 0.041685577482, 0.0254399161786, 0.0234641991556, 0.0352888815105, 0.0444048121572, 0.0392357707024, 0.0340449772775, 0.0398203656077, 0.0472380369902, 0.0373794734478, 0.0222795046866, 0.0153820635751, 0.0141229834408, 0.0157809369266, 0.0169613528997, 0.0179768372327, 0.0227194372565, 0.0256164446473, 0.0244449563324, 0.0286341570318, 0.0371036380529, 0.0505749732256, 0.0606319867074, 0.132856279612, 0.15450066328, 0.0742845088243, 0.0525920987129, 0.0520095452666, 0.036381136626, 0.037538934499, 0.0464332699776, 0.530670166016],
    "chords_key": "E",
    "chords_scale": "minor",
    "key_key": "C",
    "key_scale": "major",
    "chords_progression": ["Em", "Em", "Em", "Em", "Em", "Em", "Em", "Em", "Em", "Em", "Em", "Em", "Em", "Em", "Em", "Em", "Em", "Em", "Em", "Em", "Em", "Em", "Em", "Em", "Em", "Em", "Em", "Em", "Em", "Em", "C", "C", "C", "C", "C", "C", "C", "C", "C", "C", "C", "C", "C", "C", "C", "C", "C", "C", "C", "C", "C", "C", "C", "C", "C", "C", "C", "C", "C", "C", "C", "C", "C", "C", "C", "C", "C", "C", "C", "C", "C", "C", "C", "C", "C", "C", "Em", "Em", "Em", "Em", "Em", "Em", "Em", "Em", "Em", "Em", "Em", "Em", "Em", "Em", "Em", "Em", "Em", "Em", "Em", "Em", "Em", "Em", "Em", "Em", "Em", "Em", "Em", "Em"]
}
}