{"lowlevel.dissonance.mean": [0.6390300989151001], "sfx.inharmonicity.mean": [0.7318302392959595], "lowlevel.spectral_contrast.mean": [[0.28704357147216797, 0.8797640800476074, 0.883831262588501, 0.924323320388794, 0.7856483459472656, 0.9557304382324219]], "lowlevel.spectral_centroid.mean": [0.5904677510261536], "lowlevel.mfcc.mean": [[0.5589355230331421, 0.10417068004608154, -0.11357083916664124, 0.22183629870414734, 0.2365468442440033, 0.569144606590271, 0.4075278341770172, 0.5636534690856934, 0.7065109014511108, 0.8516615629196167, 1.590925693511963, 0.9380959868431091, 0.5565856099128723]], "sfx.logattacktime.mean": [0.23459738492965698], "lowlevel.hfc.mean": [0.48512914776802063]}