{
"metadata": {
    "version": {
        "essentia": "2.1-beta2"
    }
},
"lowLevel": {
    "average_loudness": 0.955313742161,
    "barkbands_kurtosis": {
        "mean": 64.9694824219
    },
    "barkbands_skewness": {
        "mean": 3.78043413162
    },
    "barkbands_spread": {
        "mean": 9.54227161407
    },
    "dissonance": {
        "mean": 0.471845388412
    },
    "hfc": {
        "mean": 4.93984079361
    },
    "pitch": {
        "mean": 1462.80078125
    },
    "pitch_instantaneous_confidence": {
        "mean": 0.875198960304
    },
    "pitch_salience": {
        "mean": 0.173589661717
    },
    "silence_rate_20dB": {
        "mean": 1
    },
    "silence_rate_30dB": {
        "mean": 1
    },
    "silence_rate_60dB": {
        "mean": 0.745098054409
    },
    "spectral_centroid": {
        "mean": 2365.77612305
    },
    "spectral_complexity": {
        "mean": 0.810457527637
    },
    "spectral_crest": {
        "mean": 22.8316268921
    },
    "spectral_decrease": {
        "mean": -5.2584731014e-10
    },
    "spectral_energy": {
        "mean": 0.00243272562511
    },
    "spectral_energyband_high": {
        "mean": 5.03343617311e-05
    },
    "spectral_energyband_low": {
        "mean": 1.18262323667e-06
    },
    "spectral_energyband_middle_high": {
        "mean": 0.00237945839763
    },
    "spectral_energyband_middle_low": {
        "mean": 1.05967660602e-06
    },
    "spectral_flatness_db": {
        "mean": 0.331591725349
    },
    "spectral_flux": {
        "mean": 0.00762389786541
    },
    "spectral_kurtosis": {
        "mean": 0.0608975663781
    },
    "spectral_rms": {
        "mean": 0.00121938204393
    },
    "spectral_rolloff": {
        "mean": 2636.48486328
    },
    "spectral_skewness": {
        "mean": 0.933185338974
    },
    "spectral_spread": {
        "mean": 25001316
    },
    "spectral_strongpeak": {
        "mean": 2.7540678978
    },
    "zerocrossingrate": {
        "mean": 0.112081289291
    },
    "barkbands": {
        "mean": [1.59213891493e-06, 2.90205804276e-07, 4.07099731703e-09, 1.31949351445e-09, 5.45707745658e-09, 2.32788952559e-08, 1.10929370578e-07, 7.19740512523e-07, 1.80554010853e-07, 5.27252268512e-08, 4.49755061709e-05, 3.36484481522e-05, 4.63961032438e-06, 3.44467110835e-07, 0.00228443322703, 3.72887683397e-07, 4.75959325286e-07, 3.36091005693e-07, 2.79228856925e-07, 1.01961777546e-05, 5.55885151243e-07, 5.50315598957e-06, 3.68193951772e-07, 2.45961109613e-06, 3.43000683642e-05, 5.56406394026e-06, 1.29399586513e-06]
    },
    "mfcc": {
        "mean": [-969.792480469, -1.55531561375, -47.109046936, -37.4983558655, 20.8333110809, 17.8871746063, 3.32683897018, -22.1977310181, 22.7430896759, 24.3805885315, 18.1653671265, -2.61599421501, 30.7442550659]
    },
    "sccoeffs": {
        "mean": [-0.692790329456, -0.810763716698, -0.786485314369, -0.610417962074, -0.849364936352, -0.826175689697]
    },
    "scvalleys": {
        "mean": [-11.1487789154, -10.2185611725, -10.0994586945, -9.99287700653, -10.4053058624, -10.6071557999]
    }
},
"rhythm": {
    "beats_loudness": {
        "mean": 0.00330129312351
    },
    "bpm": 92.7046356201,
    "first_peak_bpm": {
        "mean": 92
    },
    "first_peak_spread": {
        "mean": 0.25
    },
    "first_peak_weight": {
        "mean": 0.75
    },
    "onset_rate": 2.26758551598,
    "second_peak_bpm": {
        "mean": 0
    },
    "second_peak_spread": {
        "mean": 0
    },
    "second_peak_weight": {
        "mean": 0
    },
    "beats_loudness_band_ratio": {
        "mean": [0.0012927770149, 1.18352236314e-05, 0.000692832283676, 0.199735298753, 0.772094070911, 0.0262084268034]
    },
    "beats_position": [0.638548731804, 1.27709746361, 1.92725622654, 2.57741498947, 3.22757363319],
    "bpm_estimates": [93.9630737305, 92.2851486206, 92.2851486206, 92.2851715088],
    "bpm_intervals": [0.638548731804, 0.650158762932, 0.650158762932, 0.650158643723],
    "onset_times": [0.255419492722, 0.53405892849, 0.661768734455, 1.10294783115, 1.83437645435, 2.0549659729, 3.19274377823, 3.23918366432]
},
"sfx": {
    "inharmonicity": {
        "mean": 0.0437692925334
    },
    "oddtoevenharmonicenergyratio": {
        "mean": 4340.21386719
    },
    "pitch_after_max_to_before_max_energy_ratio": 3.61152338982,
    "pitch_centroid": 74.2309646606,
    "pitch_max_to_total": 0.0849673226476,
    "pitch_min_to_total": 0.0326797403395,
    "tristimulus": {
        "mean": [0.280565857887, 0.607158660889, 0.0547570325434]
    }
},
"tonal": {
    "chords_changes_rate": 0.0389610379934,
    "chords_number_rate": 0.0259740259498,
    "chords_strength": {
        "mean": 0.449426442385
    },
    "key_strength": 0.562825858593,
    "tuning_diatonic_strength": 0.45413979888,
    "tuning_equal_tempered_deviation": 0.165754422545,
    "tuning_frequency": 444.341888428,
    "tuning_nontempered_energy_ratio": 0.713726997375,
    "hpcp": {
        "mean": [0.00679696304724, 0.0228711515665, 0.488915771246, 0.779414713383, 0.313452631235, 0.00670898286626, 0.013259335421, 0.0218242909759, 0.0651226788759, 0.120868496597, 0.0973127707839, 0.0467213392258, 0.0247582886368, 0.0214458610862, 0.0254702772945, 0.0205754917115, 0.0159195438027, 0.0116861760616, 0.010003592819, 0.00890563149005, 0.00664383731782, 0.00810174271464, 0.0604250580072, 0.110805042088, 0.0895860642195, 0.039810270071, 0.00933037884533, 0.00628323061392, 0.00761836534366, 0.00878663174808, 0.00746801216155, 0.0100832590833, 0.0231600198895, 0.0313651822507, 0.0218193028122, 0.0108056534082]
    },
    "chords_histogram": [0, 0, 46.7532463074, 0, 0, 0, 0, 0, 0, 0, 0, 0, 0, 0, 0, 0, 0, 0, 0, 53.2467536926, 0, 0, 0, 0],
    "thpcp": [1, 0.402164131403, 0.00860771909356, 0.0170119125396, 0.0280008707196, 0.0835533067584, 0.155075982213, 0.124853648245, 0.0599441342056, 0.03176523, 0.0275153405964, 0.0326787233353, 0.0263986438513, 0.020424997434, 0.0149935279042, 0.0128347501159, 0.011426050216, 0.00852413661778, 0.0103946495801, 0.0775261968374, 0.142164424062, 0.114940173924, 0.0510771349072, 0.0119710071012, 0.00806147325784, 0.00977446977049, 0.011273371987, 0.00958156399429, 0.0129369627684, 0.0297146309167, 0.0402419678867, 0.0279944706708, 0.0138638047501, 0.00872059911489, 0.0293440073729, 0.627285778522],
    "chords_key": "A#",
    "chords_scale": "minor",
    "key_key": "D#",
    "key_scale": "major",
    "chords_progression": ["A#m", "A#m", "A#m", "A#m", "A#m", "A#m", "A#m", "A#m", "A#m", "A#m", "A#m", "A#m", "A#m", "A#m", "A#m", "A#m", "A#m", "A#m", "A#m", "A#m", "A#m", "A#m", "A#m", "A#m", "A#m", "A#m", "A#m", "A#m", "A#m", "A#m", "A#m", "A#m", "A#m", "A#", "A#", "A#", "A#", "A#", "A#", "A#", "A#", "A#", "A#", "A#", "A#", "A#m", "A#m", "A#m", "A#m", "A#m", "A#m", "A#m", "A#m", "A#", "A#", "A#", "A#", "A#", "A#", "A#", "A#", "A#", "A#", "A#", "A#", "A#", "A#", "A#", "A#", "A#", "A#", "A#", "A#", "A#", "A#", "A#", "A#"]
}
}