{
"metadata": {
    "version": {
        "essentia": "2.1-beta2"
    }
},
"lowLevel": {
    "dissonance": {
        "mean": 0.458880662918
    },
    "hfc": {
        "mean": 86.6873245239
    },
    "spectral_centroid": {
        "mean": 0.182003244758
    },
    "mfcc": {
        "mean": [-748.240966797, -14.6970624924, -70.7923049927, 33.8789749146, -8.49135398865, 3.28962111473, -8.74106502533, 10.251698494, -2.94232821465, 7.32093381882, 17.3094596863, 22.9831676483, 23.6928768158, 24.0657062531, 8.7648639679, 3.21202349663, 11.1224832535, 1.48620712757, -2.03461766243, 2.22663021088, 1.17977964878, 13.1515798569, 8.56089019775, 4.23869800568, 13.0735569, 12.9471931458, -0.780538260937, -5.39135694504, -0.977119266987, 0.606249630451, -2.61895465851, 0.137722730637, 0.216987714171, -1.37610697746, 0.894906163216, 2.43028998375, 0.614100396633, -3.66438436508, -2.94318914413, 0.39426061511]
    },
    "spectral_contrast": {
        "mean": [-0.642655491829, -0.78676700592, -0.783393144608, -0.764518201351, -0.743725478649, -0.677527844906]
    }
},
"sfx": {
    "inharmonicity": {
        "mean": 0.180830821395
    },
    "logattacktime": {
        "mean": -4.91635084152
    }
}
}