{
"metadata": {
    "version": {
        "essentia": "2.1-beta2"
    }
},
"lowLevel": {
    "average_loudness": 0.871904313564,
    "barkbands_kurtosis": {
        "mean": 1.46185958385
    },
    "barkbands_skewness": {
        "mean": -0.0587153248489
    },
    "barkbands_spread": {
        "mean": 17.7702522278
    },
    "dissonance": {
        "mean": 0.439969956875
    },
    "hfc": {
        "mean": 13.5042619705
    },
    "pitch": {
        "mean": 680.119873047
    },
    "pitch_instantaneous_confidence": {
        "mean": 0.659575879574
    },
    "pitch_salience": {
        "mean": 0.746504127979
    },
    "silence_rate_20dB": {
        "mean": 1
    },
    "silence_rate_30dB": {
        "mean": 1
    },
    "silence_rate_60dB": {
        "mean": 0.481675386429
    },
    "spectral_centroid": {
        "mean": 1715.28747559
    },
    "spectral_complexity": {
        "mean": 5.91623020172
    },
    "spectral_crest": {
        "mean": 9.04846000671
    },
    "spectral_decrease": {
        "mean": -2.09639861026e-09
    },
    "spectral_energy": {
        "mean": 0.00913715548813
    },
    "spectral_energyband_high": {
        "mean": 5.02380280523e-05
    },
    "spectral_energyband_low": {
        "mean": 7.76569386574e-09
    },
    "spectral_energyband_middle_high": {
        "mean": 0.00718667171896
    },
    "spectral_energyband_middle_low": {
        "mean": 0.00190028874204
    },
    "spectral_flatness_db": {
        "mean": 0.26006296277
    },
    "spectral_flux": {
        "mean": 0.00732331117615
    },
    "spectral_kurtosis": {
        "mean": 12.5923070908
    },
    "spectral_rms": {
        "mean": 0.00215046759695
    },
    "spectral_rolloff": {
        "mean": 2572.828125
    },
    "spectral_skewness": {
        "mean": 2.41396045685
    },
    "spectral_spread": {
        "mean": 10565308
    },
    "spectral_strongpeak": {
        "mean": 2.03992199898
    },
    "zerocrossingrate": {
        "mean": 0.111969791353
    },
    "barkbands": {
        "mean": [9.5922967347e-09, 2.06549466419e-09, 1.33178912343e-09, 1.23886001457e-09, 6.02151715157e-07, 0.000923235609662, 2.36002133391e-08, 2.74114427157e-07, 0.000976122333668, 2.16708173184e-07, 0.000528315256815, 1.44156899751e-06, 0.00302475807257, 0.0012746208813, 0.000922114413697, 0.000327739951899, 0.000500780530274, 0.000365067331586, 0.000218704590225, 3.66899512301e-05, 2.96423131658e-05, 5.84373219681e-06, 7.31016314148e-07, 2.01366844976e-07, 3.17610293621e-08, 5.90044013649e-09, 6.45505093821e-10]
    },
    "mfcc": {
        "mean": [-913.706176758, 39.2599525452, -112.923286438, -14.3803062439, -21.1067733765, -11.1937236786, -19.1750850677, -19.1162624359, -16.706615448, -10.7112169266, -1.72174727917, -3.29456210136, -7.29511976242]
    },
    "sccoeffs": {
        "mean": [-0.793279111385, -0.573746144772, -0.657433211803, -0.638725578785, -0.71446532011, -0.793117642403]
    },
    "scvalleys": {
        "mean": [-11.6033267975, -10.8478784561, -10.3197841644, -10.1419029236, -10.5593538284, -12.4103803635]
    }
},
"rhythm": {
    "beats_loudness": {
        "mean": 0.0104124825448
    },
    "bpm": 105.146484375,
    "first_peak_bpm": {
        "mean": 103
    },
    "first_peak_spread": {
        "mean": 0.25
    },
    "first_peak_weight": {
        "mean": 0.5
    },
    "onset_rate": 1.13843464851,
    "second_peak_bpm": {
        "mean": 108
    },
    "second_peak_spread": {
        "mean": 0
    },
    "second_peak_weight": {
        "mean": 0.333333343267
    },
    "beats_loudness_band_ratio": {
        "mean": [0.00226698420011, 0.0834670737386, 0.0867934599519, 0.379164040089, 0.349068582058, 0.113366603851]
    },
    "beats_position": [0.568888902664, 1.1261677742, 1.69505667686, 2.2523355484, 2.83283448219, 3.41333317757, 3.99383211136],
    "bpm_estimates": [107.666023254, 105.46875, 107.666023254, 103.359359741, 103.359405518, 103.359359741],
    "bpm_intervals": [0.557278871536, 0.568888902664, 0.557278871536, 0.580498933792, 0.580498695374, 0.580498933792],
    "onset_times": [0.638548731804, 0.835918366909, 1.68344676495, 1.91564631462, 2.84444451332]
},
"sfx": {
    "inharmonicity": {
        "mean": 0.0525767654181
    },
    "oddtoevenharmonicenergyratio": {
        "mean": 1.91652393341
    },
    "pitch_after_max_to_before_max_energy_ratio": 6.83610343933,
    "pitch_centroid": 68.0464172363,
    "pitch_max_to_total": 0.130890056491,
    "pitch_min_to_total": 0.267015695572,
    "tristimulus": {
        "mean": [0.235995873809, 0.643289268017, 0.0838966071606]
    }
},
"tonal": {
    "chords_changes_rate": 0.0729166641831,
    "chords_number_rate": 0.0625,
    "chords_strength": {
        "mean": 0.428313046694
    },
    "key_strength": 0.634871959686,
    "tuning_diatonic_strength": 0.426062166691,
    "tuning_equal_tempered_deviation": 0.160337418318,
    "tuning_frequency": 436.204162598,
    "tuning_nontempered_energy_ratio": 0.689648866653,
    "hpcp": {
        "mean": [0.147472992539, 0.135390132666, 0.133560702205, 0.165059581399, 0.189497664571, 0.232542142272, 0.302968531847, 0.225751444697, 0.112322337925, 0.108149878681, 0.116806268692, 0.0994475185871, 0.0929249152541, 0.122424058616, 0.143089905381, 0.152607575059, 0.151500925422, 0.120551131666, 0.0903245136142, 0.0975493565202, 0.359485894442, 0.660857737064, 0.427323371172, 0.17170239985, 0.192894056439, 0.149061217904, 0.12133333087, 0.141645923257, 0.153032228351, 0.137282133102, 0.106340683997, 0.129766598344, 0.248976066709, 0.27085056901, 0.179072871804, 0.148287773132]
    },
    "chords_histogram": [11.4583330154, 3.125, 38.5416679382, 0, 0, 0, 0, 0, 0, 7.29166650772, 0, 0, 0, 0, 0, 0, 0, 0, 0, 13.5416669846, 0, 26.0416660309, 0, 0],
    "thpcp": [1, 0.646619319916, 0.259817481041, 0.2918843925, 0.22555719316, 0.183599770069, 0.214336484671, 0.23156607151, 0.207733258605, 0.160913124681, 0.196360871196, 0.376746833324, 0.409847021103, 0.270970374346, 0.224386826158, 0.223153918982, 0.204870313406, 0.202102050185, 0.24976567924, 0.286745011806, 0.351879268885, 0.458447426558, 0.341603696346, 0.16996447742, 0.163650766015, 0.176749497652, 0.150482490659, 0.140612587333, 0.185250252485, 0.216521501541, 0.230923488736, 0.229248926044, 0.182416155934, 0.136677697301, 0.147610217333, 0.543968677521],
    "chords_key": "E",
    "chords_scale": "minor",
    "key_key": "A",
    "key_scale": "minor",
    "chords_progression": ["A#", "A#", "A#", "A#", "A#", "A#", "A#", "A#", "A#", "A#", "A#", "A#", "A#", "A#", "A#", "A#", "A#", "A#", "A#", "A#", "A#", "A#", "A#", "A#", "A#", "D#", "D#", "D#", "D#", "D#", "D#", "D#", "D#", "D#", "D#", "D#", "D#", "D#", "E", "Em", "Em", "Em", "Em", "Em", "Em", "Em", "Em", "Em", "Em", "Em", "Em", "Em", "Em", "C", "C", "C", "Am", "Am", "Am", "Am", "Am", "Am", "Am", "Am", "Am", "Am", "Am", "E", "E", "E", "E", "E", "E", "Em", "Em", "Em", "Em", "Em", "Em", "Em", "Em", "Em", "Em", "Em", "Em", "Em", "Em", "Em", "Em", "Em", "Em", "Em", "Em", "Em", "Em", "Em"]
}
}