{
"metadata": {
    "version": {
        "essentia": "2.1-beta2"
    }
},
"lowLevel": {
    "average_loudness": 0.977798402309,
    "barkbands_kurtosis": {
        "mean": 6.40964841843
    },
    "barkbands_skewness": {
        "mean": 0.536910176277
    },
    "barkbands_spread": {
        "mean": 11.4844207764
    },
    "dissonance": {
        "mean": 0.34299659729
    },
    "hfc": {
        "mean": 0.686268508434
    },
    "pitch": {
        "mean": 243.443878174
    },
    "pitch_instantaneous_confidence": {
        "mean": 0.82054156065
    },
    "pitch_salience": {
        "mean": 0.577089130878
    },
    "silence_rate_20dB": {
        "mean": 1
    },
    "silence_rate_30dB": {
        "mean": 1
    },
    "silence_rate_60dB": {
        "mean": 0.988095223904
    },
    "spectral_centroid": {
        "mean": 794.034851074
    },
    "spectral_complexity": {
        "mean": 3.13095235825
    },
    "spectral_crest": {
        "mean": 13.1204299927
    },
    "spectral_decrease": {
        "mean": -1.56156615416e-10
    },
    "spectral_energy": {
        "mean": 0.000651616486721
    },
    "spectral_energyband_high": {
        "mean": 2.55039344665e-06
    },
    "spectral_energyband_low": {
        "mean": 6.08307118455e-06
    },
    "spectral_energyband_middle_high": {
        "mean": 0.000345321168425
    },
    "spectral_energyband_middle_low": {
        "mean": 0.00029748326051
    },
    "spectral_flatness_db": {
        "mean": 0.273495525122
    },
    "spectral_flux": {
        "mean": 0.00390090979636
    },
    "spectral_kurtosis": {
        "mean": 18.1542644501
    },
    "spectral_rms": {
        "mean": 0.000609531532973
    },
    "spectral_rolloff": {
        "mean": 1248.41296387
    },
    "spectral_skewness": {
        "mean": 3.55185651779
    },
    "spectral_spread": {
        "mean": 8132351
    },
    "spectral_strongpeak": {
        "mean": 0.522023320198
    },
    "zerocrossingrate": {
        "mean": 0.0491216741502
    },
    "barkbands": {
        "mean": [3.05444973492e-06, 1.90108266906e-06, 1.51076790189e-06, 1.51157219079e-05, 0.000127185980091, 6.30063232165e-06, 9.1433779744e-05, 3.27079942508e-06, 5.36659099453e-05, 2.33355567616e-05, 8.40770610466e-07, 2.9606750104e-05, 1.7872251874e-06, 0.000198931011255, 4.39084797108e-05, 2.66078022833e-05, 1.03487209344e-05, 3.0150774819e-06, 3.850981102e-06, 4.19141360908e-06, 7.92932723925e-07, 5.6739008869e-07, 2.14059255654e-07, 1.4088381306e-07, 3.29034435254e-08, 6.23844931269e-09, 6.69382660412e-10]
    },
    "mfcc": {
        "mean": [-945.116149902, 109.453842163, -8.96373176575, 7.06157779694, -2.53977131844, -6.21086359024, -13.7606096268, -10.382601738, -3.34794402122, 5.01038217545, -2.54621553421, -6.8991060257, -5.41105890274]
    },
    "sccoeffs": {
        "mean": [-0.66860640049, -0.631005823612, -0.651948451996, -0.730579078197, -0.806078314781, -0.847261607647]
    },
    "scvalleys": {
        "mean": [-9.00087070465, -10.0649394989, -10.9309396744, -10.9785709381, -11.7304372787, -12.8313074112]
    }
},
"rhythm": {
    "beats_loudness": {
        "mean": 0.00119560642634
    },
    "bpm": 92.28515625,
    "first_peak_bpm": {
        "mean": 92
    },
    "first_peak_spread": {
        "mean": 0
    },
    "first_peak_weight": {
        "mean": 1
    },
    "onset_rate": 0.776399314404,
    "second_peak_bpm": {
        "mean": 0
    },
    "second_peak_spread": {
        "mean": 0
    },
    "second_peak_weight": {
        "mean": 0
    },
    "beats_loudness_band_ratio": {
        "mean": [0.149444848299, 0.301103889942, 0.279458582401, 0.226461216807, 0.105791926384, 0.010742995888]
    },
    "beats_position": [0.557278871536, 1.20743763447, 1.8575963974, 2.50775504112, 3.15791368484],
    "bpm_estimates": [92.2851486206, 92.2851486206, 92.2851715088, 92.2851715088],
    "bpm_intervals": [0.650158762932, 0.650158762932, 0.650158643723, 0.650158643723],
    "onset_times": [0.27863946557, 0.49922901392, 2.84444451332]
},
"sfx": {
    "inharmonicity": {
        "mean": 0.0153792724013
    },
    "oddtoevenharmonicenergyratio": {
        "mean": 2.95641160011
    },
    "pitch_after_max_to_before_max_energy_ratio": 1.19936752319,
    "pitch_centroid": 78.3838272095,
    "pitch_max_to_total": 0.14880952239,
    "pitch_min_to_total": 0.119047619402,
    "tristimulus": {
        "mean": [0.432494312525, 0.53021812439, 0.0331426933408]
    }
},
"tonal": {
    "chords_changes_rate": 0.0117647061124,
    "chords_number_rate": 0.0235294122249,
    "chords_strength": {
        "mean": 0.430804163218
    },
    "key_strength": 0.587079703808,
    "tuning_diatonic_strength": 0.468043923378,
    "tuning_equal_tempered_deviation": 0.108357183635,
    "tuning_frequency": 440.254241943,
    "tuning_nontempered_energy_ratio": 0.668418526649,
    "hpcp": {
        "mean": [0.848554372787, 0.460905939341, 0.024643458426, 0.0185668170452, 0.0150860324502, 0.028140000999, 0.0556417480111, 0.0488666929305, 0.0259888935834, 0.0183289088309, 0.0249893609434, 0.0860734879971, 0.0885549634695, 0.0278737153858, 0.0269217099994, 0.037037242204, 0.0386039242148, 0.0261501315981, 0.0110506433994, 0.0114880753681, 0.0674314200878, 0.130387336016, 0.0897518470883, 0.0625580698252, 0.0582695305347, 0.0392636209726, 0.0577922835946, 0.0874116048217, 0.25954028964, 0.43519371748, 0.238081768155, 0.0203778389841, 0.0249950326979, 0.0261988528073, 0.0321918614209, 0.423267006874]
    },
    "chords_histogram": [51.764705658, 0, 0, 0, 0, 0, 0, 0, 0, 0, 0, 0, 0, 0, 0, 0, 0, 0, 0, 48.235294342, 0, 0, 0, 0],
    "thpcp": [1, 0.543166041374, 0.0290416963398, 0.0218805279583, 0.0177785102278, 0.0331622846425, 0.0655724033713, 0.0575881712139, 0.030627258122, 0.0216001588851, 0.0294493343681, 0.101435445249, 0.104359798133, 0.0328484736383, 0.0317265577614, 0.0436474606395, 0.0454937554896, 0.0308172721416, 0.0130229052156, 0.0135384080932, 0.0794662311673, 0.15365819633, 0.105770297348, 0.073723115027, 0.0686691775918, 0.0462711900473, 0.0681067556143, 0.103012375534, 0.305861711502, 0.51286482811, 0.280573368073, 0.0240147709846, 0.0294560175389, 0.0308746900409, 0.0379372984171, 0.49880951643],
    "chords_key": "D",
    "chords_scale": "major",
    "key_key": "D",
    "key_scale": "major",
    "chords_progression": ["D", "D", "D", "D", "D", "D", "D", "D", "D", "D", "D", "D", "D", "D", "D", "D", "D", "D", "D", "D", "D", "D", "D", "D", "D", "D", "D", "D", "D", "D", "D", "D", "D", "D", "D", "D", "D", "D", "D", "D", "D", "D", "D", "D", "Am", "Am", "Am", "Am", "Am", "Am", "Am", "Am", "Am", "Am", "Am", "Am", "Am", "Am", "Am", "Am", "Am", "Am", "Am", "Am", "Am", "Am", "Am", "Am", "Am", "Am", "Am", "Am", "Am", "Am", "Am", "Am", "Am", "Am", "Am", "Am", "Am", "Am", "Am", "Am", "Am"]
}
}