{
"metadata": {
    "version": {
        "essentia": "2.1-beta2"
    }
},
"lowLevel": {
    "average_loudness": 0.835093259811,
    "barkbands_kurtosis": {
        "mean": 19.3938541412
    },
    "barkbands_skewness": {
        "mean": 0.628133714199
    },
    "barkbands_spread": {
        "mean": 10.6256113052
    },
    "dissonance": {
        "mean": 0.343822956085
    },
    "hfc": {
        "mean": 0.639637470245
    },
    "pitch": {
        "mean": 316.888946533
    },
    "pitch_instantaneous_confidence": {
        "mean": 0.859129369259
    },
    "pitch_salience": {
        "mean": 0.498774200678
    },
    "silence_rate_20dB": {
        "mean": 1
    },
    "silence_rate_30dB": {
        "mean": 1
    },
    "silence_rate_60dB": {
        "mean": 1
    },
    "spectral_centroid": {
        "mean": 825.55871582
    },
    "spectral_complexity": {
        "mean": 2.69724774361
    },
    "spectral_crest": {
        "mean": 13.1804075241
    },
    "spectral_decrease": {
        "mean": -1.55747983954e-10
    },
    "spectral_energy": {
        "mean": 0.000645844324026
    },
    "spectral_energyband_high": {
        "mean": 3.29726304926e-07
    },
    "spectral_energyband_low": {
        "mean": 2.41598081629e-06
    },
    "spectral_energyband_middle_high": {
        "mean": 0.000325814733515
    },
    "spectral_energyband_middle_low": {
        "mean": 0.000316350517096
    },
    "spectral_flatness_db": {
        "mean": 0.30913823843
    },
    "spectral_flux": {
        "mean": 0.00152964901645
    },
    "spectral_kurtosis": {
        "mean": 25.0894603729
    },
    "spectral_rms": {
        "mean": 0.000650422065519
    },
    "spectral_rolloff": {
        "mean": 1264.73010254
    },
    "spectral_skewness": {
        "mean": 4.21805763245
    },
    "spectral_spread": {
        "mean": 7036019.5
    },
    "spectral_strongpeak": {
        "mean": 0.781633317471
    },
    "zerocrossingrate": {
        "mean": 0.0510298684239
    },
    "barkbands": {
        "mean": [2.62372918769e-06, 6.73173985888e-07, 5.87875135238e-08, 1.05105101511e-07, 0.000128044383018, 7.10562062523e-08, 5.7187909988e-05, 2.5789798741e-08, 0.000130912143504, 9.98634277494e-06, 4.53141204559e-08, 2.69180090982e-05, 2.23917504627e-06, 0.00026703561889, 8.37664720166e-06, 5.89347018831e-06, 3.08298217533e-06, 5.13415784553e-07, 1.5853891e-06, 1.73647705992e-07, 1.51078452859e-07, 8.19971646138e-08, 2.04767189871e-08, 3.13987698064e-08, 7.14463421758e-09, 1.8506788324e-09, 4.12637202185e-10]
    },
    "mfcc": {
        "mean": [-954.227233887, 128.179870605, -18.0375747681, -11.2196044922, 1.12452924252, -8.98484992981, -11.3171787262, -12.162689209, -7.58857917786, 2.11296248436, 4.19208145142, -6.41537237167, -11.0650367737]
    },
    "sccoeffs": {
        "mean": [-0.608155846596, -0.584027051926, -0.593607842922, -0.664990365505, -0.779130995274, -0.858698368073]
    },
    "scvalleys": {
        "mean": [-9.57100391388, -10.6243181229, -11.4050998688, -11.334939003, -12.2375879288, -13.243229866]
    }
},
"rhythm": {
    "beats_loudness": {
        "mean": 0.000783488037996
    },
    "bpm": 130.303497314,
    "first_peak_bpm": {
        "mean": 129
    },
    "first_peak_spread": {
        "mean": 0.333333313465
    },
    "first_peak_weight": {
        "mean": 0.666666686535
    },
    "onset_rate": 1.59490060806,
    "second_peak_bpm": {
        "mean": 0
    },
    "second_peak_spread": {
        "mean": 0
    },
    "second_peak_weight": {
        "mean": 0
    },
    "beats_loudness_band_ratio": {
        "mean": [0.150664061308, 0.22080104053, 0.304514616728, 0.340581536293, 0.019875459373, 0.00210234406404]
    },
    "beats_position": [0.452789098024, 0.917188167572, 1.38158726692, 1.84598636627, 2.29877543449, 2.75156450272, 3.21596360207, 3.66875267029, 4.13315200806, 4.59755086899],
    "bpm_estimates": [129.19921875, 129.19921875, 129.19921875, 132.512039185, 132.512039185, 129.19921875, 132.512039185, 129.199157715, 129.199279785],
    "bpm_intervals": [0.464399069548, 0.46439909935, 0.46439909935, 0.452789068222, 0.452789068222, 0.46439909935, 0.452789068222, 0.464399337769, 0.464398860931],
    "onset_times": [0.0464399084449, 0.150929704309, 0.267029464245, 3.70358276367, 3.93578219414, 4.02866220474, 4.13315200806, 4.69043064117]
},
"sfx": {
    "inharmonicity": {
        "mean": 0.00802075769752
    },
    "oddtoevenharmonicenergyratio": {
        "mean": 1.78576231003
    },
    "pitch_after_max_to_before_max_energy_ratio": 0.978434085846,
    "pitch_centroid": 145.405166626,
    "pitch_max_to_total": 0.995412826538,
    "pitch_min_to_total": 0.0321100912988,
    "tristimulus": {
        "mean": [0.48043358326, 0.49673679471, 0.0222170092165]
    }
},
"tonal": {
    "chords_changes_rate": 0.0363636352122,
    "chords_number_rate": 0.0272727273405,
    "chords_strength": {
        "mean": 0.383866637945
    },
    "key_strength": 0.533768355846,
    "tuning_diatonic_strength": 0.402171045542,
    "tuning_equal_tempered_deviation": 0.205058187246,
    "tuning_frequency": 433.441375732,
    "tuning_nontempered_energy_ratio": 0.900680780411,
    "hpcp": {
        "mean": [0.443951368332, 0.782406449318, 0.355973482132, 0.00522347865626, 0.00229281792417, 0.00159762357362, 0.00663263816386, 0.013216746971, 0.00885652657598, 0.00263040140271, 0.00212573958561, 0.0117808068171, 0.0619513466954, 0.062884055078, 0.0125445527956, 0.00262365257367, 0.00470975460485, 0.00496824225411, 0.00374459568411, 0.00383613444865, 0.00452435063198, 0.168370500207, 0.323222666979, 0.192940488458, 0.076752603054, 0.0430757552385, 0.00936181284487, 0.0133807780221, 0.010074749589, 0.309232115746, 0.596183896065, 0.296900689602, 0.0104394350201, 0.010300276801, 0.0108695533127, 0.018843639642]
    },
    "chords_histogram": [26.3636360168, 0, 44.5454559326, 0, 0, 0, 0, 0, 0, 0, 0, 0, 0, 0, 0, 0, 0, 0, 0, 29.0909099579, 0, 0, 0, 0],
    "thpcp": [1, 0.454972594976, 0.00667617004365, 0.00293046911247, 0.00204193568788, 0.00847722869366, 0.0168924313039, 0.011319598183, 0.00336193735711, 0.00271692499518, 0.0150571446866, 0.0791805163026, 0.0803726166487, 0.0160332936794, 0.00335331144743, 0.00601957552135, 0.00634995056316, 0.00478599779308, 0.00490299426019, 0.00578260887414, 0.215195700526, 0.413113504648, 0.246598795056, 0.0980981215835, 0.0550554692745, 0.0119654089212, 0.0171020813286, 0.0128766186535, 0.395232051611, 0.761987447739, 0.379471182823, 0.0133427260444, 0.0131648667157, 0.0138924634084, 0.0240842085332, 0.567417800426],
    "chords_key": "A",
    "chords_scale": "major",
    "key_key": "D",
    "key_scale": "major",
    "chords_progression": ["A", "A", "A", "A", "A", "A", "A", "A", "A", "A", "A", "A", "A", "A", "A", "A", "A", "A", "A", "A", "A", "A", "A", "A", "A", "A", "A", "Am", "Am", "Am", "Am", "Am", "Am", "Am", "Am", "Am", "D", "D", "D", "D", "D", "D", "D", "D", "D", "D", "D", "D", "D", "D", "D", "D", "D", "D", "D", "D", "D", "D", "D", "D", "D", "D", "D", "D", "D", "Am", "Am", "Am", "Am", "Am", "Am", "Am", "Am", "Am", "Am", "Am", "Am", "Am", "Am", "Am", "Am", "Am", "Am", "Am", "Am", "Am", "Am", "Am", "A", "A", "A", "A", "A", "A", "A", "A", "A", "A", "A", "A", "A", "A", "A", "A", "A", "A", "A", "A", "A", "A"]
}
}