{"lowlevel.dissonance.mean": [0.6644464731216431], "sfx.inharmonicity.mean": [0.6977512836456299], "lowlevel.spectral_contrast.mean": [[0.4424325227737427, 0.29100215435028076, 0.450811505317688, 1.4176373481750488, 0.5879132747650146, 0.6146879196166992]], "lowlevel.spectral_centroid.mean": [0.48784345388412476], "lowlevel.mfcc.mean": [[0.24513840675354004, 0.1801517903804779, 0.18047916889190674, 0.22118353843688965, 0.6533380746841431, 1.047630786895752, 0.8407248258590698, 0.059834957122802734, 0.1733817160129547, 1.1332082748413086, 1.485082745552063, 0.8359336853027344, -0.34644150733947754]], "sfx.logattacktime.mean": [0.29462817311286926], "lowlevel.hfc.mean": [0.4768347144126892]}