{
"metadata": {
    "version": {
        "essentia": "2.1-beta2"
    }
},
"lowLevel": {
    "average_loudness": 0.99068403244,
    "barkbands_kurtosis": {
        "mean": 2.16401958466
    },
    "barkbands_skewness": {
        "mean": 0.16820076108
    },
    "barkbands_spread": {
        "mean": 13.738910675
    },
    "dissonance": {
        "mean": 0.482364118099
    },
    "hfc": {
        "mean": 1.10230350494
    },
    "pitch": {
        "mean": 936.127807617
    },
    "pitch_instantaneous_confidence": {
        "mean": 0.544220268726
    },
    "pitch_salience": {
        "mean": 0.476418554783
    },
    "silence_rate_20dB": {
        "mean": 1
    },
    "silence_rate_30dB": {
        "mean": 1
    },
    "silence_rate_60dB": {
        "mean": 1
    },
    "spectral_centroid": {
        "mean": 3327.28613281
    },
    "spectral_complexity": {
        "mean": 0.952380955219
    },
    "spectral_crest": {
        "mean": 13.5602359772
    },
    "spectral_decrease": {
        "mean": -7.99032645604e-11
    },
    "spectral_energy": {
        "mean": 0.00040155541501
    },
    "spectral_energyband_high": {
        "mean": 7.89759433246e-05
    },
    "spectral_energyband_low": {
        "mean": 2.74900429531e-07
    },
    "spectral_energyband_middle_high": {
        "mean": 0.000321505271131
    },
    "spectral_energyband_middle_low": {
        "mean": 8.22525976218e-07
    },
    "spectral_flatness_db": {
        "mean": 0.206820011139
    },
    "spectral_flux": {
        "mean": 0.00840512569994
    },
    "spectral_kurtosis": {
        "mean": 4.42282867432
    },
    "spectral_rms": {
        "mean": 0.000462033698568
    },
    "spectral_rolloff": {
        "mean": 5477.63671875
    },
    "spectral_skewness": {
        "mean": 1.57025074959
    },
    "spectral_spread": {
        "mean": 11345894
    },
    "spectral_strongpeak": {
        "mean": 0.427451848984
    },
    "zerocrossingrate": {
        "mean": 0.152529761195
    },
    "barkbands": {
        "mean": [2.29184024647e-07, 1.48746551076e-07, 1.3608761229e-08, 1.06216333506e-08, 6.51986411526e-08, 4.58716087337e-08, 7.24549096276e-08, 5.50120603293e-07, 7.19495929502e-08, 6.27463521141e-08, 1.29996251985e-07, 3.74805608772e-08, 2.13968206708e-07, 0.000177899579285, 7.11789834895e-05, 2.38940901909e-06, 2.17387587327e-05, 1.5918567442e-05, 2.69641477644e-05, 1.15873581308e-05, 2.39530618273e-05, 2.75060301647e-05, 7.62553690947e-06, 9.9469534689e-06, 2.63871015704e-06, 5.30120928488e-07, 2.67363500228e-08]
    },
    "mfcc": {
        "mean": [-961.479003906, -31.3044433594, -54.8808822632, 30.0173568726, 15.0700941086, 14.8729572296, -7.51211261749, -3.09781837463, -3.09102225304, 18.7857284546, 27.8133659363, 0.473081767559, -18.2650794983]
    },
    "sccoeffs": {
        "mean": [-0.848460078239, -0.80644518137, -0.849560499191, -0.634227216244, -0.767267763615, -0.761965334415]
    },
    "scvalleys": {
        "mean": [-11.7127370834, -12.3423433304, -12.6833438873, -12.1305761337, -11.2939071655, -12.7002401352]
    }
},
"rhythm": {
    "bpm": 0,
    "first_peak_bpm": {
        "mean": 0
    },
    "first_peak_spread": {
        "mean": 0
    },
    "first_peak_weight": {
        "mean": 0
    },
    "onset_rate": 2.25183820724,
    "second_peak_bpm": {
        "mean": 0
    },
    "second_peak_spread": {
        "mean": 0
    },
    "second_peak_weight": {
        "mean": 0
    },
    "beats_position": [],
    "bpm_estimates": [],
    "bpm_intervals": [],
    "onset_times": [0.0464399084449]
},
"sfx": {
    "inharmonicity": {
        "mean": 0.100681088865
    },
    "oddtoevenharmonicenergyratio": {
        "mean": 15.6381750107
    },
    "pitch_after_max_to_before_max_energy_ratio": 0.361838579178,
    "pitch_centroid": 10.6910896301,
    "pitch_max_to_total": 0.952380955219,
    "pitch_min_to_total": 0.380952388048,
    "tristimulus": {
        "mean": [0.135847151279, 0.463597804308, 0.144289255142]
    }
},
"tonal": {
    "chords_changes_rate": 0,
    "chords_number_rate": 0.0909090936184,
    "chords_strength": {
        "mean": 0.465811252594
    },
    "key_strength": 0.544318795204,
    "tuning_diatonic_strength": 0.4664080441,
    "tuning_equal_tempered_deviation": 0.261511176825,
    "tuning_frequency": 449.764648438,
    "tuning_nontempered_energy_ratio": 0.953933656216,
    "hpcp": {
        "mean": [0.0737565904856, 0.0254723504186, 0.0226463694125, 0.016039006412, 0.00664694001898, 0.00455570872873, 0.0111154448241, 0.0197553616017, 0.0233280118555, 0.0163383055478, 0.010700635612, 0.0186615157872, 0.0285675097257, 0.0353876613081, 0.0331192985177, 0.0483843907714, 0.064779907465, 0.0634332820773, 0.0992323607206, 0.0788900926709, 0.0159439388663, 0.0148655120283, 0.0344466120005, 0.0276980157942, 0.0303577780724, 0.0424935780466, 0.0249684080482, 0.0259601399302, 0.275255858898, 0.912414312363, 0.830467641354, 0.270680993795, 0.151761308312, 0.0976578518748, 0.152823641896, 0.171230226755]
    },
    "chords_histogram": [0, 0, 0, 0, 0, 0, 0, 0, 0, 0, 0, 0, 0, 0, 0, 0, 0, 0, 0, 0, 0, 0, 100, 0],
    "thpcp": [1, 0.910187005997, 0.296664565802, 0.16632938385, 0.107032351196, 0.16749368608, 0.187667191029, 0.0808367282152, 0.0279175266623, 0.0248202700168, 0.017578644678, 0.00728500215337, 0.0049930261448, 0.0121824536473, 0.0216517448425, 0.0255673453212, 0.0179066732526, 0.0117278248072, 0.0204528961331, 0.0313097983599, 0.0387846417725, 0.0362985320389, 0.0530289709568, 0.0709983482957, 0.0695224553347, 0.10875800252, 0.0864630118012, 0.017474450171, 0.016292501241, 0.0377532579005, 0.0303568411618, 0.0332719236612, 0.0465726777911, 0.0273652095348, 0.0284521393478, 0.301678597927],
    "chords_key": "E",
    "chords_scale": "minor",
    "key_key": "B",
    "key_scale": "minor",
    "chords_progression": ["Em", "Em", "Em", "Em", "Em", "Em", "Em", "Em", "Em", "Em", "Em"]
}
}