{
"metadata": {
    "version": {
        "essentia": "2.1-beta2"
    }
},
"lowLevel": {
    "average_loudness": 0.898654878139,
    "barkbands_kurtosis": {
        "mean": 199.587188721
    },
    "barkbands_skewness": {
        "mean": 6.02605724335
    },
    "barkbands_spread": {
        "mean": 12.4382381439
    },
    "dissonance": {
        "mean": 0.489482015371
    },
    "hfc": {
        "mean": 28.9031867981
    },
    "pitch": {
        "mean": 1432.21813965
    },
    "pitch_instantaneous_confidence": {
        "mean": 0.815568745136
    },
    "pitch_salience": {
        "mean": 0.200486466289
    },
    "silence_rate_20dB": {
        "mean": 1
    },
    "silence_rate_30dB": {
        "mean": 1
    },
    "silence_rate_60dB": {
        "mean": 0.365296810865
    },
    "spectral_centroid": {
        "mean": 2315.54248047
    },
    "spectral_complexity": {
        "mean": 1.09132421017
    },
    "spectral_crest": {
        "mean": 22.4628143311
    },
    "spectral_decrease": {
        "mean": -2.82440826282e-09
    },
    "spectral_energy": {
        "mean": 0.0132815623656
    },
    "spectral_energyband_high": {
        "mean": 4.60363371531e-05
    },
    "spectral_energyband_low": {
        "mean": 1.81668337973e-06
    },
    "spectral_energyband_middle_high": {
        "mean": 0.0132312690839
    },
    "spectral_energyband_middle_low": {
        "mean": 9.00723534869e-07
    },
    "spectral_flatness_db": {
        "mean": 0.386136621237
    },
    "spectral_flux": {
        "mean": 0.00800224673003
    },
    "spectral_kurtosis": {
        "mean": 1.12133550644
    },
    "spectral_rms": {
        "mean": 0.00281167891808
    },
    "spectral_rolloff": {
        "mean": 2984.46044922
    },
    "spectral_skewness": {
        "mean": 1.28743624687
    },
    "spectral_spread": {
        "mean": 20372382
    },
    "spectral_strongpeak": {
        "mean": 7.25582551956
    },
    "zerocrossingrate": {
        "mean": 0.116235464811
    },
    "barkbands": {
        "mean": [3.02286207443e-06, 3.55071193781e-07, 4.07320266405e-09, 3.223258771e-09, 1.00815782389e-08, 3.80354023832e-08, 2.58485016502e-07, 5.01508793604e-07, 8.19485563852e-08, 3.24456230771e-08, 1.23950985653e-06, 1.90437469882e-06, 3.32196663066e-07, 0.00043529010145, 8.84182497884e-07, 0.0127896824852, 5.88406066981e-07, 4.32341295209e-07, 4.58949472204e-07, 3.79451239496e-06, 7.64263063502e-07, 1.66788493061e-06, 1.30657565478e-06, 3.87797945223e-06, 2.12935374293e-05, 1.18677780847e-05, 1.88612227703e-06]
    },
    "mfcc": {
        "mean": [-960.141357422, -3.4446349144, -51.8289375305, -28.2265663147, 35.1143722534, 17.6407699585, -16.6208457947, -13.4273757935, 27.6487979889, 13.1623210907, 1.79796540737, 19.6527748108, 39.5147857666]
    },
    "sccoeffs": {
        "mean": [-0.684320032597, -0.827803313732, -0.791504263878, -0.52161949873, -0.849972546101, -0.85088378191]
    },
    "scvalleys": {
        "mean": [-10.9734420776, -10.1033630371, -10.3093204498, -9.9433259964, -10.278049469, -10.3395729065]
    }
},
"rhythm": {
    "beats_loudness": {
        "mean": 0.0165480580181
    },
    "bpm": 161.499023438,
    "first_peak_bpm": {
        "mean": 161
    },
    "first_peak_spread": {
        "mean": 0.33333337307
    },
    "first_peak_weight": {
        "mean": 0.54545456171
    },
    "onset_rate": 1.58730876446,
    "second_peak_bpm": {
        "mean": 152
    },
    "second_peak_spread": {
        "mean": 0
    },
    "second_peak_weight": {
        "mean": 0.181818187237
    },
    "beats_loudness_band_ratio": {
        "mean": [0.0164272952825, 2.37763306359e-05, 0.00307121197693, 0.0416889674962, 0.80786806345, 0.131744101644]
    },
    "beats_position": [0.406349211931, 0.789478421211, 1.16099774837, 1.53251695633, 1.90403628349, 2.28716540337, 2.65868473053, 3.04181408882, 3.41333317757, 3.78485250473, 4.17959165573, 4.57433080673],
    "bpm_estimates": [161.49899292, 161.499053955, 161.49899292, 161.49899292, 161.499099731, 161.49899292],
    "bpm_intervals": [0.38312920928, 0.371519327164, 0.371519207954, 0.371519327164, 0.383129119873, 0.371519327164, 0.383129358292, 0.371519088745, 0.371519327164, 0.394739151001, 0.394739151001],
    "onset_times": [0.0348299331963, 0.417959183455, 0.603718817234, 0.731428563595, 2.53097510338, 4.19120168686, 4.446621418, 4.8994102478]
},
"sfx": {
    "inharmonicity": {
        "mean": 0.0684360042214
    },
    "oddtoevenharmonicenergyratio": {
        "mean": 6040.86181641
    },
    "pitch_after_max_to_before_max_energy_ratio": 3.1595184803,
    "pitch_centroid": 103.78061676,
    "pitch_max_to_total": 0.0913242027164,
    "pitch_min_to_total": 0.94977170229,
    "tristimulus": {
        "mean": [0.169616386294, 0.725121855736, 0.0775394812226]
    }
},
"tonal": {
    "chords_changes_rate": 0.0454545468092,
    "chords_number_rate": 0.0181818176061,
    "chords_strength": {
        "mean": 0.427020728588
    },
    "key_strength": 0.567789018154,
    "tuning_diatonic_strength": 0.395599424839,
    "tuning_equal_tempered_deviation": 0.189416408539,
    "tuning_frequency": 454.990661621,
    "tuning_nontempered_energy_ratio": 0.719222307205,
    "hpcp": {
        "mean": [0.040516320616, 0.0431708395481, 0.0424845032394, 0.042954608798, 0.0595273971558, 0.0829392075539, 0.0704512968659, 0.0471648015082, 0.38403147459, 0.808050632477, 0.475220710039, 0.0468243397772, 0.0352721773088, 0.0389037840068, 0.047295499593, 0.0538265667856, 0.0526930838823, 0.0400163494051, 0.0331728421152, 0.0398174598813, 0.060684941709, 0.144837260246, 0.149043858051, 0.0680058598518, 0.0482339598238, 0.0558356381953, 0.0742836073041, 0.122602976859, 0.147054433823, 0.0958970189095, 0.0505473613739, 0.0404421575367, 0.0461827106774, 0.0420084744692, 0.0310134608299, 0.0344116911292]
    },
    "chords_histogram": [0, 0, 0, 0, 0, 0, 0, 0, 92.7272720337, 7.27272748947, 0, 0, 0, 0, 0, 0, 0, 0, 0, 0, 0, 0, 0, 0],
    "thpcp": [1, 0.588107585907, 0.0579472854733, 0.0436509512365, 0.0481452308595, 0.0585303679109, 0.0666128620505, 0.0652101263404, 0.0495220832527, 0.0410529263318, 0.0492759458721, 0.0751004219055, 0.179242804646, 0.18444865942, 0.0841603949666, 0.0596917532384, 0.0690991804004, 0.0919293984771, 0.151726856828, 0.181986659765, 0.118676990271, 0.0625546947122, 0.0500490404665, 0.0571532398462, 0.0519874282181, 0.0383805893362, 0.0425860583782, 0.0501408204436, 0.0534259080887, 0.0525765344501, 0.053158313036, 0.0736679062247, 0.102641105652, 0.0871867388487, 0.0583686232567, 0.475256711245],
    "chords_key": "A",
    "chords_scale": "minor",
    "key_key": "F",
    "key_scale": "minor",
    "chords_progression": ["C", "C", "C", "Am", "C", "C", "C", "Am", "C", "C", "Am", "Am", "Am", "Am", "Am", "Am", "Am", "Am", "Am", "Am", "Am", "Am", "Am", "Am", "Am", "Am", "Am", "Am", "Am", "Am", "Am", "Am", "Am", "Am", "Am", "Am", "Am", "Am", "Am", "Am", "Am", "Am", "Am", "Am", "Am", "Am", "Am", "Am", "Am", "Am", "Am", "Am", "Am", "Am", "Am", "Am", "Am", "Am", "Am", "Am", "Am", "Am", "Am", "Am", "Am", "Am", "Am", "Am", "Am", "Am", "Am", "Am", "Am", "Am", "Am", "Am", "Am", "Am", "Am", "Am", "Am", "Am", "Am", "Am", "Am", "Am", "Am", "Am", "Am", "Am", "Am", "Am", "Am", "Am", "Am", "Am", "Am", "Am", "Am", "Am", "Am", "Am", "Am", "Am", "Am", "Am", "Am", "Am", "Am", "Am"]
}
}