{
"metadata": {
    "version": {
        "essentia": "2.1-beta2"
    }
},
"lowLevel": {
    "dissonance": {
        "mean": 0.461763441563
    },
    "hfc": {
        "mean": 38.8985061646
    },
    "spectral_centroid": {
        "mean": 0.226247042418
    },
    "mfcc": {
        "mean": [-695.301086426, -38.1862297058, -45.9453086853, 18.3739147186, -3.04691052437, -2.74597549438, -15.0439176559, 11.4712095261, 0.207292810082, 13.2418432236, 19.9697360992, 24.4104919434, 21.0587730408, 19.0740089417, 8.41834640503, 3.1764793396, 10.621339798, 9.34213733673, 6.97688341141, 11.4542970657, 8.97385120392, 9.84906291962, 1.00703024864, -1.57971954346, 4.8234539032, 8.47705554962, 0.854254722595, -2.5098464489, 3.45890259743, 4.17856931686, 1.61777412891, 3.94062042236, -0.301155120134, -1.14603364468, 0.391116470098, 1.26243591309, -0.811812102795, -3.11123204231, 1.54277122021, 2.55336356163]
    },
    "spectral_contrast": {
        "mean": [-0.624525010586, -0.805536091328, -0.767932832241, -0.772211015224, -0.793764650822, -0.621071100235]
    }
},
"sfx": {
    "inharmonicity": {
        "mean": 0.188314661384
    },
    "logattacktime": {
        "mean": -4.92536354065
    }
}
}