{
"metadata": {
    "version": {
        "essentia": "2.1-beta2"
    }
},
"lowLevel": {
    "dissonance": {
        "mean": 0.466723531485
    },
    "hfc": {
        "mean": 397.959472656
    },
    "spectral_centroid": {
        "mean": 0.249246105552
    },
    "mfcc": {
        "mean": [-610.092895508, -75.2026748657, -50.7205200195, 16.7621765137, -1.46662187576, 7.68097257614, -15.0026893616, 8.28356933594, -9.14742660522, 7.90092754364, 16.6587753296, 12.9856176376, 6.95345783234, 6.03793668747, -1.3685605526, 3.69619321823, 14.0452251434, 11.3459300995, 3.63663196564, 8.0785741806, 3.58936095238, 11.1373271942, 7.842918396, 3.33700561523, 6.67843866348, 7.38651990891, 1.22465276718, -0.478629082441, 2.70578193665, -0.484402626753, -2.81563353539, -0.737403273582, 0.858442485332, -1.17226696014, -2.41372036934, 1.92239165306, 1.3924382925, -0.956440389156, -1.154763937, -0.0106315063313]
    },
    "spectral_contrast": {
        "mean": [-0.698278844357, -0.755077660084, -0.761288464069, -0.722205519676, -0.736602544785, -0.502989530563]
    }
},
"sfx": {
    "inharmonicity": {
        "mean": 0.209599599242
    },
    "logattacktime": {
        "mean": -4.87468767166
    }
}
}