{
"metadata": {
    "version": {
        "essentia": "2.1-beta2"
    }
},
"lowLevel": {
    "dissonance": {
        "mean": 0.163939461112
    },
    "hfc": {
        "mean": 76.9742050171
    },
    "spectral_centroid": {
        "mean": 0.132533803582
    },
    "mfcc": {
        "mean": [-962.195556641, -61.0035018921, -79.5062026978, 0.544821083546, 43.9527740479, 29.1228923798, 10.6567792892, -55.1284713745, -15.3989715576, 79.3523025513, 24.307308197, -77.3935317993, 4.79023456573, 62.5137481689, -13.323882103, 2.98546218872, 7.59204244614, -36.7128677368, 61.9198646545, 9.13785266876, -53.1802940369, 31.7566566467, 5.21929359436, 13.2564849854, -19.6979007721, 14.1702098846, -2.23494434357, -0.491121351719, 24.2086925507, -27.8141441345, 10.1890039444, 13.2364759445, 0.58468914032, -13.6834821701, 16.4029197693, -10.9165287018, 6.99021720886, 2.03509163857, -4.57752275467, 4.27818059921]
    },
    "spectral_contrast": {
        "mean": [-0.798032104969, -0.853757381439, -0.285156518221, -0.379106372595, -0.689401268959, -0.698497056961]
    }
},
"sfx": {
    "inharmonicity": {
        "mean": 0.289173901081
    },
    "logattacktime": {
        "mean": -5
    }
}
}