{
"metadata": {
    "version": {
        "essentia": "2.1-beta2"
    }
},
"lowLevel": {
    "dissonance": {
        "mean": 0.187707602978
    },
    "hfc": {
        "mean": 41.3739013672
    },
    "spectral_centroid": {
        "mean": 0.083876490593
    },
    "mfcc": {
        "mean": [-778.171264648, 32.3959884644, -168.192687988, -37.5139389038, -53.7369041443, -28.4434986115, -29.8539600372, -12.0893259048, 4.88894557953, 27.1847877502, 42.4254264832, 31.0032615662, -2.07718753815, -25.8853969574, -36.094329834, -28.2200603485, 7.55948877335, 43.9126586914, 30.1941547394, -9.53058815002, -17.9604225159, 7.3168296814, 13.927397728, -3.53183364868, -18.807636261, -1.78985357285, 13.6916484833, 4.00263404846, -6.02398109436, 1.76618349552, 6.75107288361, -7.59561681747, -8.00770378113, 12.8150615692, 0.623869359493, -9.99146938324, 13.0312690735, 7.08714342117, -15.0348167419, -7.27441072464]
    },
    "spectral_contrast": {
        "mean": [-0.515542566776, -0.31811901927, -0.520535469055, -0.597175955772, -0.758934438229, -0.704306125641]
    }
},
"sfx": {
    "inharmonicity": {
        "mean": 0.225705444813
    },
    "logattacktime": {
        "mean": -4.96638822556
    }
}
}