{"lowlevel.dissonance.mean": [-0.06626451015472412], "sfx.inharmonicity.mean": [0.20368796586990356], "lowlevel.spectral_contrast.mean": [[0.929756224155426, 0.43162965774536133, 0.31047534942626953, 0.29979896545410156, 0.29622864723205566, 0.3207404613494873]], "lowlevel.spectral_centroid.mean": [0.3553466200828552], "lowlevel.mfcc.mean": [[0.280096173286438, 0.2595827579498291, 0.5871137976646423, 0.5835303068161011, 0.5763901472091675, 0.4754219353199005, 0.43224233388900757, 0.28550976514816284, 0.23596525192260742, 0.14876163005828857, 0.06456393003463745, 0.024897456169128418, -0.05874568223953247]], "sfx.logattacktime.mean": [0.26816487312316895], "lowlevel.hfc.mean": [0.4761851727962494]}