{
"metadata": {
    "version": {
        "essentia": "2.1-beta2"
    }
},
"lowLevel": {
    "average_loudness": 0.372862398624,
    "barkbands_kurtosis": {
        "mean": 0.656196773052
    },
    "barkbands_skewness": {
        "mean": -0.918004095554
    },
    "barkbands_spread": {
        "mean": 26.3494205475
    },
    "dissonance": {
        "mean": 0.480856686831
    },
    "hfc": {
        "mean": 43.2772979736
    },
    "pitch": {
        "mean": 764.010192871
    },
    "pitch_instantaneous_confidence": {
        "mean": 0.313113570213
    },
    "pitch_salience": {
        "mean": 0.598040819168
    },
    "silence_rate_20dB": {
        "mean": 1
    },
    "silence_rate_30dB": {
        "mean": 0.960526287556
    },
    "silence_rate_60dB": {
        "mean": 0.657894730568
    },
    "spectral_centroid": {
        "mean": 2242.49291992
    },
    "spectral_complexity": {
        "mean": 14.7171049118
    },
    "spectral_crest": {
        "mean": 5.92946481705
    },
    "spectral_decrease": {
        "mean": -2.46646192359e-09
    },
    "spectral_energy": {
        "mean": 0.01323437877
    },
    "spectral_energyband_high": {
        "mean": 0.00362409721129
    },
    "spectral_energyband_low": {
        "mean": 4.22829289164e-05
    },
    "spectral_energyband_middle_high": {
        "mean": 0.00894302595407
    },
    "spectral_energyband_middle_low": {
        "mean": 0.000645199732389
    },
    "spectral_flatness_db": {
        "mean": 0.190462753177
    },
    "spectral_flux": {
        "mean": 0.0395992510021
    },
    "spectral_kurtosis": {
        "mean": 11.1741552353
    },
    "spectral_rms": {
        "mean": 0.00228954455815
    },
    "spectral_rolloff": {
        "mean": 3578.33544922
    },
    "spectral_skewness": {
        "mean": 1.82407784462
    },
    "spectral_spread": {
        "mean": 3928853.5
    },
    "spectral_strongpeak": {
        "mean": 1.0205347538
    },
    "zerocrossingrate": {
        "mean": 0.118228308856
    },
    "barkbands": {
        "mean": [0.000119210941193, 3.47399281964e-06, 5.00453495533e-07, 1.83080805982e-06, 0.000296336133033, 9.28292211029e-05, 5.95920755586e-06, 7.28744707885e-05, 8.71232332429e-05, 0.000233413651586, 0.00076747359708, 0.000565817812458, 0.000734392378945, 0.00101700588129, 0.000783840019722, 0.000699750613421, 0.000780726608355, 0.0010239626281, 0.0018053825479, 0.0010352130048, 0.000766254554037, 0.000966612657066, 0.000695187365636, 0.000426726968726, 0.000188286139746, 6.02436557529e-05, 3.95835104428e-06]
    },
    "mfcc": {
        "mean": [-770.237060547, 55.5348205566, -119.663475037, 15.731180191, -23.9005470276, 7.22671747208, 14.9211330414, 19.1673278809, 9.5732088089, 9.86259746552, 9.50058269501, 4.68986177444, -0.608134686947]
    },
    "sccoeffs": {
        "mean": [-0.592485964298, -0.708946824074, -0.73220461607, -0.753295719624, -0.745298266411, -0.65737503767]
    },
    "scvalleys": {
        "mean": [-9.33062076569, -9.07735443115, -7.65812063217, -7.16086959839, -7.52983999252, -11.561501503]
    }
},
"rhythm": {
    "beats_loudness": {
        "mean": 0.00632514245808
    },
    "bpm": 121.902244568,
    "first_peak_bpm": {
        "mean": 123
    },
    "first_peak_spread": {
        "mean": 0.399999976158
    },
    "first_peak_weight": {
        "mean": 0.600000023842
    },
    "onset_rate": 0.28568097949,
    "second_peak_bpm": {
        "mean": 0
    },
    "second_peak_spread": {
        "mean": 0
    },
    "second_peak_weight": {
        "mean": 0
    },
    "beats_loudness_band_ratio": {
        "mean": [0.0900942906737, 0.00131429405883, 0.0475838184357, 0.215066075325, 0.401500731707, 0.252342551947]
    },
    "beats_position": [0.476009070873, 0.96362811327, 1.45124709606, 1.93886613846, 2.43809509277, 2.93732428551],
    "bpm_estimates": [123.046875, 123.046890259, 123.046875, 120.185333252, 120.185279846],
    "bpm_intervals": [0.487619042397, 0.487618982792, 0.487619042397, 0.499228954315, 0.499229192734],
    "onset_times": [0.0696598663926]
},
"sfx": {
    "inharmonicity": {
        "mean": 0.124361902475
    },
    "oddtoevenharmonicenergyratio": {
        "mean": 2.71571135521
    },
    "pitch_after_max_to_before_max_energy_ratio": 6.61459827423,
    "pitch_centroid": 79.1391220093,
    "pitch_max_to_total": 0.157894730568,
    "pitch_min_to_total": 0.269736856222,
    "tristimulus": {
        "mean": [0.152845203876, 0.528654813766, 0.206409975886]
    }
},
"tonal": {
    "chords_changes_rate": 0.0389610379934,
    "chords_number_rate": 0.0519480518997,
    "chords_strength": {
        "mean": 0.507555902004
    },
    "key_strength": 0.793333649635,
    "tuning_diatonic_strength": 0.458253264427,
    "tuning_equal_tempered_deviation": 0.286026567221,
    "tuning_frequency": 442.548919678,
    "tuning_nontempered_energy_ratio": 0.921376466751,
    "hpcp": {
        "mean": [0.216394007206, 0.287136346102, 0.313873648643, 0.473099648952, 0.570386052132, 0.306265205145, 0.159211277962, 0.197584241629, 0.249209836125, 0.263790637255, 0.165273308754, 0.154284149408, 0.170159384608, 0.172351017594, 0.288420826197, 0.288860499859, 0.365323722363, 0.596761524677, 0.466190725565, 0.403582572937, 0.37072584033, 0.147605165839, 0.159608989954, 0.333272516727, 0.579303205013, 0.637909829617, 0.436558157206, 0.350674241781, 0.29483538866, 0.206495732069, 0.209001511335, 0.224848657846, 0.338767647743, 0.357706457376, 0.213137805462, 0.164152696729]
    },
    "chords_histogram": [0, 0, 0, 0, 0, 0, 0, 57.1428565979, 3.89610385895, 35.0649337769, 0, 0, 0, 0, 3.89610385895, 0, 0, 0, 0, 0, 0, 0, 0, 0],
    "thpcp": [1, 0.68435716629, 0.549723863602, 0.462189763784, 0.323706775904, 0.327634871006, 0.352477192879, 0.531058847904, 0.560747683048, 0.334119021893, 0.257328987122, 0.339223504066, 0.450120598078, 0.492034494877, 0.741640329361, 0.894148409367, 0.480107367039, 0.249582737684, 0.309736937284, 0.390666246414, 0.41352340579, 0.259085685015, 0.241858869791, 0.266745209694, 0.270180851221, 0.452134162188, 0.452823400497, 0.572688639164, 0.935495078564, 0.730809748173, 0.632663965225, 0.581157147884, 0.231388762593, 0.250206202269, 0.522444546223, 0.908127129078],
    "chords_key": "D#",
    "chords_scale": "major",
    "key_key": "D#",
    "key_scale": "minor",
    "chords_progression": ["Gm", "Gm", "Gm", "D#", "D#", "D#", "D#", "D#", "D#", "D#", "D#", "D#", "D#", "D#", "D#", "D#", "D#", "D#", "D#", "D#", "D#", "D#", "D#", "D#", "D#", "D#", "D#", "D#", "D#", "D#", "D#", "D#", "D#", "D#", "D#", "D#", "D#", "D#", "D#", "D#", "D#", "D#", "D#", "D#", "D#", "D#", "D#", "Em", "Em", "Em", "A#", "A#", "A#", "A#", "A#", "A#", "A#", "A#", "A#", "A#", "A#", "A#", "A#", "A#", "A#", "A#", "A#", "A#", "A#", "A#", "A#", "A#", "A#", "A#", "A#", "A#", "A#"]
}
}