{"lowlevel.dissonance.mean": [-0.006485581398010254], "sfx.inharmonicity.mean": [0.24396544694900513], "lowlevel.spectral_contrast.mean": [[0.5601133108139038, 0.8900661468505859, 0.5809375047683716, 0.6982532739639282, 0.4038701057434082, 0.3079400062561035]], "lowlevel.spectral_centroid.mean": [0.3496939539909363], "lowlevel.mfcc.mean": [[0.3800867795944214, 0.8518416881561279, 0.6961489915847778, 0.1288168728351593, 0.30966100096702576, 0.37418079376220703, 0.18368929624557495, 0.08767169713973999, 0.4563711881637573, 0.8587729930877686, 1.0535027980804443, 0.9098725914955139, 0.6045409440994263]], "sfx.logattacktime.mean": [0.34271419048309326], "lowlevel.hfc.mean": [0.47376641631126404]}