{
"metadata": {
    "version": {
        "essentia": "2.1-beta2"
    }
},
"lowLevel": {
    "dissonance": {
        "mean": 0.16871792078
    },
    "hfc": {
        "mean": 7.24983167648
    },
    "spectral_centroid": {
        "mean": 0.0233476348221
    },
    "mfcc": {
        "mean": [-938.164306641, 197.675720215, 83.8975143433, 20.7338218689, -8.19564056396, -16.1930713654, -19.0189838409, -19.2684211731, -16.7814121246, -11.1029815674, -3.36754083633, 6.81969690323, 12.7789430618, 7.54057359695, -1.84767436981, -7.55657815933, -7.5172457695, -3.11160588264, 3.89699196815, 8.87248420715, 5.82613611221, -1.64605462551, -6.97760677338, -5.4275727272, 2.48059248924, 4.22418260574, -1.90881299973, -8.40140724182, -10.4801521301, -6.74728536606, -1.20838022232, -1.07131147385, -2.44935655594, -0.79818469286, 0.00403765309602, -0.69943022728, -2.00358891487, -2.64798951149, -1.97404038906, -1.17974746227]
    },
    "spectral_contrast": {
        "mean": [-0.709746539593, -0.685839414597, -0.824231028557, -0.882331669331, -0.899886012077, -0.890584409237]
    }
},
"sfx": {
    "inharmonicity": {
        "mean": 0.140072986484
    },
    "logattacktime": {
        "mean": -4.98346614838
    }
}
}