{
"metadata": {
    "version": {
        "essentia": "2.1-beta2"
    }
},
"lowLevel": {
    "average_loudness": 0.971094846725,
    "barkbands_kurtosis": {
        "mean": 11.0134944916
    },
    "barkbands_skewness": {
        "mean": 1.39273178577
    },
    "barkbands_spread": {
        "mean": 8.04672050476
    },
    "dissonance": {
        "mean": 0.443211138248
    },
    "hfc": {
        "mean": 5.98351335526
    },
    "pitch": {
        "mean": 240.418746948
    },
    "pitch_instantaneous_confidence": {
        "mean": 0.434078037739
    },
    "pitch_salience": {
        "mean": 0.650473177433
    },
    "silence_rate_20dB": {
        "mean": 1
    },
    "silence_rate_30dB": {
        "mean": 1
    },
    "silence_rate_60dB": {
        "mean": 0.43548387289
    },
    "spectral_centroid": {
        "mean": 602.932556152
    },
    "spectral_complexity": {
        "mean": 4.61290311813
    },
    "spectral_crest": {
        "mean": 12.3140010834
    },
    "spectral_decrease": {
        "mean": -3.38442407433e-09
    },
    "spectral_energy": {
        "mean": 0.0133162979037
    },
    "spectral_energyband_high": {
        "mean": 6.48747615628e-08
    },
    "spectral_energyband_low": {
        "mean": 0.000269295880571
    },
    "spectral_energyband_middle_high": {
        "mean": 5.68281611777e-05
    },
    "spectral_energyband_middle_low": {
        "mean": 0.0131257427856
    },
    "spectral_flatness_db": {
        "mean": 0.323975175619
    },
    "spectral_flux": {
        "mean": 0.00720450235531
    },
    "spectral_kurtosis": {
        "mean": 95.8818664551
    },
    "spectral_rms": {
        "mean": 0.00270671979524
    },
    "spectral_rolloff": {
        "mean": 718.757080078
    },
    "spectral_skewness": {
        "mean": 7.35577297211
    },
    "spectral_spread": {
        "mean": 13769291
    },
    "spectral_strongpeak": {
        "mean": 0.987420618534
    },
    "zerocrossingrate": {
        "mean": 0.0437208600342
    },
    "barkbands": {
        "mean": [2.79652340396e-07, 0.00011175765394, 2.68488765869e-05, 0.00020771608979, 0.000285451096715, 0.00383809278719, 0.0066169439815, 0.00098622450605, 0.00117926194798, 1.44422992889e-05, 2.97411020256e-06, 1.58331258717e-05, 1.4133123841e-05, 1.48845501826e-05, 1.11452618512e-06, 2.3714180486e-07, 2.994663717e-08, 1.90093238928e-08, 1.42643896694e-08, 2.12660093979e-08, 1.82970243401e-08, 3.52387408142e-09, 4.40272795998e-09, 6.44985354015e-09, 6.06012884319e-09, 7.43504857681e-09, 4.27333679553e-09]
    },
    "mfcc": {
        "mean": [-968.59753418, 172.370834351, 49.7236213684, -11.4406080246, -7.33171510696, 0.278892219067, -12.6577634811, -20.0627918243, -5.40529203415, 11.3684825897, 14.14818573, 8.02069568634, 0.427696794271]
    },
    "sccoeffs": {
        "mean": [-0.727337598801, -0.730125367641, -0.748554170132, -0.782889842987, -0.884757220745, -0.900199532509]
    },
    "scvalleys": {
        "mean": [-7.98223686218, -7.55693054199, -9.73393058777, -10.416478157, -12.1008710861, -12.963388443]
    }
},
"rhythm": {
    "beats_loudness": {
        "mean": 0.0194499976933
    },
    "bpm": 107.697181702,
    "first_peak_bpm": {
        "mean": 105
    },
    "first_peak_spread": {
        "mean": 0.5
    },
    "first_peak_weight": {
        "mean": 0.333333343267
    },
    "onset_rate": 1.40481650829,
    "second_peak_bpm": {
        "mean": 110
    },
    "second_peak_spread": {
        "mean": 0
    },
    "second_peak_weight": {
        "mean": 0.333333343267
    },
    "beats_loudness_band_ratio": {
        "mean": [0.144548371434, 0.375354707241, 0.59270387888, 0.0341454520822, 0.00920552574098, 0.00179349654354]
    },
    "beats_position": [0.545668900013, 1.11455774307, 1.67183673382, 2.21750569344],
    "bpm_estimates": [105.468757629, 107.666000366, 109.95677948],
    "bpm_intervals": [0.56888884306, 0.557278990746, 0.545668959618],
    "onset_times": [0.0580498874187, 0.150929704309, 0.290249437094, 2.63546490669]
},
"sfx": {
    "inharmonicity": {
        "mean": 0.0398195795715
    },
    "oddtoevenharmonicenergyratio": {
        "mean": 3.80260419846
    },
    "pitch_after_max_to_before_max_energy_ratio": 0.560977220535,
    "pitch_centroid": 71.11378479,
    "pitch_max_to_total": 0.919354856014,
    "pitch_min_to_total": 0.0967741906643,
    "tristimulus": {
        "mean": [0.413847476244, 0.537843286991, 0.0413500182331]
    }
},
"tonal": {
    "chords_changes_rate": 0.0158730167896,
    "chords_number_rate": 0.0317460335791,
    "chords_strength": {
        "mean": 0.444039016962
    },
    "key_strength": 0.578014314175,
    "tuning_diatonic_strength": 0.417199373245,
    "tuning_equal_tempered_deviation": 0.164985626936,
    "tuning_frequency": 444.085327148,
    "tuning_nontempered_energy_ratio": 0.743497610092,
    "hpcp": {
        "mean": [0.0220954362303, 0.0376236215234, 0.385268360376, 0.68945902586, 0.33261808753, 0.00982008222491, 0.0175713635981, 0.0374319031835, 0.037912864238, 0.0183115042746, 0.0689844563603, 0.110865674913, 0.0518467724323, 0.0190985612571, 0.0339187309146, 0.0267482530326, 0.021494327113, 0.155271366239, 0.246227294207, 0.134224906564, 0.0612373761833, 0.0557675696909, 0.228056743741, 0.3389351964, 0.154470324516, 0.024676926434, 0.0166554376483, 0.0242615528405, 0.123681396246, 0.517726957798, 0.500482678413, 0.103228069842, 0.0171325728297, 0.0277630649507, 0.0264098029584, 0.014849819243]
    },
    "chords_histogram": [90.4761886597, 0, 0, 0, 0, 9.52380943298, 0, 0, 0, 0, 0, 0, 0, 0, 0, 0, 0, 0, 0, 0, 0, 0, 0, 0],
    "thpcp": [1, 0.482433438301, 0.014243170619, 0.0254857260734, 0.0542916990817, 0.0549892932177, 0.0265592355281, 0.100055918097, 0.16080096364, 0.0751992091537, 0.0277007929981, 0.0491961501539, 0.0387960001826, 0.031175641343, 0.225207537413, 0.357131153345, 0.194681480527, 0.0888194590807, 0.0808859840035, 0.330776363611, 0.491595864296, 0.224045693874, 0.035791721195, 0.024157255888, 0.0351892597973, 0.179389044642, 0.750917673111, 0.725906312466, 0.149723291397, 0.0248492974788, 0.0402678959072, 0.0383051075041, 0.0215383637697, 0.0320474989712, 0.054569773376, 0.558798074722],
    "chords_key": "D#",
    "chords_scale": "major",
    "key_key": "D#",
    "key_scale": "major",
    "chords_progression": ["D#", "D#", "D#", "D#", "D#", "D#", "D#", "D#", "D#", "D#", "D#", "D#", "D#", "D#", "D#", "D#", "D#", "D#", "D#", "D#", "D#", "D#", "D#", "D#", "D#", "D#", "D#", "D#", "D#", "D#", "D#", "D#", "D#", "D#", "D#", "D#", "D#", "D#", "D#", "D#", "D#", "D#", "D#", "D#", "D#", "D#", "D#", "D#", "D#", "D#", "D#", "D#", "D#", "D#", "D#", "D#", "D#", "Am", "Am", "Am", "Am", "Am", "Am"]
}
}