{
"metadata": {
    "version": {
        "essentia": "2.1-beta2"
    }
},
"lowLevel": {
    "dissonance": {
        "mean": 0.469148665667
    },
    "hfc": {
        "mean": 225.7006073
    },
    "spectral_centroid": {
        "mean": 0.231182828546
    },
    "mfcc": {
        "mean": [-611.293151855, -58.3772239685, -54.9163017273, 23.5941562653, -5.87659597397, 5.09364748001, -16.7868003845, 3.93833589554, -11.0697278976, 3.36700320244, 10.1702432632, 13.3568620682, 7.84679889679, 7.60806846619, 1.63399958611, 4.71800851822, 11.3483982086, 7.97233867645, 2.13480472565, 10.4296245575, 6.73830127716, 10.8886384964, 5.30758857727, 3.53155398369, 6.66121912003, 8.57029724121, 1.1524258852, -2.66574645042, 3.07816624641, 0.846038997173, -2.5637845993, -0.503629863262, 1.64058923721, -1.08555901051, -2.66740465164, -0.643288731575, 0.394304931164, -3.8145813942, -2.31642746925, 0.00302428239956]
    },
    "spectral_contrast": {
        "mean": [-0.726512789726, -0.771477639675, -0.761843323708, -0.740029752254, -0.745776474476, -0.506750643253]
    }
},
"sfx": {
    "inharmonicity": {
        "mean": 0.198767349124
    },
    "logattacktime": {
        "mean": -4.89659357071
    }
}
}