{"lowlevel.dissonance.mean": [0.6864440441131592], "sfx.inharmonicity.mean": [1.0062428712844849], "lowlevel.spectral_contrast.mean": [[0.1984405517578125, 0.4108452796936035, 0.3848695755004883, 1.0433286428451538, 0.7180864810943604, 0.8279645442962646]], "lowlevel.spectral_centroid.mean": [0.6053165793418884], "lowlevel.mfcc.mean": [[0.37646257877349854, 0.027498051524162292, 0.12760239839553833, 0.700512170791626, 0.6826014518737793, 0.7003800868988037, 0.36720722913742065, 0.4142075479030609, 0.44119083881378174, 0.9516489505767822, 1.2326983213424683, 0.490980863571167, -0.03921765089035034]], "sfx.logattacktime.mean": [0.1908034086227417], "lowlevel.hfc.mean": [0.4656369388103485]}