{
"metadata": {
    "version": {
        "essentia": "2.1-beta2"
    }
},
"lowLevel": {
    "dissonance": {
        "mean": 0.111134506762
    },
    "hfc": {
        "mean": 25.0058269501
    },
    "spectral_centroid": {
        "mean": 0.0289748087525
    },
    "mfcc": {
        "mean": [-849.701477051, 270.236999512, 38.6476783752, -48.9624443054, -25.3699798584, -15.9019212723, -33.1302680969, -34.890953064, -10.6145744324, 16.3918972015, 25.241558075, 17.6648445129, 1.65822386742, -14.7032613754, -20.7747097015, -14.8591632843, -4.80503559113, -0.506445407867, -3.1719763279, -1.38016462326, 3.5564699173, -0.507167041302, -4.69133996964, -0.620597422123, -0.465859174728, -5.60972881317, -7.75414896011, -7.10130262375, -3.24265670776, -1.11445319653, -6.09799194336, -6.68484735489, 0.343894511461, 2.79796433449, 1.64117455482, 1.02785074711, -1.98468732834, -3.34027528763, -1.6785326004, -1.05555891991]
    },
    "spectral_contrast": {
        "mean": [-0.492993235588, -0.580904483795, -0.720500051975, -0.860588014126, -0.890127182007, -0.834850013256]
    }
},
"sfx": {
    "inharmonicity": {
        "mean": 0.106699489057
    },
    "logattacktime": {
        "mean": -4.98356389999
    }
}
}