{
"metadata": {
    "version": {
        "essentia": "2.1-beta2"
    }
},
"lowLevel": {
    "dissonance": {
        "mean": 0.427875012159
    },
    "hfc": {
        "mean": 61.9225311279
    },
    "spectral_centroid": {
        "mean": 0.137695863843
    },
    "mfcc": {
        "mean": [-725.461120605, 34.7580757141, -124.918067932, 21.3644962311, -22.8935050964, 11.6995944977, 10.715256691, 24.3380832672, 7.16953659058, 19.3182830811, 13.305606842, 6.95990228653, 8.46112251282, -2.30670499802, 2.86191606522, 11.3829994202, 7.89751243591, 6.48406648636, 2.50970673561, 4.07900762558, 6.07693099976, 10.7048168182, 8.4032869339, 1.95499050617, 4.24978733063, 9.14034175873, 4.25653791428, -1.46057903767, 0.849718987942, 2.08459615707, 4.00778245926, 0.194072440267, -2.33149766922, 5.21820116043, 2.90424990654, -0.491830199957, -4.61041593552, -0.882616519928, 1.39708793163, -0.0196367241442]
    },
    "spectral_contrast": {
        "mean": [-0.658295035362, -0.761542856693, -0.769010484219, -0.755732893944, -0.697037100792, -0.780168175697]
    }
},
"sfx": {
    "inharmonicity": {
        "mean": 0.205297753215
    },
    "logattacktime": {
        "mean": -4.91857051849
    }
}
}