{
"metadata": {
    "version": {
        "essentia": "2.1-beta2"
    }
},
"lowLevel": {
    "average_loudness": 0.921547651291,
    "barkbands_kurtosis": {
        "mean": 413.288452148
    },
    "barkbands_skewness": {
        "mean": 8.93446731567
    },
    "barkbands_spread": {
        "mean": 16.8297901154
    },
    "dissonance": {
        "mean": 0.489286839962
    },
    "hfc": {
        "mean": 69.4923553467
    },
    "pitch": {
        "mean": 1761.08178711
    },
    "pitch_instantaneous_confidence": {
        "mean": 0.787248730659
    },
    "pitch_salience": {
        "mean": 0.211272642016
    },
    "silence_rate_20dB": {
        "mean": 1
    },
    "silence_rate_30dB": {
        "mean": 1
    },
    "silence_rate_60dB": {
        "mean": 0.40639269352
    },
    "spectral_centroid": {
        "mean": 2640.68359375
    },
    "spectral_complexity": {
        "mean": 1.18721461296
    },
    "spectral_crest": {
        "mean": 21.9151496887
    },
    "spectral_decrease": {
        "mean": -6.78275835497e-09
    },
    "spectral_energy": {
        "mean": 0.0319028049707
    },
    "spectral_energyband_high": {
        "mean": 5.3299463616e-05
    },
    "spectral_energyband_low": {
        "mean": 1.05416734186e-06
    },
    "spectral_energyband_middle_high": {
        "mean": 0.0318463481963
    },
    "spectral_energyband_middle_low": {
        "mean": 1.30848047775e-06
    },
    "spectral_flatness_db": {
        "mean": 0.393520236015
    },
    "spectral_flux": {
        "mean": 0.0100295366719
    },
    "spectral_kurtosis": {
        "mean": 2.41740655899
    },
    "spectral_rms": {
        "mean": 0.00423129554838
    },
    "spectral_rolloff": {
        "mean": 3702.23535156
    },
    "spectral_skewness": {
        "mean": 1.56911492348
    },
    "spectral_spread": {
        "mean": 18536816
    },
    "spectral_strongpeak": {
        "mean": 11.1624546051
    },
    "zerocrossingrate": {
        "mean": 0.133171468973
    },
    "barkbands": {
        "mean": [1.68919427779e-06, 2.13250842762e-07, 4.49370229916e-09, 4.29797619717e-09, 1.44223308851e-08, 5.1847639071e-08, 3.53768882633e-07, 7.63005175486e-07, 1.1078359563e-07, 4.81951474285e-08, 1.57965791914e-06, 2.48855894824e-06, 4.09388917433e-07, 0.000162598284078, 8.49798425406e-07, 0.0316757075489, 8.78669879967e-07, 7.57013708608e-07, 7.25757502096e-07, 1.25018686958e-05, 1.0450667105e-06, 1.38798816351e-06, 1.55387260747e-06, 2.27682357945e-06, 2.3202966986e-05, 9.62965532381e-06, 2.0142044832e-06]
    },
    "mfcc": {
        "mean": [-958.481079102, -0.303177773952, -56.3742599487, -23.2764816284, 27.7994213104, 12.041557312, -15.5808496475, -16.0676651001, 27.1022624969, 11.7655143738, -1.5283857584, 19.081741333, 37.9354667664]
    },
    "sccoeffs": {
        "mean": [-0.718764901161, -0.820837378502, -0.797472238541, -0.518970608711, -0.831798732281, -0.854948401451]
    },
    "scvalleys": {
        "mean": [-10.9686918259, -10.1047649384, -10.2943105698, -9.9851398468, -10.3499717712, -10.5925579071]
    }
},
"rhythm": {
    "beats_loudness": {
        "mean": 0.0321062840521
    },
    "bpm": 101.065467834,
    "first_peak_bpm": {
        "mean": 101
    },
    "first_peak_spread": {
        "mean": 0.428571462631
    },
    "first_peak_weight": {
        "mean": 0.571428596973
    },
    "onset_rate": 2.18254947662,
    "second_peak_bpm": {
        "mean": 0
    },
    "second_peak_spread": {
        "mean": 0
    },
    "second_peak_weight": {
        "mean": 0
    },
    "beats_loudness_band_ratio": {
        "mean": [0.198652178049, 0.000139343741466, 0.00177698838525, 0.0187224261463, 0.714493393898, 0.0668433308601]
    },
    "beats_position": [0.592108845711, 1.19582760334, 1.79954648018, 2.39165520668, 2.9837641716, 3.5758728981, 4.15637159348, 4.74848079681],
    "bpm_estimates": [99.3840255737, 99.3840026855, 101.332740784, 101.332702637, 101.332740784, 103.359405518, 101.33265686],
    "bpm_intervals": [0.603718757629, 0.603718876839, 0.592108726501, 0.59210896492, 0.592108726501, 0.580498695374, 0.592109203339],
    "onset_times": [0.0464399084449, 0.743038535118, 0.777868509293, 0.96362811327, 1.19582772255, 1.38158726692, 2.57741498947, 3.19274377823, 4.65560102463, 4.73687076569, 4.8994102478]
},
"sfx": {
    "inharmonicity": {
        "mean": 0.0668675377965
    },
    "oddtoevenharmonicenergyratio": {
        "mean": 17862.8085938
    },
    "pitch_after_max_to_before_max_energy_ratio": 0.298360973597,
    "pitch_centroid": 118.002738953,
    "pitch_max_to_total": 0.995433807373,
    "pitch_min_to_total": 0.114155247808,
    "tristimulus": {
        "mean": [0.223904967308, 0.632647633553, 0.0790801793337]
    }
},
"tonal": {
    "chords_changes_rate": 0.0363636352122,
    "chords_number_rate": 0.0363636352122,
    "chords_strength": {
        "mean": 0.374018281698
    },
    "key_strength": 0.567551016808,
    "tuning_diatonic_strength": 0.356823951006,
    "tuning_equal_tempered_deviation": 0.187817633152,
    "tuning_frequency": 455.516601562,
    "tuning_nontempered_energy_ratio": 0.723608851433,
    "hpcp": {
        "mean": [0.0418245568871, 0.0443864092231, 0.0551781542599, 0.0653132125735, 0.100244536996, 0.145078197122, 0.124313309789, 0.0787151008844, 0.379528909922, 0.742183864117, 0.426445066929, 0.0461848527193, 0.0312501788139, 0.0352354161441, 0.0523677989841, 0.0594235546887, 0.0547965578735, 0.0497957356274, 0.0448416061699, 0.0452442206442, 0.0676922872663, 0.140259191394, 0.149493262172, 0.0887403488159, 0.0709873959422, 0.0782369822264, 0.105596706271, 0.148019790649, 0.1783734411, 0.141337230802, 0.0880762338638, 0.0809091031551, 0.0758846476674, 0.0588862709701, 0.0484945811331, 0.047439660877]
    },
    "chords_histogram": [0, 0, 0, 0, 0, 0, 0, 12.7272729874, 62.7272720337, 10, 14.5454549789, 0, 0, 0, 0, 0, 0, 0, 0, 0, 0, 0, 0, 0],
    "thpcp": [1, 0.574581444263, 0.0622283183038, 0.0421057119966, 0.0474753193557, 0.0705590620637, 0.0800658166409, 0.0738315135241, 0.0670935288072, 0.0604184605181, 0.0609609335661, 0.0912068933249, 0.188981726766, 0.201423481107, 0.119566529989, 0.0956466421485, 0.105414554477, 0.14227835834, 0.199438169599, 0.240335926414, 0.190434247255, 0.11867171526, 0.109014905989, 0.102245077491, 0.0793418884277, 0.065340384841, 0.0639190152287, 0.0563533641398, 0.0598051398993, 0.0743456631899, 0.0880013927817, 0.135066986084, 0.195474743843, 0.167496651411, 0.106058761477, 0.511367797852],
    "chords_key": "A",
    "chords_scale": "minor",
    "key_key": "F",
    "key_scale": "minor",
    "chords_progression": ["Em", "Em", "Em", "Em", "Em", "Em", "Em", "Em", "Em", "Em", "Em", "Em", "Em", "Em", "Em", "Em", "C", "C", "C", "C", "C", "C", "C", "C", "C", "C", "C", "Am", "Am", "Am", "Am", "Am", "Am", "Am", "Am", "Am", "Am", "Am", "F", "F", "F", "F", "F", "F", "F", "F", "F", "F", "F", "F", "F", "F", "Am", "Am", "Am", "Am", "Am", "Am", "Am", "Am", "Am", "Am", "Am", "Am", "Am", "Am", "Am", "Am", "Am", "Am", "Am", "Am", "Am", "Am", "Am", "Am", "Am", "Am", "Am", "Am", "Am", "Am", "Am", "Am", "Am", "Am", "Am", "Am", "Am", "Am", "Am", "Am", "Am", "Am", "Am", "Am", "Am", "Am", "Am", "Am", "Am", "Am", "Am", "Am", "Am", "Am", "Am", "Am", "Am", "Am"]
}
}