{"lowlevel.dissonance.mean": [0.5705795288085938], "sfx.inharmonicity.mean": [0.5394904017448425], "lowlevel.spectral_contrast.mean": [[0.16852664947509766, 1.0072340965270996, 0.957121729850769, 0.8570855855941772, 0.8598437309265137, 0.727217435836792]], "lowlevel.spectral_centroid.mean": [0.4750581979751587], "lowlevel.mfcc.mean": [[0.43431174755096436, 0.12385377287864685, -0.12316802144050598, 0.2493916153907776, 0.10204529762268066, 0.2980319857597351, 0.34967684745788574, 0.4106024503707886, 0.4373035132884979, 0.7465829849243164, 1.017173409461975, 1.0917086601257324, 0.9415842294692993]], "sfx.logattacktime.mean": [0.5069486498832703], "lowlevel.hfc.mean": [0.47680482268333435]}