{
"metadata": {
    "version": {
        "essentia": "2.1-beta2"
    }
},
"lowLevel": {
    "dissonance": {
        "mean": 0.0725064426661
    },
    "hfc": {
        "mean": 7.51689100266
    },
    "spectral_centroid": {
        "mean": 0.0939039960504
    },
    "mfcc": {
        "mean": [-958.470214844, 12.7317771912, -63.9353637695, -32.4396934509, -7.16665220261, 18.0513134003, 41.3954544067, 35.0767593384, 12.1152019501, -22.7938537598, -11.9965219498, 16.7098236084, 58.7624130249, 63.1566314697, 6.62406826019, -54.7795181274, -26.778295517, 11.6626415253, 5.26672792435, 19.895067215, 50.1238174438, -10.1537075043, -45.135848999, 12.6696977615, 28.5413284302, 4.16486215591, 10.5074729919, -19.7561759949, -21.0162143707, 12.9673671722, 4.86384630203, 4.04389047623, 3.89939594269, -8.37997817993, 0.922952592373, -4.46877908707, 0.313808381557, 9.32771587372, -5.79920339584, 3.74257826805]
    },
    "spectral_contrast": {
        "mean": [-0.67592227459, -0.255600810051, -0.679938614368, -0.695746183395, -0.806706607342, -0.7243232131]
    }
},
"sfx": {
    "inharmonicity": {
        "mean": 0.0632169544697
    },
    "logattacktime": {
        "mean": -4.97357130051
    }
}
}