{"lowlevel.dissonance.mean": [-0.2657274603843689], "sfx.inharmonicity.mean": [0.28734174370765686], "lowlevel.spectral_contrast.mean": [[0.6704238057136536, 1.4556719064712524, 1.1538673639297485, 1.0112974643707275, 0.4760465621948242, 0.3260159492492676]], "lowlevel.spectral_centroid.mean": [0.3535041809082031], "lowlevel.mfcc.mean": [[0.3647881746292114, 0.6885017156600952, 0.43490609526634216, -0.021793454885482788, 0.10845467448234558, 0.06274271011352539, -0.07487314939498901, 0.03443601727485657, 0.5199218988418579, 0.5669078826904297, 0.21001765131950378, 0.02149602770805359, 0.26733696460723877]], "sfx.logattacktime.mean": [0.33369189500808716], "lowlevel.hfc.mean": [0.4823051989078522]}