{
"metadata": {
    "version": {
        "essentia": "2.1-beta2"
    }
},
"lowLevel": {
    "average_loudness": 0.973848462105,
    "barkbands_kurtosis": {
        "mean": 29.9752807617
    },
    "barkbands_skewness": {
        "mean": 4.20903396606
    },
    "barkbands_spread": {
        "mean": 3.93516802788
    },
    "dissonance": {
        "mean": 0.32869052887
    },
    "hfc": {
        "mean": 23.9074039459
    },
    "pitch": {
        "mean": 216.271331787
    },
    "pitch_instantaneous_confidence": {
        "mean": 0.833210468292
    },
    "pitch_salience": {
        "mean": 0.266904950142
    },
    "silence_rate_20dB": {
        "mean": 1
    },
    "silence_rate_30dB": {
        "mean": 0.95897436142
    },
    "silence_rate_60dB": {
        "mean": 0.189743593335
    },
    "spectral_centroid": {
        "mean": 548.972167969
    },
    "spectral_complexity": {
        "mean": 10.6769227982
    },
    "spectral_crest": {
        "mean": 21.759437561
    },
    "spectral_decrease": {
        "mean": -1.19693721601e-08
    },
    "spectral_energy": {
        "mean": 0.0473435558379
    },
    "spectral_energyband_high": {
        "mean": 4.89339909109e-05
    },
    "spectral_energyband_low": {
        "mean": 2.61456102635e-06
    },
    "spectral_energyband_middle_high": {
        "mean": 0.00314855459146
    },
    "spectral_energyband_middle_low": {
        "mean": 0.0441487878561
    },
    "spectral_flatness_db": {
        "mean": 0.319661945105
    },
    "spectral_flux": {
        "mean": 0.0109660783783
    },
    "spectral_kurtosis": {
        "mean": 22.5194664001
    },
    "spectral_rms": {
        "mean": 0.00600418169051
    },
    "spectral_rolloff": {
        "mean": 615.959777832
    },
    "spectral_skewness": {
        "mean": 3.78380656242
    },
    "spectral_spread": {
        "mean": 5525441
    },
    "spectral_strongpeak": {
        "mean": 3.02410817146
    },
    "zerocrossingrate": {
        "mean": 0.0287835542113
    },
    "barkbands": {
        "mean": [5.10891732119e-06, 5.55023859761e-07, 2.2855043369e-07, 1.40392432968e-06, 0.000111485693196, 0.00251139746979, 0.0408104136586, 0.000119163982163, 0.00058610807173, 0.000730341882445, 0.00031483444036, 0.000456573121483, 0.000357823009836, 0.00022420710593, 6.15763710812e-05, 0.000479984504636, 5.63227040402e-05, 0.000345642969478, 9.87879611785e-05, 3.01693617075e-05, 3.7707741285e-05, 2.08132155421e-06, 1.22178016682e-06, 3.20490869399e-07, 1.69155001117e-07, 5.08282305134e-08, 1.4362215417e-08]
    },
    "mfcc": {
        "mean": [-784.20111084, 135.919616699, -65.5530929565, 3.94910264015, -37.8485298157, -27.8950328827, -22.8467063904, -16.2611160278, -16.5508403778, -14.1350221634, -0.54553347826, 11.4976110458, 1.51703035831]
    },
    "sccoeffs": {
        "mean": [-0.651249825954, -0.33558639884, -0.540494441986, -0.615987718105, -0.680933177471, -0.785027265549]
    },
    "scvalleys": {
        "mean": [-8.7450428009, -8.94679737091, -9.75189876556, -9.49042987823, -9.7904176712, -11.4115819931]
    }
},
"rhythm": {
    "beats_loudness": {
        "mean": 0.065264955163
    },
    "bpm": 81.0699462891,
    "first_peak_bpm": {
        "mean": 81
    },
    "first_peak_spread": {
        "mean": 0
    },
    "first_peak_weight": {
        "mean": 1
    },
    "onset_rate": 0.22281730175,
    "second_peak_bpm": {
        "mean": 0
    },
    "second_peak_spread": {
        "mean": 0
    },
    "second_peak_weight": {
        "mean": 0
    },
    "beats_loudness_band_ratio": {
        "mean": [0.00108392187394, 0.227727741003, 0.929268479347, 0.0399125404656, 0.0211780816317, 0.00328675401397]
    },
    "beats_position": [0.731428563595, 1.47446703911, 2.21750569344, 2.94893407822, 3.69197273254],
    "bpm_estimates": [80.7495193481, 80.74949646, 82.0312728882, 80.74949646],
    "bpm_intervals": [0.743038475513, 0.743038654327, 0.731428384781, 0.743038654327],
    "onset_times": [0.325079351664]
},
"sfx": {
    "inharmonicity": {
        "mean": 0.02923380211
    },
    "oddtoevenharmonicenergyratio": {
        "mean": 28.3812446594
    },
    "pitch_after_max_to_before_max_energy_ratio": 0.216475114226,
    "pitch_centroid": 101.508979797,
    "pitch_max_to_total": 0.97948718071,
    "pitch_min_to_total": 0.0564102567732,
    "tristimulus": {
        "mean": [0.167265385389, 0.801729798317, 0.0310049112886]
    }
},
"tonal": {
    "chords_changes_rate": 0.0102040814236,
    "chords_number_rate": 0.0204081628472,
    "chords_strength": {
        "mean": 0.509575068951
    },
    "key_strength": 0.580158233643,
    "tuning_diatonic_strength": 0.504406154156,
    "tuning_equal_tempered_deviation": 0.0699719265103,
    "tuning_frequency": 442.548919678,
    "tuning_nontempered_energy_ratio": 0.598500490189,
    "hpcp": {
        "mean": [0.00705754756927, 0.00832723639905, 0.00823817495257, 0.00439237430692, 0.00255729630589, 0.00317793153226, 0.00285727716982, 0.00298804114573, 0.00883650127798, 0.0158837586641, 0.0209030807018, 0.017492422834, 0.0118694314733, 0.0140025243163, 0.0108583495021, 0.00817253999412, 0.013668583706, 0.0348881185055, 0.046945668757, 0.022780129686, 0.00422533601522, 0.00409098155797, 0.0308843124658, 0.0595892257988, 0.03339535743, 0.00813735928386, 0.0105738444254, 0.00670001655817, 0.0178132876754, 0.0342441126704, 0.0299120433629, 0.0622945912182, 0.513006150723, 0.909689366817, 0.456596136093, 0.0133473798633]
    },
    "chords_histogram": [0, 0, 24.4897956848, 0, 0, 0, 0, 0, 0, 75.5102005005, 0, 0, 0, 0, 0, 0, 0, 0, 0, 0, 0, 0, 0, 0],
    "thpcp": [1, 0.501925349236, 0.0146724591032, 0.00775819504634, 0.00915393419564, 0.00905603077263, 0.00482843304053, 0.0028111753054, 0.00349342497066, 0.00314093730412, 0.0032846829854, 0.00971375685185, 0.0174606405199, 0.0229782629758, 0.0192290060222, 0.0130477854982, 0.0153926433995, 0.0119363265112, 0.00898388028145, 0.0150255504996, 0.0383516848087, 0.0516062639654, 0.0250416584313, 0.00464481208473, 0.00449711922556, 0.0339503958821, 0.065505027771, 0.0367107279599, 0.00894520618021, 0.0116235772148, 0.00736516946927, 0.0195817258209, 0.0376437418163, 0.0328816026449, 0.0684789717197, 0.563935518265],
    "chords_key": "G#",
    "chords_scale": "major",
    "key_key": "C#",
    "key_scale": "minor",
    "chords_progression": ["G#", "G#", "G#", "G#", "G#", "G#", "G#", "G#", "G#", "G#", "G#", "G#", "G#", "G#", "G#", "G#", "G#", "G#", "G#", "G#", "G#", "G#", "G#", "G#", "G#", "G#", "G#", "G#", "G#", "G#", "G#", "G#", "G#", "G#", "G#", "G#", "G#", "G#", "G#", "G#", "G#", "G#", "G#", "G#", "G#", "G#", "G#", "G#", "G#", "G#", "G#", "G#", "G#", "G#", "G#", "G#", "G#", "G#", "G#", "G#", "G#", "G#", "G#", "G#", "G#", "G#", "G#", "G#", "G#", "G#", "G#", "G#", "G#", "G#", "G#m", "G#m", "G#m", "G#m", "G#m", "G#m", "G#m", "G#m", "G#m", "G#m", "G#m", "G#m", "G#m", "G#m", "G#m", "G#m", "G#m", "G#m", "G#m", "G#m", "G#m", "G#m", "G#m", "G#m"]
}
}