{
"metadata": {
    "version": {
        "essentia": "2.1-beta2"
    }
},
"lowLevel": {
    "dissonance": {
        "mean": 0.188224434853
    },
    "hfc": {
        "mean": 5.22325754166
    },
    "spectral_centroid": {
        "mean": 0.0739777907729
    },
    "mfcc": {
        "mean": [-761.828552246, 159.497528076, -144.142105103, -42.3905982971, -30.0828304291, -28.5754966736, -25.8315792084, -24.8235988617, -20.831161499, -21.4717521667, -8.52301597595, -19.8993148804, -20.8591537476, -17.5909843445, -17.7346878052, -10.9702215195, -6.66036653519, -6.39155673981, -5.40961074829, -2.1173183918, -1.71632885933, 3.14120101929, 5.8399143219, 6.97845935822, 9.62230491638, 9.68612194061, 12.2090501785, 12.8063650131, 10.4027738571, 4.44543218613, -2.3936855793, -4.85974502563, -3.43980908394, 1.20779716969, 5.91705799103, 9.17775440216, 7.16154289246, 2.70070767403, 0.999292731285, -0.00629042182118]
    },
    "spectral_contrast": {
        "mean": [-0.483565449715, -0.591405212879, -0.563348650932, -0.663821458817, -0.788178026676, -0.81189250946]
    }
},
"sfx": {
    "inharmonicity": {
        "mean": 0.193410098553
    },
    "logattacktime": {
        "mean": -5
    }
}
}