{"lowlevel.dissonance.mean": [0.7145191431045532], "sfx.inharmonicity.mean": [0.671019434928894], "lowlevel.spectral_contrast.mean": [[0.4371539354324341, 0.4038519859313965, 0.4270879030227661, 0.9586862325668335, 0.4111514091491699, 0.5263864994049072]], "lowlevel.spectral_centroid.mean": [0.5852271318435669], "lowlevel.mfcc.mean": [[0.3166249990463257, 0.15927498042583466, 0.20892924070358276, 0.10219189524650574, 0.720380425453186, 0.600704550743103, 0.5386433601379395, 0.06736674904823303, 1.0801188945770264, 0.9409899711608887, 0.9154281616210938, 0.6658697128295898, 1.2558586597442627]], "sfx.logattacktime.mean": [0.31782984733581543], "lowlevel.hfc.mean": [0.4685795307159424]}