{
"metadata": {
    "version": {
        "essentia": "2.1-beta2"
    }
},
"lowLevel": {
    "dissonance": {
        "mean": 0.0273996759206
    },
    "hfc": {
        "mean": 8.00954246521
    },
    "spectral_centroid": {
        "mean": 0.062538549304
    },
    "mfcc": {
        "mean": [-937.09942627, 64.3388137817, -72.1151504517, -31.1160449982, -21.6868114471, -27.4342136383, -19.8019332886, -7.39774417877, 14.3669509888, 10.5606555939, 13.5552225113, 39.6074790955, 24.8063468933, -14.2559680939, -52.5343399048, -63.8255577087, -36.0389099121, 1.84416019917, 29.1964836121, 41.60338974, 12.3078222275, -23.8266410828, -21.0939788818, 8.53740692139, 15.1073417664, -9.30317401886, -28.4978179932, -5.90425348282, 15.4646968842, 0.682071983814, -10.4078893661, 4.37742137909, 14.8378477097, 11.4760007858, 2.95126533508, -6.6947760582, -9.88311100006, -9.03186416626, -2.68375062943, 3.63396811485]
    },
    "spectral_contrast": {
        "mean": [-0.339867889881, -0.382213175297, -0.469814062119, -0.626140475273, -0.749717652798, -0.865987598896]
    }
},
"sfx": {
    "inharmonicity": {
        "mean": 0.345002561808
    },
    "logattacktime": {
        "mean": -4.93492269516
    }
}
}