{
"metadata": {
    "version": {
        "essentia": "2.1-beta2"
    }
},
"lowLevel": {
    "dissonance": {
        "mean": 0.176590934396
    },
    "hfc": {
        "mean": 0.92377114296
    },
    "spectral_centroid": {
        "mean": 0.0643786638975
    },
    "mfcc": {
        "mean": [-847.900878906, 169.545288086, -56.7396812439, -13.7678623199, 5.69679737091, -9.97129154205, -25.8069419861, -29.5459365845, -4.79018545151, 13.6776313782, -6.1717877388, -18.2135353088, -0.619170308113, -5.68687868118, -22.4709186554, -4.05522918701, -2.44914746284, -7.16344261169, 7.58367156982, 14.3116044998, 15.4624004364, -2.99116969109, -8.8545589447, 5.94235038757, 19.4159088135, 25.8060131073, 14.7930955887, -0.961751818657, -1.90213465691, 5.74376344681, 4.50767183304, -7.57758426666, -10.3934831619, 0.689579546452, 8.88436126709, 12.9092330933, 10.0488090515, 0.286010682583, -5.21326494217, 0.504256784916]
    },
    "spectral_contrast": {
        "mean": [-0.599765300751, -0.58566814661, -0.58205395937, -0.728676319122, -0.817356824875, -0.825729489326]
    }
},
"sfx": {
    "inharmonicity": {
        "mean": 0.175147548318
    },
    "logattacktime": {
        "mean": -5
    }
}
}