{"lowlevel.dissonance.mean": [0.20585942268371582], "sfx.inharmonicity.mean": [0.2314654439687729], "lowlevel.spectral_contrast.mean": [[0.5740334987640381, 0.8116661310195923, 0.9208004474639893, 0.8542160987854004, 0.5920722484588623, 0.4513845443725586]], "lowlevel.spectral_centroid.mean": [0.3837175965309143], "lowlevel.mfcc.mean": [[0.3605078458786011, 0.5883238315582275, 0.3645477294921875, 0.3799087703227997, 0.5401878952980042, 0.379148006439209, 0.19944289326667786, 0.17286416888237, 0.4557493329048157, 0.563503086566925, 0.5688208341598511, 0.27259474992752075, 0.299582839012146]], "sfx.logattacktime.mean": [0.5183945298194885], "lowlevel.hfc.mean": [0.4653957486152649]}