{
"metadata": {
    "version": {
        "essentia": "2.1-beta2"
    }
},
"lowLevel": {
    "dissonance": {
        "mean": 0.205211222172
    },
    "hfc": {
        "mean": 33.4334831238
    },
    "spectral_centroid": {
        "mean": 0.0924281030893
    },
    "mfcc": {
        "mean": [-736.193725586, 31.7688388824, -189.695297241, -34.0883407593, -50.8300628662, -26.0125694275, -31.7182197571, -14.0185003281, -16.4768180847, -5.77309465408, 16.6621131897, 24.1257743835, 25.189950943, 36.5505485535, 29.6784286499, 14.8285045624, -18.611738205, -39.3365821838, -33.969165802, -8.51793003082, 15.7575349808, 30.5989456177, 18.7113189697, -6.93319320679, -14.7421388626, -6.46487998962, 15.2868432999, 18.1592330933, -3.01579904556, -14.579044342, -3.70905804634, 6.51997089386, 1.15728986263, -2.65819478035, -1.03622925282, -1.51607358456, -1.67937123775, -2.61699199677, 9.227227211, 17.386926651]
    },
    "spectral_contrast": {
        "mean": [-0.334020525217, -0.395309090614, -0.41066250205, -0.559080839157, -0.71766769886, -0.710126936436]
    }
},
"sfx": {
    "inharmonicity": {
        "mean": 0.266378521919
    },
    "logattacktime": {
        "mean": -4.98557329178
    }
}
}