{
"metadata": {
    "version": {
        "essentia": "2.1-beta2"
    }
},
"lowLevel": {
    "average_loudness": 0.99068403244,
    "barkbands_kurtosis": {
        "mean": 14.8623218536
    },
    "barkbands_skewness": {
        "mean": 2.15804076195
    },
    "barkbands_spread": {
        "mean": 6.55614757538
    },
    "dissonance": {
        "mean": 0.208798527718
    },
    "hfc": {
        "mean": 4.5090546608
    },
    "pitch": {
        "mean": 406.379425049
    },
    "pitch_instantaneous_confidence": {
        "mean": 0.927553534508
    },
    "pitch_salience": {
        "mean": 0.420938551426
    },
    "silence_rate_20dB": {
        "mean": 1
    },
    "silence_rate_30dB": {
        "mean": 1
    },
    "silence_rate_60dB": {
        "mean": 0.887323915958
    },
    "spectral_centroid": {
        "mean": 789.407958984
    },
    "spectral_complexity": {
        "mean": 2
    },
    "spectral_crest": {
        "mean": 18.4124889374
    },
    "spectral_decrease": {
        "mean": -8.48800252307e-10
    },
    "spectral_energy": {
        "mean": 0.00361255183816
    },
    "spectral_energyband_high": {
        "mean": 0.000353807059582
    },
    "spectral_energyband_low": {
        "mean": 0.000388488610042
    },
    "spectral_energyband_middle_high": {
        "mean": 0.000402414472774
    },
    "spectral_energyband_middle_low": {
        "mean": 0.00252938177437
    },
    "spectral_flatness_db": {
        "mean": 0.492944478989
    },
    "spectral_flux": {
        "mean": 0.0127819478512
    },
    "spectral_kurtosis": {
        "mean": 39.7449951172
    },
    "spectral_rms": {
        "mean": 0.000864990870468
    },
    "spectral_rolloff": {
        "mean": 1235.88549805
    },
    "spectral_skewness": {
        "mean": 5.44948244095
    },
    "spectral_spread": {
        "mean": 6567239.5
    },
    "spectral_strongpeak": {
        "mean": 0.272719860077
    },
    "zerocrossingrate": {
        "mean": 0.0462766848505
    },
    "barkbands": {
        "mean": [2.98481809295e-05, 9.40499667195e-05, 0.000207020784728, 0.00027341482928, 0.00117865984794, 0.000231096360949, 0.000708634557668, 5.87739959883e-05, 7.31621767045e-05, 0.000199745365535, 2.71758053714e-05, 6.74221291774e-06, 4.67981953989e-06, 2.85861569864e-05, 6.61763169774e-06, 2.23655006266e-05, 1.29276586449e-05, 5.54621219635e-05, 1.7992384528e-05, 3.38161262334e-05, 2.27165528486e-05, 5.38429158041e-05, 4.95565182064e-05, 0.0001202652129, 4.84179145133e-05, 3.23082385876e-05, 1.46761176438e-05]
    },
    "mfcc": {
        "mean": [-1014.02929688, 63.3729782104, 3.577688694, -8.2394990921, -25.6406764984, -34.0093383789, -23.0605735779, -5.20607089996, -4.53676271439, -4.49242591858, -6.52107810974, 5.13162851334, 14.2374219894]
    },
    "sccoeffs": {
        "mean": [-0.856829822063, -0.42156368494, -0.513610064983, -0.678232073784, -0.742496669292, -0.868601620197]
    },
    "scvalleys": {
        "mean": [-11.8611946106, -12.0506105423, -12.5724992752, -13.309928894, -13.8803386688, -14.2432231903]
    }
},
"rhythm": {
    "beats_loudness": {
        "mean": 0.000198777241167
    },
    "bpm": 114.843757629,
    "first_peak_bpm": {
        "mean": 115
    },
    "first_peak_spread": {
        "mean": 0
    },
    "first_peak_weight": {
        "mean": 1
    },
    "onset_rate": 0.621897578239,
    "second_peak_bpm": {
        "mean": 0
    },
    "second_peak_spread": {
        "mean": 0
    },
    "second_peak_weight": {
        "mean": 0
    },
    "beats_loudness_band_ratio": {
        "mean": [0.000149645391502, 0.143393963575, 0.67098236084, 0.320803403854, 0.00786486268044, 0.000368293141946]
    },
    "beats_position": [0.49922901392, 1.02167797089],
    "bpm_estimates": [114.843757629],
    "bpm_intervals": [0.522448956966],
    "onset_times": [0.0232199542224]
},
"sfx": {
    "inharmonicity": {
        "mean": 0.0313373580575
    },
    "oddtoevenharmonicenergyratio": {
        "mean": 5.32478141785
    },
    "pitch_after_max_to_before_max_energy_ratio": 0.0216275416315,
    "pitch_centroid": 35.6745414734,
    "pitch_max_to_total": 0.971830964088,
    "pitch_min_to_total": 0,
    "tristimulus": {
        "mean": [0.371543735266, 0.615652501583, 0.0106764882803]
    }
},
"tonal": {
    "chords_changes_rate": 0.0555555559695,
    "chords_number_rate": 0.0833333358169,
    "chords_strength": {
        "mean": 0.44449737668
    },
    "key_strength": 0.562712848186,
    "tuning_diatonic_strength": 0.430697381496,
    "tuning_equal_tempered_deviation": 0.187301427126,
    "tuning_frequency": 447.174194336,
    "tuning_nontempered_energy_ratio": 0.836604297161,
    "hpcp": {
        "mean": [0.000149955856614, 0.000270033342531, 0.00128719722852, 0.00209185387939, 0.00111463863868, 0.000484562362544, 0.00141889369115, 0.00569684384391, 0.0080154184252, 0.00492188846692, 0.00222093588673, 0.000996098853648, 0.000587915768847, 0.000541987537872, 0.000270043470664, 9.36497672228e-05, 0.000658518983983, 0.00422693928704, 0.00591478683054, 0.00325323664583, 0.00100812304299, 0.000115446695418, 0.000231908765272, 0.000655769603327, 0.00133351155091, 0.00671665230766, 0.00823424383998, 0.0024412679486, 0.00145198625978, 0.0329957008362, 0.0660219267011, 0.177813574672, 0.862661659718, 0.924998283386, 0.205757543445, 2.53536563832e-05]
    },
    "chords_histogram": [0, 0, 0, 0, 0, 0, 0, 0, 0, 0, 0, 0, 0, 0, 30.5555553436, 0, 0, 0, 0, 0, 0, 5.55555534363, 0, 63.8888893127],
    "thpcp": [1, 0.222441002727, 2.74094090855e-05, 0.000162114738487, 0.000291928474326, 0.00139156717341, 0.00226146774366, 0.00120501697529, 0.000523852184415, 0.00153394194786, 0.00615876168013, 0.00866533350199, 0.0053209704347, 0.00240101618692, 0.00107686559204, 0.000635585805867, 0.000585933565162, 0.000291939417366, 0.000101243182144, 0.000711913744453, 0.00456967251375, 0.00639437604696, 0.00351701909676, 0.00108986475971, 0.000124807469547, 0.000250712648267, 0.000708941428456, 0.00144163682126, 0.00726125901565, 0.00890190154314, 0.00263921357691, 0.00156971777324, 0.0356710925698, 0.0713751912117, 0.192231252789, 0.932608902454],
    "chords_key": "G#",
    "chords_scale": "major",
    "key_key": "C",
    "key_scale": "minor",
    "chords_progression": ["G#", "G#", "G#", "G#", "G#", "G#", "G#", "G#", "G#", "G#", "G#", "G#", "G#", "G#", "G#", "G#", "G#", "G#", "G#", "G#", "G#", "G#", "G#", "C#", "C#", "C#m", "C#m", "C#m", "C#m", "C#m", "C#m", "C#m", "C#m", "C#m", "C#m", "C#m"]
}
}