{"lowlevel.dissonance.mean": [0.2865089178085327], "sfx.inharmonicity.mean": [0.3514273166656494], "lowlevel.spectral_contrast.mean": [[0.3188232183456421, 1.232728362083435, 0.8144477605819702, 0.9421373605728149, 0.7686712741851807, 0.5443270206451416]], "lowlevel.spectral_centroid.mean": [0.3712364435195923], "lowlevel.mfcc.mean": [[0.5100246667861938, 0.49061349034309387, 0.02258545160293579, 0.5737683773040771, 0.33028557896614075, 0.2733656167984009, 0.39994481205940247, -0.06258618831634521, -0.07845288515090942, 0.049729347229003906, 0.6896085143089294, 1.2613375186920166, 1.093196153640747]], "sfx.logattacktime.mean": [0.4212818741798401], "lowlevel.hfc.mean": [0.4672888517379761]}