{
"metadata": {
    "version": {
        "essentia": "2.1-beta2"
    }
},
"lowLevel": {
    "average_loudness": 0.89912134409,
    "barkbands_kurtosis": {
        "mean": 276.728851318
    },
    "barkbands_skewness": {
        "mean": 9.34528541565
    },
    "barkbands_spread": {
        "mean": 7.5616607666
    },
    "dissonance": {
        "mean": 0.475868344307
    },
    "hfc": {
        "mean": 14.4488182068
    },
    "pitch": {
        "mean": 1413.83618164
    },
    "pitch_instantaneous_confidence": {
        "mean": 0.828838407993
    },
    "pitch_salience": {
        "mean": 0.131004363298
    },
    "silence_rate_20dB": {
        "mean": 1
    },
    "silence_rate_30dB": {
        "mean": 1
    },
    "silence_rate_60dB": {
        "mean": 0.333333343267
    },
    "spectral_centroid": {
        "mean": 1604.74462891
    },
    "spectral_complexity": {
        "mean": 1.01826488972
    },
    "spectral_crest": {
        "mean": 24.1646785736
    },
    "spectral_decrease": {
        "mean": -2.05243444462e-09
    },
    "spectral_energy": {
        "mean": 0.00905688852072
    },
    "spectral_energyband_high": {
        "mean": 2.4507928174e-05
    },
    "spectral_energyband_low": {
        "mean": 6.50640402e-07
    },
    "spectral_energyband_middle_high": {
        "mean": 0.00903127528727
    },
    "spectral_energyband_middle_low": {
        "mean": 1.09274623128e-07
    },
    "spectral_flatness_db": {
        "mean": 0.474980920553
    },
    "spectral_flux": {
        "mean": 0.00544690899551
    },
    "spectral_kurtosis": {
        "mean": 8.08786010742
    },
    "spectral_rms": {
        "mean": 0.00244829454459
    },
    "spectral_rolloff": {
        "mean": 1953.72265625
    },
    "spectral_skewness": {
        "mean": 2.730209589
    },
    "spectral_spread": {
        "mean": 12962784
    },
    "spectral_strongpeak": {
        "mean": 4.70698404312
    },
    "zerocrossingrate": {
        "mean": 0.0796946361661
    },
    "barkbands": {
        "mean": [8.65944684847e-07, 1.56246684924e-07, 2.16334261616e-09, 1.10039821699e-09, 2.73460387668e-09, 1.09699547224e-08, 3.97838597621e-08, 4.40387815104e-08, 8.49726422558e-09, 1.39602391869e-08, 3.90863391431e-07, 5.9966828303e-07, 6.81923566503e-08, 0.00901069771498, 7.72665771365e-08, 6.95286956898e-08, 3.94853678642e-08, 2.38924201312e-07, 1.9067150788e-05, 4.11601455141e-08, 2.16216230911e-05, 8.63268383e-07, 3.30777290003e-08, 4.04542475962e-07, 1.06613970274e-06, 3.47186897898e-07, 1.48156658497e-07]
    },
    "mfcc": {
        "mean": [-1032.95959473, 8.33483982086, -49.0466690063, -16.041929245, 11.1424665451, 39.8674354553, 18.3134841919, -22.2714328766, -12.3705263138, 22.8286838531, 37.5624809265, 8.39983844757, -24.396024704]
    },
    "sccoeffs": {
        "mean": [-0.710399389267, -0.847922801971, -0.813870429993, -0.499213933945, -0.803280055523, -0.810867369175]
    },
    "scvalleys": {
        "mean": [-11.4007415771, -11.0786075592, -11.0181598663, -10.7528581619, -11.3871030807, -11.9349393845]
    }
},
"rhythm": {
    "beats_loudness": {
        "mean": 0.0101254303008
    },
    "bpm": 76.4532699585,
    "first_peak_bpm": {
        "mean": 76
    },
    "first_peak_spread": {
        "mean": 0
    },
    "first_peak_weight": {
        "mean": 1
    },
    "onset_rate": 0.992067933083,
    "second_peak_bpm": {
        "mean": 0
    },
    "second_peak_spread": {
        "mean": 0
    },
    "second_peak_weight": {
        "mean": 0
    },
    "beats_loudness_band_ratio": {
        "mean": [0.162204548717, 0.00123680091929, 0.000778915768024, 0.825028955936, 0.186668142676, 0.00290370569564]
    },
    "beats_position": [0.754648506641, 1.53251695633, 2.32199549675, 3.11147379875, 3.90095233917, 4.67882061005],
    "bpm_estimates": [77.1338653564, 75.9995346069, 75.9995574951, 75.9995346069, 77.1338806152],
    "bpm_intervals": [0.777868449688, 0.789478540421, 0.789478302002, 0.789478540421, 0.777868270874],
    "onset_times": [0.0464399084449, 0.441179126501, 0.96362811327, 1.1261677742, 1.72988665104]
},
"sfx": {
    "inharmonicity": {
        "mean": 0.0520060807467
    },
    "oddtoevenharmonicenergyratio": {
        "mean": 84957.1875
    },
    "pitch_after_max_to_before_max_energy_ratio": 1.94270837307,
    "pitch_centroid": 118.625320435,
    "pitch_max_to_total": 0.205479457974,
    "pitch_min_to_total": 0.182648405433,
    "tristimulus": {
        "mean": [0.2245156914, 0.531601727009, 0.0283883120865]
    }
},
"tonal": {
    "chords_changes_rate": 0,
    "chords_number_rate": 0.00909090880305,
    "chords_strength": {
        "mean": 0.403290212154
    },
    "key_strength": 0.573953270912,
    "tuning_diatonic_strength": 0.345669329166,
    "tuning_equal_tempered_deviation": 0.204102844,
    "tuning_frequency": 444.341888428,
    "tuning_nontempered_energy_ratio": 0.763332664967,
    "hpcp": {
        "mean": [0.0401927605271, 0.0375282168388, 0.0281210076064, 0.033471904695, 0.0588302239776, 0.0708874985576, 0.0676360577345, 0.0618175044656, 0.0460721887648, 0.0379087366164, 0.0288183800876, 0.0170529820025, 0.0206361338496, 0.0285520721227, 0.0318697504699, 0.0400489866734, 0.0467330887914, 0.0488030090928, 0.0500516816974, 0.0537078492343, 0.0511855445802, 0.0396582968533, 0.0996396690607, 0.133400857449, 0.0717820078135, 0.040252212435, 0.0484173260629, 0.0617870166898, 0.0723217427731, 0.495709121227, 0.818801283836, 0.390693902969, 0.0519617833197, 0.0455811284482, 0.0416901409626, 0.0378993935883]
    },
    "chords_histogram": [0, 100, 0, 0, 0, 0, 0, 0, 0, 0, 0, 0, 0, 0, 0, 0, 0, 0, 0, 0, 0, 0, 0, 0],
    "thpcp": [1, 0.477153509855, 0.0634607970715, 0.0556681193411, 0.0509160682559, 0.0462864376605, 0.0490873195231, 0.0458331182599, 0.0343441180885, 0.0408791564405, 0.0718492045999, 0.0865747258067, 0.0826037526131, 0.0754975676537, 0.056267850101, 0.0462978482246, 0.0351958163083, 0.0208267644048, 0.0252028591931, 0.0348705761135, 0.0389224477112, 0.0489117279649, 0.0570750050247, 0.0596029944718, 0.0611279979348, 0.065593264997, 0.0625127777457, 0.0484345816076, 0.121689684689, 0.162922143936, 0.0876671895385, 0.0491599291563, 0.0591319613159, 0.0754603296518, 0.0883263647556, 0.60540831089],
    "chords_key": "E",
    "chords_scale": "minor",
    "key_key": "C",
    "key_scale": "major",
    "chords_progression": ["Em", "Em", "Em", "Em", "Em", "Em", "Em", "Em", "Em", "Em", "Em", "Em", "Em", "Em", "Em", "Em", "Em", "Em", "Em", "Em", "Em", "Em", "Em", "Em", "Em", "Em", "Em", "Em", "Em", "Em", "Em", "Em", "Em", "Em", "Em", "Em", "Em", "Em", "Em", "Em", "Em", "Em", "Em", "Em", "Em", "Em", "Em", "Em", "Em", "Em", "Em", "Em", "Em", "Em", "Em", "Em", "Em", "Em", "Em", "Em", "Em", "Em", "Em", "Em", "Em", "Em", "Em", "Em", "Em", "Em", "Em", "Em", "Em", "Em", "Em", "Em", "Em", "Em", "Em", "Em", "Em", "Em", "Em", "Em", "Em", "Em", "Em", "Em", "Em", "Em", "Em", "Em", "Em", "Em", "Em", "Em", "Em", "Em", "Em", "Em", "Em", "Em", "Em", "Em", "Em", "Em", "Em", "Em", "Em", "Em"]
}
}