{"lowlevel.dissonance.mean": [0.5370187759399414], "sfx.inharmonicity.mean": [1.3309695720672607], "lowlevel.spectral_contrast.mean": [[0.40781593322753906, 0.2555593252182007, 0.3419923782348633, 1.3250981569290161, 0.7387187480926514, 0.5533080101013184]], "lowlevel.spectral_centroid.mean": [0.44127893447875977], "lowlevel.mfcc.mean": [[0.21787607669830322, 0.17646703124046326, 0.2220846712589264, 0.21103732287883759, 0.5802307724952698, 1.0845136642456055, 1.0951781272888184, 0.22848622500896454, -0.12153500318527222, 0.44502246379852295, 1.4526629447937012, 1.6411011219024658, 0.11058855056762695]], "sfx.logattacktime.mean": [0.6380200982093811], "lowlevel.hfc.mean": [0.47356054186820984]}