{"lowlevel.dissonance.mean": [0.277421236038208], "sfx.inharmonicity.mean": [0.2570318281650543], "lowlevel.spectral_contrast.mean": [[0.5734426975250244, 0.306689977645874, 0.36281299591064453, 0.24357199668884277, 0.2386188507080078, 0.2711808681488037]], "lowlevel.spectral_centroid.mean": [0.38457152247428894], "lowlevel.mfcc.mean": [[0.1874171495437622, 0.2233118712902069, 0.526117742061615, 0.4557045102119446, 0.4283546805381775, 0.3725762963294983, 0.4262744188308716, 0.40398913621902466, 0.40042802691459656, 0.32853347063064575, 0.2638259530067444, 0.2054716944694519, 0.14210009574890137]], "sfx.logattacktime.mean": [0.06556960940361023], "lowlevel.hfc.mean": [0.47318220138549805]}