{
"metadata": {
    "version": {
        "essentia": "2.1-beta2"
    }
},
"lowLevel": {
    "dissonance": {
        "mean": 0.0125799588859
    },
    "hfc": {
        "mean": 30.3688869476
    },
    "spectral_centroid": {
        "mean": 0.0354802757502
    },
    "mfcc": {
        "mean": [-915.313049316, 180.40020752, 7.84187841415, -50.4979133606, -48.7332382202, -42.880241394, -41.0321502686, -25.7112903595, -4.70280456543, -5.18072938919, -21.1744174957, -28.8597812653, -17.0297241211, 2.11482596397, 4.58073091507, 2.39543628693, 10.8870296478, 20.4261131287, 29.8994674683, 40.1520423889, 33.4920196533, 9.4486322403, -12.5496072769, -23.687379837, -18.7773418427, -3.70633530617, 9.93933391571, 16.7685680389, 11.2795982361, -1.54065525532, -9.35911464691, -8.17525291443, -1.67786347866, 6.81129074097, 9.69854736328, -0.480137169361, -16.588596344, -19.3739318848, -4.69172000885, 5.68220853806]
    },
    "spectral_contrast": {
        "mean": [-0.441050112247, -0.404823005199, -0.648947119713, -0.818854033947, -0.879362821579, -0.866524994373]
    }
},
"sfx": {
    "inharmonicity": {
        "mean": 0.282555162907
    },
    "logattacktime": {
        "mean": -4.95703887939
    }
}
}