{
"metadata": {
    "version": {
        "essentia": "2.1-beta2"
    }
},
"lowLevel": {
    "average_loudness": 0.90426415205,
    "barkbands_kurtosis": {
        "mean": 262.456726074
    },
    "barkbands_skewness": {
        "mean": 8.09367656708
    },
    "barkbands_spread": {
        "mean": 10.7481613159
    },
    "dissonance": {
        "mean": 0.478561997414
    },
    "hfc": {
        "mean": 14.6579141617
    },
    "pitch": {
        "mean": 1508.38513184
    },
    "pitch_instantaneous_confidence": {
        "mean": 0.784635663033
    },
    "pitch_salience": {
        "mean": 0.175212517381
    },
    "silence_rate_20dB": {
        "mean": 1
    },
    "silence_rate_30dB": {
        "mean": 1
    },
    "silence_rate_60dB": {
        "mean": 0.410958915949
    },
    "spectral_centroid": {
        "mean": 1848.57958984
    },
    "spectral_complexity": {
        "mean": 0.7899543643
    },
    "spectral_crest": {
        "mean": 22.4923114777
    },
    "spectral_decrease": {
        "mean": -1.69435088182e-09
    },
    "spectral_energy": {
        "mean": 0.00772437267005
    },
    "spectral_energyband_high": {
        "mean": 1.68527676578e-05
    },
    "spectral_energyband_low": {
        "mean": 9.37877985052e-07
    },
    "spectral_energyband_middle_high": {
        "mean": 0.00770520791411
    },
    "spectral_energyband_middle_low": {
        "mean": 8.57105874275e-07
    },
    "spectral_flatness_db": {
        "mean": 0.385057598352
    },
    "spectral_flux": {
        "mean": 0.00694187823683
    },
    "spectral_kurtosis": {
        "mean": 3.20200228691
    },
    "spectral_rms": {
        "mean": 0.00214055064134
    },
    "spectral_rolloff": {
        "mean": 2373.47583008
    },
    "spectral_skewness": {
        "mean": 1.86053192616
    },
    "spectral_spread": {
        "mean": 17362960
    },
    "spectral_strongpeak": {
        "mean": 5.04051399231
    },
    "zerocrossingrate": {
        "mean": 0.0952728167176
    },
    "barkbands": {
        "mean": [1.25370331716e-06, 2.28190941698e-07, 4.12892520174e-09, 3.07287106871e-09, 1.08939177679e-08, 3.72326240949e-08, 1.06141285983e-07, 5.80638300107e-07, 1.06871830496e-07, 4.44969217028e-08, 4.28462226409e-05, 3.38653967447e-06, 4.83610665469e-06, 4.37342748683e-07, 0.00763531634584, 2.75102905789e-07, 3.68781286397e-07, 3.53643457629e-07, 2.67074113935e-07, 1.72427680809e-05, 2.64588180698e-07, 3.02526746054e-06, 2.21164896175e-07, 6.34891364371e-07, 1.01700461528e-05, 1.65669337093e-06, 7.13977669875e-07]
    },
    "mfcc": {
        "mean": [-990.134399414, 12.1115474701, -56.0587501526, -25.2523574829, 25.0132522583, 19.7254962921, -1.23551356792, -23.7122879028, 18.5771389008, 29.5090789795, 15.48487854, -8.86867809296, 29.7760982513]
    },
    "sccoeffs": {
        "mean": [-0.709735631943, -0.823911249638, -0.81035143137, -0.582701683044, -0.835544764996, -0.848378121853]
    },
    "scvalleys": {
        "mean": [-11.08436203, -10.3958892822, -10.3696289062, -10.0823659897, -10.6275405884, -11.2012767792]
    }
},
"rhythm": {
    "beats_loudness": {
        "mean": 0.0111120510846
    },
    "bpm": 107.666015625,
    "first_peak_bpm": {
        "mean": 108
    },
    "first_peak_spread": {
        "mean": 0
    },
    "first_peak_weight": {
        "mean": 0.571428596973
    },
    "onset_rate": 2.18254947662,
    "second_peak_bpm": {
        "mean": 115
    },
    "second_peak_spread": {
        "mean": 0
    },
    "second_peak_weight": {
        "mean": 0.285714298487
    },
    "beats_loudness_band_ratio": {
        "mean": [0.125261560082, 2.29503457376e-05, 0.000162560056197, 0.125075757504, 0.746142268181, 0.00334689300507]
    },
    "beats_position": [0.568888902664, 1.16099774837, 1.71827661991, 2.27555561066, 2.83283448219, 3.39011335373, 3.9125623703, 4.43501138687],
    "bpm_estimates": [107.666023254, 107.666000366, 107.666023254, 107.666023254],
    "bpm_intervals": [0.592108845711, 0.557278871536, 0.557278990746, 0.557278871536, 0.557278871536, 0.522449016571, 0.522449016571],
    "onset_times": [0.0348299331963, 0.18575963378, 0.557278931141, 0.835918366909, 0.96362811327, 1.13777780533, 3.41333341599, 4.38857126236, 4.58594083786, 4.66721105576, 4.82975053787]
},
"sfx": {
    "inharmonicity": {
        "mean": 0.0580725371838
    },
    "oddtoevenharmonicenergyratio": {
        "mean": 28937.5449219
    },
    "pitch_after_max_to_before_max_energy_ratio": 4.01748514175,
    "pitch_centroid": 116.257507324,
    "pitch_max_to_total": 0.191780820489,
    "pitch_min_to_total": 0.150684937835,
    "tristimulus": {
        "mean": [0.26571726799, 0.589374184608, 0.041200120002]
    }
},
"tonal": {
    "chords_changes_rate": 0.0454545468092,
    "chords_number_rate": 0.0363636352122,
    "chords_strength": {
        "mean": 0.445150136948
    },
    "key_strength": 0.555790543556,
    "tuning_diatonic_strength": 0.456815719604,
    "tuning_equal_tempered_deviation": 0.216996461153,
    "tuning_frequency": 444.341888428,
    "tuning_nontempered_energy_ratio": 0.757676839828,
    "hpcp": {
        "mean": [0.0495732054114, 0.066525131464, 0.43396538496, 0.723340749741, 0.362332314253, 0.0602983906865, 0.068769544363, 0.102761112154, 0.148763775826, 0.141901016235, 0.0950141996145, 0.0679607316852, 0.0712778121233, 0.0899066850543, 0.073432661593, 0.0626416802406, 0.0589718036354, 0.0429511889815, 0.0475533343852, 0.049654725939, 0.0428873635828, 0.0487040989101, 0.128509923816, 0.197515666485, 0.151140138507, 0.0830455943942, 0.0707022920251, 0.0858755856752, 0.0789347812533, 0.0768801420927, 0.0987841635942, 0.110486105084, 0.101717934012, 0.0901567861438, 0.0743811503053, 0.0561063326895]
    },
    "chords_histogram": [31.8181819916, 0, 0, 5.45454549789, 0, 18.1818180084, 0, 0, 0, 0, 0, 0, 0, 0, 0, 0, 0, 44.5454559326, 0, 0, 0, 0, 0, 0],
    "thpcp": [1, 0.500915110111, 0.0833609774709, 0.0950721278787, 0.142064601183, 0.205662101507, 0.196174502373, 0.131354689598, 0.0939539670944, 0.0985397472978, 0.124293684959, 0.101518765092, 0.0866005122662, 0.0815270021558, 0.059378914535, 0.06574126333, 0.0686463862658, 0.059290677309, 0.0673321634531, 0.177661672235, 0.273060321808, 0.208947360516, 0.114808402956, 0.0977440997958, 0.118720792234, 0.109125308692, 0.106284819543, 0.136566564441, 0.152744203806, 0.140622437, 0.124639436603, 0.102830030024, 0.0775655657053, 0.0685336813331, 0.091969281435, 0.599946022034],
    "chords_key": "A#",
    "chords_scale": "minor",
    "key_key": "A#",
    "key_scale": "major",
    "chords_progression": ["Em", "Em", "Em", "Em", "Em", "Em", "Em", "Em", "Em", "Em", "Am", "Am", "Am", "Am", "Am", "Am", "A#m", "A#m", "A#m", "A#m", "A#m", "A#m", "A#m", "A#m", "A#m", "A#m", "A#m", "A#m", "A#m", "A#m", "A#m", "A#m", "A#m", "A#m", "A#m", "A#m", "A#m", "A#m", "A#m", "A#m", "A#m", "A#m", "A#m", "A#m", "A#m", "A#m", "A#", "A#", "A#", "A#", "A#", "A#", "A#", "A#", "A#", "A#", "A#", "A#", "A#", "A#", "A#", "A#", "A#", "A#", "A#", "A#", "A#", "A#", "A#", "A#", "A#", "A#", "A#", "A#", "A#", "A#", "A#", "A#", "A#", "A#", "A#", "A#m", "A#m", "A#m", "A#m", "A#m", "A#m", "A#m", "A#m", "A#m", "A#m", "A#m", "A#m", "A#m", "A#m", "A#m", "A#m", "A#m", "A#m", "A#m", "Em", "Em", "Em", "Em", "Em", "Em", "Em", "Em", "Em", "Em"]
}
}