{
"metadata": {
    "version": {
        "essentia": "2.1-beta2"
    }
},
"lowLevel": {
    "average_loudness": 0.97520005703,
    "barkbands_kurtosis": {
        "mean": 16.4559230804
    },
    "barkbands_skewness": {
        "mean": 0.698076725006
    },
    "barkbands_spread": {
        "mean": 6.12026596069
    },
    "dissonance": {
        "mean": 0.416943192482
    },
    "hfc": {
        "mean": 19.4416027069
    },
    "pitch": {
        "mean": 481.143920898
    },
    "pitch_instantaneous_confidence": {
        "mean": 0.590778172016
    },
    "pitch_salience": {
        "mean": 0.665240943432
    },
    "silence_rate_20dB": {
        "mean": 1
    },
    "silence_rate_30dB": {
        "mean": 1
    },
    "silence_rate_60dB": {
        "mean": 0.385321110487
    },
    "spectral_centroid": {
        "mean": 537.717041016
    },
    "spectral_complexity": {
        "mean": 6.44954109192
    },
    "spectral_crest": {
        "mean": 14.4595394135
    },
    "spectral_decrease": {
        "mean": -1.01490718052e-08
    },
    "spectral_energy": {
        "mean": 0.0400683321059
    },
    "spectral_energyband_high": {
        "mean": 3.97541413122e-08
    },
    "spectral_energyband_low": {
        "mean": 0.00025990838185
    },
    "spectral_energyband_middle_high": {
        "mean": 0.00015374396753
    },
    "spectral_energyband_middle_low": {
        "mean": 0.0397264063358
    },
    "spectral_flatness_db": {
        "mean": 0.371400475502
    },
    "spectral_flux": {
        "mean": 0.00769470445812
    },
    "spectral_kurtosis": {
        "mean": 163.480911255
    },
    "spectral_rms": {
        "mean": 0.00489670783281
    },
    "spectral_rolloff": {
        "mean": 730.94354248
    },
    "spectral_skewness": {
        "mean": 9.65846538544
    },
    "spectral_spread": {
        "mean": 8927858
    },
    "spectral_strongpeak": {
        "mean": 2.4371471405
    },
    "zerocrossingrate": {
        "mean": 0.0333240740001
    },
    "barkbands": {
        "mean": [3.67221758779e-07, 0.000162166295922, 2.6580200938e-05, 0.00018335338973, 0.000471280567581, 0.00290516018867, 0.0241420064121, 0.0116001721472, 0.000403968704632, 5.51462217118e-05, 4.51170199085e-05, 3.13008131343e-05, 5.05023581354e-06, 2.58261861745e-05, 8.26152881928e-06, 2.37227254729e-06, 1.42653789226e-07, 2.51553871067e-08, 3.63775392032e-08, 6.25046148173e-09, 7.45827044568e-09, 4.7281880633e-09, 4.09310141336e-09, 8.62374438526e-09, 6.38791508578e-09, 3.5889751171e-09, 1.99980210169e-09]
    },
    "mfcc": {
        "mean": [-933.325744629, 199.177719116, 41.3958244324, -23.5107326508, -8.72836971283, -5.37352466583, -21.7521076202, -19.5122337341, 0.172884851694, 11.2889204025, 8.32259178162, 5.83195495605, 9.24662780762]
    },
    "sccoeffs": {
        "mean": [-0.698480367661, -0.632524311543, -0.792018413544, -0.800771713257, -0.835309743881, -0.896499693394]
    },
    "scvalleys": {
        "mean": [-7.78528738022, -6.93513774872, -8.45922470093, -9.75051784515, -12.1711959839, -12.9816589355]
    }
},
"rhythm": {
    "beats_loudness": {
        "mean": 0.0523851141334
    },
    "bpm": 116.148803711,
    "first_peak_bpm": {
        "mean": 115
    },
    "first_peak_spread": {
        "mean": 0.5
    },
    "first_peak_weight": {
        "mean": 0.333333343267
    },
    "onset_rate": 1.59505212307,
    "second_peak_bpm": {
        "mean": 120
    },
    "second_peak_spread": {
        "mean": 0
    },
    "second_peak_weight": {
        "mean": 0.333333343267
    },
    "beats_loudness_band_ratio": {
        "mean": [0.134419173002, 0.175462335348, 0.731663942337, 0.0041017443873, 0.000529273180291, 0.000249370059464]
    },
    "beats_position": [0.46439909935, 0.96362811327, 1.48607707024, 1.99691605568],
    "bpm_estimates": [114.843757629, 117.453842163],
    "bpm_intervals": [0.49922901392, 0.522448956966, 0.510838985443],
    "onset_times": [0.0580498874187, 0.174149662256, 0.220589563251, 2.04335594177]
},
"sfx": {
    "inharmonicity": {
        "mean": 0.0192145947367
    },
    "oddtoevenharmonicenergyratio": {
        "mean": 34.4770545959
    },
    "pitch_after_max_to_before_max_energy_ratio": 11.1329088211,
    "pitch_centroid": 57.3572044373,
    "pitch_max_to_total": 0.0733944922686,
    "pitch_min_to_total": 0.0458715595305,
    "tristimulus": {
        "mean": [0.287853777409, 0.689727067947, 0.0145373726264]
    }
},
"tonal": {
    "chords_changes_rate": 0.0909090936184,
    "chords_number_rate": 0.109090909362,
    "chords_strength": {
        "mean": 0.397286355495
    },
    "key_strength": 0.590274572372,
    "tuning_diatonic_strength": 0.336463779211,
    "tuning_equal_tempered_deviation": 0.18220795691,
    "tuning_frequency": 442.548919678,
    "tuning_nontempered_energy_ratio": 0.824683666229,
    "hpcp": {
        "mean": [0.0191327165812, 0.0246902219951, 0.0150500470772, 0.017113186419, 0.0309353806078, 0.352431863546, 0.677460253239, 0.362077444792, 0.0207751430571, 0.00530046131462, 0.0047710230574, 0.0117683680728, 0.0181580055505, 0.0777414739132, 0.158736690879, 0.10011190176, 0.0140800168738, 0.00915682315826, 0.0114229544997, 0.0327321328223, 0.102819181979, 0.187080413103, 0.262949228287, 0.26852196455, 0.137548029423, 0.0308283660561, 0.0162731818855, 0.0144796622917, 0.0102607347071, 0.00695628952235, 0.0123585453257, 0.0542472153902, 0.15973956883, 0.150658413768, 0.0393259562552, 0.0059004612267]
    },
    "chords_histogram": [16.3636360168, 0, 0, 0, 25.4545459747, 12.7272729874, 0, 0, 0, 0, 0, 0, 0, 0, 0, 0, 0, 16.3636360168, 21.8181819916, 7.27272748947, 0, 0, 0, 0],
    "thpcp": [1, 0.534462988377, 0.0306662172079, 0.0078240185976, 0.00704251369461, 0.0173713043332, 0.0268030557781, 0.114754296839, 0.234311446548, 0.147775307298, 0.0207835324109, 0.0135163990781, 0.0168614387512, 0.0483159460127, 0.151771530509, 0.276149660349, 0.388139724731, 0.396365642548, 0.203034833074, 0.0455057919025, 0.0240208655596, 0.0213734488934, 0.0151458848268, 0.0102681880817, 0.0182424653322, 0.0800743848085, 0.235791787505, 0.222387090325, 0.0580490976572, 0.00870967842638, 0.028241828084, 0.0364452712238, 0.0222153943032, 0.0252607986331, 0.0456637591124, 0.520225167274],
    "chords_key": "F#",
    "chords_scale": "major",
    "key_key": "E",
    "key_scale": "major",
    "chords_progression": ["A#m", "A#m", "A#m", "A#m", "A#m", "A#m", "A#m", "F#", "F#", "F#", "F#", "F#", "F#", "F#", "F#", "F#", "F#", "F#", "F#", "F#", "F#", "G", "G", "G", "G", "G", "G", "G", "G", "G", "G", "G", "G", "Bm", "Bm", "Bm", "Bm", "Em", "Em", "Em", "Em", "Em", "Em", "Em", "Em", "Em", "E", "E", "E", "E", "E", "E", "E", "E", "E"]
}
}