{
"metadata": {
    "version": {
        "essentia": "2.1-beta2"
    }
},
"lowLevel": {
    "average_loudness": 0.95282715559,
    "barkbands_kurtosis": {
        "mean": 29.5048809052
    },
    "barkbands_skewness": {
        "mean": 2.6800327301
    },
    "barkbands_spread": {
        "mean": 13.1744308472
    },
    "dissonance": {
        "mean": 0.482970416546
    },
    "hfc": {
        "mean": 2.09697723389
    },
    "pitch": {
        "mean": 1533.24926758
    },
    "pitch_instantaneous_confidence": {
        "mean": 0.837863922119
    },
    "pitch_salience": {
        "mean": 0.257537007332
    },
    "silence_rate_20dB": {
        "mean": 1
    },
    "silence_rate_30dB": {
        "mean": 1
    },
    "silence_rate_60dB": {
        "mean": 1
    },
    "spectral_centroid": {
        "mean": 2127.92504883
    },
    "spectral_complexity": {
        "mean": 0.782857120037
    },
    "spectral_crest": {
        "mean": 21.9987792969
    },
    "spectral_decrease": {
        "mean": -2.37131869696e-10
    },
    "spectral_energy": {
        "mean": 0.00108519208152
    },
    "spectral_energyband_high": {
        "mean": 3.71332134819e-05
    },
    "spectral_energyband_low": {
        "mean": 7.01202395703e-07
    },
    "spectral_energyband_middle_high": {
        "mean": 0.00104652624577
    },
    "spectral_energyband_middle_low": {
        "mean": 3.11802523356e-07
    },
    "spectral_flatness_db": {
        "mean": 0.325100243092
    },
    "spectral_flux": {
        "mean": 0.00375493452884
    },
    "spectral_kurtosis": {
        "mean": 1.48594307899
    },
    "spectral_rms": {
        "mean": 0.00088427629089
    },
    "spectral_rolloff": {
        "mean": 2611.91186523
    },
    "spectral_skewness": {
        "mean": 1.43203163147
    },
    "spectral_spread": {
        "mean": 20240386
    },
    "spectral_strongpeak": {
        "mean": 1.97315585613
    },
    "zerocrossingrate": {
        "mean": 0.104246653616
    },
    "barkbands": {
        "mean": [1.0526131291e-06, 1.63680738297e-07, 6.96382240761e-09, 2.36876673831e-09, 6.88853996067e-09, 3.73307003088e-08, 8.49912993317e-08, 1.46627598951e-07, 2.64350639156e-08, 3.31089964334e-08, 2.57828264694e-06, 1.7887684578e-07, 1.42242049606e-06, 1.79473218509e-07, 0.00103026046418, 4.49430416438e-07, 8.44841920866e-08, 1.80589523779e-07, 1.11095996544e-05, 1.09384927782e-07, 1.1486126823e-06, 2.94061555906e-05, 2.48828928306e-06, 3.29107450625e-07, 2.38301890931e-06, 1.03164404663e-06, 2.92429177762e-07]
    },
    "mfcc": {
        "mean": [-1006.12957764, 4.2692527771, -47.3485603333, -15.1152744293, 7.71682739258, 35.1641387939, 2.92233848572, -16.7339553833, 12.9231710434, 24.123298645, 19.994304657, -13.4903125763, 13.2061471939]
    },
    "sccoeffs": {
        "mean": [-0.699243485928, -0.834265291691, -0.805418014526, -0.598329424858, -0.817409574986, -0.798706412315]
    },
    "scvalleys": {
        "mean": [-11.3236427307, -10.6487455368, -10.4556427002, -10.2841787338, -10.7684078217, -11.3058080673]
    }
},
"rhythm": {
    "beats_loudness": {
        "mean": 0.00147526408546
    },
    "bpm": 115.297676086,
    "first_peak_bpm": {
        "mean": 115
    },
    "first_peak_spread": {
        "mean": 0.5
    },
    "first_peak_weight": {
        "mean": 0.5
    },
    "onset_rate": 1.73611295223,
    "second_peak_bpm": {
        "mean": 0
    },
    "second_peak_spread": {
        "mean": 0
    },
    "second_peak_weight": {
        "mean": 0
    },
    "beats_loudness_band_ratio": {
        "mean": [0.0158926192671, 0.000529369048309, 0.0131365153939, 0.0708834081888, 0.822981476784, 0.0771046206355]
    },
    "beats_position": [0.522448956966, 1.05650794506, 1.57895684242, 2.10140585899, 2.62385487556, 3.13469386101, 3.64553284645],
    "bpm_estimates": [112.347137451, 114.843765259, 114.843742371, 114.843742371, 117.453842163, 117.453842163],
    "bpm_intervals": [0.534058988094, 0.522448897362, 0.522449016571, 0.522449016571, 0.510838985443, 0.510838985443],
    "onset_times": [0.0348299331963, 0.18575963378, 0.452789127827, 0.684988677502, 2.31038546562, 2.63546490669, 3.94739222527]
},
"sfx": {
    "inharmonicity": {
        "mean": 0.0668408125639
    },
    "oddtoevenharmonicenergyratio": {
        "mean": 7118.65917969
    },
    "pitch_after_max_to_before_max_energy_ratio": 3.68044877052,
    "pitch_centroid": 86.5424423218,
    "pitch_max_to_total": 0.125714287162,
    "pitch_min_to_total": 0.0628571435809,
    "tristimulus": {
        "mean": [0.295965999365, 0.501960635185, 0.0537118650973]
    }
},
"tonal": {
    "chords_changes_rate": 0.0795454531908,
    "chords_number_rate": 0.0340909101069,
    "chords_strength": {
        "mean": 0.374020576477
    },
    "key_strength": 0.550120353699,
    "tuning_diatonic_strength": 0.382157325745,
    "tuning_equal_tempered_deviation": 0.158131703734,
    "tuning_frequency": 442.293365479,
    "tuning_nontempered_energy_ratio": 0.731237947941,
    "hpcp": {
        "mean": [0.839318990707, 0.432454794645, 0.027555661276, 0.0429301671684, 0.0609349235892, 0.0665055885911, 0.0908094570041, 0.113495230675, 0.0983448699117, 0.0731318220496, 0.0629537776113, 0.0575434602797, 0.045806299895, 0.0379221662879, 0.0430934280157, 0.0476849190891, 0.0606212355196, 0.0696992874146, 0.0594483241439, 0.0564328096807, 0.0639233887196, 0.0559427142143, 0.0775549635291, 0.107187509537, 0.0812936648726, 0.0482629388571, 0.0392393618822, 0.0427879653871, 0.047418858856, 0.0473449379206, 0.0424487143755, 0.0485049523413, 0.0535792447627, 0.0464264303446, 0.0401429273188, 0.440230190754]
    },
    "chords_histogram": [50, 13.6363639832, 0, 0, 0, 0, 0, 0, 0, 0, 0, 36.3636360168, 0, 0, 0, 0, 0, 0, 0, 0, 0, 0, 0, 0],
    "thpcp": [1, 0.515244841576, 0.0328309759498, 0.0511488094926, 0.0726004317403, 0.0792375579476, 0.108194209635, 0.135223001242, 0.117172218859, 0.0871323347092, 0.0750057846308, 0.0685596987605, 0.0545755550265, 0.0451820679009, 0.0513433255255, 0.0568138211966, 0.0722266957164, 0.083042666316, 0.0708292350173, 0.0672364234924, 0.0761610195041, 0.0666525065899, 0.0924022495747, 0.127707719803, 0.0968566983938, 0.0575024969876, 0.0467514283955, 0.0509793832898, 0.0564968250692, 0.056408751756, 0.0505751855671, 0.0577908419073, 0.0638365671039, 0.0553144030273, 0.0478279739618, 0.524508774281],
    "chords_key": "D",
    "chords_scale": "minor",
    "key_key": "D",
    "key_scale": "minor",
    "chords_progression": ["E", "E", "E", "E", "E", "E", "E", "E", "E", "E", "E", "E", "E", "E", "E", "E", "E", "E", "E", "E", "E", "E", "E", "F", "F", "F", "F", "F", "F", "F", "F", "F", "F", "F", "F", "Dm", "Dm", "Dm", "Dm", "Dm", "Dm", "Dm", "Dm", "Dm", "Dm", "Dm", "Dm", "Dm", "Dm", "Dm", "Dm", "Dm", "Dm", "Dm", "Dm", "Dm", "Dm", "Dm", "Dm", "Dm", "Dm", "Dm", "Dm", "Dm", "Dm", "Dm", "Dm", "Dm", "Dm", "Dm", "E", "E", "E", "Dm", "Dm", "Dm", "E", "Dm", "Dm", "Dm", "Dm", "Dm", "Dm", "E", "E", "E", "E", "E"]
}
}