{"lowlevel.dissonance.mean": [0.30249667167663574], "sfx.inharmonicity.mean": [0.4756137430667877], "lowlevel.spectral_contrast.mean": [[0.47785866260528564, 0.4071770906448364, 1.4177708625793457, 0.5970158576965332, 0.7252683639526367, 0.5565710067749023]], "lowlevel.spectral_centroid.mean": [0.4076727330684662], "lowlevel.mfcc.mean": [[0.25256550312042236, 0.15524126589298248, 0.2325979471206665, 0.235039621591568, 0.3650429844856262, 0.7277613878250122, 1.1385533809661865, 0.9358851313591003, 0.36988365650177, 0.1475065052509308, 0.42209160327911377, 0.8772361278533936, 1.9094762802124023]], "sfx.logattacktime.mean": [0.5067684650421143], "lowlevel.hfc.mean": [0.4686253070831299]}