{"lowlevel.dissonance.mean": [0.3756248950958252], "sfx.inharmonicity.mean": [0.28897330164909363], "lowlevel.spectral_contrast.mean": [[0.5019389390945435, 0.3527477979660034, 0.3268404006958008, 0.26947546005249023, 0.26607775688171387, 0.2729160785675049]], "lowlevel.spectral_centroid.mean": [0.3984004855155945], "lowlevel.mfcc.mean": [[0.23502564430236816, 0.23558270931243896, 0.5121876001358032, 0.43880802392959595, 0.4321030378341675, 0.3688426613807678, 0.43679267168045044, 0.39032304286956787, 0.37622445821762085, 0.30560851097106934, 0.29807448387145996, 0.33156728744506836, 0.30512216687202454]], "sfx.logattacktime.mean": [0.1854153275489807], "lowlevel.hfc.mean": [0.47132518887519836]}