{"lowlevel.dissonance.mean": [0.3689444065093994], "sfx.inharmonicity.mean": [0.2381410449743271], "lowlevel.spectral_contrast.mean": [[0.5526094436645508, 0.6489086151123047, 0.9594211578369141, 0.6774736642837524, 0.6319262981414795, 0.5891058444976807]], "lowlevel.spectral_centroid.mean": [0.3888789117336273], "lowlevel.mfcc.mean": [[0.4786226749420166, 0.560124933719635, 0.16008061170578003, 0.4661417007446289, 0.20048680901527405, 0.3694954216480255, 0.523601770401001, 0.4846304655075073, 0.5572134256362915, 0.24911397695541382, 0.3179663121700287, 0.08695384860038757, 0.31353726983070374]], "sfx.logattacktime.mean": [0.5609930157661438], "lowlevel.hfc.mean": [0.46548423171043396]}