{
"metadata": {
    "version": {
        "essentia": "2.1-beta2"
    }
},
"lowLevel": {
    "average_loudness": 0.99068403244,
    "barkbands_kurtosis": {
        "mean": 130.022857666
    },
    "barkbands_skewness": {
        "mean": 4.02715730667
    },
    "barkbands_spread": {
        "mean": 8.32705879211
    },
    "dissonance": {
        "mean": 0.250319629908
    },
    "hfc": {
        "mean": 19.6621246338
    },
    "pitch": {
        "mean": 269.553009033
    },
    "pitch_instantaneous_confidence": {
        "mean": 0.76255106926
    },
    "pitch_salience": {
        "mean": 0.154109880328
    },
    "silence_rate_20dB": {
        "mean": 1
    },
    "silence_rate_30dB": {
        "mean": 0.964285731316
    },
    "silence_rate_60dB": {
        "mean": 0.845238089561
    },
    "spectral_centroid": {
        "mean": 1179.0637207
    },
    "spectral_complexity": {
        "mean": 3.73809528351
    },
    "spectral_crest": {
        "mean": 19.0722751617
    },
    "spectral_decrease": {
        "mean": -1.9662382833e-09
    },
    "spectral_energy": {
        "mean": 0.00920444354415
    },
    "spectral_energyband_high": {
        "mean": 0.00206527812406
    },
    "spectral_energyband_low": {
        "mean": 4.77187495562e-05
    },
    "spectral_energyband_middle_high": {
        "mean": 0.00119650049601
    },
    "spectral_energyband_middle_low": {
        "mean": 0.00592884421349
    },
    "spectral_flatness_db": {
        "mean": 0.512681543827
    },
    "spectral_flux": {
        "mean": 0.0231155827641
    },
    "spectral_kurtosis": {
        "mean": 45.536151886
    },
    "spectral_rms": {
        "mean": 0.0011476171203
    },
    "spectral_rolloff": {
        "mean": 2000.02441406
    },
    "spectral_skewness": {
        "mean": 4.76505470276
    },
    "spectral_spread": {
        "mean": 16449602
    },
    "spectral_strongpeak": {
        "mean": 0.240514978766
    },
    "zerocrossingrate": {
        "mean": 0.079886302352
    },
    "barkbands": {
        "mean": [1.58753579171e-08, 7.45044417272e-06, 3.0377166695e-05, 0.000553756544832, 0.00427353009582, 0.000270048185484, 0.000601527630351, 0.000126009210362, 8.64787143655e-05, 8.35769242258e-05, 3.78832992283e-05, 4.99454654346e-05, 3.15051911457e-05, 6.14532618783e-05, 5.42379057151e-05, 0.000103652455437, 0.000143777520861, 0.000206530850846, 0.000247437827056, 0.000357885437552, 0.000487963669002, 0.000214302242966, 0.00037289224565, 0.000390202883864, 0.00029523007106, 9.57165757427e-05, 2.10596790566e-05]
    },
    "mfcc": {
        "mean": [-1041.9095459, 40.967716217, 27.3951148987, 21.9169120789, 9.88507080078, 1.40110552311, -4.07227373123, -7.33385133743, -10.3007717133, -13.8521404266, -17.773349762, -17.5153045654, -19.4561309814]
    },
    "sccoeffs": {
        "mean": [-0.457090467215, -0.819413125515, -0.886176407337, -0.893431723118, -0.900036692619, -0.910022258759]
    },
    "scvalleys": {
        "mean": [-13.2047309875, -13.5616369247, -13.7660579681, -14.0096244812, -14.2201595306, -14.5837345123]
    }
},
"rhythm": {
    "beats_loudness": {
        "mean": 0.000840908964165
    },
    "bpm": 147.65625,
    "first_peak_bpm": {
        "mean": 148
    },
    "first_peak_spread": {
        "mean": 0
    },
    "first_peak_weight": {
        "mean": 1
    },
    "onset_rate": 0.520839452744,
    "second_peak_bpm": {
        "mean": 0
    },
    "second_peak_spread": {
        "mean": 0
    },
    "second_peak_weight": {
        "mean": 0
    },
    "beats_loudness_band_ratio": {
        "mean": [0.923058390617, 0.632799506187, 0.000762156734709, 5.93038348597e-05, 0.000142819582834, 0.000480369548313]
    },
    "beats_position": [0.394739210606, 0.801088392735, 1.20743763447, 1.6137868166],
    "bpm_estimates": [147.656265259, 147.656234741, 147.656265259],
    "bpm_intervals": [0.406349182129, 0.406349241734, 0.406349182129],
    "onset_times": [0.0232199542224]
},
"sfx": {
    "inharmonicity": {
        "mean": 0.0148513689637
    },
    "oddtoevenharmonicenergyratio": {
        "mean": 91674.2890625
    },
    "pitch_after_max_to_before_max_energy_ratio": 1.35053217411,
    "pitch_centroid": 39.5158615112,
    "pitch_max_to_total": 0.047619048506,
    "pitch_min_to_total": 0,
    "tristimulus": {
        "mean": [0.857587277889, 0.0925474315882, 0.0298968292773]
    }
},
"tonal": {
    "chords_changes_rate": 0.0697674453259,
    "chords_number_rate": 0.0930232554674,
    "chords_strength": {
        "mean": 0.418493807316
    },
    "key_strength": 0.581166028976,
    "tuning_diatonic_strength": 0.432650893927,
    "tuning_equal_tempered_deviation": 0.376658856869,
    "tuning_frequency": 449.245300293,
    "tuning_nontempered_energy_ratio": 0.997986257076,
    "hpcp": {
        "mean": [0.0129584586248, 0.0154025927186, 0.0111214220524, 0.00942090526223, 0.0127455657348, 0.0113992514089, 0.00892319250852, 0.00944815855473, 0.00699832476676, 0.00575224822387, 0.00748105952516, 0.00888799782842, 0.0100366780534, 0.0148211894557, 0.0137820243835, 0.00939621031284, 0.0109392153099, 0.00800476595759, 0.00481552956626, 0.0048428401351, 0.00406694971025, 0.00381322624162, 0.00423565832898, 0.00421311333776, 0.00538976164535, 0.0065089026466, 0.00523433275521, 0.245924308896, 0.814150989056, 0.654349505901, 0.107796490192, 0.0384421125054, 0.0330479368567, 0.0294266268611, 0.0176358148456, 0.0113055314869]
    },
    "chords_histogram": [16.2790699005, 4.65116262436, 18.6046504974, 0, 0, 0, 0, 0, 0, 60.4651145935, 0, 0, 0, 0, 0, 0, 0, 0, 0, 0, 0, 0, 0, 0],
    "thpcp": [1, 0.803720116615, 0.132403567433, 0.0472174249589, 0.0405919030309, 0.0361439436674, 0.0216616019607, 0.0138862831518, 0.0159165300429, 0.0189185943455, 0.0136601468548, 0.011571447365, 0.0156550388783, 0.014001397416, 0.0109601197764, 0.0116049218923, 0.00859585590661, 0.007065333426, 0.00918878614902, 0.0109168915078, 0.0123277846724, 0.018204472959, 0.0169280935079, 0.0115411151201, 0.0134363472462, 0.00983204133809, 0.00591478683054, 0.0059483316727, 0.0049953260459, 0.00468368455768, 0.00520254625008, 0.00517485523596, 0.00662010069937, 0.0079947123304, 0.00642919167876, 0.302062273026],
    "chords_key": "F#",
    "chords_scale": "major",
    "key_key": "B",
    "key_scale": "minor",
    "chords_progression": ["F#", "F#", "F#", "F#", "F#", "F#", "F#", "F#", "F#", "F#", "F#", "F#", "F#", "F#", "F#", "F#", "F#", "F#", "F#", "F#", "F#", "F#", "F#", "F#", "F#", "F#", "D", "D", "F#m", "F#m", "F#m", "F#m", "F#m", "F#m", "F#m", "F#m", "Bm", "Bm", "Bm", "Bm", "Bm", "Bm", "Bm"]
}
}