{
"metadata": {
    "version": {
        "essentia": "2.1-beta2"
    }
},
"lowLevel": {
    "dissonance": {
        "mean": 0.254410803318
    },
    "hfc": {
        "mean": 48.2326889038
    },
    "spectral_centroid": {
        "mean": 0.0998653396964
    },
    "mfcc": {
        "mean": [-742.861022949, -5.79493427277, -183.346511841, -16.4061031342, -40.3557243347, -19.3549156189, -37.2731781006, -18.8166027069, -14.6716680527, 6.28901672363, 33.3605804443, 43.9994850159, 37.3819732666, 29.9193782806, -3.01646399498, -32.2256660461, -50.9766578674, -32.3902320862, 5.07899236679, 34.993598938, 29.8734798431, 2.73604154587, -18.4645118713, -8.88667392731, 20.6534118652, 23.5300941467, 3.16400885582, -21.238948822, -16.7566242218, 6.22646665573, 8.50545978546, -3.10134863853, -1.95489001274, -3.53165316582, -9.49280452728, -4.95859479904, 13.6272583008, 17.2689838409, 7.17793369293, 0.328823179007]
    },
    "spectral_contrast": {
        "mean": [-0.310992747545, -0.363590210676, -0.42398494482, -0.528205156326, -0.694187581539, -0.693748772144]
    }
},
"sfx": {
    "inharmonicity": {
        "mean": 0.110348209739
    },
    "logattacktime": {
        "mean": -5
    }
}
}