{"lowlevel.dissonance.mean": [0.043365478515625], "sfx.inharmonicity.mean": [0.2589070796966553], "lowlevel.spectral_contrast.mean": [[0.8598547577857971, 0.3608964681625366, 0.2874128818511963, 0.2883439064025879, 0.29169225692749023, 0.3055384159088135]], "lowlevel.spectral_centroid.mean": [0.3867378830909729], "lowlevel.mfcc.mean": [[0.28308403491973877, 0.23122408986091614, 0.5522692203521729, 0.5352113842964172, 0.5361880660057068, 0.4412761330604553, 0.4220902621746063, 0.290543794631958, 0.24816635251045227, 0.1758100390434265, 0.09313273429870605, 0.07260215282440186, 0.005608290433883667]], "sfx.logattacktime.mean": [0.22245803475379944], "lowlevel.hfc.mean": [0.4779040515422821]}