{"lowlevel.dissonance.mean": [0.28518664836883545], "sfx.inharmonicity.mean": [0.4103394150733948], "lowlevel.spectral_contrast.mean": [[0.588891863822937, 0.39333975315093994, 0.399837851524353, 0.27131175994873047, 0.26615476608276367, 0.29410362243652344]], "lowlevel.spectral_centroid.mean": [0.3869999051094055], "lowlevel.mfcc.mean": [[0.25079917907714844, 0.26229625940322876, 0.5172677040100098, 0.42569756507873535, 0.3851795792579651, 0.3583732545375824, 0.4686758518218994, 0.4429718852043152, 0.4170561730861664, 0.28416818380355835, 0.20626264810562134, 0.2396222949028015, 0.24182769656181335]], "sfx.logattacktime.mean": [0.20848935842514038], "lowlevel.hfc.mean": [0.47296446561813354]}