{
"metadata": {
    "version": {
        "essentia": "2.1-beta2"
    }
},
"lowLevel": {
    "average_loudness": 0.89057135582,
    "barkbands_kurtosis": {
        "mean": 286.933654785
    },
    "barkbands_skewness": {
        "mean": 8.99200820923
    },
    "barkbands_spread": {
        "mean": 5.58239984512
    },
    "dissonance": {
        "mean": 0.318664819002
    },
    "hfc": {
        "mean": 6.33617782593
    },
    "pitch": {
        "mean": 1003.84161377
    },
    "pitch_instantaneous_confidence": {
        "mean": 0.879550337791
    },
    "pitch_salience": {
        "mean": 0.128530487418
    },
    "silence_rate_20dB": {
        "mean": 1
    },
    "silence_rate_30dB": {
        "mean": 1
    },
    "silence_rate_60dB": {
        "mean": 0.287671238184
    },
    "spectral_centroid": {
        "mean": 1085.64733887
    },
    "spectral_complexity": {
        "mean": 1.13698625565
    },
    "spectral_crest": {
        "mean": 24.4435443878
    },
    "spectral_decrease": {
        "mean": -1.43788603246e-09
    },
    "spectral_energy": {
        "mean": 0.00600161217153
    },
    "spectral_energyband_high": {
        "mean": 6.68190386932e-06
    },
    "spectral_energyband_low": {
        "mean": 8.32464422729e-07
    },
    "spectral_energyband_middle_high": {
        "mean": 0.00599325774238
    },
    "spectral_energyband_middle_low": {
        "mean": 3.15224610858e-07
    },
    "spectral_flatness_db": {
        "mean": 0.462524294853
    },
    "spectral_flux": {
        "mean": 0.00405314704403
    },
    "spectral_kurtosis": {
        "mean": 8.18323898315
    },
    "spectral_rms": {
        "mean": 0.00206993171014
    },
    "spectral_rolloff": {
        "mean": 1296.61181641
    },
    "spectral_skewness": {
        "mean": 2.73663926125
    },
    "spectral_spread": {
        "mean": 11264922
    },
    "spectral_strongpeak": {
        "mean": 2.74689269066
    },
    "zerocrossingrate": {
        "mean": 0.0588167086244
    },
    "barkbands": {
        "mean": [1.14916963412e-06, 2.21775721343e-07, 2.9060955864e-09, 1.04568820269e-09, 2.3415935857e-09, 5.18885778789e-09, 9.65502522376e-08, 2.0264846512e-07, 5.7730793479e-09, 8.2334681295e-09, 0.00590365985408, 4.06287399528e-05, 1.95696596705e-08, 5.91451964738e-07, 7.0129445362e-08, 2.11953320104e-05, 5.81998413907e-08, 2.56933162746e-05, 1.31195986341e-06, 2.48613628173e-06, 1.72758143435e-06, 3.33290955723e-07, 2.77726883269e-07, 2.60958131548e-07, 1.27088662794e-06, 3.27809090095e-07, 1.94511269314e-08]
    },
    "mfcc": {
        "mean": [-1015.58197021, 15.7082462311, -46.2535972595, -24.0376777649, -8.02359676361, 12.7135639191, 35.1502380371, 29.8448963165, 9.79360961914, -19.5352802277, -12.6054468155, 11.0648450851, 44.1944198608]
    },
    "sccoeffs": {
        "mean": [-0.683545589447, -0.787954390049, -0.392148822546, -0.734529495239, -0.769772946835, -0.831451654434]
    },
    "scvalleys": {
        "mean": [-11.6117296219, -11.4548807144, -11.2991075516, -11.1098556519, -11.4422111511, -11.9036521912]
    }
},
"rhythm": {
    "beats_loudness": {
        "mean": 0.00802700314671
    },
    "bpm": 107.05078125,
    "first_peak_bpm": {
        "mean": 108
    },
    "first_peak_spread": {
        "mean": 0
    },
    "first_peak_weight": {
        "mean": 0.857142865658
    },
    "onset_rate": 1.98413586617,
    "second_peak_bpm": {
        "mean": 103
    },
    "second_peak_spread": {
        "mean": 0
    },
    "second_peak_weight": {
        "mean": 0.142857149243
    },
    "beats_loudness_band_ratio": {
        "mean": [0.000136839720653, 4.58545457604e-07, 4.87378929392e-05, 0.989325046539, 0.00935572572052, 0.00114074000157]
    },
    "beats_position": [0.580498874187, 1.16099774837, 1.71827661991, 2.27555561066, 2.83283448219, 3.39011335373, 3.94739222527, 4.5046710968],
    "bpm_estimates": [103.359375, 107.666023254, 107.666000366, 107.666023254, 107.666023254, 107.666023254, 107.666023254],
    "bpm_intervals": [0.580498874187, 0.557278871536, 0.557278990746, 0.557278871536, 0.557278871536, 0.557278871536, 0.557278871536],
    "onset_times": [0.0232199542224, 0.348299324512, 0.417959183455, 0.986848056316, 2.77478456497, 3.41333341599, 3.66875290871, 4.08671188354, 4.43501138687, 4.99229001999]
},
"sfx": {
    "inharmonicity": {
        "mean": 0.0330098718405
    },
    "oddtoevenharmonicenergyratio": {
        "mean": 332.471038818
    },
    "pitch_after_max_to_before_max_energy_ratio": 0.068283483386,
    "pitch_centroid": 107.07421875,
    "pitch_max_to_total": 0.995433807373,
    "pitch_min_to_total": 0.0639269426465,
    "tristimulus": {
        "mean": [0.24011516571, 0.719076931477, 0.0276536587626]
    }
},
"tonal": {
    "chords_changes_rate": 0.0727272704244,
    "chords_number_rate": 0.0181818176061,
    "chords_strength": {
        "mean": 0.545695781708
    },
    "key_strength": 0.6462033391,
    "tuning_diatonic_strength": 0.569364607334,
    "tuning_equal_tempered_deviation": 0.0950073897839,
    "tuning_frequency": 435.952270508,
    "tuning_nontempered_energy_ratio": 0.616958618164,
    "hpcp": {
        "mean": [0.0146565884352, 0.0120449820533, 0.0108550265431, 0.0105094090104, 0.00883044302464, 0.00809825863689, 0.00948514323682, 0.0185402333736, 0.480671733618, 0.871632099152, 0.41842213273, 0.0183165576309, 0.00595524627715, 0.00601478433236, 0.00940882507712, 0.0112908035517, 0.0124548301101, 0.0125931585208, 0.0125773493201, 0.0103496657684, 0.00838629063219, 0.0131368292496, 0.0201153568923, 0.0919938981533, 0.124804720283, 0.0540295615792, 0.019240943715, 0.026121577248, 0.0405852273107, 0.0418630614877, 0.0405482873321, 0.0305516626686, 0.0148853417486, 0.0190331377089, 0.0192497204989, 0.0150134451687]
    },
    "chords_histogram": [59.0909080505, 0, 0, 0, 0, 0, 0, 40.9090919495, 0, 0, 0, 0, 0, 0, 0, 0, 0, 0, 0, 0, 0, 0, 0, 0],
    "thpcp": [1, 0.480044424534, 0.0210140924901, 0.00683229323477, 0.00690059969202, 0.0107944915071, 0.0129536343738, 0.0142890904099, 0.0144477915019, 0.0144296539947, 0.0118738925084, 0.00962136499584, 0.0150715298951, 0.0230778064579, 0.105542115867, 0.143185093999, 0.0619866587222, 0.0220746155828, 0.0299685802311, 0.0465623363853, 0.0480283610523, 0.0465199574828, 0.035051099956, 0.017077550292, 0.0218362063169, 0.0220846850425, 0.0172245204449, 0.0168151091784, 0.0138188833371, 0.0124536789954, 0.01205716189, 0.0101309288293, 0.00929091405123, 0.0108820488676, 0.0212707091123, 0.551461696625],
    "chords_key": "F",
    "chords_scale": "minor",
    "key_key": "F",
    "key_scale": "minor",
    "chords_progression": ["Fm", "Fm", "Fm", "Fm", "Fm", "Fm", "Fm", "Fm", "Fm", "Fm", "Fm", "Fm", "Fm", "Fm", "Fm", "Fm", "Fm", "Fm", "Fm", "Fm", "Fm", "Fm", "Fm", "Fm", "Fm", "F", "F", "F", "Fm", "Fm", "Fm", "Fm", "Fm", "Fm", "Fm", "Fm", "Fm", "Fm", "Fm", "Fm", "Fm", "Fm", "Fm", "Fm", "Fm", "Fm", "Fm", "Fm", "Fm", "Fm", "Fm", "Fm", "Fm", "F", "F", "F", "F", "F", "F", "F", "F", "F", "F", "F", "F", "Fm", "F", "F", "F", "F", "F", "F", "F", "F", "F", "F", "F", "F", "F", "F", "F", "F", "F", "F", "F", "F", "F", "F", "F", "F", "F", "F", "F", "F", "F", "Fm", "Fm", "Fm", "Fm", "Fm", "Fm", "Fm", "Fm", "Fm", "Fm", "Fm", "Fm", "F", "Fm", "Fm"]
}
}