{
"metadata": {
    "version": {
        "essentia": "2.1-beta2"
    }
},
"lowLevel": {
    "dissonance": {
        "mean": 0.100822776556
    },
    "hfc": {
        "mean": 8.15617465973
    },
    "spectral_centroid": {
        "mean": 0.041011352092
    },
    "mfcc": {
        "mean": [-778.978088379, 205.112564087, -23.7842845917, -4.27701854706, -35.2544822693, -14.1974163055, 3.66191101074, -2.96332335472, -18.5676040649, -30.0115966797, -19.5642910004, -35.0458946228, -41.6923408508, -44.4450073242, -37.2748146057, -13.1893768311, 3.320530653, 1.22865557671, -4.97610044479, 8.44477748871, 16.1220188141, 1.86157846451, -0.635383486748, 5.46500110626, 0.408248573542, 4.88038682938, 11.9239816666, 8.05027294159, 1.12200808525, -1.24644958973, -6.28952455521, -11.7561159134, -9.41544246674, 1.41490387917, 12.0525798798, 12.9957361221, 12.1684045792, 10.1178760529, 3.90790128708, -1.23760223389]
    },
    "spectral_contrast": {
        "mean": [-0.333318948746, -0.516365349293, -0.705763578415, -0.806227684021, -0.831463217735, -0.788915753365]
    }
},
"sfx": {
    "inharmonicity": {
        "mean": 0.0629473924637
    },
    "logattacktime": {
        "mean": -5
    }
}
}