{
"metadata": {
    "version": {
        "essentia": "2.1-beta2"
    }
},
"lowLevel": {
    "dissonance": {
        "mean": 0.16783760488
    },
    "hfc": {
        "mean": 3.00104427338
    },
    "spectral_centroid": {
        "mean": 0.0704929456115
    },
    "mfcc": {
        "mean": [-787.620544434, 148.110336304, -39.6148986816, -8.52678966522, -8.15506458282, -14.1571435928, -28.4420375824, -23.8734111786, -9.74646377563, 1.44006407261, -13.3525152206, -7.34926986694, -12.4541368484, -4.69386863708, -16.093252182, -5.41337013245, -8.81969165802, -10.2227687836, 6.00209093094, 11.7044219971, 9.72755622864, -0.500032424927, -5.5829167366, 6.05648899078, 17.5443706512, 25.4034729004, 9.47543334961, -0.136513873935, -0.52704423666, 6.60975456238, 1.36900293827, -7.245865345, -7.89217853546, 0.291848570108, 7.75057125092, 14.00070858, 9.2004032135, -0.62956058979, -6.23003196716, 1.09957301617]
    },
    "spectral_contrast": {
        "mean": [-0.543921470642, -0.586568236351, -0.575044155121, -0.71381008625, -0.793386399746, -0.763733506203]
    }
},
"sfx": {
    "inharmonicity": {
        "mean": 0.181537464261
    },
    "logattacktime": {
        "mean": -5
    }
}
}