{
"metadata": {
    "version": {
        "essentia": "2.1-beta2"
    }
},
"lowLevel": {
    "dissonance": {
        "mean": 0.462451040745
    },
    "hfc": {
        "mean": 3.68121981621
    },
    "spectral_centroid": {
        "mean": 0.199708029628
    },
    "mfcc": {
        "mean": [-865.137634277, -54.7691726685, -68.1768264771, 20.065580368, -5.83487176895, 6.94705915451, 3.7971496582, 16.6932106018, -0.00813820213079, 22.6601791382, 23.3970985413, 10.1515712738, -20.3277111053, 14.5000171661, 0.262647181749, 3.19792604446, 1.80261433125, 0.428063333035, -9.04872608185, 19.074131012, 21.7936382294, -12.074016571, -9.03597831726, 6.79460000992, 6.6584649086, -14.762087822, 6.12975215912, -0.988034546375, -0.68371874094, 2.64538598061, 0.458311706781, -2.73192667961, -6.49973106384, 2.75492072105, 0.0299244374037, -0.518804848194, -2.74074053764, 2.93281340599, 1.55673873425, -2.27684926987]
    },
    "spectral_contrast": {
        "mean": [-0.774266004562, -0.851329147816, -0.739897251129, -0.700366914272, -0.732415318489, -0.733197450638]
    }
},
"sfx": {
    "inharmonicity": {
        "mean": 0.234468072653
    },
    "logattacktime": {
        "mean": -4.69774580002
    }
}
}