{
"metadata": {
    "version": {
        "essentia": "2.1-beta2"
    }
},
"lowLevel": {
    "dissonance": {
        "mean": 0.059215772897
    },
    "hfc": {
        "mean": 13.517449379
    },
    "spectral_centroid": {
        "mean": 0.0333933085203
    },
    "mfcc": {
        "mean": [-824.422668457, 266.077270508, 7.66015005112, -70.0190429688, -41.3823852539, -22.6672973633, -42.2123031616, -37.9677658081, 7.62963867188, 8.99126148224, -8.13495635986, -15.1690101624, -11.1970205307, 0.922382175922, -10.3673553467, -21.339225769, -8.32572746277, -9.19804096222, -12.9531946182, -12.0535650253, -12.1851673126, -7.8368139267, -11.1435108185, -7.12802362442, 4.52294540405, 2.03127264977, -4.90719270706, -1.70891606808, 5.85297727585, 12.155705452, 7.57384443283, 3.65747857094, 1.90363693237, -3.44358944893, -10.6513519287, -9.58504581451, -3.67621397972, -2.28662514687, -4.83194541931, -2.80322599411]
    },
    "spectral_contrast": {
        "mean": [-0.372579753399, -0.493663579226, -0.64934527874, -0.845604002476, -0.847527861595, -0.784343183041]
    }
},
"sfx": {
    "inharmonicity": {
        "mean": 0.0765238255262
    },
    "logattacktime": {
        "mean": -4.94185829163
    }
}
}