{
"metadata": {
    "version": {
        "essentia": "2.1-beta2"
    }
},
"lowLevel": {
    "average_loudness": 0.969135642052,
    "barkbands_kurtosis": {
        "mean": 7.9610209465
    },
    "barkbands_skewness": {
        "mean": 1.28440928459
    },
    "barkbands_spread": {
        "mean": 7.35474205017
    },
    "dissonance": {
        "mean": 0.438355892897
    },
    "hfc": {
        "mean": 33.9600334167
    },
    "pitch": {
        "mean": 764.554016113
    },
    "pitch_instantaneous_confidence": {
        "mean": 0.931281805038
    },
    "pitch_salience": {
        "mean": 0.544215559959
    },
    "silence_rate_20dB": {
        "mean": 1
    },
    "silence_rate_30dB": {
        "mean": 1
    },
    "silence_rate_60dB": {
        "mean": 0.201834857464
    },
    "spectral_centroid": {
        "mean": 1809.44580078
    },
    "spectral_complexity": {
        "mean": 4.85779809952
    },
    "spectral_crest": {
        "mean": 18.2282733917
    },
    "spectral_decrease": {
        "mean": -3.63630214828e-09
    },
    "spectral_energy": {
        "mean": 0.0168044790626
    },
    "spectral_energyband_high": {
        "mean": 0.000456096080597
    },
    "spectral_energyband_low": {
        "mean": 2.37068115894e-06
    },
    "spectral_energyband_middle_high": {
        "mean": 0.0161089710891
    },
    "spectral_energyband_middle_low": {
        "mean": 0.000538619060535
    },
    "spectral_flatness_db": {
        "mean": 0.334089696407
    },
    "spectral_flux": {
        "mean": 0.0092941345647
    },
    "spectral_kurtosis": {
        "mean": 5.3119020462
    },
    "spectral_rms": {
        "mean": 0.00361881172284
    },
    "spectral_rolloff": {
        "mean": 2487.38037109
    },
    "spectral_skewness": {
        "mean": 2.12814354897
    },
    "spectral_spread": {
        "mean": 9731993
    },
    "spectral_strongpeak": {
        "mean": 5.93259382248
    },
    "zerocrossingrate": {
        "mean": 0.0835319310427
    },
    "barkbands": {
        "mean": [4.45078467237e-06, 5.119517823e-07, 2.24829207696e-07, 6.15337754084e-08, 1.88641365639e-06, 1.41480734328e-06, 2.1020434815e-06, 3.13830832965e-06, 1.24479838632e-05, 0.000555682228878, 1.80566826202e-06, 1.15515092602e-06, 5.21078277416e-07, 0.0117048099637, 9.75787770585e-07, 7.38201288186e-06, 0.00222545373254, 1.22289702631e-05, 0.00068710319465, 0.00112590671051, 7.71178602008e-05, 0.000212450191611, 2.20172241825e-05, 0.000122057259432, 1.5444789824e-05, 5.88792499912e-06, 2.94286877534e-07]
    },
    "mfcc": {
        "mean": [-828.83770752, -26.7736568451, -34.9343109131, 8.9761800766, -10.9889240265, 4.62947034836, -6.47752571106, 14.6635551453, 18.3208293915, 36.1929321289, 0.952998638153, -18.8521404266, -33.8275680542]
    },
    "sccoeffs": {
        "mean": [-0.780443191528, -0.840454339981, -0.564046680927, -0.47523099184, -0.539661705494, -0.6763240695]
    },
    "scvalleys": {
        "mean": [-9.24178028107, -9.69236755371, -9.98597717285, -10.2653541565, -10.7965259552, -11.2621440887]
    }
},
"rhythm": {
    "beats_loudness": {
        "mean": 0.0194608997554
    },
    "bpm": 143.211044312,
    "first_peak_bpm": {
        "mean": 144
    },
    "first_peak_spread": {
        "mean": 0.5
    },
    "first_peak_weight": {
        "mean": 0.5
    },
    "onset_rate": 0.398725152016,
    "second_peak_bpm": {
        "mean": 0
    },
    "second_peak_spread": {
        "mean": 0
    },
    "second_peak_weight": {
        "mean": 0
    },
    "beats_loudness_band_ratio": {
        "mean": [0.0190392453223, 0.00125862285495, 0.0996717736125, 0.676302790642, 0.295666068792, 0.0854745656252]
    },
    "beats_position": [0.394739210606, 0.812698423862, 1.23065757751, 1.64861679077, 2.0549659729, 2.46131515503, 2.87927436829, 3.30884337425, 3.73841261864, 4.1679816246, 4.58594083786],
    "bpm_estimates": [143.554672241, 143.554702759, 143.554672241, 147.656265259, 147.656265259, 143.554672241, 139.674880981, 139.674804688, 139.674880981, 143.554672241],
    "bpm_intervals": [0.417959213257, 0.417959153652, 0.417959213257, 0.406349182129, 0.406349182129, 0.417959213257, 0.429569005966, 0.429569244385, 0.429569005966, 0.417959213257],
    "onset_times": [0.255419492722, 0.359909296036]
},
"sfx": {
    "inharmonicity": {
        "mean": 0.0628765597939
    },
    "oddtoevenharmonicenergyratio": {
        "mean": 12.4045133591
    },
    "pitch_after_max_to_before_max_energy_ratio": 0.122165963054,
    "pitch_centroid": 115.114570618,
    "pitch_max_to_total": 0.995412826538,
    "pitch_min_to_total": 0.0458715595305,
    "tristimulus": {
        "mean": [0.17969198525, 0.534779012203, 0.0317184105515]
    }
},
"tonal": {
    "chords_changes_rate": 0,
    "chords_number_rate": 0.00909090880305,
    "chords_strength": {
        "mean": 0.377228558064
    },
    "key_strength": 0.608492732048,
    "tuning_diatonic_strength": 0.433482766151,
    "tuning_equal_tempered_deviation": 0.160696804523,
    "tuning_frequency": 443.572570801,
    "tuning_nontempered_energy_ratio": 0.673481345177,
    "hpcp": {
        "mean": [0.00688911043108, 0.00943117681891, 0.0127896219492, 0.00678773922846, 0.0126260342076, 0.0655264407396, 0.0703924819827, 0.0219002459198, 0.0102815655991, 0.00833068601787, 0.0134796118364, 0.015478413552, 0.0125289075077, 0.0118542751297, 0.0736359283328, 0.150352925062, 0.0859479233623, 0.00583985075355, 0.00274929241277, 0.00124045601115, 0.00221595866606, 0.00750157982111, 0.0255570281297, 0.0336892716587, 0.0154986130074, 0.00230440101586, 0.00156299676746, 0.00873414240777, 0.0237033646554, 0.505397796631, 0.948831796646, 0.482371926308, 0.0299361199141, 0.0126748261973, 0.0138557711616, 0.013065927662]
    },
    "chords_histogram": [0, 0, 0, 0, 0, 0, 0, 100, 0, 0, 0, 0, 0, 0, 0, 0, 0, 0, 0, 0, 0, 0, 0, 0],
    "thpcp": [1, 0.508385062218, 0.0315505042672, 0.0133583489805, 0.0146029796451, 0.0137705411762, 0.00726062338799, 0.00993977766484, 0.0134793352336, 0.00715378578752, 0.0133069260046, 0.0690601244569, 0.0741885751486, 0.0230812728405, 0.0108360257, 0.00877994019538, 0.0142065342516, 0.0163131263107, 0.0132045615464, 0.0124935470521, 0.0776069387794, 0.158461093903, 0.0905828848481, 0.00615477981046, 0.00289755500853, 0.00130735081621, 0.00233545992523, 0.00790612213314, 0.0269352570176, 0.0355060510337, 0.0163344163448, 0.00242867181078, 0.00164728541858, 0.00920515321195, 0.0249816291034, 0.532652676105],
    "chords_key": "C",
    "chords_scale": "major",
    "key_key": "C",
    "key_scale": "minor",
    "chords_progression": ["C", "C", "C", "C", "C", "C", "C", "C", "C", "C", "C", "C", "C", "C", "C", "C", "C", "C", "C", "C", "C", "C", "C", "C", "C", "C", "C", "C", "C", "C", "C", "C", "C", "C", "C", "C", "C", "C", "C", "C", "C", "C", "C", "C", "C", "C", "C", "C", "C", "C", "C", "C", "C", "C", "C", "C", "C", "C", "C", "C", "C", "C", "C", "C", "C", "C", "C", "C", "C", "C", "C", "C", "C", "C", "C", "C", "C", "C", "C", "C", "C", "C", "C", "C", "C", "C", "C", "C", "C", "C", "C", "C", "C", "C", "C", "C", "C", "C", "C", "C", "C", "C", "C", "C", "C", "C", "C", "C", "C", "C"]
}
}