{
"metadata": {
    "version": {
        "essentia": "2.1-beta2"
    }
},
"lowLevel": {
    "dissonance": {
        "mean": 0.0446065738797
    },
    "hfc": {
        "mean": 10.163184166
    },
    "spectral_centroid": {
        "mean": 0.0341504514217
    },
    "mfcc": {
        "mean": [-843.540405273, 261.811645508, 15.1284790039, -63.3052825928, -29.7424468994, -14.6223125458, -29.0133190155, -31.0119552612, -7.78339385986, 4.34361982346, -7.15138816833, -11.9487447739, -8.71770000458, -15.7264232635, -28.0579471588, -28.1838779449, -14.3986349106, -6.26601076126, -7.34040498734, -1.53553235531, 0.740077376366, -9.53282260895, -11.2002010345, -0.71868544817, 2.6247279644, 1.56038200855, 4.56418561935, 8.48410701752, 11.4280672073, 8.57560825348, -0.573793888092, -3.62315797806, -0.550864994526, -1.41394066811, -3.70465660095, -4.18302440643, -5.11526060104, -4.16532039642, 0.634956538677, 2.97406864166]
    },
    "spectral_contrast": {
        "mean": [-0.444853663445, -0.437265068293, -0.675069272518, -0.838223814964, -0.880973637104, -0.806995809078]
    }
},
"sfx": {
    "inharmonicity": {
        "mean": 0.0753159970045
    },
    "logattacktime": {
        "mean": -5
    }
}
}