{
"metadata": {
    "version": {
        "essentia": "2.1-beta2"
    }
},
"lowLevel": {
    "average_loudness": 0.99068403244,
    "barkbands_kurtosis": {
        "mean": 132.795471191
    },
    "barkbands_skewness": {
        "mean": 3.75465536118
    },
    "barkbands_spread": {
        "mean": 8.97901058197
    },
    "dissonance": {
        "mean": 0.241072311997
    },
    "hfc": {
        "mean": 30.9102401733
    },
    "pitch": {
        "mean": 437.872070312
    },
    "pitch_instantaneous_confidence": {
        "mean": 0.800116658211
    },
    "pitch_salience": {
        "mean": 0.118942193687
    },
    "silence_rate_20dB": {
        "mean": 1
    },
    "silence_rate_30dB": {
        "mean": 0.940476179123
    },
    "silence_rate_60dB": {
        "mean": 0.761904776096
    },
    "spectral_centroid": {
        "mean": 868.306335449
    },
    "spectral_complexity": {
        "mean": 4.94047641754
    },
    "spectral_crest": {
        "mean": 19.3847904205
    },
    "spectral_decrease": {
        "mean": -2.95484303692e-09
    },
    "spectral_energy": {
        "mean": 0.0139559153467
    },
    "spectral_energyband_high": {
        "mean": 0.00323596876115
    },
    "spectral_energyband_low": {
        "mean": 0.000304656801745
    },
    "spectral_energyband_middle_high": {
        "mean": 0.00211062841117
    },
    "spectral_energyband_middle_low": {
        "mean": 0.00851943623275
    },
    "spectral_flatness_db": {
        "mean": 0.537726283073
    },
    "spectral_flux": {
        "mean": 0.0256937462837
    },
    "spectral_kurtosis": {
        "mean": 38.6874313354
    },
    "spectral_rms": {
        "mean": 0.00162879924756
    },
    "spectral_rolloff": {
        "mean": 1440.67370605
    },
    "spectral_skewness": {
        "mean": 4.61778450012
    },
    "spectral_spread": {
        "mean": 15290892
    },
    "spectral_strongpeak": {
        "mean": 0.254901230335
    },
    "zerocrossingrate": {
        "mean": 0.0613548643887
    },
    "barkbands": {
        "mean": [1.46422394209e-07, 1.34401934702e-05, 0.000113095957204, 0.00106584432069, 0.00549086835235, 0.000542023743037, 0.00100566167384, 0.000256600498687, 0.000136689792271, 9.84466387308e-05, 5.41924855497e-05, 5.29507378815e-05, 9.56739822868e-05, 0.00013756917906, 0.000104240731162, 0.000161340882187, 0.000227198470384, 0.000365261395928, 0.000451497238828, 0.000785451265983, 0.000794446095824, 0.000335653632646, 0.000471658393508, 0.000601954292506, 0.000386099825846, 0.000161257659784, 4.66520214104e-05]
    },
    "mfcc": {
        "mean": [-1024.09838867, 40.6051101685, 27.5026397705, 25.4344272614, 13.7958316803, 3.72173643112, -3.3792552948, -10.3657550812, -15.8004713058, -18.8476715088, -22.2272186279, -22.305727005, -24.5137882233]
    },
    "sccoeffs": {
        "mean": [-0.393205046654, -0.815162956715, -0.882672429085, -0.867557525635, -0.882358849049, -0.895883023739]
    },
    "scvalleys": {
        "mean": [-12.9057559967, -12.9471969604, -13.2676591873, -13.4917802811, -13.5274248123, -13.8679199219]
    }
},
"rhythm": {
    "beats_loudness": {
        "mean": 0.00158285803627
    },
    "bpm": 129.19921875,
    "first_peak_bpm": {
        "mean": 129
    },
    "first_peak_spread": {
        "mean": 0
    },
    "first_peak_weight": {
        "mean": 1
    },
    "onset_rate": 0.520839452744,
    "second_peak_bpm": {
        "mean": 0
    },
    "second_peak_spread": {
        "mean": 0
    },
    "second_peak_weight": {
        "mean": 0
    },
    "beats_loudness_band_ratio": {
        "mean": [0.926710128784, 0.625540792942, 4.6576216846e-05, 1.89845577552e-05, 5.24353417859e-05, 4.19335592596e-05]
    },
    "beats_position": [0.452789098024, 0.917188167572, 1.38158726692],
    "bpm_estimates": [129.19921875, 129.19921875],
    "bpm_intervals": [0.464399069548, 0.46439909935],
    "onset_times": [0.0232199542224]
},
"sfx": {
    "inharmonicity": {
        "mean": 0.00890187174082
    },
    "oddtoevenharmonicenergyratio": {
        "mean": 37743.0117188
    },
    "pitch_after_max_to_before_max_energy_ratio": 0.518451809883,
    "pitch_centroid": 22.4042873383,
    "pitch_max_to_total": 0.0714285746217,
    "pitch_min_to_total": 0.0119047621265,
    "tristimulus": {
        "mean": [0.854509890079, 0.11443836242, 0.0310052540153]
    }
},
"tonal": {
    "chords_changes_rate": 0.0465116277337,
    "chords_number_rate": 0.0697674453259,
    "chords_strength": {
        "mean": 0.450416833162
    },
    "key_strength": 0.591892659664,
    "tuning_diatonic_strength": 0.470301628113,
    "tuning_equal_tempered_deviation": 0.072346329689,
    "tuning_frequency": 434.695007324,
    "tuning_nontempered_energy_ratio": 0.624333322048,
    "hpcp": {
        "mean": [0.00452862307429, 0.00359926209785, 0.00404762849212, 0.00401691254228, 0.00430343905464, 0.0047344150953, 0.00508055882528, 0.00778575334698, 0.013781318441, 0.0125001212582, 0.00540704093874, 0.00373081304133, 0.00482558878139, 0.00619225995615, 0.00722948741168, 0.00688028335571, 0.00618665385991, 0.00567893637344, 0.00473603140563, 0.00314732478, 0.00182872614823, 0.0023007998243, 0.0049997465685, 0.00832741614431, 0.00695643667132, 0.00327283702791, 0.00322397984564, 0.00623997347429, 0.0279941055924, 0.497515708208, 0.891739785671, 0.444158732891, 0.0552763789892, 0.0426979996264, 0.0193598140031, 0.00872570183128]
    },
    "chords_histogram": [11.6279067993, 0, 6.97674417496, 0, 0, 0, 0, 0, 0, 81.3953475952, 0, 0, 0, 0, 0, 0, 0, 0, 0, 0, 0, 0, 0, 0],
    "thpcp": [1, 0.498081088066, 0.0619871169329, 0.0478816814721, 0.0217101611197, 0.00978503096849, 0.00507841305807, 0.00403622444719, 0.00453902408481, 0.00450457911938, 0.00482589099556, 0.00530918920413, 0.00569735560566, 0.00873097032309, 0.0154544170946, 0.0140176778659, 0.00606347387657, 0.00418374640867, 0.00541143165901, 0.00694402121007, 0.00810717139393, 0.00771557306871, 0.00693773431703, 0.00636837817729, 0.00531100155786, 0.00352942058817, 0.00205073971301, 0.00258012465201, 0.00560673279688, 0.00933839287609, 0.00780097162351, 0.00367017043754, 0.00361538189463, 0.00699752708897, 0.031392686069, 0.55791580677],
    "chords_key": "G",
    "chords_scale": "major",
    "key_key": "C",
    "key_scale": "minor",
    "chords_progression": ["G", "G", "G", "G", "G", "G", "G", "G", "G", "G", "G", "G", "G", "G", "G", "G", "G", "G", "G", "G", "G", "G", "G", "G", "G", "G", "G", "G", "G", "G", "G", "G", "G", "G", "G", "Gm", "Gm", "Gm", "Cm", "Cm", "Cm", "Cm", "Cm"]
}
}