{"lowlevel.dissonance.mean": [0.6268101930618286], "sfx.inharmonicity.mean": [1.174639105796814], "lowlevel.spectral_contrast.mean": [[0.35443007946014404, 0.28865671157836914, 0.31731081008911133, 0.9977296590805054, 1.0005269050598145, 0.8043818473815918]], "lowlevel.spectral_centroid.mean": [0.5521537065505981], "lowlevel.mfcc.mean": [[0.3955477476119995, 0.07249590009450912, 0.31872642040252686, 0.4395565986633301, 0.5355885624885559, 0.7202062010765076, 0.755972683429718, 0.4814380705356598, 0.0416485071182251, 0.11807379126548767, 1.0771384239196777, 1.7639254331588745, 0.16252121329307556]], "sfx.logattacktime.mean": [0.6434520483016968], "lowlevel.hfc.mean": [0.46885180473327637]}