{"lowlevel.dissonance.mean": [0.4672290086746216], "sfx.inharmonicity.mean": [0.302640825510025], "lowlevel.spectral_contrast.mean": [[0.444254994392395, 0.7502501010894775, 0.5026494264602661, 0.5040931701660156, 0.4440135955810547, 0.30036330223083496]], "lowlevel.spectral_centroid.mean": [0.34283843636512756], "lowlevel.mfcc.mean": [[0.39448535442352295, 0.8803411722183228, 0.7119333744049072, 0.17101377248764038, 0.38106608390808105, 0.3835980296134949, 0.1398107409477234, 0.1121455729007721, 0.5088303089141846, 0.733821451663971, 0.7056868672370911, 0.634495735168457, 0.7441755533218384]], "sfx.logattacktime.mean": [0.48735716938972473], "lowlevel.hfc.mean": [0.47411254048347473]}