{"lowlevel.dissonance.mean": [0.42365455627441406], "sfx.inharmonicity.mean": [0.5531631708145142], "lowlevel.spectral_contrast.mean": [[0.7122557759284973, 0.797260046005249, 0.9182097911834717, 0.8631621599197388, 0.6054964065551758, 0.5282719135284424]], "lowlevel.spectral_centroid.mean": [0.4560315012931824], "lowlevel.mfcc.mean": [[0.4015946388244629, 0.47100088000297546, -0.06363919377326965, 0.027660906314849854, 0.22325772047042847, 0.18554428219795227, 0.2182529866695404, 0.1859014928340912, 0.19325292110443115, 0.06229010224342346, 0.31104111671447754, 0.2503700852394104, 0.19913983345031738]], "sfx.logattacktime.mean": [0.4791918396949768], "lowlevel.hfc.mean": [0.46633172035217285]}