{
"metadata": {
    "version": {
        "essentia": "2.1-beta2"
    }
},
"lowLevel": {
    "dissonance": {
        "mean": 0.166937276721
    },
    "hfc": {
        "mean": 27.4460983276
    },
    "spectral_centroid": {
        "mean": 0.084940366447
    },
    "mfcc": {
        "mean": [-729.745910645, 49.0562095642, -192.16746521, -33.1347122192, -47.7959823608, -22.4529075623, -33.1048202515, -23.3006572723, -24.9864177704, -20.1943359375, -11.7450094223, 0.67241859436, 15.7396116257, 25.7404537201, 33.2202644348, 43.3520088196, 37.0463027954, 19.2182483673, -14.8197975159, -39.3755683899, -50.3499259949, -31.819442749, -0.00594235770404, 23.600107193, 23.210931778, 8.80178928375, -3.71027874947, -4.11786699295, 12.6526498795, 19.5596542358, 4.3681883812, -14.0933523178, -18.0037136078, -4.31444072723, 9.05385780334, 10.0669174194, -3.88363313675, -12.8420286179, -7.82774305344, 0.674692630768]
    },
    "spectral_contrast": {
        "mean": [-0.285739809275, -0.335642725229, -0.433335065842, -0.570075213909, -0.719366312027, -0.720103561878]
    }
},
"sfx": {
    "inharmonicity": {
        "mean": 0.186917185783
    },
    "logattacktime": {
        "mean": -5
    }
}
}