{
"metadata": {
    "version": {
        "essentia": "2.1-beta2"
    }
},
"lowLevel": {
    "dissonance": {
        "mean": 0.134710982442
    },
    "hfc": {
        "mean": 13.8599300385
    },
    "spectral_centroid": {
        "mean": 0.02869322896
    },
    "mfcc": {
        "mean": [-850.255065918, 260.453491211, 23.1722507477, -50.0344810486, -13.4865407944, -11.532910347, -47.3204460144, -61.6513519287, -39.8844490051, -8.12761497498, 8.1736240387, 12.4501276016, 15.0493164062, 4.15317249298, -22.1407833099, -33.1125679016, -12.9236383438, 5.44510269165, -0.416796892881, -4.57381153107, -0.12365591526, -8.28543376923, -17.1361618042, -8.63869094849, -1.15058922768, -6.08823776245, -6.77665328979, 0.139058500528, 1.86263084412, -3.56606006622, -8.55166435242, -6.34645700455, -2.26836490631, -4.46415710449, -5.24108028412, -1.90983617306, -4.27228116989, -8.41386222839, -4.45293188095, 1.23312175274]
    },
    "spectral_contrast": {
        "mean": [-0.439491510391, -0.647053897381, -0.75116199255, -0.84908926487, -0.886003792286, -0.822395861149]
    }
},
"sfx": {
    "inharmonicity": {
        "mean": 0.0269677452743
    },
    "logattacktime": {
        "mean": -5
    }
}
}