{
"metadata": {
    "version": {
        "essentia": "2.1-beta2"
    }
},
"lowLevel": {
    "dissonance": {
        "mean": 0.46097573638
    },
    "hfc": {
        "mean": 0.609911799431
    },
    "spectral_centroid": {
        "mean": 0.169784918427
    },
    "mfcc": {
        "mean": [-926.275024414, -54.8176307678, -97.51927948, 60.9840431213, 41.9960365295, 22.0920219421, -13.484582901, -10.0857686996, 4.02754974365, 29.4228649139, 14.9619197845, -7.46777200699, -13.2002840042, 11.6889400482, 13.1518163681, 7.61996507645, -0.406264573336, -3.69500732422, 7.801176548, 23.821516037, 3.25801157951, -0.625056505203, -6.21476268768, 1.04308497906, 0.712622642517, -4.66471815109, 4.46091604233, -2.3229432106, 3.10609674454, 1.14787185192, 4.69984912872, 1.21578359604, -7.30204582214, 3.97688770294, 0.02783289738, -1.46920537949, -0.482544928789, 0.122932545841, 5.28945207596, -0.520741403103]
    },
    "spectral_contrast": {
        "mean": [-0.799996376038, -0.850867688656, -0.736682832241, -0.763272702694, -0.752998530865, -0.774090707302]
    }
},
"sfx": {
    "inharmonicity": {
        "mean": 0.236698925495
    },
    "logattacktime": {
        "mean": -5
    }
}
}