{
"metadata": {
    "version": {
        "essentia": "2.1-beta2"
    }
},
"lowLevel": {
    "average_loudness": 0.986048698425,
    "barkbands_kurtosis": {
        "mean": 1.35253453255
    },
    "barkbands_skewness": {
        "mean": 0.852922618389
    },
    "barkbands_spread": {
        "mean": 11.3042850494
    },
    "dissonance": {
        "mean": 0.37345162034
    },
    "hfc": {
        "mean": 129.437683105
    },
    "pitch": {
        "mean": 890.302978516
    },
    "pitch_instantaneous_confidence": {
        "mean": 0.87838613987
    },
    "pitch_salience": {
        "mean": 0.514953732491
    },
    "silence_rate_20dB": {
        "mean": 0.985981285572
    },
    "silence_rate_30dB": {
        "mean": 0.537383198738
    },
    "silence_rate_60dB": {
        "mean": 0.20560747385
    },
    "spectral_centroid": {
        "mean": 1251.38903809
    },
    "spectral_complexity": {
        "mean": 2.52803730965
    },
    "spectral_crest": {
        "mean": 16.3965587616
    },
    "spectral_decrease": {
        "mean": -2.43637163777e-08
    },
    "spectral_energy": {
        "mean": 0.103694491088
    },
    "spectral_energyband_high": {
        "mean": 4.83217218061e-06
    },
    "spectral_energyband_low": {
        "mean": 2.14733532289e-07
    },
    "spectral_energyband_middle_high": {
        "mean": 0.10368924588
    },
    "spectral_energyband_middle_low": {
        "mean": 3.47973411863e-07
    },
    "spectral_flatness_db": {
        "mean": 0.526827871799
    },
    "spectral_flux": {
        "mean": 0.0214126482606
    },
    "spectral_kurtosis": {
        "mean": 53.6173210144
    },
    "spectral_rms": {
        "mean": 0.00869529508054
    },
    "spectral_rolloff": {
        "mean": 1893.61157227
    },
    "spectral_skewness": {
        "mean": 5.70358371735
    },
    "spectral_spread": {
        "mean": 4974817
    },
    "spectral_strongpeak": {
        "mean": 8.11580753326
    },
    "zerocrossingrate": {
        "mean": 0.0712502747774
    },
    "barkbands": {
        "mean": [2.92996219287e-07, 7.63243619417e-08, 6.73242261939e-09, 6.04155880879e-09, 4.0034766613e-08, 6.99667523918e-08, 3.05269338696e-08, 4.83632085491e-08, 9.28474150896e-08, 0.0635795667768, 4.16729817516e-05, 4.16173833173e-07, 8.1331546653e-07, 1.52954507939e-05, 0.0363347567618, 2.64201753453e-06, 0.00368864531629, 7.59244755955e-07, 2.45734099735e-05, 1.22852668483e-06, 2.51736491919e-06, 8.81731068603e-07, 9.06921826527e-08, 1.27517466808e-07, 6.64295214392e-08, 6.248774298e-08, 1.13186962025e-08]
    },
    "mfcc": {
        "mean": [-936.020507812, 52.1527671814, -119.249206543, -33.2697029114, -2.30180263519, -0.143875971437, 7.73669242859, 38.5065536499, 43.574432373, 6.91615343094, -32.3246192932, -48.8493766785, -17.1774406433]
    },
    "sccoeffs": {
        "mean": [-0.810749173164, -0.899293422699, -0.343723595142, -0.460908293724, -0.607108712196, -0.846164524555]
    },
    "scvalleys": {
        "mean": [-10.5581407547, -10.2424240112, -9.75378608704, -9.61769962311, -10.5377216339, -11.875169754]
    }
},
"rhythm": {
    "beats_loudness": {
        "mean": 0.115626782179
    },
    "bpm": 125.04763031,
    "first_peak_bpm": {
        "mean": 126
    },
    "first_peak_spread": {
        "mean": 0.333333313465
    },
    "first_peak_weight": {
        "mean": 0.5
    },
    "onset_rate": 0.202265754342,
    "second_peak_bpm": {
        "mean": 120
    },
    "second_peak_spread": {
        "mean": 0
    },
    "second_peak_weight": {
        "mean": 0.25
    },
    "beats_loudness_band_ratio": {
        "mean": [0.0115902470425, 0.00211216881871, 0.000865703681484, 0.630830526352, 0.32718488574, 0.0281218085438]
    },
    "beats_position": [0.487619042397, 0.975238084793, 1.45124709606, 1.93886613846, 2.43809509277, 2.91410422325, 3.39011335373, 3.86612248421, 4.3653512001],
    "bpm_estimates": [123.046875, 126.048034668, 123.046875, 126.04800415, 126.04800415, 126.04800415],
    "bpm_intervals": [0.487619042397, 0.476009011269, 0.487619042397, 0.499228954315, 0.476009130478, 0.476009130478, 0.476009130478, 0.499228715897],
    "onset_times": [0.568888902664]
},
"sfx": {
    "inharmonicity": {
        "mean": 0.0513372421265
    },
    "oddtoevenharmonicenergyratio": {
        "mean": 2.70262694359
    },
    "pitch_after_max_to_before_max_energy_ratio": 11.0688667297,
    "pitch_centroid": 107.567367554,
    "pitch_max_to_total": 0,
    "pitch_min_to_total": 0.0887850448489,
    "tristimulus": {
        "mean": [0.26121750474, 0.66441911459, 0.0238899122924]
    }
},
"tonal": {
    "chords_changes_rate": 0.0555555559695,
    "chords_number_rate": 0.0185185186565,
    "chords_strength": {
        "mean": 0.504856228828
    },
    "key_strength": 0.575463593006,
    "tuning_diatonic_strength": 0.442216813564,
    "tuning_equal_tempered_deviation": 0.154031261802,
    "tuning_frequency": 439.238189697,
    "tuning_nontempered_energy_ratio": 0.767253279686,
    "hpcp": {
        "mean": [0.884926736355, 0.404628872871, 0.0368320681155, 0.0354228764772, 0.0337428152561, 0.0203913897276, 0.0257346276194, 0.043053265661, 0.0387703441083, 0.0250674355775, 0.0413527004421, 0.0451303869486, 0.0285817310214, 0.0224806442857, 0.0189037676901, 0.0220541507006, 0.0337868779898, 0.0353679656982, 0.026691172272, 0.0297454614192, 0.0589950047433, 0.0812459886074, 0.074437789619, 0.122500911355, 0.128592461348, 0.0832387581468, 0.078120559454, 0.0623068585992, 0.0494546703994, 0.0481465570629, 0.0606443844736, 0.0722882822156, 0.0764526873827, 0.0713768079877, 0.0947250649333, 0.566299021244]
    },
    "chords_histogram": [31.4814815521, 68.5185165405, 0, 0, 0, 0, 0, 0, 0, 0, 0, 0, 0, 0, 0, 0, 0, 0, 0, 0, 0, 0, 0, 0],
    "thpcp": [1, 0.457245618105, 0.0416216030717, 0.0400291644037, 0.0381306298077, 0.023043025285, 0.0290810819715, 0.0486517846584, 0.0438119247556, 0.0283271316439, 0.0467300824821, 0.0509990081191, 0.0322984158993, 0.0254039615393, 0.0213619582355, 0.0249220076948, 0.0381804257631, 0.0399671122432, 0.0301620140672, 0.033613473177, 0.0666665434837, 0.0918109789491, 0.0841174572706, 0.138430565596, 0.145314246416, 0.0940628796816, 0.0882791280746, 0.0704090595245, 0.0558856092393, 0.0544073916972, 0.0685304030776, 0.0816884338856, 0.0863943696022, 0.0806584358215, 0.107042834163, 0.639938890934],
    "chords_key": "F",
    "chords_scale": "major",
    "key_key": "D",
    "key_scale": "minor",
    "chords_progression": ["F", "F", "F", "F", "F", "F", "F", "F", "F", "F", "F", "F", "F", "F", "F", "F", "F", "F", "F", "F", "F", "F", "F", "F", "F", "F", "F", "F", "F", "Dm", "Dm", "Dm", "Dm", "Dm", "Dm", "Dm", "Dm", "Dm", "Dm", "Dm", "Dm", "Dm", "Dm", "Dm", "Dm", "F", "F", "F", "F", "F", "Dm", "Dm", "Dm", "Dm", "F", "Dm", "Dm", "Dm", "Dm", "Dm", "Dm", "Dm", "Dm", "Dm", "Dm", "Dm", "Dm", "Dm", "Dm", "F", "F", "F", "F", "F", "F", "F", "F", "F", "F", "F", "F", "F", "F", "F", "F", "F", "F", "F", "F", "F", "F", "F", "F", "F", "F", "F", "F", "F", "F", "F", "F", "F", "F", "F", "F", "F", "F", "F"]
}
}