{"lowlevel.dissonance.mean": [0.5447242259979248], "sfx.inharmonicity.mean": [0.4925061762332916], "lowlevel.spectral_contrast.mean": [[0.39007747173309326, 0.29303598403930664, 1.1169921159744263, 0.7988858222961426, 1.2449110746383667, 0.9970712661743164]], "lowlevel.spectral_centroid.mean": [0.5420397520065308], "lowlevel.mfcc.mean": [[0.41253674030303955, 0.07547632604837418, 0.29934048652648926, 0.49660396575927734, 0.4581093192100525, 0.5527149438858032, 0.9588230848312378, 0.6066471338272095, 0.4181521534919739, 0.01022520661354065, -0.24888759851455688, 1.6817539930343628, 1.931254506111145]], "sfx.logattacktime.mean": [0.62971031665802], "lowlevel.hfc.mean": [0.48242583870887756]}