{
"metadata": {
    "version": {
        "essentia": "2.1-beta2"
    }
},
"lowLevel": {
    "dissonance": {
        "mean": 0.0600901320577
    },
    "hfc": {
        "mean": 18.3694648743
    },
    "spectral_centroid": {
        "mean": 0.113999091089
    },
    "mfcc": {
        "mean": [-968.233337402, 5.20651769638, -78.1743927002, -28.8933105469, 16.5760822296, 63.7198867798, 31.1500320435, -36.7584953308, -24.7599887848, 33.1947021484, 60.4001274109, 15.1809635162, -37.977355957, 25.1326770782, 57.2100372314, -12.7870635986, -14.0878095627, -4.34957838058, -23.3628883362, 46.636089325, 27.8965778351, -31.1933345795, 6.47664070129, 4.18643045425, 18.3216876984, -0.801660954952, -19.3370018005, 15.9802188873, -2.64035344124, 7.55065488815, -3.38709664345, -6.94687604904, -4.2012052536, 16.5283355713, -7.64735078812, -5.70262241364, 7.56042385101, 0.592190563679, -0.600314557552, -4.92474222183]
    },
    "spectral_contrast": {
        "mean": [-0.717619299889, -0.758756518364, -0.317060261965, -0.730331540108, -0.742807984352, -0.741800308228]
    }
},
"sfx": {
    "inharmonicity": {
        "mean": 0.238883450627
    },
    "logattacktime": {
        "mean": -5
    }
}
}