{
"metadata": {
    "version": {
        "essentia": "2.1-beta2"
    }
},
"lowLevel": {
    "average_loudness": 0.973667442799,
    "barkbands_kurtosis": {
        "mean": 150.983505249
    },
    "barkbands_skewness": {
        "mean": 8.73994731903
    },
    "barkbands_spread": {
        "mean": 3.21218776703
    },
    "dissonance": {
        "mean": 0.461442053318
    },
    "hfc": {
        "mean": 24.5578327179
    },
    "pitch": {
        "mean": 1251.95288086
    },
    "pitch_instantaneous_confidence": {
        "mean": 0.821141660213
    },
    "pitch_salience": {
        "mean": 0.169156879187
    },
    "silence_rate_20dB": {
        "mean": 1
    },
    "silence_rate_30dB": {
        "mean": 1
    },
    "silence_rate_60dB": {
        "mean": 0.293413162231
    },
    "spectral_centroid": {
        "mean": 1346.10498047
    },
    "spectral_complexity": {
        "mean": 1.79640722275
    },
    "spectral_crest": {
        "mean": 24.6917514801
    },
    "spectral_decrease": {
        "mean": -3.33643090933e-09
    },
    "spectral_energy": {
        "mean": 0.0148198865354
    },
    "spectral_energyband_high": {
        "mean": 0.000166530371644
    },
    "spectral_energyband_low": {
        "mean": 1.2523089481e-06
    },
    "spectral_energyband_middle_high": {
        "mean": 0.0146491024643
    },
    "spectral_energyband_middle_low": {
        "mean": 1.53083203713e-06
    },
    "spectral_flatness_db": {
        "mean": 0.414732098579
    },
    "spectral_flux": {
        "mean": 0.00763393146917
    },
    "spectral_kurtosis": {
        "mean": 5.21102380753
    },
    "spectral_rms": {
        "mean": 0.00321140978485
    },
    "spectral_rolloff": {
        "mean": 1405.71606445
    },
    "spectral_skewness": {
        "mean": 2.28865432739
    },
    "spectral_spread": {
        "mean": 13815920
    },
    "spectral_strongpeak": {
        "mean": 6.06270980835
    },
    "zerocrossingrate": {
        "mean": 0.0624298267066
    },
    "barkbands": {
        "mean": [2.50595553553e-06, 2.33437461361e-07, 5.71265275084e-08, 2.50886156294e-09, 2.96315192827e-07, 3.24388537365e-07, 5.03347735048e-07, 2.72827378467e-07, 9.24168617189e-08, 3.40414345601e-07, 7.13162080501e-07, 7.25977997718e-07, 9.25219069359e-07, 0.0144461253658, 2.26891486932e-07, 6.62055128942e-07, 5.18756451129e-07, 5.17909074915e-06, 0.000193609288544, 2.09552851516e-07, 6.19559650659e-05, 6.94749614922e-05, 1.06999516447e-06, 2.0263116312e-05, 7.40882114769e-06, 5.60056423637e-06, 6.3706409037e-07]
    },
    "mfcc": {
        "mean": [-949.07043457, 8.33265209198, -30.9183254242, -6.40469503403, 12.0169305801, 33.8715286255, -4.65784692764, -10.2224979401, -23.8366298676, 19.0536117554, 30.6885089874, 4.25809335709, -24.9293212891]
    },
    "sccoeffs": {
        "mean": [-0.725069761276, -0.852848529816, -0.858344376087, -0.51536911726, -0.762671351433, -0.753736913204]
    },
    "scvalleys": {
        "mean": [-10.2296123505, -9.93250370026, -10.2281684875, -10.3324050903, -10.8815174103, -11.5272140503]
    }
},
"rhythm": {
    "beats_loudness": {
        "mean": 0.0208435989916
    },
    "bpm": 95.2681045532,
    "first_peak_bpm": {
        "mean": 96
    },
    "first_peak_spread": {
        "mean": 0.25
    },
    "first_peak_weight": {
        "mean": 0.75
    },
    "onset_rate": 0.260487407446,
    "second_peak_bpm": {
        "mean": 0
    },
    "second_peak_spread": {
        "mean": 0
    },
    "second_peak_weight": {
        "mean": 0
    },
    "beats_loudness_band_ratio": {
        "mean": [8.56784972711e-05, 4.37780217908e-05, 5.794493336e-05, 0.971266388893, 0.270124316216, 0.0110449120402]
    },
    "beats_position": [0.626938760281, 1.25387752056, 1.88081634045, 2.50775504112, 3.14630389214],
    "bpm_estimates": [95.703125, 95.7031173706, 95.7031326294, 93.9630508423],
    "bpm_intervals": [0.626938760281, 0.626938819885, 0.626938700676, 0.638548851013],
    "onset_times": [0.441179126501]
},
"sfx": {
    "inharmonicity": {
        "mean": 0.0866175070405
    },
    "oddtoevenharmonicenergyratio": {
        "mean": 2285.23120117
    },
    "pitch_after_max_to_before_max_energy_ratio": 65.6550750732,
    "pitch_centroid": 82.7812576294,
    "pitch_max_to_total": 0,
    "pitch_min_to_total": 0.0838323384523,
    "tristimulus": {
        "mean": [0.295058459044, 0.420258164406, 0.045414943248]
    }
},
"tonal": {
    "chords_changes_rate": 0.0119047621265,
    "chords_number_rate": 0.023809524253,
    "chords_strength": {
        "mean": 0.351797729731
    },
    "key_strength": 0.56760007143,
    "tuning_diatonic_strength": 0.437339812517,
    "tuning_equal_tempered_deviation": 0.162940368056,
    "tuning_frequency": 444.085327148,
    "tuning_nontempered_energy_ratio": 0.678551018238,
    "hpcp": {
        "mean": [0.0153085831553, 0.00831748917699, 0.00181697134394, 0.00117626716383, 0.00142090127338, 0.00263387826271, 0.00298615940847, 0.00339354970492, 0.00346598634496, 0.00265706144273, 0.00323668308556, 0.00397543609142, 0.00486453995109, 0.00934009067714, 0.0154698221013, 0.0145636964589, 0.00766485789791, 0.00521805975586, 0.00547895440832, 0.00362202269025, 0.0026687392965, 0.00591371580958, 0.08796120435, 0.131164863706, 0.0487066581845, 0.00228550634347, 0.0022129197605, 0.00817370507866, 0.0372015051544, 0.46339520812, 0.89095044136, 0.498698741198, 0.0596745014191, 0.0314508192241, 0.0170696340501, 0.0121788224205]
    },
    "chords_histogram": [83.3333358765, 0, 0, 0, 0, 0, 0, 0, 0, 0, 0, 0, 0, 0, 0, 0, 0, 0, 0, 16.6666660309, 0, 0, 0, 0],
    "thpcp": [1, 0.559737920761, 0.0669784769416, 0.0353003032506, 0.0191589035094, 0.0136694721878, 0.0171823054552, 0.00933552440256, 0.00203936290927, 0.00132023857441, 0.00159481517039, 0.00295625673607, 0.00335165602155, 0.00380890956149, 0.00389021239243, 0.00298227742314, 0.00363284302875, 0.00446201721206, 0.00545994471759, 0.0104832891375, 0.0173632800579, 0.0163462478667, 0.00860301218927, 0.00585673423484, 0.00614956114441, 0.0040653469041, 0.00299538462423, 0.00663753598928, 0.0987273827195, 0.147219032049, 0.0546682029963, 0.00256524514407, 0.0024837742094, 0.00917414110154, 0.0417548529804, 0.520113348961],
    "chords_key": "C",
    "chords_scale": "major",
    "key_key": "C",
    "key_scale": "major",
    "chords_progression": ["Gm", "Gm", "Gm", "Gm", "Gm", "Gm", "Gm", "Gm", "Gm", "Gm", "Gm", "Gm", "Gm", "Gm", "C", "C", "C", "C", "C", "C", "C", "C", "C", "C", "C", "C", "C", "C", "C", "C", "C", "C", "C", "C", "C", "C", "C", "C", "C", "C", "C", "C", "C", "C", "C", "C", "C", "C", "C", "C", "C", "C", "C", "C", "C", "C", "C", "C", "C", "C", "C", "C", "C", "C", "C", "C", "C", "C", "C", "C", "C", "C", "C", "C", "C", "C", "C", "C", "C", "C", "C", "C", "C", "C"]
}
}