{
"metadata": {
    "version": {
        "essentia": "2.1-beta2"
    }
},
"lowLevel": {
    "average_loudness": 0.693391561508,
    "barkbands_kurtosis": {
        "mean": 30.4677238464
    },
    "barkbands_skewness": {
        "mean": -0.521272420883
    },
    "barkbands_spread": {
        "mean": 0.715479314327
    },
    "dissonance": {
        "mean": 0.0643867775798
    },
    "hfc": {
        "mean": 13.0193948746
    },
    "pitch": {
        "mean": 615.325683594
    },
    "pitch_instantaneous_confidence": {
        "mean": 0.97439211607
    },
    "pitch_salience": {
        "mean": 0.0483684651554
    },
    "silence_rate_20dB": {
        "mean": 1
    },
    "silence_rate_30dB": {
        "mean": 0.923913061619
    },
    "silence_rate_60dB": {
        "mean": 0.630434811115
    },
    "spectral_centroid": {
        "mean": 645.578918457
    },
    "spectral_complexity": {
        "mean": 1.32608699799
    },
    "spectral_crest": {
        "mean": 21.2622203827
    },
    "spectral_decrease": {
        "mean": -5.23338927749e-09
    },
    "spectral_energy": {
        "mean": 0.0209329109639
    },
    "spectral_energyband_high": {
        "mean": 6.1700848164e-06
    },
    "spectral_energyband_low": {
        "mean": 4.03199228458e-05
    },
    "spectral_energyband_middle_high": {
        "mean": 0.000155586574692
    },
    "spectral_energyband_middle_low": {
        "mean": 0.0207375362515
    },
    "spectral_flatness_db": {
        "mean": 0.781246542931
    },
    "spectral_flux": {
        "mean": 0.0139551153407
    },
    "spectral_kurtosis": {
        "mean": 168.295288086
    },
    "spectral_rms": {
        "mean": 0.0026510222815
    },
    "spectral_rolloff": {
        "mean": 683.679199219
    },
    "spectral_skewness": {
        "mean": 10.4579629898
    },
    "spectral_spread": {
        "mean": 3590412.5
    },
    "spectral_strongpeak": {
        "mean": 1.47219729424
    },
    "zerocrossingrate": {
        "mean": 0.0339143164456
    },
    "barkbands": {
        "mean": [4.43401848571e-09, 1.13693149615e-05, 2.22817652684e-05, 4.92124163429e-05, 0.00049872463569, 0.000166333426023, 2.6680116207e-05, 0.00395735958591, 0.0160391423851, 4.4233911467e-07, 9.21045227642e-07, 6.37205403109e-06, 2.10804546441e-06, 2.53098647818e-07, 0.000113566580694, 1.11323387841e-07, 2.71411336144e-05, 2.22266385208e-06, 1.51760457356e-06, 1.7250640667e-06, 1.91650269699e-06, 2.13039334085e-06, 9.34885918014e-07, 3.18020909162e-07, 1.11082826493e-07, 1.8714993999e-08, 3.72886654887e-09]
    },
    "mfcc": {
        "mean": [-1054.02111816, 62.5466041565, 11.2681150436, -7.28262042999, -26.8589954376, -33.860748291, -24.3909912109, 6.88196659088, 35.3570899963, 44.886013031, 32.2303123474, 6.47946834564, -16.0918254852]
    },
    "sccoeffs": {
        "mean": [-0.688561141491, -0.251685798168, -0.615417420864, -0.780378758907, -0.841441333294, -0.897609114647]
    },
    "scvalleys": {
        "mean": [-12.738863945, -12.8378734589, -13.1847763062, -13.9739513397, -14.315284729, -14.5456571579]
    }
},
"rhythm": {
    "beats_loudness": {
        "mean": 0.00782096758485
    },
    "bpm": 133.674407959,
    "first_peak_bpm": {
        "mean": 133
    },
    "first_peak_spread": {
        "mean": 0.333333313465
    },
    "first_peak_weight": {
        "mean": 0.666666686535
    },
    "onset_rate": 0.473485887051,
    "second_peak_bpm": {
        "mean": 0
    },
    "second_peak_spread": {
        "mean": 0
    },
    "second_peak_weight": {
        "mean": 0
    },
    "beats_loudness_band_ratio": {
        "mean": [0.000500479422044, 1.0726272194e-05, 0.999315500259, 8.25674942462e-06, 0.000170587896719, 6.0909333115e-06]
    },
    "beats_position": [0.452789098024, 0.905578196049, 1.34675729275, 1.79954648018],
    "bpm_estimates": [132.512023926, 135.999191284, 132.511993408],
    "bpm_intervals": [0.452789098024, 0.441179096699, 0.452789187431],
    "onset_times": [0.0232199542224]
},
"sfx": {
    "inharmonicity": {
        "mean": 0.0136754317209
    },
    "oddtoevenharmonicenergyratio": {
        "mean": 10814202
    },
    "pitch_after_max_to_before_max_energy_ratio": 0.011435424909,
    "pitch_centroid": 46.1681251526,
    "pitch_max_to_total": 0.989130437374,
    "pitch_min_to_total": 0,
    "tristimulus": {
        "mean": [0.749096691608, 0.247335001826, 0.00356104131788]
    }
},
"tonal": {
    "chords_changes_rate": 0.0851063802838,
    "chords_number_rate": 0.0851063802838,
    "chords_strength": {
        "mean": 0.381555646658
    },
    "key_strength": 0.573053777218,
    "tuning_diatonic_strength": 0.340882450342,
    "tuning_equal_tempered_deviation": 0.111432470381,
    "tuning_frequency": 441.527557373,
    "tuning_nontempered_energy_ratio": 0.661759197712,
    "hpcp": {
        "mean": [0.0101360809058, 0.00101794966031, 0.000981527497061, 0.00163210416213, 0.000905331689864, 0.000149768296978, 8.42479639687e-05, 0.000244284397922, 0.00132335105445, 0.0103295473382, 0.0128683662042, 0.00371647486463, 7.67528181314e-05, 4.24501522502e-05, 8.39413769427e-06, 8.31103534438e-06, 0.000330245791702, 0.506300628185, 1, 0.494131565094, 0.000113420523121, 4.15360918851e-05, 4.69254773634e-05, 1.68926526385e-05, 9.66962834354e-05, 0.000230529956752, 0.000207318094908, 9.2241774837e-05, 0.000102411955595, 0.000161575007951, 0.000733120483346, 0.00173906469718, 0.00150566373486, 0.000679959659465, 0.00440045865253, 0.0133854746819]
    },
    "chords_histogram": [17.021276474, 34.042552948, 31.914894104, 0, 0, 0, 0, 17.021276474, 0, 0, 0, 0, 0, 0, 0, 0, 0, 0, 0, 0, 0, 0, 0, 0],
    "thpcp": [1, 0.494131565094, 0.000113420523121, 4.15360918851e-05, 4.69254773634e-05, 1.68926526385e-05, 9.66962834354e-05, 0.000230529956752, 0.000207318094908, 9.2241774837e-05, 0.000102411955595, 0.000161575007951, 0.000733120483346, 0.00173906469718, 0.00150566373486, 0.000679959659465, 0.00440045865253, 0.0133854746819, 0.0101360809058, 0.00101794966031, 0.000981527497061, 0.00163210416213, 0.000905331689864, 0.000149768296978, 8.42479639687e-05, 0.000244284397922, 0.00132335105445, 0.0103295473382, 0.0128683662042, 0.00371647486463, 7.67528181314e-05, 4.24501522502e-05, 8.39413769427e-06, 8.31103534438e-06, 0.000330245791702, 0.506300628185],
    "chords_key": "B",
    "chords_scale": "major",
    "key_key": "G#",
    "key_scale": "minor",
    "chords_progression": ["B", "B", "B", "B", "B", "B", "B", "B", "B", "B", "B", "B", "B", "B", "B", "B", "D#m", "D#m", "D#m", "D#m", "D#m", "D#m", "D#m", "D#m", "D#m", "D#m", "D#m", "D#m", "D#m", "D#m", "D#m", "G#m", "G#m", "G#m", "G#", "G#", "G#", "G#", "G#", "G#", "G#", "G#", "G#m", "G#m", "G#m", "G#m", "G#m"]
}
}