{"lowlevel.dissonance.mean": [0.4723759889602661], "sfx.inharmonicity.mean": [0.6575483083724976], "lowlevel.spectral_contrast.mean": [[0.6336991786956787, 0.8445075750350952, 0.921242356300354, 0.9389265775680542, 0.7358822822570801, 0.5753650665283203]], "lowlevel.spectral_centroid.mean": [0.4599097967147827], "lowlevel.mfcc.mean": [[0.44459855556488037, 0.5177218914031982, -0.10859605669975281, 0.059887081384658813, 0.25037717819213867, 0.17081081867218018, 0.2525497078895569, 0.17428705096244812, 0.25689253211021423, 0.19052740931510925, 0.3854590356349945, 0.1919293999671936, 0.11394503712654114]], "sfx.logattacktime.mean": [0.5521635413169861], "lowlevel.hfc.mean": [0.46676409244537354]}