{
"metadata": {
    "version": {
        "essentia": "2.1-beta2"
    }
},
"lowLevel": {
    "average_loudness": 0.99068403244,
    "barkbands_kurtosis": {
        "mean": 0.587734103203
    },
    "barkbands_skewness": {
        "mean": 1.05828642845
    },
    "barkbands_spread": {
        "mean": 8.77788162231
    },
    "dissonance": {
        "mean": 0.277756989002
    },
    "hfc": {
        "mean": 7.16504478455
    },
    "pitch": {
        "mean": 545.894165039
    },
    "pitch_instantaneous_confidence": {
        "mean": 0.946558654308
    },
    "pitch_salience": {
        "mean": 0.464462935925
    },
    "silence_rate_20dB": {
        "mean": 1
    },
    "silence_rate_30dB": {
        "mean": 0.985915482044
    },
    "silence_rate_60dB": {
        "mean": 0.760563373566
    },
    "spectral_centroid": {
        "mean": 1107.19921875
    },
    "spectral_complexity": {
        "mean": 2.33802819252
    },
    "spectral_crest": {
        "mean": 16.3601093292
    },
    "spectral_decrease": {
        "mean": -1.39105982289e-09
    },
    "spectral_energy": {
        "mean": 0.00590006634593
    },
    "spectral_energyband_high": {
        "mean": 0.000463287113234
    },
    "spectral_energyband_low": {
        "mean": 2.09443151107e-05
    },
    "spectral_energyband_middle_high": {
        "mean": 0.00140837486833
    },
    "spectral_energyband_middle_low": {
        "mean": 0.00402416475117
    },
    "spectral_flatness_db": {
        "mean": 0.593464612961
    },
    "spectral_flux": {
        "mean": 0.0147274183109
    },
    "spectral_kurtosis": {
        "mean": 41.186832428
    },
    "spectral_rms": {
        "mean": 0.00128128705546
    },
    "spectral_rolloff": {
        "mean": 1737.21374512
    },
    "spectral_skewness": {
        "mean": 5.19239473343
    },
    "spectral_spread": {
        "mean": 5156699
    },
    "spectral_strongpeak": {
        "mean": 0.485053420067
    },
    "zerocrossingrate": {
        "mean": 0.0692534074187
    },
    "barkbands": {
        "mean": [3.60108245445e-08, 6.05077843829e-07, 4.11133805756e-06, 0.00011163851741, 0.00102040939964, 0.000575913349167, 0.000220929912757, 0.00207333592698, 2.17284650716e-05, 1.79508526799e-06, 1.58990987984e-05, 0.000442567892605, 4.42688087787e-06, 4.25179605372e-05, 2.77055119113e-06, 0.000740003597457, 1.32454499635e-06, 8.06944735814e-05, 2.5842073228e-05, 5.60218941246e-05, 0.000272416771622, 9.5843381132e-05, 3.00741266983e-05, 3.35304757755e-05, 1.16718001664e-05, 1.09172024167e-05, 3.04698914988e-06]
    },
    "mfcc": {
        "mean": [-1003.31329346, 43.2510414124, -41.2653121948, -25.8418750763, -27.6458892822, -17.4910488129, -11.9117870331, -2.10294270515, 6.34117794037, -4.1435880661, 0.594705045223, 36.9284858704, 38.3816337585]
    },
    "sccoeffs": {
        "mean": [-0.73474752903, -0.364668041468, -0.449945598841, -0.704974412918, -0.573585033417, -0.845070242882]
    },
    "scvalleys": {
        "mean": [-13.2223711014, -12.6570863724, -12.8535871506, -13.3665924072, -13.8423862457, -14.2709856033]
    }
},
"rhythm": {
    "beats_loudness": {
        "mean": 0.000933789997362
    },
    "bpm": 112.347137451,
    "first_peak_bpm": {
        "mean": 112
    },
    "first_peak_spread": {
        "mean": 0
    },
    "first_peak_weight": {
        "mean": 1
    },
    "onset_rate": 0.621897578239,
    "second_peak_bpm": {
        "mean": 0
    },
    "second_peak_spread": {
        "mean": 0
    },
    "second_peak_weight": {
        "mean": 0
    },
    "beats_loudness_band_ratio": {
        "mean": [1.72540057974e-05, 5.072085969e-07, 0.770718693733, 0.183656722307, 0.0451647117734, 0.000448060396593]
    },
    "beats_position": [0.522448956966, 1.05650794506],
    "bpm_estimates": [112.347137451],
    "bpm_intervals": [0.534058988094],
    "onset_times": [0.0232199542224]
},
"sfx": {
    "inharmonicity": {
        "mean": 0.0175129696727
    },
    "oddtoevenharmonicenergyratio": {
        "mean": 1.11979615688
    },
    "pitch_after_max_to_before_max_energy_ratio": 0.0256065037102,
    "pitch_centroid": 35.6355857849,
    "pitch_max_to_total": 0.971830964088,
    "pitch_min_to_total": 0.0281690135598,
    "tristimulus": {
        "mean": [0.338377714157, 0.635185539722, 0.0194668918848]
    }
},
"tonal": {
    "chords_changes_rate": 0.0277777779847,
    "chords_number_rate": 0.0555555559695,
    "chords_strength": {
        "mean": 0.24215272069
    },
    "key_strength": 0.578396975994,
    "tuning_diatonic_strength": 0.352965503931,
    "tuning_equal_tempered_deviation": 0.083504319191,
    "tuning_frequency": 443.572570801,
    "tuning_nontempered_energy_ratio": 0.678159177303,
    "hpcp": {
        "mean": [6.11104987911e-05, 0.000123685749713, 0.000149571511429, 0.000246028997935, 0.00150401412975, 0.00294747855514, 0.00196322635747, 0.00184656260535, 0.00465699937195, 0.0145081179217, 0.029044194147, 0.518532335758, 0.979501724243, 0.478984504938, 0.000331318005919, 2.50378925557e-05, 9.37101140153e-05, 0.000183226322406, 0.00127421959769, 0.00291455397382, 0.00194770423695, 0.000260886765318, 0.000843694666401, 0.00343641149811, 0.00356691610068, 0.00103773968294, 0.000227003358305, 0.00375681580044, 0.0151921259239, 0.0155680030584, 0.0151743059978, 0.0171375516802, 0.0218548662961, 0.0237068161368, 0.00787727627903, 4.83529984194e-05]
    },
    "chords_histogram": [0, 0, 63.8888893127, 0, 0, 0, 0, 36.1111106873, 0, 0, 0, 0, 0, 0, 0, 0, 0, 0, 0, 0, 0, 0, 0, 0],
    "thpcp": [1, 0.489008337259, 0.000338251586072, 2.55618670053e-05, 9.5671210147e-05, 0.000187060752069, 0.00130088545848, 0.00297554745339, 0.00198846426792, 0.000266346411081, 0.000861350854393, 0.00350832613185, 0.00364156183787, 0.0010594567284, 0.000231753918342, 0.00383543572389, 0.0155100552365, 0.0158937983215, 0.0154918627813, 0.0174961928278, 0.0223122276366, 0.0242029353976, 0.00804212596267, 4.93648949487e-05, 6.23893720331e-05, 0.000126274157083, 0.000152701628394, 0.000251177698374, 0.00153548899107, 0.00300916121341, 0.00200431118719, 0.00188520608936, 0.00475445762277, 0.0148117328063, 0.0296520087868, 0.529383778572],
    "chords_key": "C#",
    "chords_scale": "minor",
    "key_key": "F#",
    "key_scale": "minor",
    "chords_progression": ["C#m", "C#m", "C#m", "C#m", "C#m", "C#m", "C#m", "C#m", "C#m", "C#m", "C#m", "C#m", "C#m", "C#m", "C#m", "C#m", "C#m", "C#m", "C#m", "C#m", "C#m", "C#m", "C#m", "F#", "F#", "F#", "F#", "F#", "F#", "F#", "F#", "F#", "F#", "F#", "F#", "F#"]
}
}