{
"metadata": {
    "version": {
        "essentia": "2.1-beta2"
    }
},
"lowLevel": {
    "dissonance": {
        "mean": 0.220299735665
    },
    "hfc": {
        "mean": 1.0309343338
    },
    "spectral_centroid": {
        "mean": 0.0848815143108
    },
    "mfcc": {
        "mean": [-793.601623535, 139.833511353, -73.2393112183, 6.68575620651, -38.408744812, -13.7522506714, -3.28980875015, -1.6974593401, 2.54650712013, -12.2043561935, -8.89204025269, -20.434469223, -10.1320343018, -9.81531524658, -9.27660655975, -3.50427675247, -1.39160847664, 1.31920659542, 8.95276641846, 15.3014135361, -4.52194786072, 4.20036745071, 12.0751552582, 18.6535148621, 28.6977939606, 3.84139609337, -5.25004053116, 1.43917953968, -1.08525681496, -3.71316123009, -15.9378709793, -8.78339290619, -0.900681972504, 9.86894321442, 12.8870697021, -0.150345787406, 5.13452625275, 0.491825163364, -0.366807460785, -0.231943532825]
    },
    "spectral_contrast": {
        "mean": [-0.637615799904, -0.58143144846, -0.715273976326, -0.752287864685, -0.757403314114, -0.786575853825]
    }
},
"sfx": {
    "inharmonicity": {
        "mean": 0.246110931039
    },
    "logattacktime": {
        "mean": -5
    }
}
}