{"lowlevel.dissonance.mean": [0.4909909963607788], "sfx.inharmonicity.mean": [0.5232511162757874], "lowlevel.spectral_contrast.mean": [[0.6456732749938965, 0.8604531288146973, 0.9002965688705444, 0.8697311878204346, 0.7711331844329834, 0.5897250175476074]], "lowlevel.spectral_centroid.mean": [0.4728403091430664], "lowlevel.mfcc.mean": [[0.4250069856643677, 0.39290958642959595, -0.14863666892051697, 0.15606901049613953, 0.24506382644176483, 0.2762888967990875, 0.2774563729763031, 0.25009873509407043, 0.2050698697566986, 0.09930890798568726, 0.19951319694519043, 0.162160724401474, 0.34796780347824097]], "sfx.logattacktime.mean": [0.47423863410949707], "lowlevel.hfc.mean": [0.4676123857498169]}