{
"metadata": {
    "version": {
        "essentia": "2.1-beta2"
    }
},
"lowLevel": {
    "dissonance": {
        "mean": 0.196717426181
    },
    "hfc": {
        "mean": 35.3953094482
    },
    "spectral_centroid": {
        "mean": 0.063614629209
    },
    "mfcc": {
        "mean": [-673.70916748, 151.264801025, -83.4048614502, -0.35668605566, -45.2661094666, -36.235710144, -36.5149803162, -27.3624572754, -28.5386772156, -18.6758022308, 1.82919883728, 13.0995111465, 3.11010932922, 11.3716182709, 2.44207859039, 4.40199899673, 2.85961604118, -15.7104997635, -11.6604356766, -7.32783746719, -16.2264289856, 0.945419251919, 2.54588603973, 0.790218412876, 22.4654693604, 2.80813860893, 5.99062728882, 23.7595005035, 18.8712024689, 3.5648086071, -0.444471925497, 8.02350997925, 0.837456762791, -3.42842078209, -0.0638535320759, -5.89640188217, -5.27323961258, -0.458874166012, 2.6466383934, 1.47047960758]
    },
    "spectral_contrast": {
        "mean": [-0.316160440445, -0.590043723583, -0.618084430695, -0.653998911381, -0.737744510174, -0.779602348804]
    }
},
"sfx": {
    "inharmonicity": {
        "mean": 0.240545079112
    },
    "logattacktime": {
        "mean": -4.94339132309
    }
}
}