{
"metadata": {
    "version": {
        "essentia": "2.1-beta2"
    }
},
"lowLevel": {
    "average_loudness": 0.99068403244,
    "barkbands_kurtosis": {
        "mean": 0.492625057697
    },
    "barkbands_skewness": {
        "mean": -0.560917317867
    },
    "barkbands_spread": {
        "mean": 14.3420066833
    },
    "dissonance": {
        "mean": 0.464631587267
    },
    "hfc": {
        "mean": 33.4059104919
    },
    "pitch": {
        "mean": 469.366729736
    },
    "pitch_instantaneous_confidence": {
        "mean": 0.438600063324
    },
    "pitch_salience": {
        "mean": 0.538230478764
    },
    "silence_rate_20dB": {
        "mean": 1
    },
    "silence_rate_30dB": {
        "mean": 0.948717951775
    },
    "silence_rate_60dB": {
        "mean": 0.692307710648
    },
    "spectral_centroid": {
        "mean": 3045.00952148
    },
    "spectral_complexity": {
        "mean": 10.2820510864
    },
    "spectral_crest": {
        "mean": 6.40091705322
    },
    "spectral_decrease": {
        "mean": -2.3250545933e-09
    },
    "spectral_energy": {
        "mean": 0.0118053024635
    },
    "spectral_energyband_high": {
        "mean": 0.00232958653942
    },
    "spectral_energyband_low": {
        "mean": 2.65953360667e-07
    },
    "spectral_energyband_middle_high": {
        "mean": 0.00834155082703
    },
    "spectral_energyband_middle_low": {
        "mean": 0.00114679243416
    },
    "spectral_flatness_db": {
        "mean": 0.220114827156
    },
    "spectral_flux": {
        "mean": 0.0372982956469
    },
    "spectral_kurtosis": {
        "mean": 9.34687423706
    },
    "spectral_rms": {
        "mean": 0.00194638944231
    },
    "spectral_rolloff": {
        "mean": 4826.19824219
    },
    "spectral_skewness": {
        "mean": 1.96900939941
    },
    "spectral_spread": {
        "mean": 7446043
    },
    "spectral_strongpeak": {
        "mean": 1.64885282516
    },
    "zerocrossingrate": {
        "mean": 0.149251297116
    },
    "barkbands": {
        "mean": [2.30787449595e-07, 1.63432488876e-07, 3.68176644727e-09, 7.05293690118e-09, 1.17659382681e-07, 6.30125782664e-08, 4.96709208164e-06, 0.00113790482283, 3.16854925586e-06, 7.82571714808e-06, 2.90477473754e-05, 0.00060117704561, 5.55179285584e-05, 0.00112672813702, 0.00293150590733, 0.000411594606703, 0.00073636113666, 0.00115843373351, 0.00114962644875, 0.000341436854796, 0.000660662772134, 0.000779247144237, 0.000243374452111, 0.000235286774114, 0.000172335552634, 1.76073863258e-05, 9.15741111385e-07]
    },
    "mfcc": {
        "mean": [-848.72857666, -20.4256629944, -110.940856934, -9.24057388306, -18.1393699646, 3.84329390526, 6.40041780472, 4.17650604248, 7.85985994339, 15.5686101913, 36.1513671875, 18.4878330231, 8.4736032486]
    },
    "sccoeffs": {
        "mean": [-0.80172264576, -0.583181738853, -0.638198971748, -0.69239461422, -0.715467095375, -0.710480451584]
    },
    "scvalleys": {
        "mean": [-11.1536931992, -11.0485038757, -10.7573099136, -9.01684093475, -9.2863483429, -11.4146604538]
    }
},
"rhythm": {
    "bpm": 0,
    "first_peak_bpm": {
        "mean": 0
    },
    "first_peak_spread": {
        "mean": 0
    },
    "first_peak_weight": {
        "mean": 0
    },
    "onset_rate": 1.16003787518,
    "second_peak_bpm": {
        "mean": 0
    },
    "second_peak_spread": {
        "mean": 0
    },
    "second_peak_weight": {
        "mean": 0
    },
    "beats_position": [],
    "bpm_estimates": [],
    "bpm_intervals": [],
    "onset_times": [0.0464399084449]
},
"sfx": {
    "inharmonicity": {
        "mean": 0.148498833179
    },
    "oddtoevenharmonicenergyratio": {
        "mean": 27.0167541504
    },
    "pitch_after_max_to_before_max_energy_ratio": 4.70589637756,
    "pitch_centroid": 19.1495800018,
    "pitch_max_to_total": 0,
    "pitch_min_to_total": 0.17948718369,
    "tristimulus": {
        "mean": [0.12388882041, 0.629912018776, 0.17173320055]
    }
},
"tonal": {
    "chords_changes_rate": 0,
    "chords_number_rate": 0.0500000007451,
    "chords_strength": {
        "mean": 0.353526473045
    },
    "key_strength": 0.635039567947,
    "tuning_diatonic_strength": 0.34525346756,
    "tuning_equal_tempered_deviation": 0.172633439302,
    "tuning_frequency": 439.491973877,
    "tuning_nontempered_energy_ratio": 0.82655030489,
    "hpcp": {
        "mean": [0.289302617311, 0.454713910818, 0.357433527708, 0.100282788277, 0.100607082248, 0.132213920355, 0.0692518353462, 0.0937364548445, 0.159997224808, 0.10019030422, 0.119229570031, 0.24656561017, 0.194283634424, 0.163691446185, 0.303263217211, 0.458642095327, 0.411906898022, 0.486228793859, 0.658471524715, 0.354004085064, 0.0845348089933, 0.163565248251, 0.288188666105, 0.331726700068, 0.197015985847, 0.0425584092736, 0.0981432124972, 0.321164935827, 0.395063757896, 0.432830512524, 0.535039842129, 0.343649923801, 0.121305428445, 0.125693649054, 0.115392968059, 0.146973207593]
    },
    "chords_histogram": [0, 0, 0, 0, 0, 0, 0, 0, 0, 0, 0, 100, 0, 0, 0, 0, 0, 0, 0, 0, 0, 0, 0, 0],
    "thpcp": [1, 0.537614881992, 0.128380358219, 0.248401403427, 0.437663078308, 0.50378292799, 0.299201995134, 0.0646321177483, 0.149047017097, 0.487743079662, 0.599970877171, 0.657326102257, 0.812548160553, 0.521890342236, 0.184222742915, 0.190886989236, 0.175243675709, 0.223203584552, 0.439354777336, 0.690559744835, 0.542823076248, 0.152296319604, 0.152788817883, 0.200789123774, 0.105170585215, 0.142354607582, 0.242982760072, 0.152155861259, 0.181070193648, 0.374451428652, 0.295052438974, 0.248593047261, 0.460556298494, 0.696525335312, 0.625550031662, 0.738420367241],
    "chords_key": "A",
    "chords_scale": "major",
    "key_key": "G",
    "key_scale": "minor",
    "chords_progression": ["A", "A", "A", "A", "A", "A", "A", "A", "A", "A", "A", "A", "A", "A", "A", "A", "A", "A", "A", "A"]
}
}