{
"metadata": {
    "version": {
        "essentia": "2.1-beta2"
    }
},
"lowLevel": {
    "dissonance": {
        "mean": 0.392473220825
    },
    "hfc": {
        "mean": 38.3107528687
    },
    "spectral_centroid": {
        "mean": 0.148927375674
    },
    "mfcc": {
        "mean": [-791.447937012, -9.69022846222, -120.545509338, -17.6570472717, -20.9255046844, 4.35891819, 3.07145237923, 4.36345911026, 3.6496155262, 18.7094230652, 44.5417747498, 26.1936225891, 5.15584659576, -3.7620677948, -8.25383472443, -8.45463275909, -13.5154666901, -7.99855518341, 19.1485557556, 24.2605304718, 13.4593906403, 4.07352113724, 0.0462805069983, -0.311163604259, -4.31523227692, -6.88996076584, -3.06281137466, -2.46685123444, 4.7765455246, 4.7138338089, 0.978645205498, -5.56831741333, -3.3313896656, 4.47534799576, 2.30040407181, 0.356885045767, -1.82109713554, -5.27647304535, -1.0137193203, -4.7527422905]
    },
    "spectral_contrast": {
        "mean": [-0.606472432613, -0.619796216488, -0.687972903252, -0.742673814297, -0.727911829948, -0.733450174332]
    }
},
"sfx": {
    "inharmonicity": {
        "mean": 0.235386162996
    },
    "logattacktime": {
        "mean": -4.87212562561
    }
}
}