{
"metadata": {
    "version": {
        "essentia": "2.1-beta2"
    }
},
"lowLevel": {
    "average_loudness": 0.99068403244,
    "barkbands_kurtosis": {
        "mean": 3.54266619682
    },
    "barkbands_skewness": {
        "mean": -1.55484139919
    },
    "barkbands_spread": {
        "mean": 25.6571788788
    },
    "dissonance": {
        "mean": 0.489287316799
    },
    "hfc": {
        "mean": 69.3689575195
    },
    "pitch": {
        "mean": 1688.87744141
    },
    "pitch_instantaneous_confidence": {
        "mean": 0.336969435215
    },
    "pitch_salience": {
        "mean": 0.685949921608
    },
    "silence_rate_20dB": {
        "mean": 1
    },
    "silence_rate_30dB": {
        "mean": 1
    },
    "silence_rate_60dB": {
        "mean": 0.537313461304
    },
    "spectral_centroid": {
        "mean": 4212.90722656
    },
    "spectral_complexity": {
        "mean": 15.5373134613
    },
    "spectral_crest": {
        "mean": 6.03805351257
    },
    "spectral_decrease": {
        "mean": -1.95692906324e-09
    },
    "spectral_energy": {
        "mean": 0.0136778727174
    },
    "spectral_energyband_high": {
        "mean": 0.00837869476527
    },
    "spectral_energyband_low": {
        "mean": 3.38803474733e-05
    },
    "spectral_energyband_middle_high": {
        "mean": 0.0049062888138
    },
    "spectral_energyband_middle_low": {
        "mean": 0.000305411114823
    },
    "spectral_flatness_db": {
        "mean": 0.145660176873
    },
    "spectral_flux": {
        "mean": 0.0523854345083
    },
    "spectral_kurtosis": {
        "mean": 1.4283516407
    },
    "spectral_rms": {
        "mean": 0.00266730459407
    },
    "spectral_rolloff": {
        "mean": 6510.09960938
    },
    "spectral_skewness": {
        "mean": 0.972533404827
    },
    "spectral_spread": {
        "mean": 10395349
    },
    "spectral_strongpeak": {
        "mean": 2.1859459877
    },
    "zerocrossingrate": {
        "mean": 0.212351322174
    },
    "barkbands": {
        "mean": [9.28914378164e-05, 3.70986572307e-06, 1.00361248201e-07, 3.7943470943e-07, 1.81266441359e-05, 4.2704941734e-05, 4.68708276458e-05, 0.00014581461437, 4.36042355432e-05, 1.2221351426e-05, 1.37723554872e-05, 5.05245079694e-05, 0.00016648802557, 0.000372179521946, 0.000256498839008, 0.000777080422267, 0.000500759866554, 0.00117285607848, 0.00130015600007, 0.000662707374431, 0.00153065519407, 0.00165692914743, 0.00294470228255, 0.00135876913555, 0.000408608786529, 9.28026493057e-05, 5.96172367295e-06]
    },
    "mfcc": {
        "mean": [-728.667663574, -42.1629638672, -53.7222862244, 15.4488782883, -9.33972072601, -2.87688970566, -18.5468387604, 8.0450630188, -3.04206085205, 12.3957061768, 16.1416893005, 15.4709978104, 11.2723827362]
    },
    "sccoeffs": {
        "mean": [-0.635533809662, -0.808750748634, -0.831259191036, -0.764387190342, -0.779307663441, -0.76084202528]
    },
    "scvalleys": {
        "mean": [-9.58820819855, -8.16852474213, -8.42418289185, -7.67423152924, -7.29601335526, -8.21425437927]
    }
},
"rhythm": {
    "beats_loudness": {
        "mean": 0.00825722515583
    },
    "bpm": 156.605117798,
    "first_peak_bpm": {
        "mean": 157
    },
    "first_peak_spread": {
        "mean": 0
    },
    "first_peak_weight": {
        "mean": 1
    },
    "onset_rate": 0.660021543503,
    "second_peak_bpm": {
        "mean": 0
    },
    "second_peak_spread": {
        "mean": 0
    },
    "second_peak_weight": {
        "mean": 0
    },
    "beats_loudness_band_ratio": {
        "mean": [0.0852985307574, 0.00157565751579, 0.00930177792907, 0.0236191619188, 0.283339649439, 0.603925526142]
    },
    "beats_position": [0.359909296036, 0.743038535118, 1.1261677742],
    "bpm_estimates": [156.605117798, 156.605117798],
    "bpm_intervals": [0.383129239082, 0.383129239082],
    "onset_times": [0.0464399084449]
},
"sfx": {
    "inharmonicity": {
        "mean": 0.0789940059185
    },
    "oddtoevenharmonicenergyratio": {
        "mean": 2.80655884743
    },
    "pitch_after_max_to_before_max_energy_ratio": 0.363833814859,
    "pitch_centroid": 36.0381546021,
    "pitch_max_to_total": 0.791044771671,
    "pitch_min_to_total": 0.447761207819,
    "tristimulus": {
        "mean": [0.193881511688, 0.382012397051, 0.200650513172]
    }
},
"tonal": {
    "chords_changes_rate": 0.0294117648154,
    "chords_number_rate": 0.0588235296309,
    "chords_strength": {
        "mean": 0.373590826988
    },
    "key_strength": 0.682766675949,
    "tuning_diatonic_strength": 0.442808687687,
    "tuning_equal_tempered_deviation": 0.125952452421,
    "tuning_frequency": 434.193115234,
    "tuning_nontempered_energy_ratio": 0.699703454971,
    "hpcp": {
        "mean": [0.446680814028, 0.480897068977, 0.366558104753, 0.299438416958, 0.235926792026, 0.210452720523, 0.327006518841, 0.381756752729, 0.438252478838, 0.51903963089, 0.457793802023, 0.371459007263, 0.33224850893, 0.268361479044, 0.235090583563, 0.292099148035, 0.346535623074, 0.363390535116, 0.306877404451, 0.184718102217, 0.220811292529, 0.311746299267, 0.240687459707, 0.485519528389, 0.826727986336, 0.660935878754, 0.533085227013, 0.502691209316, 0.314719378948, 0.230643600225, 0.310649394989, 0.391196370125, 0.31812903285, 0.263785690069, 0.299897074699, 0.339546263218]
    },
    "chords_histogram": [32.3529396057, 0, 0, 0, 0, 0, 0, 0, 0, 0, 0, 0, 0, 0, 0, 67.6470565796, 0, 0, 0, 0, 0, 0, 0, 0],
    "thpcp": [1, 0.799459934235, 0.644813358784, 0.608049094677, 0.380680680275, 0.278983652592, 0.375757694244, 0.473186314106, 0.384804964066, 0.319071918726, 0.362751811743, 0.410710990429, 0.540299594402, 0.581687152386, 0.443384170532, 0.362197011709, 0.285374134779, 0.254561007023, 0.395543068647, 0.461768269539, 0.53010481596, 0.62782394886, 0.553741753101, 0.449312239885, 0.401883721352, 0.324606746435, 0.284362673759, 0.353319525719, 0.419165223837, 0.439552724361, 0.371195137501, 0.22343274951, 0.26709061861, 0.377084493637, 0.291132599115, 0.587278425694],
    "chords_key": "A#",
    "chords_scale": "minor",
    "key_key": "F",
    "key_scale": "major",
    "chords_progression": ["A#m", "A#m", "A#m", "A#m", "A#m", "A#m", "A#m", "A#m", "A#m", "A#m", "A#m", "A#m", "A#m", "A#m", "A#m", "A#m", "A#m", "A#m", "A#m", "A#m", "A#m", "A#m", "A#m", "F", "F", "F", "F", "F", "F", "F", "F", "F", "F", "F"]
}
}