{
"metadata": {
    "version": {
        "essentia": "2.1-beta2"
    }
},
"lowLevel": {
    "average_loudness": 0.976133227348,
    "barkbands_kurtosis": {
        "mean": 5.45975160599
    },
    "barkbands_skewness": {
        "mean": 1.21991634369
    },
    "barkbands_spread": {
        "mean": 7.21362257004
    },
    "dissonance": {
        "mean": 0.475180745125
    },
    "hfc": {
        "mean": 58.764125824
    },
    "pitch": {
        "mean": 1437.0645752
    },
    "pitch_instantaneous_confidence": {
        "mean": 0.91485619545
    },
    "pitch_salience": {
        "mean": 0.440966665745
    },
    "silence_rate_20dB": {
        "mean": 1
    },
    "silence_rate_30dB": {
        "mean": 0.994818627834
    },
    "silence_rate_60dB": {
        "mean": 0.18134714663
    },
    "spectral_centroid": {
        "mean": 2024.24450684
    },
    "spectral_complexity": {
        "mean": 2.51813483238
    },
    "spectral_crest": {
        "mean": 19.2588062286
    },
    "spectral_decrease": {
        "mean": -6.26134566417e-09
    },
    "spectral_energy": {
        "mean": 0.0289617925882
    },
    "spectral_energyband_high": {
        "mean": 0.000201640839805
    },
    "spectral_energyband_low": {
        "mean": 2.46535449833e-07
    },
    "spectral_energyband_middle_high": {
        "mean": 0.0287572927773
    },
    "spectral_energyband_middle_low": {
        "mean": 2.56680527855e-06
    },
    "spectral_flatness_db": {
        "mean": 0.533565044403
    },
    "spectral_flux": {
        "mean": 0.0393011048436
    },
    "spectral_kurtosis": {
        "mean": 13.9715204239
    },
    "spectral_rms": {
        "mean": 0.00470627052709
    },
    "spectral_rolloff": {
        "mean": 2993.11206055
    },
    "spectral_skewness": {
        "mean": 3.17143535614
    },
    "spectral_spread": {
        "mean": 7244552.5
    },
    "spectral_strongpeak": {
        "mean": 7.66650152206
    },
    "zerocrossingrate": {
        "mean": 0.0866661295295
    },
    "barkbands": {
        "mean": [3.45334370877e-07, 8.04880002647e-08, 1.64266078517e-09, 5.85650139495e-10, 3.79641340587e-09, 2.5193151032e-06, 2.94379698396e-09, 2.47639619921e-09, 9.85722437008e-09, 1.46404147472e-07, 1.26166694869e-08, 7.49506507418e-05, 1.36634156434e-07, 0.0208433754742, 6.39379004497e-06, 4.09925917211e-07, 3.66720371403e-07, 0.001206693938, 0.006624662783, 1.12173825073e-06, 0.000137300914503, 1.53984092321e-05, 1.07863093035e-06, 4.4002008508e-05, 2.1096443561e-06, 5.47129729966e-07, 2.15222115685e-07]
    },
    "mfcc": {
        "mean": [-966.86114502, -46.6529960632, -76.376914978, 0.201488628983, 39.1988830566, 34.3197174072, 11.5755233765, -11.5151672363, -38.7280845642, 34.5058937073, 46.1416893005, 4.66323518753, -64.3676223755]
    },
    "sccoeffs": {
        "mean": [-0.737671375275, -0.865808963776, -0.86587023735, -0.424380987883, -0.544492006302, -0.689959585667]
    },
    "scvalleys": {
        "mean": [-11.6120405197, -11.7157030106, -11.0617313385, -10.2210130692, -10.8596162796, -12.0010232925]
    }
},
"rhythm": {
    "beats_loudness": {
        "mean": 0.0350213646889
    },
    "bpm": 152.042953491,
    "first_peak_bpm": {
        "mean": 152
    },
    "first_peak_spread": {
        "mean": 0.200000047684
    },
    "first_peak_weight": {
        "mean": 0.444444447756
    },
    "onset_rate": 2.02703738213,
    "second_peak_bpm": {
        "mean": 161
    },
    "second_peak_spread": {
        "mean": 0.33333337307
    },
    "second_peak_weight": {
        "mean": 0.222222223878
    },
    "beats_loudness_band_ratio": {
        "mean": [1.68271399161e-05, 0.000831204641145, 1.34066362989e-06, 0.728284716606, 0.317026674747, 0.0103699918836]
    },
    "beats_position": [0.441179126501, 0.824308395386, 1.23065757751, 1.62539684772, 2.02013611794, 2.41487526894, 2.7863945961, 3.15791368484, 3.55265307426, 3.97061228752],
    "bpm_estimates": [156.605102539, 147.656265259, 151.999069214, 151.999069214, 151.99911499, 151.999023438],
    "bpm_intervals": [0.383129268885, 0.406349182129, 0.39473927021, 0.39473927021, 0.394739151001, 0.371519327164, 0.371519088745, 0.39473938942, 0.417959213257],
    "onset_times": [0.325079351664, 0.638548731804, 1.04489791393, 1.1261677742, 1.78793644905, 2.28716564178, 2.97215414047, 3.33206343651, 3.80807256699]
},
"sfx": {
    "inharmonicity": {
        "mean": 0.0794139280915
    },
    "oddtoevenharmonicenergyratio": {
        "mean": 2397.07763672
    },
    "pitch_after_max_to_before_max_energy_ratio": 24.4603099823,
    "pitch_centroid": 102.148666382,
    "pitch_max_to_total": 0.0259067360312,
    "pitch_min_to_total": 0.0155440410599,
    "tristimulus": {
        "mean": [0.199719876051, 0.312803536654, 0.0447624139488]
    }
},
"tonal": {
    "chords_changes_rate": 0.0412371121347,
    "chords_number_rate": 0.0206185560673,
    "chords_strength": {
        "mean": 0.380555689335
    },
    "key_strength": 0.587833940983,
    "tuning_diatonic_strength": 0.389961868525,
    "tuning_equal_tempered_deviation": 0.167830169201,
    "tuning_frequency": 441.017791748,
    "tuning_nontempered_energy_ratio": 0.795666098595,
    "hpcp": {
        "mean": [0.0102676069364, 0.00744791561738, 0.00980012118816, 0.0127489492297, 0.0117606958374, 0.0100461887196, 0.0072072558105, 0.00480947550386, 0.00652813958004, 0.00753565691411, 0.0101377479732, 0.0147050656378, 0.00952982436866, 0.00630808388814, 0.0164017956704, 0.0344421640038, 0.0345094613731, 0.0185712855309, 0.0103500671685, 0.00786465965211, 0.0096570411697, 0.0109237264842, 0.0234135687351, 0.0441138707101, 0.0331179760396, 0.0149246351793, 0.0149224298075, 0.0212254133075, 0.0362551622093, 0.406733006239, 0.874128520489, 0.532806098461, 0.0566122271121, 0.0370774902403, 0.0358434282243, 0.0181592218578]
    },
    "chords_histogram": [0, 0, 0, 0, 0, 0, 0, 44.3298950195, 55.6701049805, 0, 0, 0, 0, 0, 0, 0, 0, 0, 0, 0, 0, 0, 0, 0],
    "thpcp": [1, 0.609528303146, 0.0647641941905, 0.0424165204167, 0.0410047583282, 0.0207740869373, 0.0117461066693, 0.00852038990706, 0.0112113049254, 0.0145847536623, 0.013454195112, 0.0114928055555, 0.00824507605284, 0.00550202326849, 0.00746816908941, 0.00862076506019, 0.0115975486115, 0.0168225448579, 0.0109020862728, 0.00721642607823, 0.0187635980546, 0.039401717484, 0.0394787043333, 0.0212454870343, 0.0118404412642, 0.00899714324623, 0.0110476212576, 0.012496705167, 0.0267850421369, 0.0504661165178, 0.0378868505359, 0.0170737318695, 0.0170712079853, 0.0242817997932, 0.0414757803082, 0.465301156044],
    "chords_key": "E",
    "chords_scale": "minor",
    "key_key": "C",
    "key_scale": "minor",
    "chords_progression": ["C", "C", "C", "Em", "Em", "Em", "Em", "Em", "Em", "Em", "Em", "Em", "Em", "Em", "Em", "Em", "Em", "Em", "Em", "Em", "Em", "Em", "Em", "Em", "Em", "Em", "Em", "Em", "Em", "Em", "Em", "Em", "Em", "Em", "Em", "Em", "Em", "Em", "Em", "Em", "Em", "Em", "Em", "Em", "Em", "Em", "Em", "Em", "Em", "Em", "Em", "Em", "Em", "Em", "Em", "C", "C", "C", "C", "C", "C", "C", "Em", "Em", "C", "C", "C", "C", "C", "C", "C", "C", "C", "C", "C", "C", "C", "C", "C", "C", "C", "C", "C", "C", "C", "C", "C", "C", "C", "C", "C", "C", "C", "C", "C", "C", "C"]
}
}