{
"metadata": {
    "version": {
        "essentia": "2.1-beta2"
    }
},
"lowLevel": {
    "average_loudness": 0.99068403244,
    "barkbands_kurtosis": {
        "mean": 165.949417114
    },
    "barkbands_skewness": {
        "mean": 5.14539718628
    },
    "barkbands_spread": {
        "mean": 16.5461826324
    },
    "dissonance": {
        "mean": 0.326599061489
    },
    "hfc": {
        "mean": 27.2819766998
    },
    "pitch": {
        "mean": 648.321777344
    },
    "pitch_instantaneous_confidence": {
        "mean": 0.691402733326
    },
    "pitch_salience": {
        "mean": 0.231448084116
    },
    "silence_rate_20dB": {
        "mean": 1
    },
    "silence_rate_30dB": {
        "mean": 0.952380955219
    },
    "silence_rate_60dB": {
        "mean": 0.797619044781
    },
    "spectral_centroid": {
        "mean": 1828.86608887
    },
    "spectral_complexity": {
        "mean": 8.61904716492
    },
    "spectral_crest": {
        "mean": 17.3711643219
    },
    "spectral_decrease": {
        "mean": -3.26603877276e-09
    },
    "spectral_energy": {
        "mean": 0.0148013448343
    },
    "spectral_energyband_high": {
        "mean": 0.00274615967646
    },
    "spectral_energyband_low": {
        "mean": 0.000340229424182
    },
    "spectral_energyband_middle_high": {
        "mean": 0.00234412634745
    },
    "spectral_energyband_middle_low": {
        "mean": 0.00964250974357
    },
    "spectral_flatness_db": {
        "mean": 0.39622348547
    },
    "spectral_flux": {
        "mean": 0.0319047048688
    },
    "spectral_kurtosis": {
        "mean": 12.1710252762
    },
    "spectral_rms": {
        "mean": 0.00159865920432
    },
    "spectral_rolloff": {
        "mean": 3211.00830078
    },
    "spectral_skewness": {
        "mean": 2.46764039993
    },
    "spectral_spread": {
        "mean": 22074506
    },
    "spectral_strongpeak": {
        "mean": 0.243494719267
    },
    "zerocrossingrate": {
        "mean": 0.115123927593
    },
    "barkbands": {
        "mean": [8.88573538305e-07, 7.16716613169e-06, 0.000111078319605, 0.000962151912972, 0.00650022225454, 0.000731526990421, 0.00084554910427, 0.000199333415367, 0.000360555888619, 0.000183046227903, 0.000111591878522, 0.000171924257302, 0.000134308356792, 0.000175261535333, 0.000130500120576, 0.000174336091732, 0.000182894611498, 0.000371186761186, 0.000434815825429, 0.000639810750727, 0.000751017127186, 0.000284967303742, 0.000379611039534, 0.000485055759782, 0.000314657518174, 0.000123819991131, 3.40704791597e-05]
    },
    "mfcc": {
        "mean": [-1000.18347168, 21.6241664886, 13.3670539856, 15.2698669434, 4.5712852478, -1.14636385441, -4.50875663757, -9.58673000336, -12.3436756134, -13.1979503632, -16.7546882629, -15.5685749054, -17.9805355072]
    },
    "sccoeffs": {
        "mean": [-0.479223012924, -0.835028171539, -0.888671219349, -0.886883676052, -0.890701591969, -0.898121356964]
    },
    "scvalleys": {
        "mean": [-13.7735309601, -13.3803939819, -13.6055746078, -13.6682014465, -13.734003067, -13.9916610718]
    }
},
"rhythm": {
    "beats_loudness": {
        "mean": 0.00247927592136
    },
    "bpm": 154.302093506,
    "first_peak_bpm": {
        "mean": 152
    },
    "first_peak_spread": {
        "mean": 0
    },
    "first_peak_weight": {
        "mean": 0.333333343267
    },
    "onset_rate": 0.520839452744,
    "second_peak_bpm": {
        "mean": 157
    },
    "second_peak_spread": {
        "mean": 0.5
    },
    "second_peak_weight": {
        "mean": 0.333333343267
    },
    "beats_loudness_band_ratio": {
        "mean": [0.758547663689, 0.526683092117, 0.0132285095751, 0.00724376505241, 0.0222005303949, 0.129970043898]
    },
    "beats_position": [0.348299324512, 0.719818592072, 1.10294783115, 1.49768710136],
    "bpm_estimates": [156.605117798, 151.999069214],
    "bpm_intervals": [0.371519267559, 0.383129239082, 0.39473927021],
    "onset_times": [0.0232199542224]
},
"sfx": {
    "inharmonicity": {
        "mean": 0.0212953425944
    },
    "oddtoevenharmonicenergyratio": {
        "mean": 125321.5
    },
    "pitch_after_max_to_before_max_energy_ratio": 0.787075996399,
    "pitch_centroid": 23.0591068268,
    "pitch_max_to_total": 0.154761910439,
    "pitch_min_to_total": 0,
    "tristimulus": {
        "mean": [0.767039716244, 0.16613830626, 0.0544878467917]
    }
},
"tonal": {
    "chords_changes_rate": 0.0697674453259,
    "chords_number_rate": 0.0697674453259,
    "chords_strength": {
        "mean": 0.568916916847
    },
    "key_strength": 0.564026832581,
    "tuning_diatonic_strength": 0.608687996864,
    "tuning_equal_tempered_deviation": 0.140874296427,
    "tuning_frequency": 438.477722168,
    "tuning_nontempered_energy_ratio": 0.819036960602,
    "hpcp": {
        "mean": [0.00849491823465, 0.00764098484069, 0.00840233825147, 0.00968250539154, 0.00987838674337, 0.0101968739182, 0.0104369428009, 0.0103919133544, 0.0101707521826, 0.00920457486063, 0.00910241343081, 0.0103187384084, 0.0122878095135, 0.0137121705338, 0.0161661691964, 0.0173707231879, 0.0147956516594, 0.0137103935704, 0.0119135715067, 0.00683485623449, 0.00455836346373, 0.00715501653031, 0.00867018289864, 0.00932679325342, 0.00842727720737, 0.00613709399477, 0.00528492638841, 0.0156039204448, 0.125609874725, 0.630430459976, 0.743488848209, 0.261364012957, 0.087943457067, 0.0753714218736, 0.0264229532331, 0.00760236987844]
    },
    "chords_histogram": [6.97674417496, 0, 0, 0, 0, 0, 0, 0, 0, 86.0465087891, 6.97674417496, 0, 0, 0, 0, 0, 0, 0, 0, 0, 0, 0, 0, 0],
    "thpcp": [1, 0.351537227631, 0.118284836411, 0.101375319064, 0.0355391390622, 0.0102252643555, 0.0114257503301, 0.0102772014216, 0.0113012297079, 0.0130230672657, 0.0132865300402, 0.0137148983777, 0.0140377935022, 0.0139772286639, 0.0136797642335, 0.012380246073, 0.012242837809, 0.0138788074255, 0.0165272280574, 0.0184430070221, 0.0217436607927, 0.0233637969941, 0.0199003014714, 0.0184406172484, 0.0160238742828, 0.00919295102358, 0.00613104505464, 0.00962356943637, 0.0116614839062, 0.0125446310267, 0.0113347731531, 0.00825445353985, 0.00710827950388, 0.0209874305874, 0.168946549296, 0.847935318947],
    "chords_key": "G",
    "chords_scale": "major",
    "key_key": "C",
    "key_scale": "minor",
    "chords_progression": ["G", "G", "G", "G", "G", "G", "G", "G", "G", "G", "G", "G", "G", "G", "G", "G", "G", "G", "G", "G", "G", "G", "G", "G", "G", "G", "G", "G", "G", "G", "G", "G", "G", "G", "G", "G", "G", "Cm", "Cm", "Bm", "Bm", "Bm", "Cm"]
}
}