{
"metadata": {
    "version": {
        "essentia": "2.1-beta2"
    }
},
"lowLevel": {
    "average_loudness": 0.961960792542,
    "barkbands_kurtosis": {
        "mean": 21.6804523468
    },
    "barkbands_skewness": {
        "mean": 0.0732753425837
    },
    "barkbands_spread": {
        "mean": 5.78066825867
    },
    "dissonance": {
        "mean": 0.284516215324
    },
    "hfc": {
        "mean": 18.5222187042
    },
    "pitch": {
        "mean": 615.740356445
    },
    "pitch_instantaneous_confidence": {
        "mean": 0.741642892361
    },
    "pitch_salience": {
        "mean": 0.429212123156
    },
    "silence_rate_20dB": {
        "mean": 1
    },
    "silence_rate_30dB": {
        "mean": 1
    },
    "silence_rate_60dB": {
        "mean": 0.361111104488
    },
    "spectral_centroid": {
        "mean": 674.049926758
    },
    "spectral_complexity": {
        "mean": 5.60185194016
    },
    "spectral_crest": {
        "mean": 17.8934173584
    },
    "spectral_decrease": {
        "mean": -8.88550211187e-09
    },
    "spectral_energy": {
        "mean": 0.0352159403265
    },
    "spectral_energyband_high": {
        "mean": 3.99487767311e-08
    },
    "spectral_energyband_low": {
        "mean": 0.000160272044013
    },
    "spectral_energyband_middle_high": {
        "mean": 0.000181764175068
    },
    "spectral_energyband_middle_low": {
        "mean": 0.0348741337657
    },
    "spectral_flatness_db": {
        "mean": 0.394339889288
    },
    "spectral_flux": {
        "mean": 0.00726843718439
    },
    "spectral_kurtosis": {
        "mean": 152.93397522
    },
    "spectral_rms": {
        "mean": 0.00463502295315
    },
    "spectral_rolloff": {
        "mean": 891.63293457
    },
    "spectral_skewness": {
        "mean": 9.48319530487
    },
    "spectral_spread": {
        "mean": 9243900
    },
    "spectral_strongpeak": {
        "mean": 3.08962607384
    },
    "zerocrossingrate": {
        "mean": 0.0389946848154
    },
    "barkbands": {
        "mean": [4.16995277419e-07, 4.57682872366e-05, 0.000114049173135, 3.38127438226e-06, 0.00018590928812, 0.000436051603174, 0.00454377150163, 0.0271826647222, 0.00252197938971, 9.16012595553e-06, 8.10319943412e-06, 9.00447921595e-05, 4.91618338856e-05, 2.2704456569e-05, 1.43263071095e-06, 1.229613531e-06, 4.12552196849e-08, 4.33008153777e-08, 2.05534664843e-08, 1.71594738418e-08, 8.4428579683e-09, 5.83924286701e-09, 3.7915226514e-09, 3.95612387294e-09, 2.88464629961e-09, 3.16923753907e-09, 1.82172932295e-09]
    },
    "mfcc": {
        "mean": [-943.876220703, 189.48034668, 38.4094047546, -27.7865562439, -14.6176843643, -5.99759578705, -18.9654331207, -20.6257076263, -2.50766777992, 16.3716278076, 22.4132919312, 16.3114700317, 3.95879530907]
    },
    "sccoeffs": {
        "mean": [-0.634499847889, -0.568231582642, -0.760681450367, -0.73126989603, -0.848679959774, -0.894361376762]
    },
    "scvalleys": {
        "mean": [-8.86130905151, -7.48444747925, -9.46687698364, -10.16796875, -12.3058309555, -13.1799087524]
    }
},
"rhythm": {
    "beats_loudness": {
        "mean": 0.0466892421246
    },
    "bpm": 166.70866394,
    "first_peak_bpm": {
        "mean": 167
    },
    "first_peak_spread": {
        "mean": 0
    },
    "first_peak_weight": {
        "mean": 1
    },
    "onset_rate": 1.20888161659,
    "second_peak_bpm": {
        "mean": 0
    },
    "second_peak_spread": {
        "mean": 0
    },
    "second_peak_weight": {
        "mean": 0
    },
    "beats_loudness_band_ratio": {
        "mean": [0.0900931060314, 0.0275991354138, 0.844693958759, 0.0208373051137, 0.0204189475626, 0.00448132818565]
    },
    "beats_position": [0.325079351664, 0.684988677502, 1.04489791393, 1.40480720997, 1.764716506, 2.12462592125],
    "bpm_estimates": [166.708648682, 166.708694458, 166.70866394, 166.70866394, 166.708618164],
    "bpm_intervals": [0.359909325838, 0.359909236431, 0.359909296036, 0.359909296036, 0.359909415245],
    "onset_times": [0.0464399084449, 0.220589563251, 2.40326523781]
},
"sfx": {
    "inharmonicity": {
        "mean": 0.00738596497104
    },
    "oddtoevenharmonicenergyratio": {
        "mean": 1.82664728165
    },
    "pitch_after_max_to_before_max_energy_ratio": 2.11406755447,
    "pitch_centroid": 40.7975196838,
    "pitch_max_to_total": 0.0185185186565,
    "pitch_min_to_total": 0.074074074626,
    "tristimulus": {
        "mean": [0.884724676609, 0.0939756408334, 0.0205374006182]
    }
},
"tonal": {
    "chords_changes_rate": 0.0181818176061,
    "chords_number_rate": 0.0363636352122,
    "chords_strength": {
        "mean": 0.646516144276
    },
    "key_strength": 0.662313938141,
    "tuning_diatonic_strength": 0.392596393824,
    "tuning_equal_tempered_deviation": 0.150818198919,
    "tuning_frequency": 436.204162598,
    "tuning_nontempered_energy_ratio": 0.803336262703,
    "hpcp": {
        "mean": [0.0291394274682, 0.0175540540367, 0.00819275062531, 0.00806202366948, 0.0351728126407, 0.0448817461729, 0.0285790991038, 0.0631812289357, 0.426780641079, 0.783955991268, 0.430697768927, 0.0270229000598, 0.0073835211806, 0.0121025322005, 0.0111908027902, 0.00742520298809, 0.0147168654948, 0.0316630639136, 0.0928691849113, 0.0961985066533, 0.0392572917044, 0.0172428004444, 0.0144596081227, 0.155139669776, 0.210198163986, 0.0680301263928, 0.00704628461972, 0.0251159518957, 0.0252526607364, 0.0122555624694, 0.0257675703615, 0.0297845620662, 0.0185566395521, 0.0399562604725, 0.051812145859, 0.0375010594726]
    },
    "chords_histogram": [9.09090900421, 90.9090881348, 0, 0, 0, 0, 0, 0, 0, 0, 0, 0, 0, 0, 0, 0, 0, 0, 0, 0, 0, 0, 0, 0],
    "thpcp": [1, 0.549390256405, 0.0344699211419, 0.00941828545183, 0.0154377697036, 0.0142747843638, 0.00947145372629, 0.018772566691, 0.0403888300061, 0.118462242186, 0.122709065676, 0.0500758886337, 0.0219946019351, 0.0184444133192, 0.197893336415, 0.268124967813, 0.0867779925466, 0.00898811221123, 0.0320374518633, 0.0322118364275, 0.0156329721212, 0.03286864236, 0.0379926450551, 0.0236705113202, 0.050967477262, 0.0660906285048, 0.0478356704116, 0.0371697247028, 0.0223916321993, 0.0104505233467, 0.010283770971, 0.0448657982051, 0.0572503395379, 0.0364549793303, 0.0805928260088, 0.544393599033],
    "chords_key": "G#",
    "chords_scale": "major",
    "key_key": "F",
    "key_scale": "minor",
    "chords_progression": ["G#", "G#", "G#", "G#", "G#", "G#", "G#", "G#", "G#", "G#", "G#", "G#", "G#", "G#", "G#", "G#", "G#", "G#", "G#", "G#", "G#", "G#", "G#", "G#", "G#", "G#", "G#", "G#", "G#", "G#", "G#", "G#", "G#", "G#", "G#", "G#", "G#", "G#", "G#", "G#", "G#", "G#", "G#", "G#", "G#", "G#", "G#", "G#", "G#", "G#", "Fm", "Fm", "Fm", "Fm", "Fm"]
}
}