{
"metadata": {
    "version": {
        "essentia": "2.1-beta2"
    }
},
"lowLevel": {
    "average_loudness": 0.99068403244,
    "barkbands_kurtosis": {
        "mean": 150.153839111
    },
    "barkbands_skewness": {
        "mean": 4.93518829346
    },
    "barkbands_spread": {
        "mean": 12.1525058746
    },
    "dissonance": {
        "mean": 0.290837466717
    },
    "hfc": {
        "mean": 26.7992095947
    },
    "pitch": {
        "mean": 303.154052734
    },
    "pitch_instantaneous_confidence": {
        "mean": 0.734793901443
    },
    "pitch_salience": {
        "mean": 0.197652429342
    },
    "silence_rate_20dB": {
        "mean": 0.988095223904
    },
    "silence_rate_30dB": {
        "mean": 0.928571403027
    },
    "silence_rate_60dB": {
        "mean": 0.880952358246
    },
    "spectral_centroid": {
        "mean": 1636.81469727
    },
    "spectral_complexity": {
        "mean": 5.19047641754
    },
    "spectral_crest": {
        "mean": 18.4593009949
    },
    "spectral_decrease": {
        "mean": -3.55721407885e-09
    },
    "spectral_energy": {
        "mean": 0.0158565156162
    },
    "spectral_energyband_high": {
        "mean": 0.00267262686975
    },
    "spectral_energyband_low": {
        "mean": 0.000456263573142
    },
    "spectral_energyband_middle_high": {
        "mean": 0.00209139590152
    },
    "spectral_energyband_middle_low": {
        "mean": 0.0109596773982
    },
    "spectral_flatness_db": {
        "mean": 0.434289485216
    },
    "spectral_flux": {
        "mean": 0.0272390153259
    },
    "spectral_kurtosis": {
        "mean": 18.7441425323
    },
    "spectral_rms": {
        "mean": 0.00137461139821
    },
    "spectral_rolloff": {
        "mean": 2887.24267578
    },
    "spectral_skewness": {
        "mean": 3.05105948448
    },
    "spectral_spread": {
        "mean": 20995656
    },
    "spectral_strongpeak": {
        "mean": 0.278904289007
    },
    "zerocrossingrate": {
        "mean": 0.0966041237116
    },
    "barkbands": {
        "mean": [7.49556079427e-07, 1.38399564094e-05, 0.000157947273692, 0.00118860485964, 0.00850865524262, 0.000498465320561, 0.000512919621542, 9.81654811767e-05, 0.000111310233478, 0.000233824015595, 5.31389814569e-05, 6.96728384355e-05, 6.18966660113e-05, 6.91408640705e-05, 0.000106186293124, 0.00014310653205, 0.000260772038018, 0.000405512517318, 0.000468779006042, 0.000566524220631, 0.000652171962429, 0.000276262522675, 0.000415193615481, 0.000514594546985, 0.000309721042868, 0.000125839069369, 3.35235708917e-05]
    },
    "mfcc": {
        "mean": [-1033.0246582, 33.9434394836, 23.0633106232, 20.4971599579, 8.43689441681, 0.477716982365, -4.0328373909, -8.05283737183, -11.2845134735, -13.1175098419, -15.8871412277, -14.9034643173, -17.207906723]
    },
    "sccoeffs": {
        "mean": [-0.503956377506, -0.801153361797, -0.892780423164, -0.895430266857, -0.900795459747, -0.904540896416]
    },
    "scvalleys": {
        "mean": [-13.7135648727, -13.8621740341, -14.2129688263, -14.4093675613, -14.5112943649, -14.7202205658]
    }
},
"rhythm": {
    "beats_loudness": {
        "mean": 0.000383597420296
    },
    "bpm": 161.499023438,
    "first_peak_bpm": {
        "mean": 161
    },
    "first_peak_spread": {
        "mean": 0
    },
    "first_peak_weight": {
        "mean": 1
    },
    "onset_rate": 0.520839452744,
    "second_peak_bpm": {
        "mean": 0
    },
    "second_peak_spread": {
        "mean": 0
    },
    "second_peak_weight": {
        "mean": 0
    },
    "beats_loudness_band_ratio": {
        "mean": [0.920122146606, 0.641276836395, 0.000465595861897, 0.00022459567117, 0.000288372888463, 0.000968847482]
    },
    "beats_position": [0.348299324512, 0.719818592072, 1.09133780003, 1.46285712719],
    "bpm_estimates": [161.499023438, 161.499053955, 161.49899292],
    "bpm_intervals": [0.371519267559, 0.371519207954, 0.371519327164],
    "onset_times": [0.0232199542224]
},
"sfx": {
    "inharmonicity": {
        "mean": 0.0199196897447
    },
    "oddtoevenharmonicenergyratio": {
        "mean": 44094.1835938
    },
    "pitch_after_max_to_before_max_energy_ratio": 2.14620566368,
    "pitch_centroid": 32.2027130127,
    "pitch_max_to_total": 0.095238097012,
    "pitch_min_to_total": 0,
    "tristimulus": {
        "mean": [0.751422822475, 0.190625742078, 0.0452655144036]
    }
},
"tonal": {
    "chords_changes_rate": 0.0697674453259,
    "chords_number_rate": 0.0697674453259,
    "chords_strength": {
        "mean": 0.465625673532
    },
    "key_strength": 0.591158807278,
    "tuning_diatonic_strength": 0.477534413338,
    "tuning_equal_tempered_deviation": 0.118868991733,
    "tuning_frequency": 432.191345215,
    "tuning_nontempered_energy_ratio": 0.766072273254,
    "hpcp": {
        "mean": [0.0091793993488, 0.00921944808215, 0.00868509430438, 0.00684040598571, 0.00759487459436, 0.0115476911888, 0.0183875411749, 0.0151477316394, 0.00763609725982, 0.00930269341916, 0.013415960595, 0.0139688672498, 0.0125203961506, 0.0147532876581, 0.0176408421248, 0.0181467048824, 0.0146069107577, 0.013765823096, 0.0152028268203, 0.0117456028238, 0.00668640481308, 0.00423392606899, 0.00529990997165, 0.00919067952782, 0.0115760779008, 0.00834072846919, 0.00813704822212, 0.00974403135478, 0.0107275042683, 0.222605288029, 0.760449886322, 0.655660033226, 0.168576613069, 0.0828972384334, 0.0311332959682, 0.0103465151042]
    },
    "chords_histogram": [25.5813961029, 0, 6.97674417496, 0, 0, 0, 0, 0, 0, 67.4418640137, 0, 0, 0, 0, 0, 0, 0, 0, 0, 0, 0, 0, 0, 0],
    "thpcp": [1, 0.862200200558, 0.221680104733, 0.109010785818, 0.0409406274557, 0.0136057818308, 0.012071011588, 0.0121236760169, 0.011420994997, 0.00899520982057, 0.00998734403402, 0.015185341239, 0.0241798199713, 0.0199194345623, 0.0100415525958, 0.0122331446037, 0.0176421366632, 0.0183692146093, 0.0164644587785, 0.019400736317, 0.0231979023665, 0.0238631181419, 0.0192082487047, 0.0181022100151, 0.0199918858707, 0.0154455974698, 0.00879269652069, 0.00556765962392, 0.00696944026276, 0.0120858447626, 0.0152226705104, 0.0109681496397, 0.0107003087178, 0.0128135085106, 0.0141067868099, 0.292728424072],
    "chords_key": "G",
    "chords_scale": "major",
    "key_key": "C",
    "key_scale": "minor",
    "chords_progression": ["G", "G", "G", "G", "G", "G", "G", "G", "G", "G", "G", "G", "G", "G", "G", "G", "G", "G", "G", "G", "G", "G", "G", "G", "G", "G", "Gm", "Gm", "Gm", "G", "G", "G", "Cm", "Cm", "Cm", "Cm", "Cm", "Cm", "Cm", "Cm", "Cm", "Cm", "Cm"]
}
}