{
"metadata": {
    "version": {
        "essentia": "2.1-beta2"
    }
},
"lowLevel": {
    "dissonance": {
        "mean": 0.131062045693
    },
    "hfc": {
        "mean": 18.2003211975
    },
    "spectral_centroid": {
        "mean": 0.0271633453667
    },
    "mfcc": {
        "mean": [-848.846923828, 278.79776001, 59.7777824402, -31.0536231995, -22.3725337982, -12.8806123734, -19.9957447052, -22.2594051361, -2.481985569, 26.8569545746, 29.1609344482, 2.73264050484, -9.35137939453, 0.110927045345, -1.26742959023, -8.99411678314, -8.28099155426, -9.44058609009, -7.06749010086, 4.04411029816, 6.94259977341, 0.0308855138719, -3.39482188225, -2.37757086754, -2.4516916275, -3.70284247398, -3.29647302628, 0.00198794831522, 2.51741027832, -1.66024804115, -6.47761726379, -1.79024374485, 3.90491342545, 1.44018256664, -1.13704693317, -0.0446831211448, -0.590405285358, -2.19385433197, -1.47429049015, 0.0548209808767]
    },
    "spectral_contrast": {
        "mean": [-0.573840796947, -0.550957202911, -0.687522470951, -0.866640746593, -0.879575431347, -0.834208965302]
    }
},
"sfx": {
    "inharmonicity": {
        "mean": 0.248378023505
    },
    "logattacktime": {
        "mean": -5
    }
}
}