{"lowlevel.dissonance.mean": [0.5417444705963135], "sfx.inharmonicity.mean": [0.6169500350952148], "lowlevel.spectral_contrast.mean": [[0.16501390933990479, 0.9664151668548584, 0.5418863296508789, 0.9746712446212769, 0.7259938716888428, 0.5998997688293457]], "lowlevel.spectral_centroid.mean": [0.47651875019073486], "lowlevel.mfcc.mean": [[0.4025299549102783, 0.20973843336105347, -0.1744460165500641, 0.19156645238399506, 0.13180756568908691, 0.2773595452308655, 0.31545934081077576, 0.43067651987075806, 0.6069478988647461, 0.7727515697479248, 1.0449392795562744, 0.9629058837890625, 0.435074120759964]], "sfx.logattacktime.mean": [0.523438572883606], "lowlevel.hfc.mean": [0.47748324275016785]}