{
"metadata": {
    "version": {
        "essentia": "2.1-beta2"
    }
},
"lowLevel": {
    "dissonance": {
        "mean": 0.459826260805
    },
    "hfc": {
        "mean": 24.8075065613
    },
    "spectral_centroid": {
        "mean": 0.206034690142
    },
    "mfcc": {
        "mean": [-700.983032227, -28.0604496002, -65.0461425781, 15.0616941452, -5.44090843201, 5.76934719086, -16.3332996368, 7.63982772827, 1.94263005257, 19.9362392426, 18.0633239746, 15.3344135284, 12.9355077744, 11.0620574951, 3.80957937241, 10.9721517563, 20.9996013641, 11.6503009796, 7.3751206398, 7.8713889122, 5.65120315552, 5.4933347702, -2.42598700523, -1.96534752846, 7.25395584106, 10.9623403549, 1.55224776268, -1.04157066345, 1.39193534851, 3.51317453384, 0.216007575393, 1.2173242569, 0.796734750271, -0.607505738735, 0.747568249702, 1.74218177795, 0.118275336921, -3.32148623466, -0.779971122742, 1.23873543739]
    },
    "spectral_contrast": {
        "mean": [-0.662491261959, -0.802173256874, -0.776571810246, -0.79097867012, -0.781903982162, -0.632158815861]
    }
},
"sfx": {
    "inharmonicity": {
        "mean": 0.197757601738
    },
    "logattacktime": {
        "mean": -4.93321609497
    }
}
}