{"lowlevel.dissonance.mean": [0.35047447681427], "sfx.inharmonicity.mean": [0.42320770025253296], "lowlevel.spectral_contrast.mean": [[0.537067174911499, 1.0005590915679932, 1.0654393434524536, 1.0627963542938232, 0.8858954906463623, 0.6722700595855713]], "lowlevel.spectral_centroid.mean": [0.4243791997432709], "lowlevel.mfcc.mean": [[0.6128329038619995, 0.5617229342460632, 0.07878682017326355, 0.4271910488605499, 0.18774056434631348, 0.2611880898475647, 0.15679922699928284, 0.23274312913417816, 0.2829279899597168, 0.4070848524570465, 0.5635332465171814, 0.4982491135597229, 0.27472805976867676]], "sfx.logattacktime.mean": [0.3961108326911926], "lowlevel.hfc.mean": [0.4695223569869995]}