{
"metadata": {
    "version": {
        "essentia": "2.1-beta2"
    }
},
"lowLevel": {
    "dissonance": {
        "mean": 0.0157221034169
    },
    "hfc": {
        "mean": 17.2159461975
    },
    "spectral_centroid": {
        "mean": 0.0550376027822
    },
    "mfcc": {
        "mean": [-967.148132324, 84.1826019287, -49.4728660583, -56.6779632568, -36.5766067505, -9.84715175629, -22.0668468475, -22.8403701782, 18.1082820892, 52.3298454285, 35.0271453857, 19.6147193909, 7.98760223389, -28.7635383606, -50.2394676208, -43.4943733215, 4.04840040207, 50.6131820679, 31.4319648743, -13.9340467453, -26.5601215363, 3.30525994301, 16.6971111298, -7.57456970215, -22.3352012634, -8.38676929474, 7.30925989151, 3.95002603531, -1.20850026608, -1.36095035076, -0.59690541029, -1.21350896358, -0.153424337506, 4.19904899597, 1.56760251522, -3.80196070671, 7.26689529419, 7.01663970947, -13.5820541382, -12.7347164154]
    },
    "spectral_contrast": {
        "mean": [-0.555825412273, -0.338967978954, -0.496265143156, -0.738635957241, -0.841277122498, -0.878886640072]
    }
},
"sfx": {
    "inharmonicity": {
        "mean": 0.139287829399
    },
    "logattacktime": {
        "mean": -4.92604541779
    }
}
}