{
"metadata": {
    "version": {
        "essentia": "2.1-beta2"
    }
},
"lowLevel": {
    "dissonance": {
        "mean": 0.204759120941
    },
    "hfc": {
        "mean": 9.24875736237
    },
    "spectral_centroid": {
        "mean": 0.0281100682914
    },
    "mfcc": {
        "mean": [-853.527832031, 274.114044189, 59.0028953552, -32.0155029297, -22.2486801147, -9.77313709259, -28.0532741547, -38.5140304565, -10.6972427368, 16.3784217834, 18.7530021667, 10.1899547577, -2.25936293602, -5.79904794693, -1.43585264683, -1.78610169888, -0.153118133545, 2.53021001816, -2.20883464813, -7.75113916397, -8.67932796478, -6.68695259094, -2.92787241936, 1.72564935684, 4.77637195587, 2.81066799164, -1.62068033218, -0.995929896832, 3.74708533287, 2.44090199471, -4.02273035049, -2.63546466827, 3.90074372292, 2.38268065453, -3.58678102493, -4.50246429443, -2.55538988113, -1.75465333462, -0.852939784527, 0.291612625122]
    },
    "spectral_contrast": {
        "mean": [-0.611645758152, -0.579159021378, -0.714282512665, -0.884315669537, -0.883275568485, -0.816276788712]
    }
},
"sfx": {
    "inharmonicity": {
        "mean": 0.206793159246
    },
    "logattacktime": {
        "mean": -5
    }
}
}