{
"metadata": {
    "version": {
        "essentia": "2.1-beta2"
    }
},
"lowLevel": {
    "average_loudness": 0.941785037518,
    "barkbands_kurtosis": {
        "mean": 1.1855006218
    },
    "barkbands_skewness": {
        "mean": 0.0986420735717
    },
    "barkbands_spread": {
        "mean": 15.6847639084
    },
    "dissonance": {
        "mean": 0.429085493088
    },
    "hfc": {
        "mean": 10.0337352753
    },
    "pitch": {
        "mean": 432.047515869
    },
    "pitch_instantaneous_confidence": {
        "mean": 0.680585801601
    },
    "pitch_salience": {
        "mean": 0.764006853104
    },
    "silence_rate_20dB": {
        "mean": 1
    },
    "silence_rate_30dB": {
        "mean": 1
    },
    "silence_rate_60dB": {
        "mean": 0.427027016878
    },
    "spectral_centroid": {
        "mean": 1545.11010742
    },
    "spectral_complexity": {
        "mean": 6.06486463547
    },
    "spectral_crest": {
        "mean": 6.91139268875
    },
    "spectral_decrease": {
        "mean": -1.84489323818e-09
    },
    "spectral_energy": {
        "mean": 0.00787313655019
    },
    "spectral_energyband_high": {
        "mean": 2.1473655579e-05
    },
    "spectral_energyband_low": {
        "mean": 1.18582361708e-08
    },
    "spectral_energyband_middle_high": {
        "mean": 0.00572877656668
    },
    "spectral_energyband_middle_low": {
        "mean": 0.00212327879854
    },
    "spectral_flatness_db": {
        "mean": 0.235856920481
    },
    "spectral_flux": {
        "mean": 0.00581259792671
    },
    "spectral_kurtosis": {
        "mean": 14.7148685455
    },
    "spectral_rms": {
        "mean": 0.00210783910006
    },
    "spectral_rolloff": {
        "mean": 2286.94262695
    },
    "spectral_skewness": {
        "mean": 2.73953747749
    },
    "spectral_spread": {
        "mean": 9606697
    },
    "spectral_strongpeak": {
        "mean": 1.47630703449
    },
    "zerocrossingrate": {
        "mean": 0.0941115915775
    },
    "barkbands": {
        "mean": [1.62135105342e-08, 2.89530377451e-09, 1.43577760792e-09, 1.52016021993e-09, 2.85033511318e-05, 0.000762496551033, 1.88111215493e-08, 0.000262390240096, 0.00106984179001, 4.48300124845e-05, 0.00095009827055, 0.001526600332, 0.000428927800385, 0.0011700092582, 0.00068984500831, 0.000331501039909, 0.000265809823759, 0.000246713520028, 5.48979005544e-05, 2.95296558761e-05, 6.78766446072e-06, 3.69382860299e-06, 4.3335418809e-07, 1.41050321645e-07, 4.92291682974e-08, 7.96323007535e-09, 6.21608542417e-10]
    },
    "mfcc": {
        "mean": [-909.47088623, 54.7721595764, -114.540596008, -27.6948127747, -22.0113677979, -14.1923685074, -14.7265787125, -11.7943267822, -14.9106731415, -14.6001224518, -6.78503227234, -4.32611513138, -1.37361121178]
    },
    "sccoeffs": {
        "mean": [-0.680309772491, -0.516065061092, -0.643106043339, -0.610876262188, -0.735806584358, -0.817367494106]
    },
    "scvalleys": {
        "mean": [-11.4080247879, -10.8616857529, -10.3259487152, -10.0290641785, -10.4695940018, -12.0901021957]
    }
},
"rhythm": {
    "beats_loudness": {
        "mean": 0.00916536618024
    },
    "bpm": 79.1182098389,
    "first_peak_bpm": {
        "mean": 78
    },
    "first_peak_spread": {
        "mean": 0.333333313465
    },
    "first_peak_weight": {
        "mean": 0.5
    },
    "onset_rate": 1.17041325569,
    "second_peak_bpm": {
        "mean": 83
    },
    "second_peak_spread": {
        "mean": 0
    },
    "second_peak_weight": {
        "mean": 0.25
    },
    "beats_loudness_band_ratio": {
        "mean": [0.00067401007982, 0.095176897943, 0.162373006344, 0.458807051182, 0.216622948647, 0.0713816434145]
    },
    "beats_position": [0.719818592072, 1.43963718414, 2.18267560005, 2.94893407822, 3.7151927948],
    "bpm_estimates": [80.7495269775, 78.3025588989, 78.3025360107],
    "bpm_intervals": [0.719818592072, 0.743038415909, 0.766258478165, 0.766258716583],
    "onset_times": [0.510838985443, 1.39319729805, 1.57895696163, 1.74149656296, 1.98530614376]
},
"sfx": {
    "inharmonicity": {
        "mean": 0.0566190257668
    },
    "oddtoevenharmonicenergyratio": {
        "mean": 1.04742574692
    },
    "pitch_after_max_to_before_max_energy_ratio": 5.00005054474,
    "pitch_centroid": 72.7941436768,
    "pitch_max_to_total": 0,
    "pitch_min_to_total": 0.0810810774565,
    "tristimulus": {
        "mean": [0.209183454514, 0.676915824413, 0.107023715973]
    }
},
"tonal": {
    "chords_changes_rate": 0.0967741906643,
    "chords_number_rate": 0.0537634417415,
    "chords_strength": {
        "mean": 0.414109349251
    },
    "key_strength": 0.64581912756,
    "tuning_diatonic_strength": 0.438794583082,
    "tuning_equal_tempered_deviation": 0.155107840896,
    "tuning_frequency": 442.548919678,
    "tuning_nontempered_energy_ratio": 0.677958786488,
    "hpcp": {
        "mean": [0.163215234876, 0.149995714426, 0.254542171955, 0.360928088427, 0.238643378019, 0.124326817691, 0.13293671608, 0.149521291256, 0.131827369332, 0.107553042471, 0.128676101565, 0.153403997421, 0.164234444499, 0.160097107291, 0.132387250662, 0.138796597719, 0.176823630929, 0.535660624504, 0.787498533726, 0.414638012648, 0.145042270422, 0.158892035484, 0.165697976947, 0.182816788554, 0.145103409886, 0.097593806684, 0.10596357286, 0.116796419024, 0.159995213151, 0.286609500647, 0.276733160019, 0.155828937888, 0.138153538108, 0.143321543932, 0.148269310594, 0.158962830901]
    },
    "chords_histogram": [51.612903595, 0, 0, 0, 0, 0, 0, 0, 0, 0, 0, 0, 27.9569892883, 0, 0, 13.9784946442, 0, 0, 0, 0, 0, 0, 2.15053772926, 4.30107545853],
    "thpcp": [1, 0.526525437832, 0.184181004763, 0.201768040657, 0.210410520434, 0.232148736715, 0.184258639812, 0.123928874731, 0.134557172656, 0.148313194513, 0.203168898821, 0.363949239254, 0.351407855749, 0.197878390551, 0.175433397293, 0.181995943189, 0.188278838992, 0.201857939363, 0.207257822156, 0.190471097827, 0.323228746653, 0.458322227001, 0.3030397892, 0.157875612378, 0.168808847666, 0.189868658781, 0.167400151491, 0.136575549841, 0.16339853406, 0.194799095392, 0.208552062511, 0.203298285604, 0.168111100793, 0.176249980927, 0.224538356066, 0.680205225945],
    "chords_key": "D#",
    "chords_scale": "major",
    "key_key": "D#",
    "key_scale": "major",
    "chords_progression": ["A", "A", "A", "A", "A", "A", "A", "A", "A", "A", "A", "A", "A", "A", "A", "A", "A", "A", "A", "A", "A", "A", "A", "A", "A", "A", "G#m", "G#m", "G#m", "G#m", "D#", "G#m", "G#m", "G#m", "G#m", "G#m", "G#m", "G#m", "G#m", "D#", "D#", "G#m", "G#", "G#", "D#", "D#", "D#", "Cm", "Cm", "Cm", "Cm", "D#", "D#", "D#", "D#", "D#", "D#", "D#", "D#", "D#", "D#", "D#", "D#", "D#", "D#", "D#", "D#", "D#", "D#", "D#", "D#", "D#", "D#", "D#", "D#", "D#", "D#", "D#", "D#", "D#", "D#", "D#", "D#", "D#", "D#", "D#", "D#", "D#", "D#", "D#", "D#", "D#", "D#"]
}
}