{
"metadata": {
    "version": {
        "essentia": "2.1-beta2"
    }
},
"lowLevel": {
    "dissonance": {
        "mean": 0.151392757893
    },
    "hfc": {
        "mean": 15.7859687805
    },
    "spectral_centroid": {
        "mean": 0.0770055428147
    },
    "mfcc": {
        "mean": [-717.049377441, 124.142784119, -152.976470947, -33.4304199219, -38.176361084, -28.1383838654, -36.7714691162, -29.9137535095, -35.0782356262, -31.332485199, -19.1397571564, -18.420791626, -15.2628593445, -8.72283935547, -10.2009134293, 0.140856295824, 9.92983150482, 21.4696331024, 32.8747520447, 30.7756252289, 20.1262836456, 5.62169361115, -9.04740715027, -18.2892856598, -20.7812385559, -9.37582302094, 5.47271251678, 14.7349376678, 12.8649635315, 4.16849708557, -6.86609077454, -14.4333572388, -9.48782348633, 5.54887628555, 12.9555110931, 2.06503367424, -14.3223314285, -17.3027458191, -6.66601991653, 1.37128162384]
    },
    "spectral_contrast": {
        "mean": [-0.399145931005, -0.386911004782, -0.475372493267, -0.592454254627, -0.78052842617, -0.736951649189]
    }
},
"sfx": {
    "inharmonicity": {
        "mean": 0.138285800815
    },
    "logattacktime": {
        "mean": -5
    }
}
}