{
"metadata": {
    "version": {
        "essentia": "2.1-beta2"
    }
},
"lowLevel": {
    "dissonance": {
        "mean": 0.0580731518567
    },
    "hfc": {
        "mean": 24.7255306244
    },
    "spectral_centroid": {
        "mean": 0.0907920449972
    },
    "mfcc": {
        "mean": [-966.200012207, -1.39424359798, -59.7555236816, -29.0796451569, -7.71347904205, 56.0099601746, 81.2420349121, 10.8906860352, -51.7082519531, -31.5201683044, 32.4323196411, 56.0124473572, 57.0919265747, -26.1981334686, -38.3212051392, 31.2931518555, 24.4663009644, 19.4391727448, 16.0139198303, -10.5603103638, -48.9413795471, 15.8382377625, 41.9653892517, -13.1762418747, 8.84829330444, -8.71865081787, -4.23623085022, 11.3582448959, -9.01007270813, 9.94539737701, 6.48799085617, -2.87185573578, 0.37749505043, -12.19830513, -0.160882726312, -4.58849287033, 12.0907506943, 9.82096672058, -9.71391582489, -18.0269603729]
    },
    "spectral_contrast": {
        "mean": [-0.705788552761, -0.202352553606, -0.82650744915, -0.652967631817, -0.771585524082, -0.713542461395]
    }
},
"sfx": {
    "inharmonicity": {
        "mean": 0.0359929613769
    },
    "logattacktime": {
        "mean": -4.97472143173
    }
}
}