{"lowlevel.dissonance.mean": [0.08929252624511719], "sfx.inharmonicity.mean": [0.3043322265148163], "lowlevel.spectral_contrast.mean": [[0.8196420073509216, 0.4523884057998657, 0.3743140697479248, 0.33328771591186523, 0.32279205322265625, 0.3137202262878418]], "lowlevel.spectral_centroid.mean": [0.3720531463623047], "lowlevel.mfcc.mean": [[0.2563062906265259, 0.24366529285907745, 0.55009526014328, 0.5072076320648193, 0.49301862716674805, 0.407437264919281, 0.39982718229293823, 0.2986753582954407, 0.29049086570739746, 0.23097169399261475, 0.1528424322605133, 0.1135108470916748, 0.04121959209442139]], "sfx.logattacktime.mean": [0.26111942529678345], "lowlevel.hfc.mean": [0.47641560435295105]}