{"lowlevel.dissonance.mean": [0.12513971328735352], "sfx.inharmonicity.mean": [0.3428577780723572], "lowlevel.spectral_contrast.mean": [[0.47267627716064453, 1.2421071529388428, 1.1174685955047607, 1.0634876489639282, 0.8526229858398438, 0.7217590808868408]], "lowlevel.spectral_centroid.mean": [0.37595710158348083], "lowlevel.mfcc.mean": [[0.6505621671676636, 0.589931845664978, 0.135422945022583, 0.41897523403167725, -0.0004601478576660156, 0.13464927673339844, 0.05173411965370178, 0.0814768373966217, 0.15854933857917786, 0.26946794986724854, 0.6042731404304504, 0.6959085464477539, 0.6095591187477112]], "sfx.logattacktime.mean": [0.4017651081085205], "lowlevel.hfc.mean": [0.476662814617157]}