{"lowlevel.dissonance.mean": [-0.3475181460380554], "sfx.inharmonicity.mean": [0.40136396884918213], "lowlevel.spectral_contrast.mean": [[0.6421611309051514, 1.001085638999939, 0.7797054052352905, 0.5424559116363525, 0.3073718547821045, 0.30043697357177734]], "lowlevel.spectral_centroid.mean": [0.3421182334423065], "lowlevel.mfcc.mean": [[0.3488975763320923, 0.8227308988571167, 0.7837134599685669, 0.19588278234004974, 0.16455227136611938, 0.1760953664779663, 0.09541928768157959, 0.09190410375595093, 0.47220268845558167, 0.7162320613861084, 0.6304206848144531, 0.41502711176872253, 0.4566234350204468]], "sfx.logattacktime.mean": [0.5002015829086304], "lowlevel.hfc.mean": [0.4714237153530121]}