{
"metadata": {
    "version": {
        "essentia": "2.1-beta2"
    }
},
"lowLevel": {
    "dissonance": {
        "mean": 0.0700135082006
    },
    "hfc": {
        "mean": 110.196090698
    },
    "spectral_centroid": {
        "mean": 0.0884989723563
    },
    "mfcc": {
        "mean": [-931.754394531, 14.8051481247, -136.413040161, -38.0970153809, 28.8760566711, 34.9441299438, 26.1942768097, 37.9607429504, -8.44148826599, -69.0246887207, -31.0924758911, 76.484085083, 63.4564094543, -23.8201961517, -44.1772842407, 27.2340774536, 29.7298793793, -1.58790850639, 19.9644031525, 26.3646907806, -32.5539283752, -31.1200695038, 28.4861030579, 27.3121757507, 0.943452656269, -18.2850952148, -13.6650295258, 15.1429576874, 4.42256355286, -2.26176404953, 17.840587616, 2.40806603432, -8.84633159637, -4.28465890884, 5.8981628418, 9.33680057526, -8.68659210205, -2.68213367462, 3.20799589157, 2.26069235802]
    },
    "spectral_contrast": {
        "mean": [-0.775828063488, -0.196404993534, -0.406045347452, -0.424454689026, -0.850398361683, -0.80755764246]
    }
},
"sfx": {
    "inharmonicity": {
        "mean": 0.251531779766
    },
    "logattacktime": {
        "mean": -4.98347854614
    }
}
}