{
"metadata": {
    "version": {
        "essentia": "2.1-beta2"
    }
},
"lowLevel": {
    "average_loudness": 0.99068403244,
    "barkbands_kurtosis": {
        "mean": 110.192092896
    },
    "barkbands_skewness": {
        "mean": 5.73007440567
    },
    "barkbands_spread": {
        "mean": 17.5041351318
    },
    "dissonance": {
        "mean": 0.418312847614
    },
    "hfc": {
        "mean": 12.9854440689
    },
    "pitch": {
        "mean": 541.248962402
    },
    "pitch_instantaneous_confidence": {
        "mean": 0.56934350729
    },
    "pitch_salience": {
        "mean": 0.423147261143
    },
    "silence_rate_20dB": {
        "mean": 1
    },
    "silence_rate_30dB": {
        "mean": 1
    },
    "silence_rate_60dB": {
        "mean": 0.897435903549
    },
    "spectral_centroid": {
        "mean": 2390.31079102
    },
    "spectral_complexity": {
        "mean": 4.71794891357
    },
    "spectral_crest": {
        "mean": 15.426484108
    },
    "spectral_decrease": {
        "mean": -8.66929472654e-10
    },
    "spectral_energy": {
        "mean": 0.00444981269538
    },
    "spectral_energyband_high": {
        "mean": 0.00115824316163
    },
    "spectral_energyband_low": {
        "mean": 4.90955826535e-05
    },
    "spectral_energyband_middle_high": {
        "mean": 0.00273427693173
    },
    "spectral_energyband_middle_low": {
        "mean": 0.000563458772376
    },
    "spectral_flatness_db": {
        "mean": 0.219136625528
    },
    "spectral_flux": {
        "mean": 0.0217223633081
    },
    "spectral_kurtosis": {
        "mean": 2.1282749176
    },
    "spectral_rms": {
        "mean": 0.000694759190083
    },
    "spectral_rolloff": {
        "mean": 4103.45605469
    },
    "spectral_skewness": {
        "mean": 1.27339363098
    },
    "spectral_spread": {
        "mean": 28610902
    },
    "spectral_strongpeak": {
        "mean": 0.135962933302
    },
    "zerocrossingrate": {
        "mean": 0.16035656631
    },
    "barkbands": {
        "mean": [4.99153820499e-08, 1.07592779841e-06, 1.28277279146e-05, 8.01784044597e-05, 8.60466025188e-05, 6.3846433477e-05, 0.000118220152217, 6.54000468785e-05, 0.000123916106531, 0.000174280532519, 0.000340955361025, 0.000786981196143, 0.00010673289944, 7.57076559239e-05, 0.000118098403618, 0.000149464700371, 0.000156562877237, 0.000330796436174, 0.000352553004632, 0.00042865917203, 0.00031424901681, 0.000116535178677, 0.000101273340988, 0.00018342275871, 0.000119925214676, 3.35794284183e-05, 8.47388400871e-06]
    },
    "mfcc": {
        "mean": [-1029.06738281, 21.3439617157, 5.49197769165, 4.79580831528, -4.15332317352, -6.3302989006, -3.71839952469, -4.72349262238, -6.09997463226, -7.41788053513, -8.51546764374, -5.77165746689, -6.93759918213]
    },
    "sccoeffs": {
        "mean": [-0.670713067055, -0.838160991669, -0.876964092255, -0.892286360264, -0.899197518826, -0.905432164669]
    },
    "scvalleys": {
        "mean": [-13.7373981476, -13.1872415543, -13.5250654221, -14.0654439926, -14.0575532913, -14.4274168015]
    }
},
"rhythm": {
    "bpm": 0,
    "first_peak_bpm": {
        "mean": 0
    },
    "first_peak_spread": {
        "mean": 0
    },
    "first_peak_weight": {
        "mean": 0
    },
    "onset_rate": 1.15741956234,
    "second_peak_bpm": {
        "mean": 0
    },
    "second_peak_spread": {
        "mean": 0
    },
    "second_peak_weight": {
        "mean": 0
    },
    "beats_position": [],
    "bpm_estimates": [],
    "bpm_intervals": [],
    "onset_times": [0.0232199542224]
},
"sfx": {
    "inharmonicity": {
        "mean": 0.0352705046535
    },
    "oddtoevenharmonicenergyratio": {
        "mean": 21.4752197266
    },
    "pitch_after_max_to_before_max_energy_ratio": 0.385365784168,
    "pitch_centroid": 17.647354126,
    "pitch_max_to_total": 0.948717951775,
    "pitch_min_to_total": 0.307692319155,
    "tristimulus": {
        "mean": [0.617575228214, 0.264955341816, 0.0933039188385]
    }
},
"tonal": {
    "chords_changes_rate": 0,
    "chords_number_rate": 0.0500000007451,
    "chords_strength": {
        "mean": 0.525940299034
    },
    "key_strength": 0.596518993378,
    "tuning_diatonic_strength": 0.509208977222,
    "tuning_equal_tempered_deviation": 0.344347894192,
    "tuning_frequency": 437.213165283,
    "tuning_nontempered_energy_ratio": 0.977990269661,
    "hpcp": {
        "mean": [0.0770706981421, 0.0681535452604, 0.0545425228775, 0.0690176188946, 0.0670614466071, 0.0634246021509, 0.0862462967634, 0.080193080008, 0.0849037021399, 0.112445428967, 0.109965577722, 0.131571725011, 0.13978511095, 0.168969780207, 0.187466174364, 0.140469312668, 0.104195341468, 0.0858457833529, 0.0864701122046, 0.0652821138501, 0.0504426546395, 0.0606237724423, 0.0446904413402, 0.0381520539522, 0.0483317747712, 0.0470030270517, 0.0425530597568, 0.0366811081767, 0.0362330526114, 0.0589882843196, 0.185619547963, 0.60903775692, 0.658027648926, 0.220415025949, 0.0427536740899, 0.0500848777592]
    },
    "chords_histogram": [0, 0, 0, 0, 0, 0, 0, 0, 0, 100, 0, 0, 0, 0, 0, 0, 0, 0, 0, 0, 0, 0, 0, 0],
    "thpcp": [1, 0.334963172674, 0.0649724602699, 0.0761136338115, 0.117123797536, 0.103572465479, 0.0828878879547, 0.104885593057, 0.101912811399, 0.0963859260082, 0.131067886949, 0.121868863702, 0.129027560353, 0.17088252306, 0.167113915086, 0.199948623776, 0.21243044734, 0.256782203913, 0.284891039133, 0.213470235467, 0.15834492445, 0.130459234118, 0.131408020854, 0.0992087721825, 0.0766573473811, 0.0921295210719, 0.0679157525301, 0.0579794086516, 0.0734494552016, 0.0714301690459, 0.0646675899625, 0.055744022131, 0.0550631172955, 0.0896440818906, 0.282084733248, 0.925550401211],
    "chords_key": "G",
    "chords_scale": "major",
    "key_key": "C",
    "key_scale": "minor",
    "chords_progression": ["G", "G", "G", "G", "G", "G", "G", "G", "G", "G", "G", "G", "G", "G", "G", "G", "G", "G", "G", "G"]
}
}