{
"metadata": {
    "version": {
        "essentia": "2.1-beta2"
    }
},
"lowLevel": {
    "dissonance": {
        "mean": 0.0263416487724
    },
    "hfc": {
        "mean": 13.5900793076
    },
    "spectral_centroid": {
        "mean": 0.0646228864789
    },
    "mfcc": {
        "mean": [-961.499145508, 68.1058959961, -74.1699523926, -54.3285942078, -21.3680400848, -8.29744625092, -9.79846668243, -8.47494792938, 10.7909612656, 5.52392196655, 2.25770044327, 38.5717048645, 39.8840904236, -12.016957283, -51.4187698364, -55.9245948792, -36.5007095337, 2.69996237755, 36.4550209045, 39.7956428528, 11.3566112518, -23.3217391968, -22.1988868713, 12.242357254, 18.3610019684, -15.2828092575, -26.98969841, -2.49617004395, 11.8336601257, 1.11162292957, -6.49819326401, 2.66631650925, 13.9550209045, 13.7084960938, 1.1871213913, -9.52310276031, -11.8785591125, -7.79383659363, 1.02603137493, 5.48771953583]
    },
    "spectral_contrast": {
        "mean": [-0.382550030947, -0.346199482679, -0.48208630085, -0.744652807713, -0.825963139534, -0.876332104206]
    }
},
"sfx": {
    "inharmonicity": {
        "mean": 0.196969985962
    },
    "logattacktime": {
        "mean": -4.95378780365
    }
}
}