{"lowlevel.dissonance.mean": [0.5582360029220581], "sfx.inharmonicity.mean": [1.4284993410110474], "lowlevel.spectral_contrast.mean": [[0.16770470142364502, 0.7965469360351562, 0.9947106838226318, 0.950188398361206, 0.8239223957061768, 0.625267505645752]], "lowlevel.spectral_centroid.mean": [0.4904985725879669], "lowlevel.mfcc.mean": [[0.44380009174346924, 0.28224897384643555, -0.19295546412467957, 0.2332894504070282, 0.15373817086219788, 0.23472701013088226, 0.23087167739868164, 0.27863839268684387, 0.19968512654304504, 0.14143967628479004, 0.38233035802841187, 0.47071799635887146, 0.5769504904747009]], "sfx.logattacktime.mean": [0.5114416480064392], "lowlevel.hfc.mean": [0.47170621156692505]}