{
"metadata": {
    "version": {
        "essentia": "2.1-beta2"
    }
},
"lowLevel": {
    "average_loudness": 0.954961299896,
    "barkbands_kurtosis": {
        "mean": 11.8940038681
    },
    "barkbands_skewness": {
        "mean": 1.46251952648
    },
    "barkbands_spread": {
        "mean": 11.0862798691
    },
    "dissonance": {
        "mean": 0.320405751467
    },
    "hfc": {
        "mean": 25.0326347351
    },
    "pitch": {
        "mean": 211.930099487
    },
    "pitch_instantaneous_confidence": {
        "mean": 0.801540732384
    },
    "pitch_salience": {
        "mean": 0.511192798615
    },
    "silence_rate_20dB": {
        "mean": 1
    },
    "silence_rate_30dB": {
        "mean": 0.990291237831
    },
    "silence_rate_60dB": {
        "mean": 0.291262149811
    },
    "spectral_centroid": {
        "mean": 757.238830566
    },
    "spectral_complexity": {
        "mean": 15.0388345718
    },
    "spectral_crest": {
        "mean": 11.8615436554
    },
    "spectral_decrease": {
        "mean": -6.28212548648e-09
    },
    "spectral_energy": {
        "mean": 0.0259806569666
    },
    "spectral_energyband_high": {
        "mean": 0.000352530129021
    },
    "spectral_energyband_low": {
        "mean": 2.26588554142e-06
    },
    "spectral_energyband_middle_high": {
        "mean": 0.00851665716618
    },
    "spectral_energyband_middle_low": {
        "mean": 0.0175877083093
    },
    "spectral_flatness_db": {
        "mean": 0.28064468503
    },
    "spectral_flux": {
        "mean": 0.0200271978974
    },
    "spectral_kurtosis": {
        "mean": 28.8030471802
    },
    "spectral_rms": {
        "mean": 0.00424303673208
    },
    "spectral_rolloff": {
        "mean": 1287.2869873
    },
    "spectral_skewness": {
        "mean": 4.04548740387
    },
    "spectral_spread": {
        "mean": 4968170.5
    },
    "spectral_strongpeak": {
        "mean": 1.77630639076
    },
    "zerocrossingrate": {
        "mean": 0.043750949204
    },
    "barkbands": {
        "mean": [4.01981378673e-06, 4.93333118357e-07, 2.21165564085e-07, 3.26128906636e-06, 0.000405076891184, 0.00877826381475, 0.00531437853351, 0.00210156803951, 0.000155910485773, 0.000944454979617, 0.000612338888459, 0.00158611754887, 0.000614849559497, 0.00116972101387, 0.000436796341091, 0.000763052783441, 0.000389730237657, 0.0017930661561, 0.000362993509043, 0.000375067087589, 0.000131855515065, 2.97398146358e-05, 5.78379103899e-06, 1.23972233723e-06, 5.57377063615e-07, 1.34641439331e-07, 3.67744235064e-08]
    },
    "mfcc": {
        "mean": [-781.578796387, 120.664611816, -58.8507652283, 2.92951893806, -40.8355979919, -23.0769348145, -27.242980957, -21.2920703888, -17.1330299377, -9.4291229248, 4.09744977951, 8.19159603119, 4.16382026672]
    },
    "sccoeffs": {
        "mean": [-0.680598139763, -0.393519103527, -0.536608278751, -0.595685839653, -0.704308748245, -0.772199451923]
    },
    "scvalleys": {
        "mean": [-8.69081687927, -8.7090845108, -9.50955486298, -9.77810955048, -9.86963558197, -11.482550621]
    }
},
"rhythm": {
    "beats_loudness": {
        "mean": 0.0299013461918
    },
    "bpm": 191.406265259,
    "first_peak_bpm": {
        "mean": 191
    },
    "first_peak_spread": {
        "mean": 0
    },
    "first_peak_weight": {
        "mean": 0.615384638309
    },
    "onset_rate": 0.42087584734,
    "second_peak_bpm": {
        "mean": 199
    },
    "second_peak_spread": {
        "mean": 0
    },
    "second_peak_weight": {
        "mean": 0.384615391493
    },
    "beats_loudness_band_ratio": {
        "mean": [0.0356722511351, 0.570670008659, 0.479169547558, 0.13981731236, 0.107695005834, 0.0233163274825]
    },
    "beats_position": [0.348299324512, 0.650158703327, 0.96362811327, 1.27709746361, 1.57895684242, 1.89242625237, 2.20589566231, 2.50775504112, 2.80961441994, 3.12308382988, 3.42494320869, 3.73841261864, 4.05188179016, 4.3653512001],
    "bpm_estimates": [191.406234741, 191.406265259, 191.406234741, 191.406234741, 191.406234741, 191.406234741, 191.406387329, 191.406234741],
    "bpm_intervals": [0.301859378815, 0.313469409943, 0.313469350338, 0.301859378815, 0.313469409943, 0.313469409943, 0.301859378815, 0.301859378815, 0.313469409943, 0.301859378815, 0.313469409943, 0.313469171524, 0.313469409943],
    "onset_times": [0.208979591727, 0.580498874187]
},
"sfx": {
    "inharmonicity": {
        "mean": 0.0201739408076
    },
    "oddtoevenharmonicenergyratio": {
        "mean": 13.9209222794
    },
    "pitch_after_max_to_before_max_energy_ratio": 1.57276654243,
    "pitch_centroid": 97.0994949341,
    "pitch_max_to_total": 0.135922327638,
    "pitch_min_to_total": 0.980582535267,
    "tristimulus": {
        "mean": [0.144645318389, 0.800253927708, 0.0522952675819]
    }
},
"tonal": {
    "chords_changes_rate": 0.0192307699472,
    "chords_number_rate": 0.0192307699472,
    "chords_strength": {
        "mean": 0.533819019794
    },
    "key_strength": 0.614640951157,
    "tuning_diatonic_strength": 0.539609134197,
    "tuning_equal_tempered_deviation": 0.124829888344,
    "tuning_frequency": 443.572570801,
    "tuning_nontempered_energy_ratio": 0.617786645889,
    "hpcp": {
        "mean": [0.0273080952466, 0.0258416645229, 0.019054133445, 0.011550437659, 0.0122444787994, 0.0309232398868, 0.0301997698843, 0.016551034525, 0.0268744714558, 0.0560180395842, 0.0712875574827, 0.0401380434632, 0.0179881565273, 0.039991799742, 0.149296939373, 0.21608234942, 0.103134736419, 0.0161176603287, 0.0171786677092, 0.0138136437163, 0.0118824131787, 0.0229406431317, 0.0978403836489, 0.136912629008, 0.0652496889234, 0.0439331978559, 0.0607263222337, 0.0329886637628, 0.0636156350374, 0.57241165638, 0.863145768642, 0.389455854893, 0.0675486624241, 0.0424083210528, 0.0219978410751, 0.0184949561954]
    },
    "chords_histogram": [0, 0, 42.3076934814, 0, 0, 0, 0, 0, 0, 0, 0, 0, 0, 0, 0, 0, 0, 0, 0, 57.6923065186, 0, 0, 0, 0],
    "thpcp": [1, 0.451205193996, 0.0782586932182, 0.0491322800517, 0.0254856608808, 0.0214273836464, 0.0316378735006, 0.0299389343709, 0.0220752209425, 0.0133817922324, 0.0141858756542, 0.0358262062073, 0.0349880307913, 0.0191752482206, 0.0311354957521, 0.0648998618126, 0.0825904011726, 0.0465020462871, 0.0208402294666, 0.0463326126337, 0.172968402505, 0.250342816114, 0.119487047195, 0.0186731610447, 0.0199023950845, 0.0160038359463, 0.0137664042413, 0.0265779476613, 0.113353259861, 0.158620521426, 0.075595214963, 0.0508989319205, 0.070354655385, 0.0382191091776, 0.0737020745873, 0.663169145584],
    "chords_key": "G",
    "chords_scale": "minor",
    "key_key": "C",
    "key_scale": "major",
    "chords_progression": ["Gm", "Gm", "Gm", "Gm", "Gm", "Gm", "Gm", "Gm", "Gm", "Gm", "Gm", "Gm", "Gm", "Gm", "Gm", "Gm", "Gm", "Gm", "Gm", "Gm", "Gm", "Gm", "Gm", "Gm", "Gm", "Gm", "Gm", "Gm", "Gm", "Gm", "Gm", "Gm", "Gm", "Gm", "Gm", "Gm", "G", "G", "G", "G", "G", "G", "G", "G", "G", "G", "G", "G", "G", "G", "G", "G", "G", "G", "G", "G", "G", "G", "G", "G", "G", "G", "G", "G", "G", "G", "G", "G", "G", "G", "G", "G", "G", "G", "G", "G", "G", "G", "G", "G", "Gm", "Gm", "Gm", "Gm", "Gm", "Gm", "Gm", "Gm", "Gm", "Gm", "Gm", "Gm", "Gm", "Gm", "Gm", "Gm", "Gm", "Gm", "Gm", "Gm", "Gm", "Gm", "Gm", "Gm"]
}
}