{
"metadata": {
    "version": {
        "essentia": "2.1-beta2"
    }
},
"lowLevel": {
    "average_loudness": 0.860937297344,
    "barkbands_kurtosis": {
        "mean": 5.45679473877
    },
    "barkbands_skewness": {
        "mean": 0.493246495724
    },
    "barkbands_spread": {
        "mean": 9.74820804596
    },
    "dissonance": {
        "mean": 0.315916866064
    },
    "hfc": {
        "mean": 1.92463457584
    },
    "pitch": {
        "mean": 232.371124268
    },
    "pitch_instantaneous_confidence": {
        "mean": 0.876641869545
    },
    "pitch_salience": {
        "mean": 0.565513551235
    },
    "silence_rate_20dB": {
        "mean": 1
    },
    "silence_rate_30dB": {
        "mean": 1
    },
    "silence_rate_60dB": {
        "mean": 0.775609731674
    },
    "spectral_centroid": {
        "mean": 675.556274414
    },
    "spectral_complexity": {
        "mean": 3.8146340847
    },
    "spectral_crest": {
        "mean": 13.0911617279
    },
    "spectral_decrease": {
        "mean": -4.25413815286e-10
    },
    "spectral_energy": {
        "mean": 0.00178017641883
    },
    "spectral_energyband_high": {
        "mean": 5.80159485253e-06
    },
    "spectral_energyband_low": {
        "mean": 2.18118111661e-06
    },
    "spectral_energyband_middle_high": {
        "mean": 0.000910542381462
    },
    "spectral_energyband_middle_low": {
        "mean": 0.000860705738887
    },
    "spectral_flatness_db": {
        "mean": 0.319104015827
    },
    "spectral_flux": {
        "mean": 0.00243054423481
    },
    "spectral_kurtosis": {
        "mean": 22.0701274872
    },
    "spectral_rms": {
        "mean": 0.000957919983193
    },
    "spectral_rolloff": {
        "mean": 1108.80249023
    },
    "spectral_skewness": {
        "mean": 3.88813352585
    },
    "spectral_spread": {
        "mean": 8306226
    },
    "spectral_strongpeak": {
        "mean": 0.898827254772
    },
    "zerocrossingrate": {
        "mean": 0.0452219881117
    },
    "barkbands": {
        "mean": [2.30178125094e-06, 6.74030047776e-07, 1.92710800206e-07, 4.78210267829e-07, 0.000347574386979, 4.80824496663e-07, 0.000227238779189, 6.18627282734e-08, 0.000284861860564, 1.61832049344e-05, 1.67516233773e-07, 9.21087194001e-05, 2.65514586317e-06, 0.000514891638886, 0.000134840855026, 0.000104328755697, 2.82390356006e-05, 3.78742902285e-06, 8.38786854729e-06, 6.02198269917e-06, 2.27692089538e-06, 1.36937160278e-06, 3.40548297117e-07, 5.65674156405e-07, 1.30322405312e-07, 1.86789872458e-08, 2.64524668836e-09]
    },
    "mfcc": {
        "mean": [-932.115722656, 105.247802734, -8.41292095184, 5.04128408432, -0.298048526049, -7.57232141495, -16.8954753876, -13.8298187256, -5.21449232101, 1.26836931705, -6.94144678116, -2.67744970322, -5.44827413559]
    },
    "sccoeffs": {
        "mean": [-0.603730499744, -0.552306711674, -0.609928131104, -0.66745775938, -0.776336550713, -0.845592021942]
    },
    "scvalleys": {
        "mean": [-9.29340171814, -10.6980133057, -11.3226690292, -11.7201852798, -12.1633644104, -12.9000778198]
    }
},
"rhythm": {
    "beats_loudness": {
        "mean": 0.00202363799326
    },
    "bpm": 112.00566864,
    "first_peak_bpm": {
        "mean": 112
    },
    "first_peak_spread": {
        "mean": 0.142857134342
    },
    "first_peak_weight": {
        "mean": 0.857142865658
    },
    "onset_rate": 2.53808093071,
    "second_peak_bpm": {
        "mean": 0
    },
    "second_peak_spread": {
        "mean": 0
    },
    "second_peak_weight": {
        "mean": 0
    },
    "beats_loudness_band_ratio": {
        "mean": [0.190814703703, 0.265038996935, 0.308891296387, 0.193627908826, 0.0806279703975, 0.00638917135075]
    },
    "beats_position": [0.522448956966, 1.06811785698, 1.60217678547, 2.13623571396, 2.67029476166, 3.20435357094, 3.73841261864, 4.27247142792],
    "bpm_estimates": [109.956787109, 112.34715271, 112.34715271, 112.347129822, 112.347175598, 112.347129822, 112.347175598],
    "bpm_intervals": [0.545668900013, 0.53405892849, 0.53405892849, 0.534059047699, 0.53405880928, 0.534059047699, 0.53405880928],
    "onset_times": [0.0464399084449, 0.162539675832, 0.267029464245, 3.16952371597, 3.55265307426, 3.79646253586, 3.93578219414, 4.23764181137, 4.34213161469, 4.49306106567, 4.57433128357, 4.73687076569]
},
"sfx": {
    "inharmonicity": {
        "mean": 0.0081188743934
    },
    "oddtoevenharmonicenergyratio": {
        "mean": 2.1386449337
    },
    "pitch_after_max_to_before_max_energy_ratio": 1.64617311954,
    "pitch_centroid": 96.3417739868,
    "pitch_max_to_total": 0,
    "pitch_min_to_total": 0.995121955872,
    "tristimulus": {
        "mean": [0.469961315393, 0.507724046707, 0.0218247417361]
    }
},
"tonal": {
    "chords_changes_rate": 0.038834951818,
    "chords_number_rate": 0.0291262138635,
    "chords_strength": {
        "mean": 0.425044447184
    },
    "key_strength": 0.589689195156,
    "tuning_diatonic_strength": 0.41922095418,
    "tuning_equal_tempered_deviation": 0.0779751688242,
    "tuning_frequency": 441.272583008,
    "tuning_nontempered_energy_ratio": 0.645237565041,
    "hpcp": {
        "mean": [0.888909816742, 0.439662069082, 0.00408289162442, 0.00427254522219, 0.00315016997047, 0.0551737137139, 0.125387102365, 0.0729265287519, 0.00529242726043, 0.00578830763698, 0.0198123455048, 0.105387844145, 0.110163390636, 0.0226700082421, 0.00209775054827, 0.00644224463031, 0.0157560873777, 0.0136319026351, 0.00342957349494, 0.00251106102951, 0.123680256307, 0.24583555758, 0.140998870134, 0.0422947332263, 0.0318453349173, 0.0113306436688, 0.00943661760539, 0.0121892150491, 0.224057510495, 0.440702468157, 0.231247127056, 0.0130874160677, 0.0183948762715, 0.0200403947383, 0.0183325260878, 0.462128132582]
    },
    "chords_histogram": [0, 22.3300971985, 50.4854354858, 0, 0, 0, 0, 0, 0, 0, 0, 0, 0, 0, 0, 0, 0, 0, 0, 27.1844654083, 0, 0, 0, 0],
    "thpcp": [1, 0.494608193636, 0.00459314510226, 0.0048065003939, 0.00354385771789, 0.062068965286, 0.141057163477, 0.0820404142141, 0.00595384044573, 0.00651169288903, 0.0222883634269, 0.11855853349, 0.123930893838, 0.0255031585693, 0.00235991389491, 0.00724735436961, 0.0177251808345, 0.0153355291113, 0.00385817931965, 0.00282487715594, 0.139137014747, 0.276558488607, 0.158619999886, 0.0475804544985, 0.0358251594007, 0.0127466740087, 0.0106159448624, 0.0137125439942, 0.252058774233, 0.495778590441, 0.26014688611, 0.0147229963914, 0.0206937491894, 0.0225449129939, 0.0206236056983, 0.519881904125],
    "chords_key": "A",
    "chords_scale": "major",
    "key_key": "D",
    "key_scale": "major",
    "chords_progression": ["F#m", "F#m", "F#m", "F#m", "F#m", "F#m", "F#m", "F#m", "F#m", "F#m", "F#m", "F#m", "F#m", "F#m", "F#m", "F#m", "F#m", "F#m", "F#m", "F#m", "F#m", "F#m", "F#m", "A", "A", "A", "A", "Am", "Am", "Am", "Am", "Am", "Am", "Am", "Am", "Am", "Am", "Am", "Am", "Am", "Am", "Am", "Am", "Am", "Am", "Am", "Am", "Am", "Am", "Am", "Am", "Am", "Am", "Am", "A", "A", "A", "A", "A", "A", "A", "A", "A", "A", "A", "A", "A", "A", "A", "A", "A", "A", "A", "A", "A", "A", "A", "A", "A", "A", "A", "A", "A", "A", "A", "A", "A", "A", "A", "A", "A", "A", "A", "A", "A", "A", "A", "A", "A", "A", "A", "A", "Am"]
}
}