{
"metadata": {
    "version": {
        "essentia": "2.1-beta2"
    }
},
"lowLevel": {
    "average_loudness": 0.99068403244,
    "barkbands_kurtosis": {
        "mean": 5.04379606247
    },
    "barkbands_skewness": {
        "mean": -0.899779379368
    },
    "barkbands_spread": {
        "mean": 12.0229225159
    },
    "dissonance": {
        "mean": 0.483119994402
    },
    "hfc": {
        "mean": 0.311689198017
    },
    "pitch": {
        "mean": 968.254821777
    },
    "pitch_instantaneous_confidence": {
        "mean": 0.553111970425
    },
    "pitch_salience": {
        "mean": 0.521256864071
    },
    "silence_rate_20dB": {
        "mean": 1
    },
    "silence_rate_30dB": {
        "mean": 1
    },
    "silence_rate_60dB": {
        "mean": 1
    },
    "spectral_centroid": {
        "mean": 2559.15258789
    },
    "spectral_complexity": {
        "mean": 0.391304343939
    },
    "spectral_crest": {
        "mean": 11.5327787399
    },
    "spectral_decrease": {
        "mean": -3.10871051123e-11
    },
    "spectral_energy": {
        "mean": 0.00014560087584
    },
    "spectral_energyband_high": {
        "mean": 8.51184540807e-06
    },
    "spectral_energyband_low": {
        "mean": 4.99184579894e-07
    },
    "spectral_energyband_middle_high": {
        "mean": 0.000136123184348
    },
    "spectral_energyband_middle_low": {
        "mean": 1.28268581534e-07
    },
    "spectral_flatness_db": {
        "mean": 0.229180529714
    },
    "spectral_flux": {
        "mean": 0.00546655850485
    },
    "spectral_kurtosis": {
        "mean": 14.7311296463
    },
    "spectral_rms": {
        "mean": 0.000261598528596
    },
    "spectral_rolloff": {
        "mean": 3705.58276367
    },
    "spectral_skewness": {
        "mean": 2.9746389389
    },
    "spectral_spread": {
        "mean": 8058305.5
    },
    "spectral_strongpeak": {
        "mean": 0.263189226389
    },
    "zerocrossingrate": {
        "mean": 0.114958390594
    },
    "barkbands": {
        "mean": [6.21722051619e-07, 2.35576706586e-07, 3.49406548139e-09, 3.063528764e-09, 1.71715797137e-08, 1.3311856506e-08, 5.93635096635e-09, 6.4928684651e-08, 2.21197193895e-08, 6.0713304606e-08, 6.04229200007e-08, 1.24421390524e-07, 3.09709577095e-07, 4.18251402152e-05, 6.51867667329e-05, 3.71772330254e-06, 5.37664982403e-06, 7.64727519709e-06, 1.01587265817e-05, 3.8044104258e-06, 4.7694152272e-06, 1.16243677439e-06, 3.00589420021e-07, 9.22914722423e-08, 1.3429860779e-08, 3.13669645813e-09, 5.32654254037e-10]
    },
    "mfcc": {
        "mean": [-1019.50561523, -3.66246557236, -74.0553894043, 37.6105422974, 35.7636184692, 11.1410827637, -7.06023788452, -8.35834312439, 9.90332889557, 22.9475345612, 19.2250099182, -2.70682859421, -10.4317760468]
    },
    "sccoeffs": {
        "mean": [-0.784371435642, -0.837988257408, -0.903127074242, -0.68498468399, -0.756042480469, -0.780373394489]
    },
    "scvalleys": {
        "mean": [-11.4679775238, -11.9916934967, -12.1639242172, -11.1568832397, -11.2388162613, -13.5364408493]
    }
},
"rhythm": {
    "bpm": 0,
    "first_peak_bpm": {
        "mean": 0
    },
    "first_peak_spread": {
        "mean": 0
    },
    "first_peak_weight": {
        "mean": 0
    },
    "onset_rate": 2.01480269432,
    "second_peak_bpm": {
        "mean": 0
    },
    "second_peak_spread": {
        "mean": 0
    },
    "second_peak_weight": {
        "mean": 0
    },
    "beats_position": [],
    "bpm_estimates": [],
    "bpm_intervals": [],
    "onset_times": [0.0348299331963]
},
"sfx": {
    "inharmonicity": {
        "mean": 0.116055674851
    },
    "oddtoevenharmonicenergyratio": {
        "mean": 3.3063480854
    },
    "pitch_after_max_to_before_max_energy_ratio": 0.112727701664,
    "pitch_centroid": 8.73481273651,
    "pitch_max_to_total": 0.956521749496,
    "pitch_min_to_total": 0,
    "tristimulus": {
        "mean": [0.113165609539, 0.522691905499, 0.18678547442]
    }
},
"tonal": {
    "chords_changes_rate": 0,
    "chords_number_rate": 0.0833333358169,
    "chords_strength": {
        "mean": 0.287866562605
    },
    "key_strength": 0.439582288265,
    "tuning_diatonic_strength": 0.330825567245,
    "tuning_equal_tempered_deviation": 0.158726245165,
    "tuning_frequency": 441.782684326,
    "tuning_nontempered_energy_ratio": 0.838040173054,
    "hpcp": {
        "mean": [0.295917421579, 0.192773461342, 0.113930679858, 0.0743426904082, 0.0294200014323, 0.0418575368822, 0.0417065732181, 0.0355889834464, 0.0289367511868, 0.0213189143687, 0.0753021016717, 0.1180139184, 0.0793365687132, 0.0490754544735, 0.0383624844253, 0.0376998372376, 0.0623379535973, 0.103260070086, 0.163130179048, 0.134872019291, 0.0449707098305, 0.00986473169178, 0.0227256026119, 0.0482878684998, 0.0300569292158, 0.00525374012068, 0.00851400289685, 0.0633575841784, 0.192067205906, 0.575650453568, 0.77274698019, 0.374669522047, 0.147032007575, 0.276571273804, 0.279980182648, 0.264016270638]
    },
    "chords_histogram": [0, 0, 0, 0, 0, 100, 0, 0, 0, 0, 0, 0, 0, 0, 0, 0, 0, 0, 0, 0, 0, 0, 0, 0],
    "thpcp": [1, 0.484854072332, 0.190271869302, 0.357906639576, 0.362318068743, 0.341659396887, 0.382942199707, 0.249465182424, 0.147435948253, 0.0962057337165, 0.0380719713867, 0.0541671961546, 0.0539718344808, 0.0460551567376, 0.0374466069043, 0.0275884792209, 0.0974472910166, 0.15272000432, 0.102668233216, 0.0635077953339, 0.0496443025768, 0.0487867817283, 0.0806705877185, 0.133627265692, 0.211104258895, 0.174535810947, 0.0581959038973, 0.0127657977864, 0.0294088535011, 0.0624885894358, 0.0388962104917, 0.00679878424853, 0.0110178403556, 0.0819900780916, 0.248551219702, 0.744940400124],
    "chords_key": "C",
    "chords_scale": "major",
    "key_key": "G",
    "key_scale": "minor",
    "chords_progression": ["C", "C", "C", "C", "C", "C", "C", "C", "C", "C", "C", "C"]
}
}