{
"metadata": {
    "version": {
        "essentia": "2.1-beta2"
    }
},
"lowLevel": {
    "dissonance": {
        "mean": 0.0354261100292
    },
    "hfc": {
        "mean": 31.5130233765
    },
    "spectral_centroid": {
        "mean": 0.0278142374009
    },
    "mfcc": {
        "mean": [-866.948059082, 250.9793396, 43.5062522888, -32.6798057556, -34.121383667, -38.6927947998, -46.1258392334, -37.317363739, -15.6393060684, -2.14625620842, 11.442817688, 19.4000587463, 5.51306056976, -9.68015098572, -15.4990158081, -14.3286342621, -12.4594926834, -20.1939277649, -15.8246431351, 2.10304570198, 1.01045393944, -7.94329929352, -5.84011125565, -6.44515323639, -8.45308589935, -2.66901636124, 1.41841161251, -3.3837761879, -9.74530220032, -9.15755462646, -3.81667780876, 0.879816532135, 3.97936606407, 5.77621221542, 6.60557842255, 2.87104892731, -3.00688052177, -0.512388706207, 3.35667896271, 0.458150953054]
    },
    "spectral_contrast": {
        "mean": [-0.343627214432, -0.606853306293, -0.753762841225, -0.834308326244, -0.864572048187, -0.812688589096]
    }
},
"sfx": {
    "inharmonicity": {
        "mean": 0.243248060346
    },
    "logattacktime": {
        "mean": -4.96063327789
    }
}
}