{"lowlevel.dissonance.mean": [0.42315101623535156], "sfx.inharmonicity.mean": [0.4959692060947418], "lowlevel.spectral_contrast.mean": [[0.4803849458694458, 0.26394033432006836, 0.3093075752258301, 1.4538999795913696, 0.7612113952636719, 0.5248527526855469]], "lowlevel.spectral_centroid.mean": [0.43135538697242737], "lowlevel.mfcc.mean": [[0.23289215564727783, 0.18772660195827484, 0.21328416466712952, 0.2133096158504486, 0.4402187764644623, 1.007644534111023, 1.371700644493103, 0.6802530884742737, -0.2307533621788025, -0.13683843612670898, 1.0240156650543213, 1.6871730089187622, 1.5583245754241943]], "sfx.logattacktime.mean": [0.43996626138687134], "lowlevel.hfc.mean": [0.47520461678504944]}