{"lowlevel.dissonance.mean": [0.6720232963562012], "sfx.inharmonicity.mean": [0.5725439786911011], "lowlevel.spectral_contrast.mean": [[0.4276254177093506, 0.30112147331237793, 0.4477686882019043, 1.331837773323059, 0.5449471473693848, 0.5907840728759766]], "lowlevel.spectral_centroid.mean": [0.47664153575897217], "lowlevel.mfcc.mean": [[0.2264789342880249, 0.1819942593574524, 0.1884065568447113, 0.2406821995973587, 0.6145269870758057, 1.0263965129852295, 0.8061262369155884, 0.06140631437301636, 0.2572045922279358, 1.002824306488037, 1.416442632675171, 0.7090702056884766, -0.14538049697875977]], "sfx.logattacktime.mean": [0.6211053729057312], "lowlevel.hfc.mean": [0.4717908799648285]}