{"lowlevel.dissonance.mean": [0.1560056209564209], "sfx.inharmonicity.mean": [0.3245224952697754], "lowlevel.spectral_contrast.mean": [[0.3934570550918579, 1.2343263626098633, 1.0483882427215576, 1.0276457071304321, 0.8053998947143555, 0.6462101936340332]], "lowlevel.spectral_centroid.mean": [0.3658652603626251], "lowlevel.mfcc.mean": [[0.5804218053817749, 0.5738943815231323, 0.1716928780078888, 0.4493522047996521, 0.1491745412349701, 0.19177457690238953, 0.11976093053817749, 0.05909639596939087, 0.2100415825843811, 0.41591134667396545, 0.5470668077468872, 0.6352169513702393, 0.707835853099823]], "sfx.logattacktime.mean": [0.4971155524253845], "lowlevel.hfc.mean": [0.46959587931632996]}