{
"metadata": {
    "version": {
        "essentia": "2.1-beta2"
    }
},
"lowLevel": {
    "dissonance": {
        "mean": 0.410629212856
    },
    "hfc": {
        "mean": 2.29582381248
    },
    "spectral_centroid": {
        "mean": 0.187271043658
    },
    "mfcc": {
        "mean": [-864.304077148, -40.6478881836, -71.8960342407, 38.7069168091, 9.7208776474, 16.7898616791, -7.67598962784, 4.19208955765, 4.35957336426, 26.7944927216, 39.328792572, 6.50179195404, -16.0920238495, -9.84417057037, 11.0089054108, 11.1314878464, -19.5830821991, -15.4820194244, 14.2047748566, 28.5939941406, 14.4699459076, 0.313266009092, -2.95789361, -4.23873567581, -9.34062194824, -3.04486346245, 3.02728009224, 6.18864154816, 5.07009744644, 1.1189095974, -2.10628199577, -5.4977183342, 1.20430874825, 8.69341468811, 2.62438368797, -4.84770965576, -7.46541833878, -2.28565049171, 4.85955524445, 1.88945746422]
    },
    "spectral_contrast": {
        "mean": [-0.758267104626, -0.751466155052, -0.660156667233, -0.770901978016, -0.75443482399, -0.719821929932]
    }
},
"sfx": {
    "inharmonicity": {
        "mean": 0.210529744625
    },
    "logattacktime": {
        "mean": -4.77318334579
    }
}
}