{
"metadata": {
    "version": {
        "essentia": "2.1-beta2"
    }
},
"lowLevel": {
    "average_loudness": 0.695714950562,
    "barkbands_kurtosis": {
        "mean": 25.7478694916
    },
    "barkbands_skewness": {
        "mean": 0.462980598211
    },
    "barkbands_spread": {
        "mean": 0.984812438488
    },
    "dissonance": {
        "mean": 0.085979141295
    },
    "hfc": {
        "mean": 19.100189209
    },
    "pitch": {
        "mean": 622.249938965
    },
    "pitch_instantaneous_confidence": {
        "mean": 0.978204250336
    },
    "pitch_salience": {
        "mean": 0.0598248355091
    },
    "silence_rate_20dB": {
        "mean": 0.978260874748
    },
    "silence_rate_30dB": {
        "mean": 0.913043498993
    },
    "silence_rate_60dB": {
        "mean": 0.619565188885
    },
    "spectral_centroid": {
        "mean": 660.488098145
    },
    "spectral_complexity": {
        "mean": 1.84782612324
    },
    "spectral_crest": {
        "mean": 21.1375789642
    },
    "spectral_decrease": {
        "mean": -7.10751946187e-09
    },
    "spectral_energy": {
        "mean": 0.0285578612238
    },
    "spectral_energyband_high": {
        "mean": 2.83906520053e-05
    },
    "spectral_energyband_low": {
        "mean": 9.96125072561e-06
    },
    "spectral_energyband_middle_high": {
        "mean": 0.00091767514823
    },
    "spectral_energyband_middle_low": {
        "mean": 0.0276031941175
    },
    "spectral_flatness_db": {
        "mean": 0.797047555447
    },
    "spectral_flux": {
        "mean": 0.0160403102636
    },
    "spectral_kurtosis": {
        "mean": 139.126342773
    },
    "spectral_rms": {
        "mean": 0.00301365158521
    },
    "spectral_rolloff": {
        "mean": 715.042785645
    },
    "spectral_skewness": {
        "mean": 9.66268730164
    },
    "spectral_spread": {
        "mean": 2995589.5
    },
    "spectral_strongpeak": {
        "mean": 1.66811835766
    },
    "zerocrossingrate": {
        "mean": 0.033601179719
    },
    "barkbands": {
        "mean": [3.35827898823e-08, 2.98755503536e-06, 5.64610263609e-06, 7.41650774216e-06, 6.15828103037e-05, 4.6167660912e-05, 2.86895556201e-05, 0.00558895338327, 0.021870167926, 1.15204852591e-06, 3.0142837204e-06, 0.000118662886962, 2.35283077927e-05, 8.50319679557e-07, 0.000643398030661, 1.09672714643e-06, 9.19815793168e-05, 2.03808867809e-05, 1.25944816318e-05, 3.7039126255e-06, 1.61578759617e-06, 1.40227139127e-05, 3.02111038764e-06, 3.64811967302e-06, 3.07262212118e-06, 4.85283578655e-07, 1.29491048995e-08]
    },
    "mfcc": {
        "mean": [-1041.40197754, 58.3914909363, -9.89524745941, -22.1204891205, -28.0034656525, -36.055065155, -29.4499225616, 2.76393437386, 28.7718029022, 42.023563385, 38.379283905, 12.2788696289, -13.3310976028]
    },
    "sccoeffs": {
        "mean": [-0.799462854862, -0.230363801122, -0.606085419655, -0.691143214703, -0.800254166126, -0.891213595867]
    },
    "scvalleys": {
        "mean": [-13.0090322495, -12.8485717773, -13.1940813065, -13.8061761856, -14.255604744, -14.4777927399]
    }
},
"rhythm": {
    "beats_loudness": {
        "mean": 0.00546313170344
    },
    "bpm": 87.5926895142,
    "first_peak_bpm": {
        "mean": 88
    },
    "first_peak_spread": {
        "mean": 0
    },
    "first_peak_weight": {
        "mean": 1
    },
    "onset_rate": 0.473485887051,
    "second_peak_bpm": {
        "mean": 0
    },
    "second_peak_spread": {
        "mean": 0
    },
    "second_peak_weight": {
        "mean": 0
    },
    "beats_loudness_band_ratio": {
        "mean": [2.2207341317e-05, 9.02149849935e-07, 0.999299883842, 0.000118712021504, 0.000559235399123, 1.22361439026e-06]
    },
    "beats_position": [0.684988677502, 1.369977355],
    "bpm_estimates": [87.5926895142],
    "bpm_intervals": [0.684988677502],
    "onset_times": [0.0232199542224]
},
"sfx": {
    "inharmonicity": {
        "mean": 0.0170505829155
    },
    "oddtoevenharmonicenergyratio": {
        "mean": 6419340.5
    },
    "pitch_after_max_to_before_max_energy_ratio": 0.01131126564,
    "pitch_centroid": 45.6497001648,
    "pitch_max_to_total": 0.989130437374,
    "pitch_min_to_total": 0,
    "tristimulus": {
        "mean": [0.689805626869, 0.308175802231, 0.00201336084865]
    }
},
"tonal": {
    "chords_changes_rate": 0.021276595071,
    "chords_number_rate": 0.0425531901419,
    "chords_strength": {
        "mean": 0.485242426395
    },
    "key_strength": 0.579716384411,
    "tuning_diatonic_strength": 0.361351668835,
    "tuning_equal_tempered_deviation": 0.113812975585,
    "tuning_frequency": 441.272583008,
    "tuning_nontempered_energy_ratio": 0.648025214672,
    "hpcp": {
        "mean": [0.000314927805448, 0.000277219747659, 0.00270340964198, 0.00619429023936, 0.00367838866077, 0.000145240512211, 6.48670247756e-05, 0.000206518991035, 0.000186426637811, 8.24704984552e-05, 0.000134952599183, 0.000134752306622, 0.000694537418894, 0.00114186643623, 0.000570904288907, 0.000131317166961, 0.00103302625939, 0.495738327503, 1, 0.505512058735, 0.000634842959698, 0.00114372174721, 0.000838111911435, 6.53658134979e-05, 0.000100730045233, 0.000210936996154, 0.000137788854772, 2.77616782114e-05, 0.000588452152442, 0.00150881300215, 0.00107267219573, 0.000647952198051, 0.001312901848, 0.00109888438601, 0.000465698249172, 0.000265015201876]
    },
    "chords_histogram": [19.148935318, 80.8510665894, 0, 0, 0, 0, 0, 0, 0, 0, 0, 0, 0, 0, 0, 0, 0, 0, 0, 0, 0, 0, 0, 0],
    "thpcp": [1, 0.505512058735, 0.000634842959698, 0.00114372174721, 0.000838111911435, 6.53658134979e-05, 0.000100730045233, 0.000210936996154, 0.000137788854772, 2.77616782114e-05, 0.000588452152442, 0.00150881300215, 0.00107267219573, 0.000647952198051, 0.001312901848, 0.00109888438601, 0.000465698249172, 0.000265015201876, 0.000314927805448, 0.000277219747659, 0.00270340964198, 0.00619429023936, 0.00367838866077, 0.000145240512211, 6.48670247756e-05, 0.000206518991035, 0.000186426637811, 8.24704984552e-05, 0.000134952599183, 0.000134752306622, 0.000694537418894, 0.00114186643623, 0.000570904288907, 0.000131317166961, 0.00103302625939, 0.495738327503],
    "chords_key": "B",
    "chords_scale": "major",
    "key_key": "G#",
    "key_scale": "minor",
    "chords_progression": ["B", "B", "B", "B", "B", "B", "B", "B", "B", "B", "B", "B", "B", "B", "B", "B", "B", "B", "B", "B", "B", "B", "B", "B", "B", "B", "B", "B", "B", "B", "B", "B", "B", "B", "B", "B", "B", "B", "G#m", "G#m", "G#m", "G#m", "G#m", "G#m", "G#m", "G#m", "G#m"]
}
}