{"lowlevel.dissonance.mean": [0.16412460803985596], "sfx.inharmonicity.mean": [0.25389641523361206], "lowlevel.spectral_contrast.mean": [[0.606096625328064, 0.9114972352981567, 0.9988183975219727, 0.9392217397689819, 0.6597986221313477, 0.44294261932373047]], "lowlevel.spectral_centroid.mean": [0.37585723400115967], "lowlevel.mfcc.mean": [[0.39147019386291504, 0.5926910042762756, 0.3451058268547058, 0.39015790820121765, 0.5117737054824829, 0.2866865396499634, 0.19666478037834167, 0.1527111530303955, 0.44013428688049316, 0.6151491403579712, 0.3675879240036011, 0.3153333365917206, 0.39920511841773987]], "sfx.logattacktime.mean": [0.5429924726486206], "lowlevel.hfc.mean": [0.4655877947807312]}