{"lowlevel.dissonance.mean": [0.08287394046783447], "sfx.inharmonicity.mean": [0.3108248710632324], "lowlevel.spectral_contrast.mean": [[0.8219919800758362, 0.4391368627548218, 0.29848480224609375, 0.27981090545654297, 0.3173089027404785, 0.2950420379638672]], "lowlevel.spectral_centroid.mean": [0.39058759808540344], "lowlevel.mfcc.mean": [[0.2591055631637573, 0.24407492578029633, 0.5525023341178894, 0.518033504486084, 0.49627161026000977, 0.36956867575645447, 0.3597061038017273, 0.2794986069202423, 0.27054569125175476, 0.2164563238620758, 0.1575043499469757, 0.15467515587806702, 0.07430079579353333]], "sfx.logattacktime.mean": [0.2598935663700104], "lowlevel.hfc.mean": [0.4784338176250458]}