{"lowlevel.dissonance.mean": [0.2699422836303711], "sfx.inharmonicity.mean": [0.2767220139503479], "lowlevel.spectral_contrast.mean": [[0.4999455213546753, 0.6991201639175415, 0.8168561458587646, 0.7635687589645386, 0.5384342670440674, 0.42584896087646484]], "lowlevel.spectral_centroid.mean": [0.36366111040115356], "lowlevel.mfcc.mean": [[0.2834118604660034, 0.5196043252944946, 0.41462457180023193, 0.343799889087677, 0.5769842863082886, 0.463522732257843, 0.37595951557159424, 0.31762999296188354, 0.5643645524978638, 0.7430777549743652, 0.5963478684425354, 0.2557508945465088, 0.4617648720741272]], "sfx.logattacktime.mean": [0.4385892152786255], "lowlevel.hfc.mean": [0.4651707410812378]}