{
"metadata": {
    "version": {
        "essentia": "2.1-beta2"
    }
},
"lowLevel": {
    "dissonance": {
        "mean": 0.0179304089397
    },
    "hfc": {
        "mean": 11.3241682053
    },
    "spectral_centroid": {
        "mean": 0.0308957248926
    },
    "mfcc": {
        "mean": [-936.748535156, 165.788589478, 22.9559669495, -30.6658229828, -39.8263931274, -37.4730491638, -38.3705291748, -37.2014694214, -30.4500904083, -23.8219299316, -19.7994823456, -19.7828769684, -17.0886001587, -8.3858499527, -2.1410446167, 2.29121303558, 12.7875185013, 27.1749420166, 29.8556041718, 26.9172725677, 23.0034255981, 3.25642108917, -14.3832473755, -19.3515167236, -15.1898508072, -5.45811748505, 5.46610975266, 15.2437314987, 14.937412262, 0.436346173286, -12.2488737106, -12.437538147, -4.78385686874, 4.39798069, 8.56867980957, 0.456133574247, -13.1294736862, -16.1989040375, -5.14696264267, 4.55084276199]
    },
    "spectral_contrast": {
        "mean": [-0.390664845705, -0.476903349161, -0.69931614399, -0.826695561409, -0.885110080242, -0.875160813332]
    }
},
"sfx": {
    "inharmonicity": {
        "mean": 0.172134026885
    },
    "logattacktime": {
        "mean": -4.9784450531
    }
}
}