{
"metadata": {
    "version": {
        "essentia": "2.1-beta2"
    }
},
"lowLevel": {
    "average_loudness": 0.867653489113,
    "barkbands_kurtosis": {
        "mean": 19.1801872253
    },
    "barkbands_skewness": {
        "mean": 0.730598449707
    },
    "barkbands_spread": {
        "mean": 11.2005062103
    },
    "dissonance": {
        "mean": 0.324982970953
    },
    "hfc": {
        "mean": 0.851615726948
    },
    "pitch": {
        "mean": 218.955780029
    },
    "pitch_instantaneous_confidence": {
        "mean": 0.868199586868
    },
    "pitch_salience": {
        "mean": 0.553880214691
    },
    "silence_rate_20dB": {
        "mean": 1
    },
    "silence_rate_30dB": {
        "mean": 1
    },
    "silence_rate_60dB": {
        "mean": 1
    },
    "spectral_centroid": {
        "mean": 763.4765625
    },
    "spectral_complexity": {
        "mean": 3.2277777195
    },
    "spectral_crest": {
        "mean": 11.9193668365
    },
    "spectral_decrease": {
        "mean": -1.87281454234e-10
    },
    "spectral_energy": {
        "mean": 0.00078408617992
    },
    "spectral_energyband_high": {
        "mean": 6.33022523289e-07
    },
    "spectral_energyband_low": {
        "mean": 2.36352525462e-06
    },
    "spectral_energyband_middle_high": {
        "mean": 0.000410235894378
    },
    "spectral_energyband_middle_low": {
        "mean": 0.000369180954294
    },
    "spectral_flatness_db": {
        "mean": 0.309537649155
    },
    "spectral_flux": {
        "mean": 0.00196572882123
    },
    "spectral_kurtosis": {
        "mean": 24.969789505
    },
    "spectral_rms": {
        "mean": 0.000694469548762
    },
    "spectral_rolloff": {
        "mean": 1337.21289062
    },
    "spectral_skewness": {
        "mean": 4.22871208191
    },
    "spectral_spread": {
        "mean": 6575114
    },
    "spectral_strongpeak": {
        "mean": 0.675160944462
    },
    "zerocrossingrate": {
        "mean": 0.0511664487422
    },
    "barkbands": {
        "mean": [3.36044377036e-06, 5.49249250525e-07, 1.34854772682e-07, 2.39389123635e-07, 0.000127904713736, 1.57493019515e-07, 8.5983898316e-05, 5.32791801788e-08, 0.000154836205184, 1.27251987578e-05, 7.22685058463e-08, 3.53699215339e-05, 3.0045935091e-06, 0.000219694105908, 7.77411842137e-05, 5.44640788576e-05, 5.55287033421e-06, 3.37286877539e-07, 1.07448556719e-06, 3.30866015474e-07, 1.99555827862e-07, 2.10415564084e-07, 3.28606333255e-08, 4.61979858812e-08, 9.77669234459e-09, 2.57407317683e-09, 5.48409484491e-10]
    },
    "mfcc": {
        "mean": [-948.000183105, 126.397590637, -20.099029541, -9.59064102173, 4.02950763702, -6.13579320908, -20.9790935516, -14.1854639053, 1.92491018772, 3.49622678757, -2.94772338867, -5.56838941574, 0.0497469156981]
    },
    "sccoeffs": {
        "mean": [-0.633890271187, -0.579977631569, -0.597556233406, -0.643116295338, -0.771972477436, -0.842540919781]
    },
    "scvalleys": {
        "mean": [-9.19117069244, -10.3786649704, -11.242524147, -11.5851383209, -12.2467803955, -13.2959527969]
    }
},
"rhythm": {
    "beats_loudness": {
        "mean": 0.00104082934558
    },
    "bpm": 88.7253570557,
    "first_peak_bpm": {
        "mean": 89
    },
    "first_peak_spread": {
        "mean": 0
    },
    "first_peak_weight": {
        "mean": 1
    },
    "onset_rate": 2.64932847023,
    "second_peak_bpm": {
        "mean": 0
    },
    "second_peak_spread": {
        "mean": 0
    },
    "second_peak_weight": {
        "mean": 0
    },
    "beats_loudness_band_ratio": {
        "mean": [0.126946091652, 0.187055468559, 0.342939645052, 0.246475532651, 0.129196897149, 0.00178636482451]
    },
    "beats_position": [0.673378646374, 1.34675729275, 2.02013611794, 2.69351458549, 3.3785033226],
    "bpm_estimates": [89.1029129028, 89.1028900146, 89.102935791, 87.5926818848],
    "bpm_intervals": [0.673378646374, 0.673378825188, 0.67337846756, 0.684988737106],
    "onset_times": [0.0232199542224, 0.116099774837, 0.18575963378, 0.27863946557, 0.371519267559, 3.12308382988, 3.47138333321, 3.70358276367, 3.77324271202, 3.87773251534, 4.07510185242]
},
"sfx": {
    "inharmonicity": {
        "mean": 0.0107176909223
    },
    "oddtoevenharmonicenergyratio": {
        "mean": 3.48822999001
    },
    "pitch_after_max_to_before_max_energy_ratio": 0.0282063819468,
    "pitch_centroid": 91.5928573608,
    "pitch_max_to_total": 0.994444429874,
    "pitch_min_to_total": 0.0222222227603,
    "tristimulus": {
        "mean": [0.431730270386, 0.551447153091, 0.0166528057307]
    }
},
"tonal": {
    "chords_changes_rate": 0.0219780225307,
    "chords_number_rate": 0.0219780225307,
    "chords_strength": {
        "mean": 0.437157213688
    },
    "key_strength": 0.581820607185,
    "tuning_diatonic_strength": 0.431345015764,
    "tuning_equal_tempered_deviation": 0.0836217328906,
    "tuning_frequency": 441.782684326,
    "tuning_nontempered_energy_ratio": 0.644188165665,
    "hpcp": {
        "mean": [0.903783798218, 0.418911069632, 0.00138022413012, 0.000803810718935, 0.00105170928873, 0.118858575821, 0.257558435202, 0.140717804432, 0.00351722515188, 0.00470274267718, 0.0319998599589, 0.143527284265, 0.137550398707, 0.0238013602793, 0.00229326752014, 0.00790010485798, 0.0173497293144, 0.0131649170071, 0.0028436249122, 0.00293476670049, 0.194911330938, 0.384242981672, 0.222084343433, 0.0664816349745, 0.0372351594269, 0.00297237071209, 0.00554503407329, 0.0117697063833, 0.27454572916, 0.52843517065, 0.265656262636, 0.006929859519, 0.00565279647708, 0.00730230193585, 0.0263130422682, 0.507815778255]
    },
    "chords_histogram": [0, 0, 7.69230747223, 0, 0, 0, 0, 0, 0, 0, 0, 0, 0, 0, 0, 0, 0, 0, 0, 92.3076934814, 0, 0, 0, 0],
    "thpcp": [1, 0.463508039713, 0.0015271618031, 0.000889383838512, 0.00116367358714, 0.131512179971, 0.284977942705, 0.155698522925, 0.0038916664198, 0.00520339328796, 0.0354065448046, 0.158807098866, 0.152193918824, 0.0263352375478, 0.00253740721382, 0.00874114502221, 0.0191967692226, 0.0145664447919, 0.0031463552732, 0.00324720004573, 0.215661451221, 0.425149232149, 0.245727285743, 0.0735592246056, 0.0411991886795, 0.00328880734742, 0.00613535474986, 0.013022701256, 0.303773671389, 0.584692001343, 0.293937832117, 0.00766760762781, 0.00625458918512, 0.00807970017195, 0.029114311561, 0.56187748909],
    "chords_key": "A",
    "chords_scale": "minor",
    "key_key": "D",
    "key_scale": "major",
    "chords_progression": ["Am", "Am", "Am", "Am", "Am", "Am", "Am", "Am", "Am", "Am", "Am", "Am", "Am", "Am", "Am", "Am", "Am", "Am", "Am", "Am", "Am", "Am", "Am", "A", "A", "A", "A", "A", "A", "A", "Am", "Am", "Am", "Am", "Am", "Am", "Am", "Am", "Am", "Am", "Am", "Am", "Am", "Am", "Am", "Am", "Am", "Am", "Am", "Am", "Am", "Am", "Am", "Am", "Am", "Am", "Am", "Am", "Am", "Am", "Am", "Am", "Am", "Am", "Am", "Am", "Am", "Am", "Am", "Am", "Am", "Am", "Am", "Am", "Am", "Am", "Am", "Am", "Am", "Am", "Am", "Am", "Am", "Am", "Am", "Am", "Am", "Am", "Am", "Am", "Am"]
}
}