{
"metadata": {
    "version": {
        "essentia": "2.1-beta2"
    }
},
"lowLevel": {
    "dissonance": {
        "mean": 0.150556221604
    },
    "hfc": {
        "mean": 1.18447756767
    },
    "spectral_centroid": {
        "mean": 0.0628577694297
    },
    "mfcc": {
        "mean": [-842.19543457, 172.895263672, -50.0502204895, -21.7425117493, 1.00901281834, -6.79245042801, -32.1649513245, -22.0127391815, -1.74361455441, 1.92014491558, -9.4301700592, -12.6181306839, -4.42707967758, -7.73160219193, -15.4602890015, -4.21705102921, -7.77801322937, -4.51596832275, 2.40319466591, 7.77476358414, 14.4512815475, -3.33284449577, -0.984371542931, 3.19522070885, 13.8900918961, 27.8410892487, 9.70036697388, -4.89792156219, 2.71047949791, 8.91874599457, -1.72720217705, -9.28973484039, -6.87264871597, -1.8113925457, 7.7138004303, 15.5532255173, 8.11908531189, -2.74604439735, -5.48738336563, 3.04684114456]
    },
    "spectral_contrast": {
        "mean": [-0.594605743885, -0.613859772682, -0.587393760681, -0.736318290234, -0.807473659515, -0.813661634922]
    }
},
"sfx": {
    "inharmonicity": {
        "mean": 0.172069728374
    },
    "logattacktime": {
        "mean": -5
    }
}
}