{
"metadata": {
    "version": {
        "essentia": "2.1-beta2"
    }
},
"lowLevel": {
    "dissonance": {
        "mean": 0.0588487237692
    },
    "hfc": {
        "mean": 28.5009040833
    },
    "spectral_centroid": {
        "mean": 0.0867733731866
    },
    "mfcc": {
        "mean": [-963.959106445, 1.1356562376, -69.3081970215, -23.9114265442, -8.7142496109, 54.8028144836, 79.7727355957, 11.5242919922, -52.7108802795, -35.7254829407, 26.8625679016, 65.3763122559, 55.5894622803, -27.1878414154, -37.028175354, 33.2996902466, 24.5735397339, 13.549738884, 21.5919151306, -11.3674221039, -51.9396858215, 21.0761241913, 41.4212036133, -13.7059831619, 6.02276802063, -5.9768652916, -0.145782366395, 10.7825145721, -10.1523447037, 11.8208684921, 7.52348136902, -5.69442272186, 2.86675715446, -11.5814495087, -0.719076097012, -3.94727063179, 12.2619562149, 9.36790180206, -8.21222782135, -19.0875854492]
    },
    "spectral_contrast": {
        "mean": [-0.711787521839, -0.192066818476, -0.820060372353, -0.625071108341, -0.783223927021, -0.738963842392]
    }
},
"sfx": {
    "inharmonicity": {
        "mean": 0.0351666286588
    },
    "logattacktime": {
        "mean": -4.97037267685
    }
}
}