{
"metadata": {
    "version": {
        "essentia": "2.1-beta2"
    }
},
"lowLevel": {
    "dissonance": {
        "mean": 0.401963502169
    },
    "hfc": {
        "mean": 55.418258667
    },
    "spectral_centroid": {
        "mean": 0.231688216329
    },
    "mfcc": {
        "mean": [-667.615356445, 35.7961120605, -11.393239975, -2.91109013557, -27.3127727509, -22.3169384003, -10.0629825592, -6.45888566971, -12.9195489883, -12.6219587326, -15.2287397385, -5.67455768585, -13.5586891174, -3.91981554031, -3.36975932121, -9.26376724243, -9.64879989624, -7.19659471512, -6.38554668427, -7.05971765518, -5.53482961655, -2.33314824104, -3.92454385757, -2.61932110786, -4.30726718903, -4.85489225388, -4.64739179611, -2.02009940147, 0.979848086834, 2.35994505882, -0.0870166644454, -3.3210644722, -3.27514839172, -1.16464567184, -0.382422447205, -1.49532902241, -0.333835870028, -0.68577247858, 0.117096729577, 0.859413802624]
    },
    "spectral_contrast": {
        "mean": [-0.716636657715, -0.770984530449, -0.832095086575, -0.815932810307, -0.826405107975, -0.691356122494]
    }
},
"sfx": {
    "inharmonicity": {
        "mean": 0.21837747097
    },
    "logattacktime": {
        "mean": -4.71035575867
    }
}
}