{
"metadata": {
    "version": {
        "essentia": "2.1-beta2"
    }
},
"lowLevel": {
    "dissonance": {
        "mean": 0.211289942265
    },
    "hfc": {
        "mean": 26.2935581207
    },
    "spectral_centroid": {
        "mean": 0.0709897950292
    },
    "mfcc": {
        "mean": [-709.193908691, 136.399917603, -68.5950775146, 1.10860419273, -48.257484436, -27.3402576447, -31.5615634918, -24.4044837952, -19.878156662, -11.5848836899, 3.39280986786, 8.14257907867, 3.93226528168, 6.51306533813, 8.3865070343, -1.13339674473, -0.468017280102, -0.734288692474, -6.71392869949, -8.54935359955, -9.67892932892, -6.26352214813, -7.46326208115, -0.697007656097, 12.5005817413, 8.03978443146, 5.64865398407, 14.3378448486, 16.2422161102, 12.6409235001, 5.93764305115, 3.25370001793, -2.63297939301, -7.55288267136, -8.82768440247, -5.59543275833, -1.33708894253, -1.09008741379, 6.31198167801, 4.64142608643]
    },
    "spectral_contrast": {
        "mean": [-0.410584300756, -0.573941588402, -0.68144094944, -0.710517346859, -0.729588329792, -0.782370865345]
    }
},
"sfx": {
    "inharmonicity": {
        "mean": 0.15770944953
    },
    "logattacktime": {
        "mean": -5
    }
}
}