{
"metadata": {
    "version": {
        "essentia": "2.1-beta2"
    }
},
"lowLevel": {
    "average_loudness": 0.897756934166,
    "barkbands_kurtosis": {
        "mean": 369.540802002
    },
    "barkbands_skewness": {
        "mean": 10.1629590988
    },
    "barkbands_spread": {
        "mean": 5.86493778229
    },
    "dissonance": {
        "mean": 0.432109028101
    },
    "hfc": {
        "mean": 24.1360015869
    },
    "pitch": {
        "mean": 1319.42565918
    },
    "pitch_instantaneous_confidence": {
        "mean": 0.844820439816
    },
    "pitch_salience": {
        "mean": 0.119539797306
    },
    "silence_rate_20dB": {
        "mean": 1
    },
    "silence_rate_30dB": {
        "mean": 1
    },
    "silence_rate_60dB": {
        "mean": 0.29680365324
    },
    "spectral_centroid": {
        "mean": 1311.23168945
    },
    "spectral_complexity": {
        "mean": 1.3059360981
    },
    "spectral_crest": {
        "mean": 24.0067176819
    },
    "spectral_decrease": {
        "mean": -3.93996701931e-09
    },
    "spectral_energy": {
        "mean": 0.0170595012605
    },
    "spectral_energyband_high": {
        "mean": 4.1711708036e-05
    },
    "spectral_energyband_low": {
        "mean": 1.19112689845e-06
    },
    "spectral_energyband_middle_high": {
        "mean": 0.0170159582049
    },
    "spectral_energyband_middle_low": {
        "mean": 6.17340276676e-08
    },
    "spectral_flatness_db": {
        "mean": 0.523903369904
    },
    "spectral_flux": {
        "mean": 0.00478392560035
    },
    "spectral_kurtosis": {
        "mean": 17.8112869263
    },
    "spectral_rms": {
        "mean": 0.00331544294022
    },
    "spectral_rolloff": {
        "mean": 1502.99511719
    },
    "spectral_skewness": {
        "mean": 3.70195484161
    },
    "spectral_spread": {
        "mean": 10225485
    },
    "spectral_strongpeak": {
        "mean": 5.86696624756
    },
    "zerocrossingrate": {
        "mean": 0.0672936290503
    },
    "barkbands": {
        "mean": [1.50304902036e-06, 3.24650130779e-07, 3.25250337774e-09, 1.20792909009e-09, 3.32491145727e-09, 1.2187523879e-08, 2.89199011405e-08, 7.77833086829e-09, 6.04326988451e-09, 5.98487730485e-08, 3.39174022201e-08, 9.27588175159e-08, 0.0169884636998, 7.49304618353e-08, 7.83532527748e-08, 2.0140173973e-08, 2.9280810665e-08, 2.70827695203e-05, 2.23890239681e-08, 3.53975847247e-05, 2.21813323265e-08, 3.03950696434e-06, 1.32073955683e-06, 1.02932676782e-06, 6.42024531317e-07, 1.87265058571e-07, 8.59074802406e-08]
    },
    "mfcc": {
        "mean": [-1026.96850586, 5.65216207504, -44.837890625, -17.8768920898, 10.1391077042, 51.454082489, 39.0911903381, -11.6077194214, -35.2959747314, 0.891528666019, 44.3821487427, 51.0129699707, -13.564157486]
    },
    "sccoeffs": {
        "mean": [-0.684799253941, -0.870207428932, -0.864968121052, -0.457051604986, -0.726271092892, -0.814267516136]
    },
    "scvalleys": {
        "mean": [-11.3487758636, -11.2861728668, -11.099653244, -11.0861415863, -11.7133321762, -12.547375679]
    }
},
"rhythm": {
    "beats_loudness": {
        "mean": 0.0193103011698
    },
    "bpm": 136.91809082,
    "first_peak_bpm": {
        "mean": 136
    },
    "first_peak_spread": {
        "mean": 0.25
    },
    "first_peak_weight": {
        "mean": 0.600000023842
    },
    "onset_rate": 1.58730876446,
    "second_peak_bpm": {
        "mean": 129
    },
    "second_peak_spread": {
        "mean": 0
    },
    "second_peak_weight": {
        "mean": 0.10000000149
    },
    "beats_loudness_band_ratio": {
        "mean": [0.177214995027, 0.00109994329978, 0.00333158159629, 0.813958585262, 0.00217786547728, 0.0027745065745]
    },
    "beats_position": [0.406349211931, 0.847528338432, 1.28870749474, 1.71827661991, 2.18267560005, 2.62385487556, 3.06503391266, 3.50621318817, 3.9125623703, 4.34213161469, 4.78331041336],
    "bpm_estimates": [135.999176025, 135.999176025, 139.674835205, 135.999130249, 135.999206543, 135.999130249, 139.674804688, 135.999282837],
    "bpm_intervals": [0.441179126501, 0.441179156303, 0.429569125175, 0.464398980141, 0.441179275513, 0.441179037094, 0.441179275513, 0.406349182129, 0.429569244385, 0.441178798676],
    "onset_times": [0.0464399084449, 0.162539675832, 0.27863946557, 0.383129239082, 0.510838985443, 0.986848056316, 1.06811785698, 1.10294783115]
},
"sfx": {
    "inharmonicity": {
        "mean": 0.146189063787
    },
    "oddtoevenharmonicenergyratio": {
        "mean": 34913.0039062
    },
    "pitch_after_max_to_before_max_energy_ratio": 3.44012999535,
    "pitch_centroid": 113.111106873,
    "pitch_max_to_total": 0.191780820489,
    "pitch_min_to_total": 0.173515975475,
    "tristimulus": {
        "mean": [0.158726647496, 0.653602063656, 0.0600573830307]
    }
},
"tonal": {
    "chords_changes_rate": 0.109090909362,
    "chords_number_rate": 0.0636363625526,
    "chords_strength": {
        "mean": 0.476389825344
    },
    "key_strength": 0.579346895218,
    "tuning_diatonic_strength": 0.532939434052,
    "tuning_equal_tempered_deviation": 0.180055201054,
    "tuning_frequency": 442.293365479,
    "tuning_nontempered_energy_ratio": 0.781300663948,
    "hpcp": {
        "mean": [0.0415017008781, 0.0441583953798, 0.0412396155298, 0.0417181923985, 0.0428521074355, 0.0336034372449, 0.035659249872, 0.0408256910741, 0.0382116809487, 0.0415738970041, 0.0344695933163, 0.0165831986815, 0.00933573022485, 0.0142865451053, 0.0189267341048, 0.0161515958607, 0.0136614469811, 0.0171281024814, 0.0249644294381, 0.0329370722175, 0.0331408493221, 0.0274231433868, 0.0930347293615, 0.532584011555, 0.870485126972, 0.442652314901, 0.0489218495786, 0.0507651604712, 0.0476469434798, 0.0377986393869, 0.0319081693888, 0.0421545170248, 0.0602790303528, 0.0597745552659, 0.0550419576466, 0.0491627119482]
    },
    "chords_histogram": [2.72727274895, 32.7272720337, 43.6363639832, 0, 0, 0, 0, 0, 0, 9.09090900421, 2.72727274895, 7.27272748947, 1.81818187237, 0, 0, 0, 0, 0, 0, 0, 0, 0, 0, 0],
    "thpcp": [1, 0.508512198925, 0.056200671941, 0.0583182387054, 0.0547360815108, 0.0434224978089, 0.0366556160152, 0.0484264642, 0.0692476257682, 0.0686680972576, 0.063231356442, 0.0564773716033, 0.0476765185595, 0.0507284887135, 0.0473754405975, 0.0479252226651, 0.0492278449237, 0.0386031158268, 0.0409648008645, 0.0468999296427, 0.0438969954848, 0.0477594584227, 0.0395981408656, 0.0190505255014, 0.0107247438282, 0.0164121650159, 0.0217427425086, 0.0185547061265, 0.0156940612942, 0.019676502794, 0.0286787543446, 0.0378376059234, 0.0380716994405, 0.0315032862127, 0.10687687248, 0.611824393272],
    "chords_key": "F",
    "chords_scale": "minor",
    "key_key": "A#",
    "key_scale": "minor",
    "chords_progression": ["C", "C", "C", "C", "C", "C", "C", "C", "Em", "Em", "Am", "Am", "Am", "Fm", "Fm", "Fm", "Fm", "F", "Fm", "Fm", "Fm", "Fm", "Fm", "Fm", "Fm", "Fm", "Fm", "Fm", "F", "Fm", "Fm", "Fm", "Fm", "Fm", "Fm", "F", "F", "F", "F", "F", "F", "F", "F", "C#", "C#", "C#", "C#", "C#", "C#", "C#", "C#", "C#", "C#", "C#", "C#", "C#", "C#", "C#", "C#", "C#", "C#", "C#", "C#", "C#", "C#", "C#", "C#", "C#", "C#", "C#", "C#", "C#", "A#m", "A#m", "A#m", "C#", "C#", "C#", "C#", "C#", "C#", "C#", "Fm", "Fm", "Fm", "Fm", "Fm", "Fm", "Fm", "Fm", "Fm", "Fm", "Fm", "Fm", "Fm", "Fm", "Fm", "Fm", "Fm", "Fm", "Fm", "Fm", "Fm", "Fm", "Fm", "Fm", "Fm", "Fm", "Fm", "Fm"]
}
}