{
"metadata": {
    "version": {
        "essentia": "2.1-beta2"
    }
},
"lowLevel": {
    "average_loudness": 0.942456662655,
    "barkbands_kurtosis": {
        "mean": 258.805511475
    },
    "barkbands_skewness": {
        "mean": 11.5618314743
    },
    "barkbands_spread": {
        "mean": 4.63166570663
    },
    "dissonance": {
        "mean": 0.344618350267
    },
    "hfc": {
        "mean": 19.57970047
    },
    "pitch": {
        "mean": 1138.92871094
    },
    "pitch_instantaneous_confidence": {
        "mean": 0.890319466591
    },
    "pitch_salience": {
        "mean": 0.110813133419
    },
    "silence_rate_20dB": {
        "mean": 1
    },
    "silence_rate_30dB": {
        "mean": 1
    },
    "silence_rate_60dB": {
        "mean": 0.251141548157
    },
    "spectral_centroid": {
        "mean": 1160.67993164
    },
    "spectral_complexity": {
        "mean": 1.43378996849
    },
    "spectral_crest": {
        "mean": 24.9692897797
    },
    "spectral_decrease": {
        "mean": -3.91435150959e-09
    },
    "spectral_energy": {
        "mean": 0.0165495667607
    },
    "spectral_energyband_high": {
        "mean": 9.71099234448e-06
    },
    "spectral_energyband_low": {
        "mean": 7.15576277344e-07
    },
    "spectral_energyband_middle_high": {
        "mean": 0.0165383610874
    },
    "spectral_energyband_middle_low": {
        "mean": 3.35377961846e-07
    },
    "spectral_flatness_db": {
        "mean": 0.515185892582
    },
    "spectral_flux": {
        "mean": 0.00544524425641
    },
    "spectral_kurtosis": {
        "mean": 9.92084503174
    },
    "spectral_rms": {
        "mean": 0.00349331926554
    },
    "spectral_rolloff": {
        "mean": 1309.79040527
    },
    "spectral_skewness": {
        "mean": 3.01893424988
    },
    "spectral_spread": {
        "mean": 9720377
    },
    "spectral_strongpeak": {
        "mean": 5.19029331207
    },
    "zerocrossingrate": {
        "mean": 0.0596193633974
    },
    "barkbands": {
        "mean": [1.04564605863e-06, 1.6895619126e-07, 3.01468050523e-09, 1.64370994593e-09, 4.71493422083e-09, 1.0662569494e-08, 1.2765050883e-07, 1.60077249234e-07, 1.91903399838e-08, 1.05797155925e-07, 4.8985118184e-08, 0.0164557304233, 5.80945069828e-08, 1.87548309327e-07, 1.09971367124e-07, 1.1225046137e-06, 2.50462326221e-05, 1.59816920586e-07, 5.57002604182e-05, 1.37797059097e-07, 1.42940416481e-06, 3.97456324208e-06, 3.38441424219e-07, 1.26981899484e-06, 2.04932689485e-06, 5.91222828916e-07, 8.8754461558e-09]
    },
    "mfcc": {
        "mean": [-996.171020508, 4.67851686478, -48.8238182068, -23.4271373749, -11.1299133301, 21.6919193268, 40.1699752808, 18.4271144867, -11.5404167175, -26.2879981995, 3.87018752098, 41.3755340576, 59.841960907]
    },
    "sccoeffs": {
        "mean": [-0.719023108482, -0.815936028957, -0.379259198904, -0.691096127033, -0.722357928753, -0.810700297356]
    },
    "scvalleys": {
        "mean": [-11.1661090851, -10.9738559723, -10.639128685, -10.7815093994, -11.184431076, -11.7658538818]
    }
},
"rhythm": {
    "beats_loudness": {
        "mean": 0.0180487055331
    },
    "bpm": 102.490821838,
    "first_peak_bpm": {
        "mean": 103
    },
    "first_peak_spread": {
        "mean": 0.428571403027
    },
    "first_peak_weight": {
        "mean": 0.571428596973
    },
    "onset_rate": 0.992067933083,
    "second_peak_bpm": {
        "mean": 0
    },
    "second_peak_spread": {
        "mean": 0
    },
    "second_peak_weight": {
        "mean": 0
    },
    "beats_loudness_band_ratio": {
        "mean": [0.124966427684, 2.70343098236e-05, 5.51059965801e-05, 0.870674610138, 0.00135577144101, 0.00293020298705]
    },
    "beats_position": [0.568888902664, 1.16099774837, 1.74149656296, 2.32199549675, 2.90249419212, 3.48299312592, 4.07510185242, 4.66721057892],
    "bpm_estimates": [101.332717896, 103.359382629, 103.359359741, 103.359405518, 103.359359741, 101.332740784, 101.332740784],
    "bpm_intervals": [0.592108845711, 0.580498814583, 0.580498933792, 0.580498695374, 0.580498933792, 0.592108726501, 0.592108726501],
    "onset_times": [0.0464399084449, 0.150929704309, 0.638548731804, 0.96362811327, 4.95746040344]
},
"sfx": {
    "inharmonicity": {
        "mean": 0.0336734578013
    },
    "oddtoevenharmonicenergyratio": {
        "mean": 474.592071533
    },
    "pitch_after_max_to_before_max_energy_ratio": 4.91243028641,
    "pitch_centroid": 108.849739075,
    "pitch_max_to_total": 0.127853885293,
    "pitch_min_to_total": 0.114155247808,
    "tristimulus": {
        "mean": [0.415230631828, 0.560740888119, 0.0170684270561]
    }
},
"tonal": {
    "chords_changes_rate": 0.10000000149,
    "chords_number_rate": 0.0272727273405,
    "chords_strength": {
        "mean": 0.465991258621
    },
    "key_strength": 0.567348361015,
    "tuning_diatonic_strength": 0.299044191837,
    "tuning_equal_tempered_deviation": 0.131797149777,
    "tuning_frequency": 438.984558105,
    "tuning_nontempered_energy_ratio": 0.720476746559,
    "hpcp": {
        "mean": [0.0430860184133, 0.0309495534748, 0.0273940507323, 0.0261525008827, 0.0167809110135, 0.0126513745636, 0.0166482273489, 0.0290193911642, 0.0304943732917, 0.0164177920669, 0.00926827080548, 0.011258745566, 0.0121417781338, 0.0265693496913, 0.527347803116, 0.856380820274, 0.35919958353, 0.0160652901977, 0.0160214938223, 0.0232926663011, 0.0222857501358, 0.0150769092143, 0.0291030965745, 0.0916219502687, 0.0871511474252, 0.0328816771507, 0.0316515080631, 0.0313999317586, 0.0360175892711, 0.0447363853455, 0.0456513464451, 0.0506619140506, 0.0516270324588, 0.0456495210528, 0.0436510592699, 0.0447353459895]
    },
    "chords_histogram": [0, 68.1818161011, 0, 0, 0, 0, 7.27272748947, 24.5454540253, 0, 0, 0, 0, 0, 0, 0, 0, 0, 0, 0, 0, 0, 0, 0, 0],
    "thpcp": [1, 0.419439077377, 0.0187595169991, 0.0187083762139, 0.027198959142, 0.02602317743, 0.0176053792238, 0.0339838266373, 0.106987394392, 0.101766817272, 0.0383960939944, 0.03695961833, 0.0366658493876, 0.0420579127967, 0.0522388927639, 0.0533072948456, 0.0591581612825, 0.0602851323783, 0.0533051639795, 0.0509715527296, 0.0522376783192, 0.0503117516637, 0.0361399427056, 0.0319881662726, 0.0305384006351, 0.0195951499045, 0.0147730708122, 0.019440215081, 0.0338860824704, 0.0356084257364, 0.0191711355001, 0.0108226044104, 0.0131468912587, 0.0141780124977, 0.0310251582414, 0.615786552429],
    "chords_key": "A#",
    "chords_scale": "major",
    "key_key": "G",
    "key_scale": "minor",
    "chords_progression": ["Em", "Em", "Em", "Em", "Em", "Em", "Em", "Em", "A#", "A#", "A#", "A#", "A#", "A#", "A#", "A#", "A#", "A#", "A#", "A#", "A#", "A#", "A#", "A#", "A#", "A#", "A#", "A#", "A#", "A#", "A#", "A#", "A#", "A#", "A#", "A#", "A#", "A#", "A#", "A#", "A#", "G", "A#", "G", "G", "G", "G", "G", "G", "A#", "G", "G", "G", "A#", "A#", "A#", "G", "G", "G", "G", "G", "G", "G", "A#", "A#", "A#", "A#", "G", "G", "G", "G", "G", "G", "G", "G", "G", "G", "A#", "A#", "A#", "A#", "A#", "A#", "A#", "A#", "A#", "A#", "A#", "A#", "A#", "A#", "A#", "A#", "A#", "A#", "A#", "A#", "A#", "A#", "A#", "A#", "A#", "A#", "A#", "A#", "A#", "A#", "A#", "A#", "A#"]
}
}