{
"metadata": {
    "version": {
        "essentia": "2.1-beta2"
    }
},
"lowLevel": {
    "average_loudness": 0.982703626156,
    "barkbands_kurtosis": {
        "mean": 1.93313765526
    },
    "barkbands_skewness": {
        "mean": -0.241784363985
    },
    "barkbands_spread": {
        "mean": 7.53236341476
    },
    "dissonance": {
        "mean": 0.48983246088
    },
    "hfc": {
        "mean": 52.2360649109
    },
    "pitch": {
        "mean": 1652.27404785
    },
    "pitch_instantaneous_confidence": {
        "mean": 0.911901950836
    },
    "pitch_salience": {
        "mean": 0.431875795126
    },
    "silence_rate_20dB": {
        "mean": 1
    },
    "silence_rate_30dB": {
        "mean": 1
    },
    "silence_rate_60dB": {
        "mean": 0.152777776122
    },
    "spectral_centroid": {
        "mean": 2602.95629883
    },
    "spectral_complexity": {
        "mean": 1.71296298504
    },
    "spectral_crest": {
        "mean": 18.6706466675
    },
    "spectral_decrease": {
        "mean": -3.54442053485e-09
    },
    "spectral_energy": {
        "mean": 0.0181153938174
    },
    "spectral_energyband_high": {
        "mean": 3.22506421071e-05
    },
    "spectral_energyband_low": {
        "mean": 3.70035166952e-07
    },
    "spectral_energyband_middle_high": {
        "mean": 0.018082274124
    },
    "spectral_energyband_middle_low": {
        "mean": 2.12452718529e-07
    },
    "spectral_flatness_db": {
        "mean": 0.507223427296
    },
    "spectral_flux": {
        "mean": 0.0230025891215
    },
    "spectral_kurtosis": {
        "mean": 11.3539428711
    },
    "spectral_rms": {
        "mean": 0.00381106161512
    },
    "spectral_rolloff": {
        "mean": 3375.42456055
    },
    "spectral_skewness": {
        "mean": 2.98247528076
    },
    "spectral_spread": {
        "mean": 7539337
    },
    "spectral_strongpeak": {
        "mean": 11.4202642441
    },
    "zerocrossingrate": {
        "mean": 0.136485919356
    },
    "barkbands": {
        "mean": [6.56380791497e-07, 7.43819796867e-08, 1.83117621066e-09, 1.24520482814e-09, 7.75937181174e-09, 2.96350339823e-08, 2.57408636628e-08, 3.76684319292e-08, 8.99941099419e-08, 9.31931793957e-08, 9.8045987329e-08, 8.53063895079e-08, 8.59297770717e-08, 7.93032313595e-07, 0.00696916691959, 2.6718791446e-07, 2.98206344951e-07, 1.78725983346e-07, 0.0111110638827, 2.73063733403e-07, 2.73051341537e-07, 9.90327589534e-06, 6.8973586167e-06, 8.3738077592e-06, 2.14803185372e-06, 4.2740639401e-06, 2.50178658234e-07]
    },
    "mfcc": {
        "mean": [-979.044067383, -37.4010238647, -56.0610694885, 9.21275806427, 21.5094013214, 5.03590488434, 13.4389877319, -28.0447158813, -0.321970552206, 65.191947937, 9.51688098907, -52.6356124878, 15.3420715332]
    },
    "sccoeffs": {
        "mean": [-0.743873476982, -0.878641426563, -0.889651119709, -0.470790117979, -0.543800711632, -0.794516324997]
    },
    "scvalleys": {
        "mean": [-11.1427497864, -10.6859169006, -10.2871723175, -10.235871315, -10.3983945847, -11.199634552]
    }
},
"rhythm": {
    "beats_loudness": {
        "mean": 0.0240397397429
    },
    "bpm": 150.551467896,
    "first_peak_bpm": {
        "mean": 152
    },
    "first_peak_spread": {
        "mean": 0.33333337307
    },
    "first_peak_weight": {
        "mean": 0.40000000596
    },
    "onset_rate": 1.20192420483,
    "second_peak_bpm": {
        "mean": 140
    },
    "second_peak_spread": {
        "mean": 0.5
    },
    "second_peak_weight": {
        "mean": 0.20000000298
    },
    "beats_loudness_band_ratio": {
        "mean": [3.19340724673e-05, 1.70916564457e-06, 9.05479464564e-06, 2.17694141611e-05, 0.476294249296, 0.523644864559]
    },
    "beats_position": [0.394739210606, 0.801088392735, 1.19582760334, 1.60217678547, 1.99691605568, 2.39165520668, 2.7863945961, 3.20435357094, 3.62231278419, 4.05188179016, 4.48145103455],
    "bpm_estimates": [147.656265259, 151.999084473, 147.656265259, 151.999069214, 151.99911499, 151.999023438],
    "bpm_intervals": [0.406349182129, 0.394739210606, 0.406349182129, 0.39473927021, 0.394739151001, 0.39473938942, 0.417958974838, 0.417959213257, 0.429569005966, 0.429569244385],
    "onset_times": [0.0580498874187, 0.301859408617, 0.696598649025, 1.39319729805, 2.11301589012, 2.53097510338]
},
"sfx": {
    "inharmonicity": {
        "mean": 0.0616802461445
    },
    "oddtoevenharmonicenergyratio": {
        "mean": 19600.2539062
    },
    "pitch_after_max_to_before_max_energy_ratio": 30.5309371948,
    "pitch_centroid": 107.299720764,
    "pitch_max_to_total": 0.050925925374,
    "pitch_min_to_total": 0,
    "tristimulus": {
        "mean": [0.152290269732, 0.3464191854, 0.0511309653521]
    }
},
"tonal": {
    "chords_changes_rate": 0.0183486230671,
    "chords_number_rate": 0.0183486230671,
    "chords_strength": {
        "mean": 0.405957520008
    },
    "key_strength": 0.580219686031,
    "tuning_diatonic_strength": 0.437510818243,
    "tuning_equal_tempered_deviation": 0.197888165712,
    "tuning_frequency": 445.369720459,
    "tuning_nontempered_energy_ratio": 0.763765573502,
    "hpcp": {
        "mean": [0.914837896824, 0.462793529034, 0.0323968566954, 0.0212742239237, 0.0242760293186, 0.0238163191825, 0.0255702063441, 0.0293248239905, 0.0366086885333, 0.040655720979, 0.0334388241172, 0.0262740068138, 0.0216210745275, 0.0177104994655, 0.0133093427867, 0.0181802529842, 0.025611685589, 0.021373771131, 0.0149926245213, 0.01557536982, 0.0227401722223, 0.0317546650767, 0.0761444792151, 0.0857519358397, 0.0401167050004, 0.0292252022773, 0.0299529191107, 0.0235853418708, 0.0250104367733, 0.0305601563305, 0.0290976483375, 0.0401290804148, 0.0516827404499, 0.045108679682, 0.0519492961466, 0.506264090538]
    },
    "chords_histogram": [3.66972470284, 96.3302764893, 0, 0, 0, 0, 0, 0, 0, 0, 0, 0, 0, 0, 0, 0, 0, 0, 0, 0, 0, 0, 0, 0],
    "thpcp": [1, 0.505874872208, 0.0354126729071, 0.0232546385378, 0.0265358798206, 0.0260333754122, 0.0279505327344, 0.0320546664298, 0.0400165840983, 0.0444403551519, 0.0365516394377, 0.0287198498845, 0.0236337762326, 0.0193591676652, 0.0145483072847, 0.0198726505041, 0.0279958732426, 0.0233634524047, 0.0163882859051, 0.0170252788812, 0.0248570516706, 0.034710701555, 0.0832327529788, 0.0937345698476, 0.0438511632383, 0.031945772469, 0.0327412299812, 0.0257808975875, 0.0273386538029, 0.033404994756, 0.0318063423038, 0.0438646897674, 0.0564938783646, 0.0493078380823, 0.05678524822, 0.553392112255],
    "chords_key": "F",
    "chords_scale": "major",
    "key_key": "D",
    "key_scale": "minor",
    "chords_progression": ["F", "F", "F", "F", "F", "F", "F", "F", "F", "F", "F", "F", "F", "F", "F", "F", "F", "F", "F", "F", "F", "F", "F", "F", "F", "F", "F", "F", "F", "F", "F", "F", "F", "F", "F", "F", "F", "F", "F", "F", "F", "F", "F", "F", "F", "F", "F", "F", "F", "F", "F", "F", "F", "F", "F", "F", "F", "F", "Dm", "Dm", "Dm", "Dm", "F", "F", "F", "F", "F", "F", "F", "F", "F", "F", "F", "F", "F", "F", "F", "F", "F", "F", "F", "F", "F", "F", "F", "F", "F", "F", "F", "F", "F", "F", "F", "F", "F", "F", "F", "F", "F", "F", "F", "F", "F", "F", "F", "F", "F", "F", "F"]
}
}