{"lowlevel.dissonance.mean": [0.5987404584884644], "sfx.inharmonicity.mean": [0.6572527885437012], "lowlevel.spectral_contrast.mean": [[0.18167996406555176, 0.7960506677627563, 0.9015833139419556, 0.9390265941619873, 0.8264033794403076, 0.6896650791168213]], "lowlevel.spectral_centroid.mean": [0.5217204689979553], "lowlevel.mfcc.mean": [[0.4319145679473877, 0.25147879123687744, -0.2263157069683075, 0.33586835861206055, 0.2688356935977936, 0.3087422251701355, 0.19485405087471008, 0.1477019488811493, 0.16292160749435425, 0.19539451599121094, 0.33294421434402466, 0.2633928656578064, 0.4980924427509308]], "sfx.logattacktime.mean": [0.471758633852005], "lowlevel.hfc.mean": [0.4705989956855774]}