{
"metadata": {
    "version": {
        "essentia": "2.1-beta2"
    }
},
"lowLevel": {
    "average_loudness": 0.974173307419,
    "barkbands_kurtosis": {
        "mean": 26.8983287811
    },
    "barkbands_skewness": {
        "mean": -0.287270963192
    },
    "barkbands_spread": {
        "mean": 3.26149964333
    },
    "dissonance": {
        "mean": 0.374874413013
    },
    "hfc": {
        "mean": 15.7953777313
    },
    "pitch": {
        "mean": 501.055511475
    },
    "pitch_instantaneous_confidence": {
        "mean": 0.714044451714
    },
    "pitch_salience": {
        "mean": 0.592881858349
    },
    "silence_rate_20dB": {
        "mean": 1
    },
    "silence_rate_30dB": {
        "mean": 1
    },
    "silence_rate_60dB": {
        "mean": 0.276190489531
    },
    "spectral_centroid": {
        "mean": 547.183288574
    },
    "spectral_complexity": {
        "mean": 7.36190462112
    },
    "spectral_crest": {
        "mean": 18.3581295013
    },
    "spectral_decrease": {
        "mean": -7.82869857829e-09
    },
    "spectral_energy": {
        "mean": 0.0309799835086
    },
    "spectral_energyband_high": {
        "mean": 5.64055504526e-08
    },
    "spectral_energyband_low": {
        "mean": 0.000816449755803
    },
    "spectral_energyband_middle_high": {
        "mean": 0.000158280599862
    },
    "spectral_energyband_middle_low": {
        "mean": 0.0300935059786
    },
    "spectral_flatness_db": {
        "mean": 0.414306312799
    },
    "spectral_flux": {
        "mean": 0.00680378265679
    },
    "spectral_kurtosis": {
        "mean": 166.480545044
    },
    "spectral_rms": {
        "mean": 0.00466106971726
    },
    "spectral_rolloff": {
        "mean": 713.876647949
    },
    "spectral_skewness": {
        "mean": 10.3905658722
    },
    "spectral_spread": {
        "mean": 7533114
    },
    "spectral_strongpeak": {
        "mean": 2.48825216293
    },
    "zerocrossingrate": {
        "mean": 0.0277297254652
    },
    "barkbands": {
        "mean": [3.97564349441e-07, 0.000582853273954, 0.000173014472239, 0.000356082455255, 0.00053603888955, 0.000565686321352, 0.00395097350702, 0.0225051771849, 0.00213279365562, 9.82046185527e-05, 2.19770900003e-05, 5.6997541833e-06, 1.68716851476e-05, 3.30769253196e-05, 6.92898197485e-07, 2.95310570664e-07, 2.41485089703e-08, 5.01418853105e-08, 6.2516406274e-08, 1.26535084632e-08, 1.83084747363e-08, 7.06078973067e-09, 4.38163283434e-09, 6.68119781722e-09, 4.78769113244e-09, 4.46968773105e-09, 3.20433146683e-09]
    },
    "mfcc": {
        "mean": [-919.258117676, 218.800003052, 57.8157539368, -17.7787094116, -13.2749605179, -4.93763828278, -12.0312414169, -14.7650575638, 0.915343344212, 24.0104675293, 25.3963184357, 4.99524259567, -5.15228223801]
    },
    "sccoeffs": {
        "mean": [-0.608503937721, -0.621076762676, -0.731822729111, -0.744096517563, -0.872502505779, -0.900940060616]
    },
    "scvalleys": {
        "mean": [-7.6678404808, -6.63508319855, -8.85425376892, -10.0808591843, -12.0054197311, -12.8989696503]
    }
},
"rhythm": {
    "beats_loudness": {
        "mean": 0.0419404245913
    },
    "bpm": 172.265625,
    "first_peak_bpm": {
        "mean": 172
    },
    "first_peak_spread": {
        "mean": 0
    },
    "first_peak_weight": {
        "mean": 0.600000023842
    },
    "onset_rate": 0.832201063633,
    "second_peak_bpm": {
        "mean": 178
    },
    "second_peak_spread": {
        "mean": 0
    },
    "second_peak_weight": {
        "mean": 0.40000000596
    },
    "beats_loudness_band_ratio": {
        "mean": [0.0457520149648, 0.035000950098, 0.917566776276, 0.0042270491831, 0.00033761447412, 3.79387415705e-06]
    },
    "beats_position": [0.278639435768, 0.615328788757, 0.952018141747, 1.30031740665, 1.64861679077, 1.99691605568],
    "bpm_estimates": [172.265655518, 172.265594482, 172.265655518],
    "bpm_intervals": [0.336689352989, 0.336689352989, 0.348299264908, 0.348299384117, 0.348299264908],
    "onset_times": [0.0580498874187, 0.232199549675]
},
"sfx": {
    "inharmonicity": {
        "mean": 0.01063444186
    },
    "oddtoevenharmonicenergyratio": {
        "mean": 40.415058136
    },
    "pitch_after_max_to_before_max_energy_ratio": 9.13258838654,
    "pitch_centroid": 42.365020752,
    "pitch_max_to_total": 0.0380952395499,
    "pitch_min_to_total": 0.971428573132,
    "tristimulus": {
        "mean": [0.233186647296, 0.759882032871, 0.00678494758904]
    }
},
"tonal": {
    "chords_changes_rate": 0,
    "chords_number_rate": 0.0188679248095,
    "chords_strength": {
        "mean": 0.720261335373
    },
    "key_strength": 0.717172563076,
    "tuning_diatonic_strength": 0.546795666218,
    "tuning_equal_tempered_deviation": 0.101794317365,
    "tuning_frequency": 443.316436768,
    "tuning_nontempered_energy_ratio": 0.711035370827,
    "hpcp": {
        "mean": [0.087345123291, 0.0171952880919, 0.00433816853911, 0.00452322419733, 0.00251450645737, 0.00236509763636, 0.00240644044243, 0.0154216140509, 0.419996380806, 0.74878180027, 0.344358474016, 0.00369000551291, 0.00314363930374, 0.00110570690595, 0.000734921253752, 0.00225860555656, 0.0710234194994, 0.125450998545, 0.0596325360239, 0.00462944060564, 0.0020717815496, 0.0018534634728, 0.104077607393, 0.309535682201, 0.258512586355, 0.0524855740368, 0.00104608910624, 0.00146873353515, 0.000973759160843, 0.0015380353434, 0.00302475155331, 0.0018956878921, 0.000616644625552, 0.00199539889582, 0.0278229676187, 0.0974453240633]
    },
    "chords_histogram": [100, 0, 0, 0, 0, 0, 0, 0, 0, 0, 0, 0, 0, 0, 0, 0, 0, 0, 0, 0, 0, 0, 0, 0],
    "thpcp": [1, 0.459891617298, 0.00492801191285, 0.00419833837077, 0.00147667434067, 0.00098148919642, 0.00301637337543, 0.0948519557714, 0.167540132999, 0.0796394050121, 0.00618262961507, 0.00276686949655, 0.00247530522756, 0.138995915651, 0.413385689259, 0.34524422884, 0.070094615221, 0.00139705464244, 0.00196149735712, 0.001300457865, 0.0020540500991, 0.00403956323862, 0.00253169611096, 0.000823530484922, 0.00266486033797, 0.0371576435864, 0.130138471723, 0.116649635136, 0.0229643508792, 0.00579363526776, 0.00604077754542, 0.0033581298776, 0.00315859401599, 0.00321380724199, 0.0205956045538, 0.560906231403],
    "chords_key": "F",
    "chords_scale": "major",
    "key_key": "F",
    "key_scale": "major",
    "chords_progression": ["F", "F", "F", "F", "F", "F", "F", "F", "F", "F", "F", "F", "F", "F", "F", "F", "F", "F", "F", "F", "F", "F", "F", "F", "F", "F", "F", "F", "F", "F", "F", "F", "F", "F", "F", "F", "F", "F", "F", "F", "F", "F", "F", "F", "F", "F", "F", "F", "F", "F", "F", "F", "F"]
}
}