{"lowlevel.dissonance.mean": [0.7002664804458618], "sfx.inharmonicity.mean": [1.2715848684310913], "lowlevel.spectral_contrast.mean": [[0.2601451873779297, 0.445926308631897, 0.40616023540496826, 1.0542811155319214, 0.7486932277679443, 0.8503668308258057]], "lowlevel.spectral_centroid.mean": [0.6506839990615845], "lowlevel.mfcc.mean": [[0.4254770278930664, -0.04138058423995972, 0.06424719095230103, 0.7175959348678589, 0.5792245864868164, 0.6942626237869263, 0.29084497690200806, 0.4410998523235321, 0.5185322165489197, 1.0095415115356445, 1.3863919973373413, 0.6014389991760254, 0.15318217873573303]], "sfx.logattacktime.mean": [0.1833409070968628], "lowlevel.hfc.mean": [0.4659166634082794]}