{
"metadata": {
    "version": {
        "essentia": "2.1-beta2"
    }
},
"lowLevel": {
    "average_loudness": 0.308721065521,
    "barkbands_kurtosis": {
        "mean": 5.79654312134
    },
    "barkbands_skewness": {
        "mean": 0.997179865837
    },
    "barkbands_spread": {
        "mean": 3.42193746567
    },
    "dissonance": {
        "mean": 0.207673355937
    },
    "hfc": {
        "mean": 36.8678970337
    },
    "pitch": {
        "mean": 341.044830322
    },
    "pitch_instantaneous_confidence": {
        "mean": 0.942934453487
    },
    "pitch_salience": {
        "mean": 0.469849467278
    },
    "silence_rate_20dB": {
        "mean": 0.927536249161
    },
    "silence_rate_30dB": {
        "mean": 0.862318813801
    },
    "silence_rate_60dB": {
        "mean": 0.492753624916
    },
    "spectral_centroid": {
        "mean": 614.743530273
    },
    "spectral_complexity": {
        "mean": 3.9565217495
    },
    "spectral_crest": {
        "mean": 15.853228569
    },
    "spectral_decrease": {
        "mean": -1.33871633778e-08
    },
    "spectral_energy": {
        "mean": 0.0538702495396
    },
    "spectral_energyband_high": {
        "mean": 3.64814295608e-05
    },
    "spectral_energyband_low": {
        "mean": 0.000771932653151
    },
    "spectral_energyband_middle_high": {
        "mean": 0.0102225411683
    },
    "spectral_energyband_middle_low": {
        "mean": 0.0429300479591
    },
    "spectral_flatness_db": {
        "mean": 0.495491594076
    },
    "spectral_flux": {
        "mean": 0.018863055855
    },
    "spectral_kurtosis": {
        "mean": 90.0745620728
    },
    "spectral_rms": {
        "mean": 0.00438621360809
    },
    "spectral_rolloff": {
        "mean": 807.650634766
    },
    "spectral_skewness": {
        "mean": 7.901927948
    },
    "spectral_spread": {
        "mean": 3243824
    },
    "spectral_strongpeak": {
        "mean": 2.43693757057
    },
    "zerocrossingrate": {
        "mean": 0.0339390859008
    },
    "barkbands": {
        "mean": [4.44763245468e-05, 0.000187269732123, 0.000449657934951, 0.000286466092803, 0.00112073658966, 0.013280746527, 3.66098465747e-05, 0.00732883671299, 0.0208764802665, 0.000402420584578, 0.00396598083898, 0.000110661138024, 1.55986308528e-05, 0.00219694897532, 0.00272741448134, 0.00065258925315, 2.81321372313e-05, 0.000113294634502, 7.36569018045e-06, 6.75911860526e-06, 2.60000924754e-05, 2.92386539513e-06, 2.11365386349e-06, 6.87722774728e-07, 1.39683976386e-07, 1.34648354688e-08, 2.66349875488e-09]
    },
    "mfcc": {
        "mean": [-951.911010742, 145.642791748, -6.62518310547, -43.9182853699, -31.3756465912, -27.9627876282, -34.6086235046, -23.4435024261, 0.548171401024, 3.65437340736, -12.2550239563, -17.8192443848, -8.64227104187]
    },
    "sccoeffs": {
        "mean": [-0.56901371479, -0.295924931765, -0.524476706982, -0.616143643856, -0.827413320541, -0.891551077366]
    },
    "scvalleys": {
        "mean": [-10.0643558502, -9.89222335815, -10.9048566818, -11.4486083984, -12.4661960602, -13.1190338135]
    }
},
"rhythm": {
    "beats_loudness": {
        "mean": 0.0407870076597
    },
    "bpm": 172.265594482,
    "first_peak_bpm": {
        "mean": 172
    },
    "first_peak_spread": {
        "mean": 0
    },
    "first_peak_weight": {
        "mean": 0.571428596973
    },
    "onset_rate": 0.31565836072,
    "second_peak_bpm": {
        "mean": 178
    },
    "second_peak_spread": {
        "mean": 0
    },
    "second_peak_weight": {
        "mean": 0.428571432829
    },
    "beats_loudness_band_ratio": {
        "mean": [0.000339170423103, 0.523836135864, 0.383922338486, 0.0765225887299, 0.0153891667724, 1.16255541798e-05]
    },
    "beats_position": [0.336689323187, 0.673378646374, 1.02167797089, 1.369977355, 1.70666658878, 2.04335594177, 2.39165520668, 2.73995471001],
    "bpm_estimates": [172.265625, 172.265594482, 172.265655518, 172.265533447],
    "bpm_intervals": [0.336689323187, 0.348299324512, 0.348299384117, 0.33668923378, 0.336689352989, 0.348299264908, 0.348299503326],
    "onset_times": [0.0232199542224]
},
"sfx": {
    "inharmonicity": {
        "mean": 0.0172481890768
    },
    "oddtoevenharmonicenergyratio": {
        "mean": 4.7483663559
    },
    "pitch_after_max_to_before_max_energy_ratio": 0.585323214531,
    "pitch_centroid": 75.1551513672,
    "pitch_max_to_total": 0.992753624916,
    "pitch_min_to_total": 0,
    "tristimulus": {
        "mean": [0.374006301165, 0.619313597679, 0.00648099789396]
    }
},
"tonal": {
    "chords_changes_rate": 0.228571429849,
    "chords_number_rate": 0.0285714287311,
    "chords_strength": {
        "mean": 0.400646686554
    },
    "key_strength": 0.592091560364,
    "tuning_diatonic_strength": 0.406841725111,
    "tuning_equal_tempered_deviation": 2.07423363463e-05,
    "tuning_frequency": 440,
    "tuning_nontempered_energy_ratio": 0.621210753918,
    "hpcp": {
        "mean": [2.54614606092e-05, 9.17133802432e-05, 0.042958561331, 0.0879888907075, 0.0455087088048, 0.000628413574304, 0.000546401075553, 0.000466095661977, 0.000163934062584, 0.000100319775811, 0.00125146424398, 0.00318500911817, 0.00215535098687, 0.000215628926526, 0.000107466534246, 6.04347333137e-05, 0.00500688003376, 0.5160831213, 0.985344052315, 0.474665462971, 0.000447516300483, 9.90767002804e-05, 0.000110234934255, 0.00761339301243, 0.0146221909672, 0.00707513699308, 5.72076351091e-05, 3.54049661837e-05, 0.00314604956657, 0.0158121231943, 0.0160730723292, 0.00387959787622, 0.00105906289537, 0.00117769197095, 0.0006193795125, 2.55767990893e-05]
    },
    "chords_histogram": [0, 0, 24.2857151031, 0, 0, 0, 0, 0, 0, 75.7142868042, 0, 0, 0, 0, 0, 0, 0, 0, 0, 0, 0, 0, 0, 0],
    "thpcp": [1, 0.481725603342, 0.000454172637546, 0.000100550358184, 0.000111874564027, 0.00772663438693, 0.0148396808654, 0.00718037225306, 5.80585365242e-05, 3.59315781679e-05, 0.0031928436365, 0.0160473119467, 0.0163121428341, 0.00393730262294, 0.00107481528539, 0.00119520886801, 0.0006285920972, 2.59572261712e-05, 2.58401723841e-05, 9.30775204324e-05, 0.043597523123, 0.0892976298928, 0.0461856015027, 0.000637760560494, 0.000554528203793, 0.000473028339911, 0.000166372410604, 0.000101811929198, 0.00127007847186, 0.00323238270357, 0.00218740943819, 0.000218836183194, 0.000109064982098, 6.13336378592e-05, 0.00508135184646, 0.523759305477],
    "chords_key": "D#",
    "chords_scale": "major",
    "key_key": "G#",
    "key_scale": "minor",
    "chords_progression": ["D#", "D#", "D#", "D#", "D#", "D#", "D#", "D#", "D#", "D#", "D#", "D#", "D#", "D#", "D#", "D#", "D#", "D#", "D#", "D#", "D#", "D#", "D#", "D#", "D#", "D#", "D#", "D#", "D#", "D#", "D#", "D#", "D#", "D#", "D#", "D#", "D#m", "D#m", "D#", "D#", "D#", "D#m", "D#m", "D#m", "D#", "D#m", "D#m", "D#m", "D#", "D#", "D#", "D#m", "D#", "D#", "D#", "D#", "D#m", "D#", "D#m", "D#m", "D#m", "D#m", "D#", "D#", "D#", "D#m", "D#", "D#m", "D#m", "D#"]
}
}