{
"metadata": {
    "version": {
        "essentia": "2.1-beta2"
    }
},
"lowLevel": {
    "average_loudness": 0.928801894188,
    "barkbands_kurtosis": {
        "mean": 1.08100056648
    },
    "barkbands_skewness": {
        "mean": -0.117549344897
    },
    "barkbands_spread": {
        "mean": 12.9791669846
    },
    "dissonance": {
        "mean": 0.346234172583
    },
    "hfc": {
        "mean": 0.412543296814
    },
    "pitch": {
        "mean": 244.53717041
    },
    "pitch_instantaneous_confidence": {
        "mean": 0.890481352806
    },
    "pitch_salience": {
        "mean": 0.524716496468
    },
    "silence_rate_20dB": {
        "mean": 1
    },
    "silence_rate_30dB": {
        "mean": 1
    },
    "silence_rate_60dB": {
        "mean": 1
    },
    "spectral_centroid": {
        "mean": 912.469604492
    },
    "spectral_complexity": {
        "mean": 2.14084506035
    },
    "spectral_crest": {
        "mean": 12.359711647
    },
    "spectral_decrease": {
        "mean": -9.84562847917e-11
    },
    "spectral_energy": {
        "mean": 0.00040901437751
    },
    "spectral_energyband_high": {
        "mean": 2.00079654178e-07
    },
    "spectral_energyband_low": {
        "mean": 2.96569260172e-06
    },
    "spectral_energyband_middle_high": {
        "mean": 0.00020598260744
    },
    "spectral_energyband_middle_low": {
        "mean": 0.000198386158445
    },
    "spectral_flatness_db": {
        "mean": 0.285234421492
    },
    "spectral_flux": {
        "mean": 0.00187952211127
    },
    "spectral_kurtosis": {
        "mean": 25.6660423279
    },
    "spectral_rms": {
        "mean": 0.000540945504326
    },
    "spectral_rolloff": {
        "mean": 1434.53686523
    },
    "spectral_skewness": {
        "mean": 4.25599431992
    },
    "spectral_spread": {
        "mean": 6038731
    },
    "spectral_strongpeak": {
        "mean": 0.657070815563
    },
    "zerocrossingrate": {
        "mean": 0.0615337528288
    },
    "barkbands": {
        "mean": [3.59555360774e-06, 7.8595536479e-07, 6.98253970199e-08, 2.79079756638e-07, 8.00587004051e-05, 1.51572663754e-07, 3.26369372488e-05, 4.45656205272e-08, 8.52120065247e-05, 2.99846033158e-06, 2.7021567206e-08, 1.26748855109e-05, 1.99225269171e-07, 0.000169753431692, 8.37344214233e-06, 9.0186322268e-06, 1.9991625777e-06, 6.38077835902e-07, 1.1781631315e-07, 2.13974288954e-07, 7.28709537157e-08, 6.88192471898e-08, 7.92719578868e-09, 1.18570104846e-08, 4.48450254709e-09, 1.19498078099e-09, 3.8682271275e-10]
    },
    "mfcc": {
        "mean": [-954.399780273, 132.87701416, -17.8149681091, -12.2562742233, 9.70997619629, -8.69861602783, -22.0136356354, -15.0121431351, -1.02332234383, 5.89150810242, 3.25811076164, -4.6876373291, -6.31674289703]
    },
    "sccoeffs": {
        "mean": [-0.643993794918, -0.596685528755, -0.601850509644, -0.658479869366, -0.774050951004, -0.856137514114]
    },
    "scvalleys": {
        "mean": [-9.2574672699, -10.1636514664, -11.1738653183, -10.995882988, -11.9595489502, -13.138666153]
    }
},
"rhythm": {
    "beats_loudness": {
        "mean": 0.00053387589287
    },
    "bpm": 73.8281326294,
    "first_peak_bpm": {
        "mean": 74
    },
    "first_peak_spread": {
        "mean": 0
    },
    "first_peak_weight": {
        "mean": 1
    },
    "onset_rate": 1.83824038506,
    "second_peak_bpm": {
        "mean": 0
    },
    "second_peak_spread": {
        "mean": 0
    },
    "second_peak_weight": {
        "mean": 0
    },
    "beats_loudness_band_ratio": {
        "mean": [0.0549325086176, 0.244378641248, 0.339826732874, 0.36569699645, 0.037786681205, 0.00109752605204]
    },
    "beats_position": [0.812698423862, 1.62539684772, 2.43809509277],
    "bpm_estimates": [73.828125, 73.8281402588],
    "bpm_intervals": [0.812698423862, 0.812698245049],
    "onset_times": [0.0232199542224, 0.104489795864, 2.5890250206, 2.86766433716, 3.15791392326, 3.23918366432]
},
"sfx": {
    "inharmonicity": {
        "mean": 0.00976434350014
    },
    "oddtoevenharmonicenergyratio": {
        "mean": 3.74088764191
    },
    "pitch_after_max_to_before_max_energy_ratio": 0.190829947591,
    "pitch_centroid": 74.2855606079,
    "pitch_max_to_total": 0.992957770824,
    "pitch_min_to_total": 0.00704225338995,
    "tristimulus": {
        "mean": [0.43605953455, 0.542965114117, 0.0133615583181]
    }
},
"tonal": {
    "chords_changes_rate": 0.0277777779847,
    "chords_number_rate": 0.0416666679084,
    "chords_strength": {
        "mean": 0.347126334906
    },
    "key_strength": 0.518051862717,
    "tuning_diatonic_strength": 0.385710895061,
    "tuning_equal_tempered_deviation": 0.197725951672,
    "tuning_frequency": 433.441375732,
    "tuning_nontempered_energy_ratio": 0.880514144897,
    "hpcp": {
        "mean": [0.424125224352, 0.755323588848, 0.345480084419, 0.00775668444112, 0.00171578954905, 0.000741858559195, 0.0222950391471, 0.0488138981164, 0.027160236612, 0.000649045919999, 0.000719768577255, 0.0112482411787, 0.064482986927, 0.0667501240969, 0.0139150535688, 0.00214182795025, 0.00437868526205, 0.00721957115456, 0.00498939445242, 0.00134394934867, 0.00380979594775, 0.196497485042, 0.373484820127, 0.20262503624, 0.046868942678, 0.0294885858893, 0.0106954164803, 0.0120074599981, 0.00987110473216, 0.343359172344, 0.674271821976, 0.347529858351, 0.0174593031406, 0.0112530244514, 0.0096584521234, 0.0106322998181]
    },
    "chords_histogram": [45.8333320618, 0, 5.55555534363, 0, 0, 0, 0, 0, 0, 0, 0, 0, 0, 0, 0, 0, 0, 0, 0, 48.6111106873, 0, 0, 0, 0],
    "thpcp": [1, 0.457393467426, 0.0102693531662, 0.002271595411, 0.000982173136435, 0.0295172017068, 0.0646264702082, 0.0359584130347, 0.00085929519264, 0.000952927453909, 0.0148919504136, 0.085371337831, 0.0883728861809, 0.0184226389974, 0.00283564277925, 0.00579709839076, 0.00955824926496, 0.0066056381911, 0.00177930272184, 0.00504392571747, 0.260150074959, 0.494469940662, 0.268262565136, 0.0620514750481, 0.0390409976244, 0.0141600454226, 0.0158971063793, 0.0130687095225, 0.454585522413, 0.892692685127, 0.460107237101, 0.0231149978936, 0.0148982824758, 0.0127871716395, 0.0140764834359, 0.561514616013],
    "chords_key": "A",
    "chords_scale": "minor",
    "key_key": "D",
    "key_scale": "major",
    "chords_progression": ["D", "D", "D", "D", "D", "D", "D", "D", "D", "D", "D", "D", "D", "D", "D", "D", "D", "D", "D", "D", "D", "D", "D", "D", "D", "D", "D", "D", "D", "D", "D", "D", "D", "Am", "Am", "Am", "Am", "Am", "Am", "Am", "Am", "Am", "Am", "Am", "Am", "Am", "Am", "Am", "Am", "Am", "Am", "Am", "Am", "Am", "Am", "Am", "Am", "Am", "Am", "Am", "Am", "Am", "Am", "Am", "Am", "Am", "Am", "Am", "A", "A", "A", "A"]
}
}