{
"metadata": {
    "version": {
        "essentia": "2.1-beta2"
    }
},
"lowLevel": {
    "average_loudness": 0.975631594658,
    "barkbands_kurtosis": {
        "mean": 13.333275795
    },
    "barkbands_skewness": {
        "mean": 1.57016289234
    },
    "barkbands_spread": {
        "mean": 7.7206492424
    },
    "dissonance": {
        "mean": 0.273889422417
    },
    "hfc": {
        "mean": 7.04154205322
    },
    "pitch": {
        "mean": 192.674285889
    },
    "pitch_instantaneous_confidence": {
        "mean": 0.68248552084
    },
    "pitch_salience": {
        "mean": 0.491084337234
    },
    "silence_rate_20dB": {
        "mean": 1
    },
    "silence_rate_30dB": {
        "mean": 1
    },
    "silence_rate_60dB": {
        "mean": 0.418803423643
    },
    "spectral_centroid": {
        "mean": 652.240722656
    },
    "spectral_complexity": {
        "mean": 3.4786324501
    },
    "spectral_crest": {
        "mean": 15.695889473
    },
    "spectral_decrease": {
        "mean": -3.19409187988e-09
    },
    "spectral_energy": {
        "mean": 0.0126938931644
    },
    "spectral_energyband_high": {
        "mean": 8.935953133e-08
    },
    "spectral_energyband_low": {
        "mean": 1.27374903514e-06
    },
    "spectral_energyband_middle_high": {
        "mean": 0.000569689786062
    },
    "spectral_energyband_middle_low": {
        "mean": 0.0123343812302
    },
    "spectral_flatness_db": {
        "mean": 0.334296405315
    },
    "spectral_flux": {
        "mean": 0.00693463208154
    },
    "spectral_kurtosis": {
        "mean": 60.7524909973
    },
    "spectral_rms": {
        "mean": 0.00267935032025
    },
    "spectral_rolloff": {
        "mean": 797.464538574
    },
    "spectral_skewness": {
        "mean": 6.03476238251
    },
    "spectral_spread": {
        "mean": 14250998
    },
    "spectral_strongpeak": {
        "mean": 1.73347210884
    },
    "zerocrossingrate": {
        "mean": 0.0408486910164
    },
    "barkbands": {
        "mean": [3.42731937053e-07, 3.13239809202e-07, 4.27999538033e-08, 0.000152818247443, 0.00140515260864, 0.000467058300273, 0.000395702081732, 0.00881960522383, 0.000749132072087, 0.000375555304345, 0.000142789824167, 0.000130858083139, 1.034356319e-05, 3.49916372215e-05, 5.16917907589e-06, 3.81097811442e-06, 8.13555729451e-08, 3.32041238948e-08, 3.87118497258e-08, 2.66751349898e-08, 1.50224330753e-08, 7.61195995125e-09, 9.76431735467e-09, 1.38244109493e-08, 1.21526602115e-08, 9.83400560983e-09, 4.50613146796e-09]
    },
    "mfcc": {
        "mean": [-961.750061035, 161.682937622, 13.1212873459, -41.853931427, -20.9635429382, -9.32281303406, -19.3819255829, -19.3072109222, -3.84369063377, 3.7260453701, -2.61707639694, -6.12914609909, -4.42684221268]
    },
    "sccoeffs": {
        "mean": [-0.530117094517, -0.504815399647, -0.620644450188, -0.706934452057, -0.858515679836, -0.8966807127]
    },
    "scvalleys": {
        "mean": [-9.74698448181, -9.71432685852, -10.7632522583, -11.0818843842, -12.2629680634, -12.8029308319]
    }
},
"rhythm": {
    "beats_loudness": {
        "mean": 0.0167689900845
    },
    "bpm": 134.255599976,
    "first_peak_bpm": {
        "mean": 133
    },
    "first_peak_spread": {
        "mean": 0.5
    },
    "first_peak_weight": {
        "mean": 0.5
    },
    "onset_rate": 1.48665046692,
    "second_peak_bpm": {
        "mean": 0
    },
    "second_peak_spread": {
        "mean": 0
    },
    "second_peak_weight": {
        "mean": 0
    },
    "beats_loudness_band_ratio": {
        "mean": [0.106075227261, 0.208861202002, 0.801176548004, 0.0567243695259, 0.00540114706382, 0.00598225556314]
    },
    "beats_position": [0.371519267559, 0.824308395386, 1.27709746361, 1.71827661991, 2.15945577621],
    "bpm_estimates": [132.512008667, 132.512039185, 135.999176025, 135.999176025],
    "bpm_intervals": [0.452789127827, 0.452789068222, 0.441179156303, 0.441179156303],
    "onset_times": [0.0464399084449, 0.162539675832, 0.325079351664, 2.54258513451]
},
"sfx": {
    "inharmonicity": {
        "mean": 0.0104583678767
    },
    "oddtoevenharmonicenergyratio": {
        "mean": 0.640327632427
    },
    "pitch_after_max_to_before_max_energy_ratio": 0.0920471176505,
    "pitch_centroid": 60.5136642456,
    "pitch_max_to_total": 0.991452991962,
    "pitch_min_to_total": 0.0940170958638,
    "tristimulus": {
        "mean": [0.523631691933, 0.458855271339, 0.0175130385906]
    }
},
"tonal": {
    "chords_changes_rate": 0,
    "chords_number_rate": 0.0169491525739,
    "chords_strength": {
        "mean": 0.562307715416
    },
    "key_strength": 0.641630470753,
    "tuning_diatonic_strength": 0.58877235651,
    "tuning_equal_tempered_deviation": 0.133436143398,
    "tuning_frequency": 444.341888428,
    "tuning_nontempered_energy_ratio": 0.693229436874,
    "hpcp": {
        "mean": [0.0410928726196, 0.0374370031059, 0.0275544021279, 0.0209017023444, 0.011335587129, 0.0145871825516, 0.0361216887832, 0.0517877414823, 0.0337395220995, 0.00945127476007, 0.0142164258286, 0.0250367261469, 0.0188454110175, 0.00831021275371, 0.231538236141, 0.649679243565, 0.492224901915, 0.0927766934037, 0.0368105508387, 0.0285050142556, 0.0358229912817, 0.0392266735435, 0.171853765845, 0.250684589148, 0.113705724478, 0.0316050723195, 0.0160501580685, 0.00299275084399, 0.00939076486975, 0.165895625949, 0.352184593678, 0.234792217612, 0.062348227948, 0.0416621416807, 0.0325154028833, 0.0320194549859]
    },
    "chords_histogram": [100, 0, 0, 0, 0, 0, 0, 0, 0, 0, 0, 0, 0, 0, 0, 0, 0, 0, 0, 0, 0, 0, 0, 0],
    "thpcp": [1, 0.75764298439, 0.14280384779, 0.0566595755517, 0.0438755191863, 0.0551395043731, 0.0603785254061, 0.264520943165, 0.385859012604, 0.175018250942, 0.0486471951008, 0.0247047413141, 0.00460650539026, 0.0144544634968, 0.25535005331, 0.542089939117, 0.361397147179, 0.0959677100182, 0.0641272440553, 0.0500483959913, 0.0492850206792, 0.0632510185242, 0.0576238259673, 0.0424123182893, 0.0321723408997, 0.0174479745328, 0.0224528983235, 0.0555992648005, 0.0797127857804, 0.0519325844944, 0.0145476013422, 0.0218822229654, 0.0385370589793, 0.0290072541684, 0.0127912545577, 0.356388539076],
    "chords_key": "G",
    "chords_scale": "major",
    "key_key": "G",
    "key_scale": "major",
    "chords_progression": ["G", "G", "G", "G", "G", "G", "G", "G", "G", "G", "G", "G", "G", "G", "G", "G", "G", "G", "G", "G", "G", "G", "G", "G", "G", "G", "G", "G", "G", "G", "G", "G", "G", "G", "G", "G", "G", "G", "G", "G", "G", "G", "G", "G", "G", "G", "G", "G", "G", "G", "G", "G", "G", "G", "G", "G", "G", "G", "G"]
}
}