{
"metadata": {
    "version": {
        "essentia": "2.1-beta2"
    }
},
"lowLevel": {
    "dissonance": {
        "mean": 0.210878401995
    },
    "hfc": {
        "mean": 37.675617218
    },
    "spectral_centroid": {
        "mean": 0.149176195264
    },
    "mfcc": {
        "mean": [-735.643676758, -38.9169082642, -56.2277679443, 3.52157974243, -12.8438100815, 10.1235542297, -3.50179338455, 8.86328887939, 8.19524288177, 42.8360023499, 7.28389930725, -21.4851360321, -39.5028991699, -25.5296840668, 40.2387886047, 70.9232635498, 5.85097551346, -31.5571899414, -19.6215171814, 20.3727970123, 21.6690406799, -34.8266143799, -12.6096982956, 48.7124481201, 26.2159347534, -42.7695503235, -8.0238161087, 31.6623077393, -26.0313224792, -2.86123633385, 18.78698349, -6.61700868607, -15.4738044739, 17.2220687866, -3.32663416862, 1.58165085316, 5.41005992889, -1.43095469475, -0.852107584476, -9.40032482147]
    },
    "spectral_contrast": {
        "mean": [-0.804665744305, -0.521895766258, -0.340909838676, -0.462683409452, -0.585143923759, -0.622074723244]
    }
},
"sfx": {
    "inharmonicity": {
        "mean": 0.247373834252
    },
    "logattacktime": {
        "mean": -5
    }
}
}