{
"metadata": {
    "version": {
        "essentia": "2.1-beta2"
    }
},
"lowLevel": {
    "dissonance": {
        "mean": 0.23078905046
    },
    "hfc": {
        "mean": 90.4817962646
    },
    "spectral_centroid": {
        "mean": 0.143932431936
    },
    "mfcc": {
        "mean": [-884.575683594, -57.3168792725, -75.6374130249, -14.3297719955, 33.4818954468, 29.68034935, 6.75572824478, -33.5729675293, -26.5692253113, 65.0831298828, 52.4143714905, -55.0385704041, -31.7940139771, 61.7753143311, 32.0424957275, -23.188873291, 27.0550289154, -21.7955093384, -6.9907708168, 75.6554336548, -36.5074386597, -18.943277359, 18.062128067, 8.93629455566, 13.8785200119, -22.117609024, 28.7000312805, -22.0417747498, 11.8840484619, 20.4930343628, -13.2146940231, -10.9389028549, 7.49136447906, 4.77064752579, -4.41325998306, 17.3738994598, -16.5491733551, -6.7483253479, 5.25654554367, 11.7750482559]
    },
    "spectral_contrast": {
        "mean": [-0.79561394453, -0.866681158543, -0.320628106594, -0.434702396393, -0.673091411591, -0.67004352808]
    }
},
"sfx": {
    "inharmonicity": {
        "mean": 0.128791049123
    },
    "logattacktime": {
        "mean": -5
    }
}
}