{
"metadata": {
    "version": {
        "essentia": "2.1-beta2"
    }
},
"lowLevel": {
    "dissonance": {
        "mean": 0.00568232918158
    },
    "hfc": {
        "mean": 18.2976093292
    },
    "spectral_centroid": {
        "mean": 0.0384030416608
    },
    "mfcc": {
        "mean": [-1012.88299561, 82.2815475464, -9.51366615295, -34.7791633606, -45.9742774963, -52.6355400085, -39.459854126, 2.26734852791, 35.0302429199, 49.3575630188, 41.3638153076, 10.4779109955, -13.7223482132, -27.8223762512, -35.794052124, -31.4454917908, -3.32186102867, 30.3153381348, 22.9666252136, 0.718394637108, -6.54509830475, -0.954509556293, 4.73661851883, -4.38006496429, -13.6964588165, -3.20302867889, 9.87307834625, 5.07302188873, -2.44202280045, -0.0958509892225, 0.604084551334, -4.18720245361, -1.65194094181, 7.89285469055, 1.49364233017, -3.8480527401, 2.70044207573, 0.853267669678, -7.3105134964, -6.73568916321]
    },
    "spectral_contrast": {
        "mean": [-0.533095777035, -0.285463422537, -0.701438426971, -0.776056051254, -0.877184271812, -0.884305894375]
    }
},
"sfx": {
    "inharmonicity": {
        "mean": 0.186900034547
    },
    "logattacktime": {
        "mean": -4.9484539032
    }
}
}