{
"metadata": {
    "version": {
        "essentia": "2.1-beta2"
    }
},
"lowLevel": {
    "dissonance": {
        "mean": 0.216071739793
    },
    "hfc": {
        "mean": 2.54857444763
    },
    "spectral_centroid": {
        "mean": 0.193948939443
    },
    "mfcc": {
        "mean": [-949.862976074, -5.4456076622, -63.4203453064, -19.4793605804, 9.01194095612, 46.5361862183, 5.10904216766, -19.62641716, 17.5167770386, 33.0513305664, 25.7554035187, -18.2761497498, 16.5529747009, 56.5738296509, 0.747185468674, -17.2805652618, -3.63745307922, -22.5429077148, 48.3980064392, 3.18720960617, -27.1519908905, 22.0634784698, 7.3665189743, 16.3321743011, -20.5893650055, -10.1905593872, 16.0905036926, 6.53957509995, 17.7726745605, -30.3047790527, -5.79338741302, 19.9086303711, 7.59515810013, -12.5082015991, 2.15373420715, -0.989571630955, 0.938597559929, 0.215677291155, -1.68508899212, 5.69291877747]
    },
    "spectral_contrast": {
        "mean": [-0.727457046509, -0.758909285069, -0.489226847887, -0.776456832886, -0.743179798126, -0.761569499969]
    }
},
"sfx": {
    "inharmonicity": {
        "mean": 0.0836956575513
    },
    "logattacktime": {
        "mean": -5
    }
}
}