{
"metadata": {
    "version": {
        "essentia": "2.1-beta2"
    }
},
"lowLevel": {
    "average_loudness": 0.979253232479,
    "barkbands_kurtosis": {
        "mean": 14.2933444977
    },
    "barkbands_skewness": {
        "mean": 1.13564312458
    },
    "barkbands_spread": {
        "mean": 11.8402576447
    },
    "dissonance": {
        "mean": 0.378166496754
    },
    "hfc": {
        "mean": 6.10227537155
    },
    "pitch": {
        "mean": 226.968719482
    },
    "pitch_instantaneous_confidence": {
        "mean": 0.853243947029
    },
    "pitch_salience": {
        "mean": 0.696429848671
    },
    "silence_rate_20dB": {
        "mean": 1
    },
    "silence_rate_30dB": {
        "mean": 1
    },
    "silence_rate_60dB": {
        "mean": 0.179245278239
    },
    "spectral_centroid": {
        "mean": 1005.3157959
    },
    "spectral_complexity": {
        "mean": 11.287735939
    },
    "spectral_crest": {
        "mean": 12.9486293793
    },
    "spectral_decrease": {
        "mean": -1.30058541714e-09
    },
    "spectral_energy": {
        "mean": 0.00546219572425
    },
    "spectral_energyband_high": {
        "mean": 6.65343832225e-05
    },
    "spectral_energyband_low": {
        "mean": 2.52077325058e-06
    },
    "spectral_energyband_middle_high": {
        "mean": 0.00228473963216
    },
    "spectral_energyband_middle_low": {
        "mean": 0.00310824578628
    },
    "spectral_flatness_db": {
        "mean": 0.253631442785
    },
    "spectral_flux": {
        "mean": 0.00742514664307
    },
    "spectral_kurtosis": {
        "mean": 15.0467605591
    },
    "spectral_rms": {
        "mean": 0.00212169415317
    },
    "spectral_rolloff": {
        "mean": 1650.03210449
    },
    "spectral_skewness": {
        "mean": 3.12241005898
    },
    "spectral_spread": {
        "mean": 5654342
    },
    "spectral_strongpeak": {
        "mean": 1.24502754211
    },
    "zerocrossingrate": {
        "mean": 0.0587365478277
    },
    "barkbands": {
        "mean": [4.65506718683e-06, 5.52204767246e-07, 2.11289574281e-07, 6.4810286915e-08, 0.000592061434872, 1.05996195998e-05, 0.000225089810556, 5.64487572774e-06, 0.00227377749979, 8.37235074869e-06, 0.000132227884023, 0.000794703897554, 0.000165636301972, 0.000474040134577, 5.8252207964e-05, 0.000176991947228, 0.000224138580961, 0.000105867868115, 7.30649990146e-05, 9.70040928223e-05, 3.31960836775e-05, 4.00028011427e-06, 1.31936451453e-06, 4.54740728628e-07, 2.18309409661e-07, 4.85875872869e-08, 1.3285253786e-08]
    },
    "mfcc": {
        "mean": [-789.178527832, 110.06690979, -81.8940505981, 4.14318323135, -27.8419036865, -4.58737611771, -4.32923984528, -7.33942461014, -6.56036758423, -7.14977359772, -12.0570230484, -10.1597414017, -15.9068946838]
    },
    "sccoeffs": {
        "mean": [-0.532999575138, -0.631255984306, -0.459125488997, -0.597174465656, -0.68431198597, -0.780788064003]
    },
    "scvalleys": {
        "mean": [-8.7798242569, -9.19111156464, -9.62672424316, -9.55428886414, -9.71415233612, -11.2723960876]
    }
},
"rhythm": {
    "beats_loudness": {
        "mean": 0.00707944482565
    },
    "bpm": 72.5355606079,
    "first_peak_bpm": {
        "mean": 73
    },
    "first_peak_spread": {
        "mean": 0
    },
    "first_peak_weight": {
        "mean": 1
    },
    "onset_rate": 0.408497840166,
    "second_peak_bpm": {
        "mean": 0
    },
    "second_peak_spread": {
        "mean": 0
    },
    "second_peak_weight": {
        "mean": 0
    },
    "beats_loudness_band_ratio": {
        "mean": [0.00159441528376, 0.109942235053, 0.471784651279, 0.202719688416, 0.179642274976, 0.0355885364115]
    },
    "beats_position": [0.812698423862, 1.64861679077, 2.47292518616, 3.29723358154, 4.12154197693],
    "bpm_estimates": [71.77734375, 72.7882919312, 72.7882919312, 72.7882919312],
    "bpm_intervals": [0.835918366909, 0.824308395386, 0.824308395386, 0.824308395386],
    "onset_times": [0.27863946557, 0.371519267559]
},
"sfx": {
    "inharmonicity": {
        "mean": 0.00837970525026
    },
    "oddtoevenharmonicenergyratio": {
        "mean": 1.86941611767
    },
    "pitch_after_max_to_before_max_energy_ratio": 17.7900352478,
    "pitch_centroid": 106.222175598,
    "pitch_max_to_total": 0.0707547143102,
    "pitch_min_to_total": 0.0377358496189,
    "tristimulus": {
        "mean": [0.43877825141, 0.440193146467, 0.115641467273]
    }
},
"tonal": {
    "chords_changes_rate": 0.00934579409659,
    "chords_number_rate": 0.0186915881932,
    "chords_strength": {
        "mean": 0.553108334541
    },
    "key_strength": 0.727963089943,
    "tuning_diatonic_strength": 0.570753335953,
    "tuning_equal_tempered_deviation": 0.0922888070345,
    "tuning_frequency": 445.627075195,
    "tuning_nontempered_energy_ratio": 0.604426622391,
    "hpcp": {
        "mean": [0.0198314599693, 0.04983850196, 0.325702697039, 0.439500033855, 0.16021245718, 0.0080414172262, 0.00848173629493, 0.00741802202538, 0.0440604835749, 0.0776951834559, 0.0436310693622, 0.0141232460737, 0.010279529728, 0.0817614346743, 0.307718217373, 0.262894779444, 0.0417255908251, 0.0133747197688, 0.0140092363581, 0.024409327656, 0.0199751034379, 0.0120474519208, 0.0617124177516, 0.546944618225, 0.823916554451, 0.332409620285, 0.00428972160444, 0.0179300680757, 0.0439130440354, 0.0549354925752, 0.0552339591086, 0.145390555263, 0.195293039083, 0.0923722535372, 0.0192790590227, 0.0181787516922]
    },
    "chords_histogram": [75.7009353638, 0, 0, 0, 0, 0, 0, 0, 0, 0, 0, 0, 0, 0, 0, 0, 0, 24.2990646362, 0, 0, 0, 0, 0, 0],
    "thpcp": [1, 0.403450578451, 0.00520650018007, 0.0217619948089, 0.0532979257405, 0.066676042974, 0.0670382902026, 0.176462724805, 0.237030118704, 0.112113602459, 0.0233992859721, 0.0220638271421, 0.0240697432309, 0.060489743948, 0.395310282707, 0.533427834511, 0.194452285767, 0.0097599895671, 0.0102944113314, 0.00900336541235, 0.0534768775105, 0.0942998230457, 0.0529556907713, 0.0171415973455, 0.0124764209613, 0.0992350950837, 0.373482257128, 0.319079369307, 0.0506429821253, 0.0162330996245, 0.0170032214373, 0.0296259708703, 0.0242440849543, 0.0146221751347, 0.0749012976885, 0.663834989071],
    "chords_key": "A#",
    "chords_scale": "major",
    "key_key": "A#",
    "key_scale": "major",
    "chords_progression": ["A#", "A#", "A#", "A#", "A#", "A#", "A#", "A#", "A#", "A#", "A#", "A#", "A#", "A#", "A#", "A#", "A#", "A#", "A#", "A#", "A#", "A#", "A#", "A#", "A#", "A#", "A#", "A#", "A#", "A#", "A#", "A#", "A#", "A#", "A#", "A#", "A#", "A#", "A#", "A#", "A#", "A#", "A#", "A#", "A#", "A#", "A#", "A#", "A#", "A#", "A#", "A#", "A#", "A#", "A#", "A#", "A#", "A#", "A#", "A#", "A#", "A#", "A#", "A#", "A#", "A#", "A#", "A#", "A#", "A#", "A#", "A#", "A#", "A#", "A#", "A#", "A#", "A#", "A#", "A#", "A#", "A#m", "A#m", "A#m", "A#m", "A#m", "A#m", "A#m", "A#m", "A#m", "A#m", "A#m", "A#m", "A#m", "A#m", "A#m", "A#m", "A#m", "A#m", "A#m", "A#m", "A#m", "A#m", "A#m", "A#m", "A#m", "A#m"]
}
}