{"lowlevel.dissonance.mean": [0.6672874689102173], "sfx.inharmonicity.mean": [1.52627694606781], "lowlevel.spectral_contrast.mean": [[0.3627607822418213, 0.31458425521850586, 0.3341653347015381, 1.053511619567871, 1.043318510055542, 0.9279663562774658]], "lowlevel.spectral_centroid.mean": [0.5641865730285645], "lowlevel.mfcc.mean": [[0.45283544063568115, 0.1089954823255539, 0.279755175113678, 0.4299341142177582, 0.3885928690433502, 0.7170111536979675, 0.6712692975997925, 0.4866851568222046, -0.04078716039657593, -0.0016600489616394043, 1.1084620952606201, 1.5903042554855347, 0.5006269216537476]], "sfx.logattacktime.mean": [0.4983963370323181], "lowlevel.hfc.mean": [0.47038835287094116]}