{"lowlevel.dissonance.mean": [0.703240156173706], "sfx.inharmonicity.mean": [0.23263700306415558], "lowlevel.spectral_contrast.mean": [[0.3888390064239502, 0.5640683174133301, 0.4934699535369873, 0.40667200088500977, 0.32162046432495117, 0.2740204334259033]], "lowlevel.spectral_centroid.mean": [0.34358295798301697], "lowlevel.mfcc.mean": [[0.33949553966522217, 0.7669297456741333, 0.681958794593811, 0.2218935191631317, 0.4553017318248749, 0.5026208162307739, 0.25290268659591675, 0.15334665775299072, 0.5304986238479614, 0.7538903951644897, 0.65837562084198, 0.5091472864151001, 0.5973857641220093]], "sfx.logattacktime.mean": [0.42712271213531494], "lowlevel.hfc.mean": [0.46720150113105774]}