{
"metadata": {
    "version": {
        "essentia": "2.1-beta2"
    }
},
"lowLevel": {
    "average_loudness": 0.273602932692,
    "barkbands_kurtosis": {
        "mean": 1.47478282452
    },
    "barkbands_skewness": {
        "mean": 0.329731732607
    },
    "barkbands_spread": {
        "mean": 3.36910557747
    },
    "dissonance": {
        "mean": 0.196547538042
    },
    "hfc": {
        "mean": 31.8339920044
    },
    "pitch": {
        "mean": 316.723144531
    },
    "pitch_instantaneous_confidence": {
        "mean": 0.946798324585
    },
    "pitch_salience": {
        "mean": 0.534991443157
    },
    "silence_rate_20dB": {
        "mean": 0.949275374413
    },
    "silence_rate_30dB": {
        "mean": 0.884057998657
    },
    "silence_rate_60dB": {
        "mean": 0.543478250504
    },
    "spectral_centroid": {
        "mean": 644.809143066
    },
    "spectral_complexity": {
        "mean": 4
    },
    "spectral_crest": {
        "mean": 14.8087263107
    },
    "spectral_decrease": {
        "mean": -1.12948592701e-08
    },
    "spectral_energy": {
        "mean": 0.0455168113112
    },
    "spectral_energyband_high": {
        "mean": 9.04023545445e-05
    },
    "spectral_energyband_low": {
        "mean": 4.43049648311e-05
    },
    "spectral_energyband_middle_high": {
        "mean": 0.00923393666744
    },
    "spectral_energyband_middle_low": {
        "mean": 0.036154486239
    },
    "spectral_flatness_db": {
        "mean": 0.514866530895
    },
    "spectral_flux": {
        "mean": 0.0164236910641
    },
    "spectral_kurtosis": {
        "mean": 111.980171204
    },
    "spectral_rms": {
        "mean": 0.00387450656854
    },
    "spectral_rolloff": {
        "mean": 848.688415527
    },
    "spectral_skewness": {
        "mean": 8.82735061646
    },
    "spectral_spread": {
        "mean": 2854566.5
    },
    "spectral_strongpeak": {
        "mean": 2.39518404007
    },
    "zerocrossingrate": {
        "mean": 0.0344769023359
    },
    "barkbands": {
        "mean": [1.60493254953e-05, 7.02629631633e-06, 1.56491405505e-05, 6.02313448326e-05, 0.000871880038176, 0.00828732736409, 2.89795825665e-05, 0.00680638244376, 0.020098624751, 0.000428040715633, 0.00542073743418, 7.47733574826e-05, 2.06992281164e-05, 0.00115725270007, 0.00142521911766, 0.000500320340507, 6.90810702508e-05, 0.000120227465231, 1.43310398926e-05, 8.53452729643e-06, 5.47681993339e-05, 9.28781446419e-06, 3.5607135942e-06, 9.36452306632e-06, 5.19428931511e-06, 2.57137094195e-06, 7.50555102513e-07]
    },
    "mfcc": {
        "mean": [-963.595581055, 131.447494507, -10.4706220627, -51.3353424072, -42.4601173401, -33.2197875977, -29.5876426697, -15.9444742203, 0.952138245106, -1.00792908669, -13.8450288773, -18.3174953461, -7.15617132187]
    },
    "sccoeffs": {
        "mean": [-0.5712479949, -0.27223110199, -0.477530151606, -0.627188563347, -0.830408096313, -0.896073997021]
    },
    "scvalleys": {
        "mean": [-10.5402755737, -10.5734615326, -11.1832675934, -11.7683467865, -12.7948904037, -13.4152030945]
    }
},
"rhythm": {
    "beats_loudness": {
        "mean": 0.025134274736
    },
    "bpm": 172.265625,
    "first_peak_bpm": {
        "mean": 172
    },
    "first_peak_spread": {
        "mean": 0
    },
    "first_peak_weight": {
        "mean": 0.571428596973
    },
    "onset_rate": 0.31565836072,
    "second_peak_bpm": {
        "mean": 167
    },
    "second_peak_spread": {
        "mean": 0
    },
    "second_peak_weight": {
        "mean": 0.428571432829
    },
    "beats_loudness_band_ratio": {
        "mean": [0.000412758497987, 0.399363577366, 0.520755112171, 0.0717126280069, 0.00775756174698, 1.18039424706e-05]
    },
    "beats_position": [0.336689323187, 0.696598649025, 1.05650794506, 1.4164172411, 1.764716506, 2.11301589012, 2.46131515503, 2.80961441994],
    "bpm_estimates": [172.265655518, 172.265594482, 172.265655518, 172.265655518],
    "bpm_intervals": [0.359909325838, 0.359909296036, 0.359909296036, 0.348299264908, 0.348299384117, 0.348299264908, 0.348299264908],
    "onset_times": [0.0232199542224]
},
"sfx": {
    "inharmonicity": {
        "mean": 0.0204436574131
    },
    "oddtoevenharmonicenergyratio": {
        "mean": 2.60298442841
    },
    "pitch_after_max_to_before_max_energy_ratio": 0.0868688672781,
    "pitch_centroid": 69.820930481,
    "pitch_max_to_total": 0.992753624916,
    "pitch_min_to_total": 0,
    "tristimulus": {
        "mean": [0.339150607586, 0.656345009804, 0.00408673193306]
    }
},
"tonal": {
    "chords_changes_rate": 0.157142862678,
    "chords_number_rate": 0.0571428574622,
    "chords_strength": {
        "mean": 0.389554977417
    },
    "key_strength": 0.601930499077,
    "tuning_diatonic_strength": 0.40243050456,
    "tuning_equal_tempered_deviation": 0.00558931566775,
    "tuning_frequency": 440,
    "tuning_nontempered_energy_ratio": 0.622533857822,
    "hpcp": {
        "mean": [0.000146218648297, 0.000214319661609, 0.0531178340316, 0.117500402033, 0.0650593489408, 0.000584469235037, 3.53210998583e-05, 0.00010032638238, 0.000274431164144, 0.000381059246138, 0.00105183466803, 0.00284885149449, 0.00228867772967, 0.00409155152738, 0.00954631622881, 0.00598185602576, 0.0028868354857, 0.499762773514, 0.985714256763, 0.489368438721, 0.000980808748864, 0.000586298585404, 0.000375224393792, 0.000577123544645, 0.0013050356647, 0.000902540690731, 0.000299120205455, 0.000152588632773, 0.000947921595071, 0.00856534019113, 0.010410877876, 0.00422657839954, 0.00553684355691, 0.00461899256334, 0.000559719570447, 7.32509361114e-05]
    },
    "chords_histogram": [47.1428565979, 0, 7.14285707474, 0, 0, 0, 0, 4.28571414948, 0, 41.4285697937, 0, 0, 0, 0, 0, 0, 0, 0, 0, 0, 0, 0, 0, 0],
    "thpcp": [1, 0.496460735798, 0.000995023408905, 0.000594795681536, 0.000380662444513, 0.00058548769448, 0.00132394931279, 0.000915620999876, 0.000303455279209, 0.000154800072778, 0.000961659592576, 0.0086894761771, 0.010561760515, 0.00428783334792, 0.00561708770692, 0.00468593463302, 0.000567831448279, 7.4312549259e-05, 0.0001483377564, 0.000217425753362, 0.0538876578212, 0.119203306735, 0.0660022422671, 0.000592939846683, 3.58329998562e-05, 0.000101780387922, 0.000278408435406, 0.000386581843486, 0.00106707867235, 0.00289013935253, 0.00232184701599, 0.00415084930137, 0.00968466885388, 0.0060685495846, 0.00292867375538, 0.507005751133],
    "chords_key": "G#",
    "chords_scale": "minor",
    "key_key": "G#",
    "key_scale": "minor",
    "chords_progression": ["D#", "D#", "D#", "D#", "D#", "D#", "D#", "D#", "D#", "D#", "D#", "D#", "D#", "D#", "D#", "D#", "D#", "D#", "D#", "D#", "D#", "D#", "D#", "D#m", "D#m", "D#m", "D#", "D#m", "D#m", "D#", "D#", "D#", "D#", "D#", "G#m", "G#m", "G#m", "G#m", "G#m", "G#m", "G#m", "G#m", "G#m", "G#m", "G#m", "G#", "G#m", "G#m", "G#m", "G#m", "G#m", "G#m", "G#", "G#m", "G#m", "G#m", "G#m", "G#m", "G#m", "G#m", "G#m", "G#", "G#m", "G#m", "G#m", "G#m", "G#m", "G#m", "G#m", "G#m"]
}
}