{
"metadata": {
    "version": {
        "essentia": "2.1-beta2"
    }
},
"lowLevel": {
    "dissonance": {
        "mean": 0.376050055027
    },
    "hfc": {
        "mean": 44.9983978271
    },
    "spectral_centroid": {
        "mean": 0.193144232035
    },
    "mfcc": {
        "mean": [-769.971191406, 49.2782974243, -0.370200753212, 6.49501180649, -30.1336288452, -29.2548313141, -14.0736665726, -7.16487360001, -6.70339298248, -11.1284132004, -21.4634799957, -17.7182025909, -23.3091163635, -10.8492212296, -6.32777309418, -8.47651195526, -10.3196649551, -4.55904150009, -2.32896637917, -4.53104496002, -2.32887148857, 0.399546205997, -3.12203097343, -3.01928520203, -2.81955361366, -2.53781414032, -4.38309717178, -2.35109901428, 1.28073751926, 1.82869100571, 3.36720776558, -1.5511187315, -4.25830459595, -1.58175718784, -0.688270688057, -1.11763060093, -1.04595208168, 0.855461120605, 0.536908745766, 1.39812648296]
    },
    "spectral_contrast": {
        "mean": [-0.675768136978, -0.751471042633, -0.852609932423, -0.832387804985, -0.832262217999, -0.6935993433]
    }
},
"sfx": {
    "inharmonicity": {
        "mean": 0.189923360944
    },
    "logattacktime": {
        "mean": -4.77346515656
    }
}
}