{
"metadata": {
    "version": {
        "essentia": "2.1-beta2"
    }
},
"lowLevel": {
    "average_loudness": 0.976793110371,
    "barkbands_kurtosis": {
        "mean": 12.236831665
    },
    "barkbands_skewness": {
        "mean": 2.85945868492
    },
    "barkbands_spread": {
        "mean": 6.13335371017
    },
    "dissonance": {
        "mean": 0.485951662064
    },
    "hfc": {
        "mean": 98.0008239746
    },
    "pitch": {
        "mean": 1680.17199707
    },
    "pitch_instantaneous_confidence": {
        "mean": 0.936213970184
    },
    "pitch_salience": {
        "mean": 0.322319865227
    },
    "silence_rate_20dB": {
        "mean": 1
    },
    "silence_rate_30dB": {
        "mean": 0.931216955185
    },
    "silence_rate_60dB": {
        "mean": 0.137566134334
    },
    "spectral_centroid": {
        "mean": 2039.56384277
    },
    "spectral_complexity": {
        "mean": 1.78835976124
    },
    "spectral_crest": {
        "mean": 21.7924175262
    },
    "spectral_decrease": {
        "mean": -1.05666488892e-08
    },
    "spectral_energy": {
        "mean": 0.0487698204815
    },
    "spectral_energyband_high": {
        "mean": 0.00121329084504
    },
    "spectral_energyband_low": {
        "mean": 1.58626718871e-07
    },
    "spectral_energyband_middle_high": {
        "mean": 0.0475563108921
    },
    "spectral_energyband_middle_low": {
        "mean": 3.49010136347e-08
    },
    "spectral_flatness_db": {
        "mean": 0.567479252815
    },
    "spectral_flux": {
        "mean": 0.0408190339804
    },
    "spectral_kurtosis": {
        "mean": 8.53577041626
    },
    "spectral_rms": {
        "mean": 0.00622317707166
    },
    "spectral_rolloff": {
        "mean": 2393.82861328
    },
    "spectral_skewness": {
        "mean": 2.67853665352
    },
    "spectral_spread": {
        "mean": 8713120
    },
    "spectral_strongpeak": {
        "mean": 12.3161754608
    },
    "zerocrossingrate": {
        "mean": 0.0889601930976
    },
    "barkbands": {
        "mean": [2.82974440324e-07, 3.59389709104e-08, 1.58609991807e-09, 7.77332642699e-10, 2.17504592115e-09, 8.03453303888e-09, 4.13525746978e-09, 4.3541334982e-09, 6.96642077358e-09, 3.55475471281e-08, 1.2272941774e-08, 1.88973139359e-08, 7.4331374833e-08, 0.00040354632074, 0.0424421317875, 2.16491244487e-07, 1.03778234006e-07, 9.44200664321e-08, 0.00471003726125, 1.13469162955e-07, 0.00109128758777, 2.94689707516e-05, 4.45210889666e-06, 5.56631603104e-05, 6.52250264466e-06, 2.32889487961e-05, 2.5732681479e-06]
    },
    "mfcc": {
        "mean": [-981.03894043, -67.3354187012, -54.2321395874, 12.0033559799, 30.3513584137, 31.7999191284, -0.704910337925, -38.9667625427, 5.54932546616, 54.5105361938, 27.8889350891, -62.2461051941, -15.9344968796]
    },
    "sccoeffs": {
        "mean": [-0.763409793377, -0.892082750797, -0.890682220459, -0.354221999645, -0.570443272591, -0.637615561485]
    },
    "scvalleys": {
        "mean": [-11.5148077011, -11.4991464615, -11.0490493774, -10.3705701828, -10.8940858841, -11.6903343201]
    }
},
"rhythm": {
    "beats_loudness": {
        "mean": 0.0588165856898
    },
    "bpm": 164.972122192,
    "first_peak_bpm": {
        "mean": 167
    },
    "first_peak_spread": {
        "mean": 0
    },
    "first_peak_weight": {
        "mean": 0.40000000596
    },
    "onset_rate": 1.15101528168,
    "second_peak_bpm": {
        "mean": 172
    },
    "second_peak_spread": {
        "mean": 0
    },
    "second_peak_weight": {
        "mean": 0.40000000596
    },
    "beats_loudness_band_ratio": {
        "mean": [4.31437547377e-06, 1.71512965608e-07, 4.23611680844e-07, 6.42411077934e-06, 0.890670955181, 0.109321832657]
    },
    "beats_position": [0.394739210606, 0.766258478165, 1.11455774307, 1.48607707024, 1.83437633514, 2.18267560005, 2.54258489609, 2.90249419212, 3.25079369545, 3.61070299149, 3.97061228752],
    "bpm_estimates": [161.499023438, 161.49899292, 166.70866394, 166.70866394, 166.70866394, 166.70866394],
    "bpm_intervals": [0.371519267559, 0.348299264908, 0.371519327164, 0.348299264908, 0.348299264908, 0.359909296036, 0.359909296036, 0.348299503326, 0.359909296036, 0.359909296036],
    "onset_times": [0.208979591727, 0.301859408617, 1.48607707024, 2.20589566231, 3.50621318817]
},
"sfx": {
    "inharmonicity": {
        "mean": 0.0703091695905
    },
    "oddtoevenharmonicenergyratio": {
        "mean": 112839.5
    },
    "pitch_after_max_to_before_max_energy_ratio": 61.5325469971,
    "pitch_centroid": 95.3509674072,
    "pitch_max_to_total": 0.037037037313,
    "pitch_min_to_total": 0.0105820102617,
    "tristimulus": {
        "mean": [0.149776920676, 0.529068827629, 0.0484970845282]
    }
},
"tonal": {
    "chords_changes_rate": 0.0210526324809,
    "chords_number_rate": 0.0210526324809,
    "chords_strength": {
        "mean": 0.551299750805
    },
    "key_strength": 0.580708861351,
    "tuning_diatonic_strength": 0.383341819048,
    "tuning_equal_tempered_deviation": 0.0968615040183,
    "tuning_frequency": 435.952270508,
    "tuning_nontempered_energy_ratio": 0.639924705029,
    "hpcp": {
        "mean": [0.942967772484, 0.442751795053, 0.0266809798777, 0.0196904726326, 0.0164012666792, 0.0101600429043, 0.0100586619228, 0.0118709765375, 0.0118102300912, 0.010689121671, 0.00753678847104, 0.00730085233226, 0.0102170174941, 0.0154697541147, 0.0125386109576, 0.00636349711567, 0.00640306901187, 0.00601136637852, 0.00471823522821, 0.00546344835311, 0.00699130678549, 0.0078099174425, 0.0100391209126, 0.0431162789464, 0.0600847601891, 0.0321051292121, 0.0173808708787, 0.0174593534321, 0.0215556677431, 0.0244811661541, 0.0267193652689, 0.0243602432311, 0.0199905838817, 0.0228363014758, 0.0485715828836, 0.552726209164]
    },
    "chords_histogram": [5.26315784454, 94.7368392944, 0, 0, 0, 0, 0, 0, 0, 0, 0, 0, 0, 0, 0, 0, 0, 0, 0, 0, 0, 0, 0, 0],
    "thpcp": [1, 0.469530135393, 0.0282946880907, 0.0208813846111, 0.0173932425678, 0.0107745388523, 0.0106670260429, 0.012588952668, 0.0125245321542, 0.0113356169313, 0.00799262616783, 0.00774241983891, 0.0108349593356, 0.0164053905755, 0.013296966441, 0.00674837175757, 0.00679033715278, 0.00637494353577, 0.0050036017783, 0.00579388672486, 0.00741415238008, 0.0082822740078, 0.0106463031843, 0.0457240231335, 0.0637187808752, 0.0340468995273, 0.0184320937842, 0.0185153242201, 0.0228593889624, 0.0259618274868, 0.0283353962004, 0.0258335899562, 0.0211996473372, 0.024217478931, 0.0515092723072, 0.586156010628],
    "chords_key": "F",
    "chords_scale": "major",
    "key_key": "D",
    "key_scale": "minor",
    "chords_progression": ["F", "F", "F", "F", "F", "F", "F", "F", "F", "F", "F", "F", "F", "F", "F", "F", "F", "F", "F", "F", "F", "F", "F", "F", "F", "F", "F", "F", "F", "F", "F", "F", "F", "F", "F", "F", "F", "F", "F", "F", "F", "F", "F", "F", "F", "F", "F", "F", "F", "F", "F", "F", "F", "F", "F", "F", "F", "F", "F", "F", "F", "F", "F", "F", "F", "F", "Dm", "Dm", "Dm", "Dm", "Dm", "F", "F", "F", "F", "F", "F", "F", "F", "F", "F", "F", "F", "F", "F", "F", "F", "F", "F", "F", "F", "F", "F", "F", "F"]
}
}