{
"metadata": {
    "version": {
        "essentia": "2.1-beta2"
    }
},
"lowLevel": {
    "dissonance": {
        "mean": 0.169624894857
    },
    "hfc": {
        "mean": 12.6503152847
    },
    "spectral_centroid": {
        "mean": 0.0837040618062
    },
    "mfcc": {
        "mean": [-727.869262695, 111.440048218, -160.312728882, -35.1649017334, -48.0541915894, -20.3295974731, -32.5949249268, -24.2451629639, -30.94688797, -26.5972595215, -18.6285514832, -19.7997703552, -19.6534919739, -15.532497406, -8.7384967804, 4.14773416519, 12.6665678024, 19.6935214996, 24.7674865723, 21.5241718292, 19.3742866516, 17.0158348083, 5.88047218323, -0.516153156757, -9.84830570221, -16.5864925385, -13.8527698517, -6.63418865204, 7.95161533356, 12.2712011337, 10.9856414795, 4.00165319443, -3.71894359589, -6.18569040298, -7.34404993057, -5.20348834991, -4.22495079041, -6.99304962158, -11.1688261032, -10.1485643387]
    },
    "spectral_contrast": {
        "mean": [-0.40510609746, -0.454465150833, -0.479086220264, -0.612366497517, -0.748653054237, -0.752690017223]
    }
},
"sfx": {
    "inharmonicity": {
        "mean": 0.166793033481
    },
    "logattacktime": {
        "mean": -5
    }
}
}