{
"metadata": {
    "version": {
        "essentia": "2.1-beta2"
    }
},
"lowLevel": {
    "average_loudness": 0.643001079559,
    "barkbands_kurtosis": {
        "mean": 1.37578701973
    },
    "barkbands_skewness": {
        "mean": -0.95345813036
    },
    "barkbands_spread": {
        "mean": 32.8463249207
    },
    "dissonance": {
        "mean": 0.486259609461
    },
    "hfc": {
        "mean": 18.8567657471
    },
    "pitch": {
        "mean": 1210.08984375
    },
    "pitch_instantaneous_confidence": {
        "mean": 0.34650182724
    },
    "pitch_salience": {
        "mean": 0.59703463316
    },
    "silence_rate_20dB": {
        "mean": 1
    },
    "silence_rate_30dB": {
        "mean": 1
    },
    "silence_rate_60dB": {
        "mean": 0.666666686535
    },
    "spectral_centroid": {
        "mean": 2901.35791016
    },
    "spectral_complexity": {
        "mean": 12.5
    },
    "spectral_crest": {
        "mean": 6.09138250351
    },
    "spectral_decrease": {
        "mean": -8.93232376953e-10
    },
    "spectral_energy": {
        "mean": 0.00508163496852
    },
    "spectral_energyband_high": {
        "mean": 0.00175243720878
    },
    "spectral_energyband_low": {
        "mean": 4.82442956127e-05
    },
    "spectral_energyband_middle_high": {
        "mean": 0.00294421380386
    },
    "spectral_energyband_middle_low": {
        "mean": 0.000279285770375
    },
    "spectral_flatness_db": {
        "mean": 0.118513733149
    },
    "spectral_flux": {
        "mean": 0.0323198102415
    },
    "spectral_kurtosis": {
        "mean": 1.68048274517
    },
    "spectral_rms": {
        "mean": 0.0017564665759
    },
    "spectral_rolloff": {
        "mean": 4652.17675781
    },
    "spectral_skewness": {
        "mean": 1.19203877449
    },
    "spectral_spread": {
        "mean": 10075334
    },
    "spectral_strongpeak": {
        "mean": 1.29839622974
    },
    "zerocrossingrate": {
        "mean": 0.157093092799
    },
    "barkbands": {
        "mean": [0.000138449016958, 4.22418906965e-06, 1.35867253448e-07, 5.99138843427e-07, 8.9335058874e-05, 7.49458340579e-05, 4.8367328418e-06, 1.20807062558e-05, 6.90466767992e-05, 4.73805703223e-05, 1.39653930091e-05, 0.000205246295081, 0.000243262227741, 0.000251998018939, 0.00030086649349, 0.00010147492867, 0.000187457218999, 0.000387252162909, 0.000879914383404, 0.000512397789862, 0.000451699539553, 0.000412564259022, 0.000335807329975, 0.000231667552725, 9.56393560045e-05, 2.79393607343e-05, 1.44861940043e-06]
    },
    "mfcc": {
        "mean": [-727.560913086, 7.8736538887, -55.4206886292, 12.4934406281, -7.07684087753, 9.50227737427, 0.66112601757, -3.62755203247, -17.495300293, 5.63867616653, 3.61245274544, -5.05299949646, -7.65458393097]
    },
    "sccoeffs": {
        "mean": [-0.590535461903, -0.750563025475, -0.774092674255, -0.76410228014, -0.772142827511, -0.779302954674]
    },
    "scvalleys": {
        "mean": [-8.96333217621, -8.49775981903, -8.07678508759, -7.146920681, -7.42450904846, -8.63134384155]
    }
},
"rhythm": {
    "beats_loudness": {
        "mean": 0.00403417553753
    },
    "bpm": 88.5995101929,
    "first_peak_bpm": {
        "mean": 89
    },
    "first_peak_spread": {
        "mean": 0
    },
    "first_peak_weight": {
        "mean": 1
    },
    "onset_rate": 2.03006625175,
    "second_peak_bpm": {
        "mean": 0
    },
    "second_peak_spread": {
        "mean": 0
    },
    "second_peak_weight": {
        "mean": 0
    },
    "beats_loudness_band_ratio": {
        "mean": [0.06183963269, 0.0186898577958, 0.0187678541988, 0.175987660885, 0.31694483757, 0.413409888744]
    },
    "beats_position": [0.66176867485, 1.33514738083, 2.02013611794, 2.69351458549],
    "bpm_estimates": [89.1029052734, 87.5926818848, 89.102935791],
    "bpm_intervals": [0.673378705978, 0.684988737106, 0.67337846756],
    "onset_times": [0.0580498874187, 0.27863946557, 0.940408170223, 1.32353746891, 1.43963718414, 2.18267583847, 2.34521532059]
},
"sfx": {
    "inharmonicity": {
        "mean": 0.101062864065
    },
    "oddtoevenharmonicenergyratio": {
        "mean": 3.00772452354
    },
    "pitch_after_max_to_before_max_energy_ratio": 11.5305309296,
    "pitch_centroid": 73.9486083984,
    "pitch_max_to_total": 0.0733333304524,
    "pitch_min_to_total": 0.0066666668281,
    "tristimulus": {
        "mean": [0.159354493022, 0.489395052195, 0.18174123764]
    }
},
"tonal": {
    "chords_changes_rate": 0.0131578948349,
    "chords_number_rate": 0.0263157896698,
    "chords_strength": {
        "mean": 0.507834613323
    },
    "key_strength": 0.379590332508,
    "tuning_diatonic_strength": 0.410447567701,
    "tuning_equal_tempered_deviation": 0.291169941425,
    "tuning_frequency": 441.782684326,
    "tuning_nontempered_energy_ratio": 0.903961598873,
    "hpcp": {
        "mean": [0.39348834753, 0.38609457016, 0.304278999567, 0.353366136551, 0.499772012234, 0.373499721289, 0.212588280439, 0.236809328198, 0.288163810968, 0.236206561327, 0.138916820288, 0.112514682114, 0.1053667292, 0.110332787037, 0.210709497333, 0.24844636023, 0.412539571524, 0.585962593555, 0.332541704178, 0.172996819019, 0.168828755617, 0.095266610384, 0.147132977843, 0.306944131851, 0.371901959181, 0.360699802637, 0.39580732584, 0.392467051744, 0.491644620895, 0.605927467346, 0.519659340382, 0.323972076178, 0.270037978888, 0.420477092266, 0.599937081337, 0.541332304478]
    },
    "chords_histogram": [30.2631587982, 69.7368392944, 0, 0, 0, 0, 0, 0, 0, 0, 0, 0, 0, 0, 0, 0, 0, 0, 0, 0, 0, 0, 0, 0],
    "thpcp": [1, 0.857626318932, 0.534671366215, 0.445660561323, 0.693939626217, 0.990113675594, 0.893394589424, 0.649398446083, 0.637196004391, 0.502170681953, 0.583182215691, 0.824805021286, 0.616409957409, 0.350847750902, 0.390821248293, 0.475574761629, 0.389826476574, 0.229263111949, 0.185690015554, 0.173893302679, 0.182089105248, 0.347747057676, 0.410026580095, 0.680839836597, 0.967050731182, 0.548814356327, 0.285507470369, 0.278628647327, 0.157224446535, 0.242822751403, 0.506569087505, 0.613773047924, 0.595285475254, 0.653225600719, 0.647712945938, 0.811391890049],
    "chords_key": "A#",
    "chords_scale": "major",
    "key_key": "G",
    "key_scale": "minor",
    "chords_progression": ["Gm", "Gm", "Gm", "Gm", "Gm", "Gm", "Gm", "Gm", "Gm", "Gm", "Gm", "Gm", "Gm", "Gm", "Gm", "Gm", "Gm", "Gm", "Gm", "Gm", "Gm", "Gm", "Gm", "A#", "A#", "A#", "A#", "A#", "A#", "A#", "A#", "A#", "A#", "A#", "A#", "A#", "A#", "A#", "A#", "A#", "A#", "A#", "A#", "A#", "A#", "A#", "A#", "A#", "A#", "A#", "A#", "A#", "A#", "A#", "A#", "A#", "A#", "A#", "A#", "A#", "A#", "A#", "A#", "A#", "A#", "A#", "A#", "A#", "A#", "A#", "A#", "A#", "A#", "A#", "A#", "A#"]
}
}