{
"metadata": {
    "version": {
        "essentia": "2.1-beta2"
    }
},
"lowLevel": {
    "average_loudness": 0.99068403244,
    "barkbands_kurtosis": {
        "mean": 201.305175781
    },
    "barkbands_skewness": {
        "mean": 6.30341243744
    },
    "barkbands_spread": {
        "mean": 14.0278673172
    },
    "dissonance": {
        "mean": 0.338720142841
    },
    "hfc": {
        "mean": 28.1716308594
    },
    "pitch": {
        "mean": 690.495300293
    },
    "pitch_instantaneous_confidence": {
        "mean": 0.658385574818
    },
    "pitch_salience": {
        "mean": 0.267333775759
    },
    "silence_rate_20dB": {
        "mean": 1
    },
    "silence_rate_30dB": {
        "mean": 0.952380955219
    },
    "silence_rate_60dB": {
        "mean": 0.821428596973
    },
    "spectral_centroid": {
        "mean": 2239.45019531
    },
    "spectral_complexity": {
        "mean": 6.34523820877
    },
    "spectral_crest": {
        "mean": 17.7155914307
    },
    "spectral_decrease": {
        "mean": -2.23123142185e-09
    },
    "spectral_energy": {
        "mean": 0.0109764365479
    },
    "spectral_energyband_high": {
        "mean": 0.0028038721066
    },
    "spectral_energyband_low": {
        "mean": 0.000104756938526
    },
    "spectral_energyband_middle_high": {
        "mean": 0.00314254849218
    },
    "spectral_energyband_middle_low": {
        "mean": 0.00519045069814
    },
    "spectral_flatness_db": {
        "mean": 0.368752062321
    },
    "spectral_flux": {
        "mean": 0.0276348441839
    },
    "spectral_kurtosis": {
        "mean": 12.7411212921
    },
    "spectral_rms": {
        "mean": 0.00130206602626
    },
    "spectral_rolloff": {
        "mean": 3861.61767578
    },
    "spectral_skewness": {
        "mean": 2.39227938652
    },
    "spectral_spread": {
        "mean": 22876156
    },
    "spectral_strongpeak": {
        "mean": 0.15610063076
    },
    "zerocrossingrate": {
        "mean": 0.12878999114
    },
    "barkbands": {
        "mean": [2.31904579095e-07, 1.90671687506e-06, 1.56814639922e-05, 0.000368300592527, 0.00136355648283, 0.000295829377137, 0.00109351717401, 0.000969669374172, 0.0008824042161, 0.000812677026261, 8.07078613434e-05, 8.65785041242e-05, 9.2189082352e-05, 0.000199781468837, 0.000185316894203, 0.000149385756231, 0.000301532738376, 0.000442578952061, 0.000601563719101, 0.000635306234471, 0.000794391031377, 0.000289455521852, 0.00041567889275, 0.000462909374619, 0.000276900274912, 0.000126754093799, 3.16342411679e-05]
    },
    "mfcc": {
        "mean": [-1013.0380249, 25.9472541809, 13.8255443573, 14.0198869705, 1.70789432526, -5.71851921082, -7.66380977631, -9.46793937683, -10.5883283615, -10.6816196442, -13.5699567795, -11.9699449539, -15.0484342575]
    },
    "sccoeffs": {
        "mean": [-0.528287053108, -0.797663092613, -0.884814739227, -0.889593422413, -0.883539736271, -0.901548206806]
    },
    "scvalleys": {
        "mean": [-14.3046073914, -14.0232009888, -14.1618404388, -14.3469409943, -14.4031047821, -14.7222976685]
    }
},
"rhythm": {
    "beats_loudness": {
        "mean": 4.86408389406e-05
    },
    "bpm": 90.6661148071,
    "first_peak_bpm": {
        "mean": 91
    },
    "first_peak_spread": {
        "mean": 0
    },
    "first_peak_weight": {
        "mean": 1
    },
    "onset_rate": 0.520839452744,
    "second_peak_bpm": {
        "mean": 0
    },
    "second_peak_spread": {
        "mean": 0
    },
    "second_peak_weight": {
        "mean": 0
    },
    "beats_loudness_band_ratio": {
        "mean": [0.870816349983, 0.721052348614, 0.00207209819928, 8.47596820677e-05, 0.000122737881611, 0.000350041693309]
    },
    "beats_position": [0.650158703327, 1.31192743778],
    "bpm_estimates": [90.6661148071],
    "bpm_intervals": [0.661768734455],
    "onset_times": [0.0232199542224]
},
"sfx": {
    "inharmonicity": {
        "mean": 0.0245835091919
    },
    "oddtoevenharmonicenergyratio": {
        "mean": 336.187561035
    },
    "pitch_after_max_to_before_max_energy_ratio": 1.76978373528,
    "pitch_centroid": 28.0559501648,
    "pitch_max_to_total": 0.0833333358169,
    "pitch_min_to_total": 0.214285716414,
    "tristimulus": {
        "mean": [0.730972409248, 0.191909819841, 0.0628997683525]
    }
},
"tonal": {
    "chords_changes_rate": 0,
    "chords_number_rate": 0.0232558138669,
    "chords_strength": {
        "mean": 0.50475269556
    },
    "key_strength": 0.631147563457,
    "tuning_diatonic_strength": 0.598627328873,
    "tuning_equal_tempered_deviation": 0.289418518543,
    "tuning_frequency": 448.985931396,
    "tuning_nontempered_energy_ratio": 0.978502810001,
    "hpcp": {
        "mean": [0.0378518141806, 0.0166496634483, 0.0108118616045, 0.0123191354796, 0.020129378885, 0.0406426228583, 0.051107313484, 0.0500922054052, 0.0477518551052, 0.037877574563, 0.027615852654, 0.0250432603061, 0.0247487053275, 0.0280891209841, 0.0408952198923, 0.0381773486733, 0.0382191725075, 0.032938208431, 0.0168943163007, 0.0196943841875, 0.0186578314751, 0.0311478655785, 0.0382210724056, 0.0254534073174, 0.0179747492075, 0.0122442133725, 0.0148676838726, 0.0403301492333, 0.402793437243, 0.750909030437, 0.475433140993, 0.122570335865, 0.0349713228643, 0.017013438046, 0.0338836498559, 0.0516363680363]
    },
    "chords_histogram": [100, 0, 0, 0, 0, 0, 0, 0, 0, 0, 0, 0, 0, 0, 0, 0, 0, 0, 0, 0, 0, 0, 0, 0],
    "thpcp": [1, 0.633143484592, 0.16322927177, 0.0465719848871, 0.022657122463, 0.0451235100627, 0.0687651410699, 0.0504079908133, 0.0221726763994, 0.0143983643502, 0.0164056289941, 0.0268066804856, 0.0541245639324, 0.0680605918169, 0.0667087510228, 0.0635920614004, 0.0504422932863, 0.03677656129, 0.0333505906165, 0.0329583287239, 0.0374068245292, 0.0544609501958, 0.0508415102959, 0.0508972071111, 0.0438644438982, 0.0224984865636, 0.0262273903936, 0.0248469933867, 0.0414802134037, 0.0508997365832, 0.03389679268, 0.0239373184741, 0.016305854544, 0.0197995807976, 0.0537084341049, 0.536407768726],
    "chords_key": "B",
    "chords_scale": "minor",
    "key_key": "B",
    "key_scale": "minor",
    "chords_progression": ["Bm", "Bm", "Bm", "Bm", "Bm", "Bm", "Bm", "Bm", "Bm", "Bm", "Bm", "Bm", "Bm", "Bm", "Bm", "Bm", "Bm", "Bm", "Bm", "Bm", "Bm", "Bm", "Bm", "Bm", "Bm", "Bm", "Bm", "Bm", "Bm", "Bm", "Bm", "Bm", "Bm", "Bm", "Bm", "Bm", "Bm", "Bm", "Bm", "Bm", "Bm", "Bm", "Bm"]
}
}