{
"metadata": {
    "version": {
        "essentia": "2.1-beta2"
    }
},
"lowLevel": {
    "dissonance": {
        "mean": 0.429761976004
    },
    "hfc": {
        "mean": 8.8505525589
    },
    "spectral_centroid": {
        "mean": 0.192077592015
    },
    "mfcc": {
        "mean": [-735.667236328, 4.08718919754, -52.7816429138, 16.0480651855, 2.34767174721, 11.6057815552, -3.94592094421, -7.06217956543, -8.99617576599, 14.8226041794, 11.1765422821, 2.1302793026, -2.40966486931, 0.291859894991, -0.572309315205, 10.4260139465, 21.9493045807, 16.7719974518, 6.6620554924, 4.66299915314, 1.56119775772, 6.37766551971, 8.51879119873, 5.70612955093, 4.3862862587, 6.90971946716, 0.629222929478, 2.25688910484, 4.59369659424, 6.8566198349, 5.18143510818, 1.27055418491, 0.285617232323, -2.0716445446, 1.62174725533, -0.0465760044754, -1.73382544518, -5.06022262573, -0.152681007981, -0.539059817791]
    },
    "spectral_contrast": {
        "mean": [-0.693301200867, -0.748312711716, -0.80118304491, -0.79696148634, -0.806551277637, -0.641384124756]
    }
},
"sfx": {
    "inharmonicity": {
        "mean": 0.199946686625
    },
    "logattacktime": {
        "mean": -4.92181634903
    }
}
}