{
"metadata": {
    "version": {
        "essentia": "2.1-beta2"
    }
},
"lowLevel": {
    "dissonance": {
        "mean": 0.469871968031
    },
    "hfc": {
        "mean": 253.503067017
    },
    "spectral_centroid": {
        "mean": 0.240182310343
    },
    "mfcc": {
        "mean": [-605.436035156, -65.4803085327, -49.5679321289, 23.2767944336, 0.616714537144, 7.76084327698, -12.0056371689, 10.4130382538, -10.8758144379, 7.31334018707, 12.5341720581, 10.7583265305, 5.08239221573, 7.6810541153, 2.0666372776, 8.72437953949, 17.6463184357, 11.6849098206, 1.88862216473, 9.78765106201, 3.82807087898, 10.3442726135, 9.05861282349, 4.13715267181, 8.42626571655, 8.42233085632, 2.16517281532, 0.459886074066, 4.80340385437, 1.35787761211, -0.518814861774, 0.179701194167, 1.62716805935, -1.9122467041, -0.00136472214945, 0.104945108294, -0.141626521945, -3.0043182373, -1.74821054935, -1.13248002529]
    },
    "spectral_contrast": {
        "mean": [-0.690554320812, -0.763071477413, -0.751838505268, -0.726861953735, -0.74990850687, -0.497825115919]
    }
},
"sfx": {
    "inharmonicity": {
        "mean": 0.20887491107
    },
    "logattacktime": {
        "mean": -4.86506319046
    }
}
}