{
"metadata": {
    "version": {
        "essentia": "2.1-beta2"
    }
},
"lowLevel": {
    "dissonance": {
        "mean": 0.300519704819
    },
    "hfc": {
        "mean": 13.3666915894
    },
    "spectral_centroid": {
        "mean": 0.181579530239
    },
    "mfcc": {
        "mean": [-807.298278809, -18.5923519135, -49.0221748352, -0.775129139423, -10.256565094, 24.6290683746, 10.5191240311, -5.48170471191, -39.0964927673, -27.6694335938, 32.9874572754, 50.9421691895, -6.78600263596, -44.1142959595, 37.0307617188, 23.9067420959, -4.34266996384, 19.3949623108, -1.46494734287, -34.7117385864, 18.935136795, 56.3952102661, -37.7230682373, 7.58511781693, -3.45408892632, -5.14418268204, 23.5042324066, -35.1168670654, 35.4093818665, -10.7223920822, -25.5012149811, 25.7948665619, -16.5652236938, 1.79796385765, -4.79688358307, 10.8922519684, -14.8301305771, -1.42691290379, 9.38421440125, 7.91711854935]
    },
    "spectral_contrast": {
        "mean": [-0.803712010384, -0.814712524414, -0.50206810236, -0.51505959034, -0.617006599903, -0.695936620235]
    }
},
"sfx": {
    "inharmonicity": {
        "mean": 0.268755465746
    },
    "logattacktime": {
        "mean": -5
    }
}
}