{
"metadata": {
    "version": {
        "essentia": "2.1-beta2"
    }
},
"lowLevel": {
    "average_loudness": 0.99068403244,
    "barkbands_kurtosis": {
        "mean": 2.48887896538
    },
    "barkbands_skewness": {
        "mean": -0.354514837265
    },
    "barkbands_spread": {
        "mean": 11.1890192032
    },
    "dissonance": {
        "mean": 0.479173451662
    },
    "hfc": {
        "mean": 2.09893655777
    },
    "pitch": {
        "mean": 642.839538574
    },
    "pitch_instantaneous_confidence": {
        "mean": 0.503760039806
    },
    "pitch_salience": {
        "mean": 0.53660261631
    },
    "silence_rate_20dB": {
        "mean": 1
    },
    "silence_rate_30dB": {
        "mean": 1
    },
    "silence_rate_60dB": {
        "mean": 0.913043498993
    },
    "spectral_centroid": {
        "mean": 3477.25341797
    },
    "spectral_complexity": {
        "mean": 1.73913037777
    },
    "spectral_crest": {
        "mean": 10.2476816177
    },
    "spectral_decrease": {
        "mean": -1.5234605244e-10
    },
    "spectral_energy": {
        "mean": 0.000765368691646
    },
    "spectral_energyband_high": {
        "mean": 0.00014771540009
    },
    "spectral_energyband_low": {
        "mean": 7.38710241421e-07
    },
    "spectral_energyband_middle_high": {
        "mean": 0.000614954682533
    },
    "spectral_energyband_middle_low": {
        "mean": 1.73630542122e-06
    },
    "spectral_flatness_db": {
        "mean": 0.205525755882
    },
    "spectral_flux": {
        "mean": 0.0145692499354
    },
    "spectral_kurtosis": {
        "mean": 3.96203517914
    },
    "spectral_rms": {
        "mean": 0.000631160452031
    },
    "spectral_rolloff": {
        "mean": 5463.81591797
    },
    "spectral_skewness": {
        "mean": 1.48716425896
    },
    "spectral_spread": {
        "mean": 10853850
    },
    "spectral_strongpeak": {
        "mean": 0.623048305511
    },
    "zerocrossingrate": {
        "mean": 0.168117359281
    },
    "barkbands": {
        "mean": [7.36013589631e-07, 3.91438220504e-07, 1.13579634586e-08, 1.66845879335e-08, 6.2915724186e-08, 8.97845637837e-08, 1.04903953968e-07, 1.31785452595e-06, 1.30245098262e-07, 5.80960985985e-08, 2.78633649486e-07, 5.17302183312e-08, 5.58461749733e-07, 0.000322077132296, 0.000128629762912, 3.88426406062e-06, 7.97889078967e-05, 2.29856996157e-05, 4.31455991929e-05, 3.3088883356e-05, 2.9095883292e-05, 6.57078780932e-05, 1.57893882715e-05, 1.03080774352e-05, 5.68024961467e-06, 1.31480260279e-06, 6.4870924632e-08]
    },
    "mfcc": {
        "mean": [-925.696472168, -35.4728622437, -64.3566894531, 33.2274208069, 10.0155324936, 13.3963632584, -7.42842721939, 2.00586295128, 2.72175455093, 21.4818191528, 32.814781189, 4.8595867157, -13.9938316345]
    },
    "sccoeffs": {
        "mean": [-0.798829376698, -0.767852723598, -0.820649027824, -0.639646291733, -0.750528335571, -0.760214686394]
    },
    "scvalleys": {
        "mean": [-11.1623334885, -11.5641231537, -11.986161232, -11.0495271683, -10.176320076, -11.5950021744]
    }
},
"rhythm": {
    "bpm": 0,
    "first_peak_bpm": {
        "mean": 0
    },
    "first_peak_spread": {
        "mean": 0
    },
    "first_peak_weight": {
        "mean": 0
    },
    "onset_rate": 2.01480269432,
    "second_peak_bpm": {
        "mean": 0
    },
    "second_peak_spread": {
        "mean": 0
    },
    "second_peak_weight": {
        "mean": 0
    },
    "beats_position": [],
    "bpm_estimates": [],
    "bpm_intervals": [],
    "onset_times": [0.0348299331963]
},
"sfx": {
    "inharmonicity": {
        "mean": 0.088264465332
    },
    "oddtoevenharmonicenergyratio": {
        "mean": 7.95379590988
    },
    "pitch_after_max_to_before_max_energy_ratio": 0.33888220787,
    "pitch_centroid": 10.5908956528,
    "pitch_max_to_total": 0.913043498993,
    "pitch_min_to_total": 0.521739125252,
    "tristimulus": {
        "mean": [0.0408968701959, 0.686578691006, 0.15814986825]
    }
},
"tonal": {
    "chords_changes_rate": 0,
    "chords_number_rate": 0.0833333358169,
    "chords_strength": {
        "mean": 0.528450071812
    },
    "key_strength": 0.540423870087,
    "tuning_diatonic_strength": 0.452315866947,
    "tuning_equal_tempered_deviation": 0.236655846238,
    "tuning_frequency": 440,
    "tuning_nontempered_energy_ratio": 0.928329706192,
    "hpcp": {
        "mean": [0.204238638282, 0.152041450143, 0.0529405027628, 0.0604829005897, 0.129322141409, 0.0908883735538, 0.0133849596605, 0.016622999683, 0.0315300039947, 0.0613251291215, 0.053775113076, 0.0186720602214, 0.0187174901366, 0.028656296432, 0.0518058054149, 0.0689252242446, 0.0565198510885, 0.139975622296, 0.268988281488, 0.425206661224, 0.383111327887, 0.121518708766, 0.0381848812103, 0.0471070297062, 0.0311700534075, 0.10437040776, 0.153705075383, 0.0856191888452, 0.0649314150214, 0.258658260107, 0.83895200491, 0.897733449936, 0.377284884453, 0.233599111438, 0.188560053706, 0.145719617605]
    },
    "chords_histogram": [0, 0, 0, 0, 0, 0, 0, 100, 0, 0, 0, 0, 0, 0, 0, 0, 0, 0, 0, 0, 0, 0, 0, 0],
    "thpcp": [1, 0.420263826847, 0.26020988822, 0.210040137172, 0.162319466472, 0.227504760027, 0.169361457229, 0.0589712932706, 0.0673728957772, 0.144054055214, 0.101242050529, 0.0149097256362, 0.018516631797, 0.0351217873394, 0.0683110654354, 0.0599009804428, 0.0207991134375, 0.0208497196436, 0.0319207198918, 0.0577073357999, 0.0767769366503, 0.0629583895206, 0.155921146274, 0.299630463123, 0.473644673824, 0.426753997803, 0.135361686349, 0.0425347648561, 0.0524732917547, 0.0347208343446, 0.116259910166, 0.171214595437, 0.0953726172447, 0.0723281651735, 0.28812366724, 0.934522390366],
    "chords_key": "C",
    "chords_scale": "major",
    "key_key": "C",
    "key_scale": "minor",
    "chords_progression": ["C", "C", "C", "C", "C", "C", "C", "C", "C", "C", "C", "C"]
}
}