{"lowlevel.dissonance.mean": [0.3523600101470947], "sfx.inharmonicity.mean": [0.4683592617511749], "lowlevel.spectral_contrast.mean": [[0.4580099582672119, 0.6765036582946777, 0.5996562242507935, 0.5422613620758057, 0.402249813079834, 0.27173566818237305]], "lowlevel.spectral_centroid.mean": [0.3416224420070648], "lowlevel.mfcc.mean": [[0.3782285451889038, 0.8376538753509521, 0.6694847345352173, 0.10972535610198975, 0.25837618112564087, 0.30931806564331055, 0.29934951663017273, 0.3635717034339905, 0.5441910028457642, 0.5989424586296082, 0.6325380206108093, 0.6025927066802979, 0.6545135378837585]], "sfx.logattacktime.mean": [0.4309583604335785], "lowlevel.hfc.mean": [0.4669910669326782]}