{
"metadata": {
    "version": {
        "essentia": "2.1-beta2"
    }
},
"lowLevel": {
    "dissonance": {
        "mean": 0.477291584015
    },
    "hfc": {
        "mean": 207.499420166
    },
    "spectral_centroid": {
        "mean": 0.216567412019
    },
    "mfcc": {
        "mean": [-657.03326416, -60.2886886597, -71.4290542603, 26.5216693878, 3.04168558121, 12.4454450607, -10.4005880356, 17.5332603455, -3.410623312, 8.6055803299, 14.7835388184, 18.5708045959, 13.8680515289, 18.4734783173, 9.57198619843, 4.31265068054, 10.079416275, 4.3031129837, 0.761047899723, 12.0296955109, 8.17681217194, 9.508020401, 4.00143146515, 3.87494111061, 6.61344957352, 7.66767072678, -0.692508161068, -1.28688693047, 4.69451236725, 1.02183687687, -1.90783619881, 1.18634498119, 1.8362852335, -0.214778319001, -2.91594004631, -1.33216059208, 0.656723916531, -2.33706641197, -1.68120062351, 2.04347467422]
    },
    "spectral_contrast": {
        "mean": [-0.652185559273, -0.775276482105, -0.74808216095, -0.728422164917, -0.743805706501, -0.576038241386]
    }
},
"sfx": {
    "inharmonicity": {
        "mean": 0.213488131762
    },
    "logattacktime": {
        "mean": -4.86297941208
    }
}
}