{
"metadata": {
    "version": {
        "essentia": "2.1-beta2"
    }
},
"lowLevel": {
    "average_loudness": 0.909542262554,
    "barkbands_kurtosis": {
        "mean": 27.9674911499
    },
    "barkbands_skewness": {
        "mean": 1.34827518463
    },
    "barkbands_spread": {
        "mean": 10.4119777679
    },
    "dissonance": {
        "mean": 0.352007359266
    },
    "hfc": {
        "mean": 0.465641140938
    },
    "pitch": {
        "mean": 223.218063354
    },
    "pitch_instantaneous_confidence": {
        "mean": 0.867491424084
    },
    "pitch_salience": {
        "mean": 0.479545384645
    },
    "silence_rate_20dB": {
        "mean": 1
    },
    "silence_rate_30dB": {
        "mean": 1
    },
    "silence_rate_60dB": {
        "mean": 1
    },
    "spectral_centroid": {
        "mean": 711.64440918
    },
    "spectral_complexity": {
        "mean": 1.94736838341
    },
    "spectral_crest": {
        "mean": 13.4315052032
    },
    "spectral_decrease": {
        "mean": -1.06692460422e-10
    },
    "spectral_energy": {
        "mean": 0.000444915960543
    },
    "spectral_energyband_high": {
        "mean": 2.17377404965e-07
    },
    "spectral_energyband_low": {
        "mean": 2.38173947764e-06
    },
    "spectral_energyband_middle_high": {
        "mean": 0.000234788298258
    },
    "spectral_energyband_middle_low": {
        "mean": 0.000206362441531
    },
    "spectral_flatness_db": {
        "mean": 0.310832589865
    },
    "spectral_flux": {
        "mean": 0.00170884386171
    },
    "spectral_kurtosis": {
        "mean": 22.3760681152
    },
    "spectral_rms": {
        "mean": 0.000499329762533
    },
    "spectral_rolloff": {
        "mean": 1105.37097168
    },
    "spectral_skewness": {
        "mean": 3.9597697258
    },
    "spectral_spread": {
        "mean": 8876199
    },
    "spectral_strongpeak": {
        "mean": 0.596510231495
    },
    "zerocrossingrate": {
        "mean": 0.0492535866797
    },
    "barkbands": {
        "mean": [2.87755187856e-06, 6.18562751242e-07, 5.75018397342e-08, 1.84798807368e-07, 7.57423258619e-05, 1.19528550613e-07, 3.24157626892e-05, 3.85585714469e-08, 9.78582247626e-05, 3.12972861138e-06, 2.1687524665e-08, 1.36198750624e-05, 2.86600226218e-07, 0.000194277206901, 9.95925438474e-06, 9.96921517071e-06, 2.36442133428e-06, 7.79063327627e-07, 1.73480955823e-07, 2.38174351352e-07, 8.92773499572e-08, 6.66289565743e-08, 9.24132148583e-09, 1.49272185723e-08, 4.35495994822e-09, 1.04351660646e-09, 3.47304296433e-10]
    },
    "mfcc": {
        "mean": [-981.030151367, 111.858070374, -13.8801259995, -7.09348964691, 9.27233982086, -3.6651160717, -14.5187635422, -11.1129455566, 0.17057004571, 5.10445022583, 1.96417081356, -4.41979074478, -6.09514474869]
    },
    "sccoeffs": {
        "mean": [-0.635618031025, -0.632131457329, -0.634422540665, -0.694808363914, -0.796084284782, -0.866739988327]
    },
    "scvalleys": {
        "mean": [-9.6098985672, -10.7372627258, -11.6660194397, -11.5572214127, -12.3903636932, -13.3802423477]
    }
},
"rhythm": {
    "beats_loudness": {
        "mean": 0.000508725235704
    },
    "bpm": 115.713775635,
    "first_peak_bpm": {
        "mean": 115
    },
    "first_peak_spread": {
        "mean": 0.333333313465
    },
    "first_peak_weight": {
        "mean": 0.666666686535
    },
    "onset_rate": 2.03252744675,
    "second_peak_bpm": {
        "mean": 0
    },
    "second_peak_spread": {
        "mean": 0
    },
    "second_peak_weight": {
        "mean": 0
    },
    "beats_loudness_band_ratio": {
        "mean": [0.288236826658, 0.170372799039, 0.237291783094, 0.299863278866, 0.0312391277403, 0.000814344268292]
    },
    "beats_position": [0.49922901392, 1.01006805897, 1.53251695633, 2.0549659729, 2.56580495834, 3.08825397491, 3.61070299149],
    "bpm_estimates": [117.453826904, 114.843765259, 114.843742371, 117.453842163, 114.843742371, 114.843742371],
    "bpm_intervals": [0.510839045048, 0.522448897362, 0.522449016571, 0.510838985443, 0.522449016571, 0.522449016571],
    "onset_times": [0.0348299331963, 0.708208620548, 0.940408170223, 2.72834467888, 3.11147403717, 3.16952371597, 3.59909296036, 3.86612248421]
},
"sfx": {
    "inharmonicity": {
        "mean": 0.0079058399424
    },
    "oddtoevenharmonicenergyratio": {
        "mean": 1.75119948387
    },
    "pitch_after_max_to_before_max_energy_ratio": 15.5688076019,
    "pitch_centroid": 84.0399627686,
    "pitch_max_to_total": 0,
    "pitch_min_to_total": 0.994152069092,
    "tristimulus": {
        "mean": [0.503124833107, 0.478862911463, 0.0175377689302]
    }
},
"tonal": {
    "chords_changes_rate": 0.0697674453259,
    "chords_number_rate": 0.0465116277337,
    "chords_strength": {
        "mean": 0.396952152252
    },
    "key_strength": 0.530471563339,
    "tuning_diatonic_strength": 0.399302810431,
    "tuning_equal_tempered_deviation": 0.216319069266,
    "tuning_frequency": 433.441375732,
    "tuning_nontempered_energy_ratio": 0.919569730759,
    "hpcp": {
        "mean": [0.425475597382, 0.745388805866, 0.332384496927, 0.00324821099639, 0.000832229794469, 0.000518296088558, 0.0196334626526, 0.0426282733679, 0.0243197325617, 0.00326750474051, 0.0117152137682, 0.0224464666098, 0.0592632852495, 0.0579206682742, 0.0133309476078, 0.00296727241948, 0.00362996896729, 0.00780461123213, 0.00644900836051, 0.0013375581475, 0.00107302470133, 0.176845088601, 0.334093868732, 0.206025630236, 0.108113057911, 0.0613856427372, 0.00305248633958, 0.0175601541996, 0.0270068291575, 0.297263890505, 0.556306302547, 0.282886892557, 0.0201438423246, 0.0134089756757, 0.0167956389487, 0.0207151845098]
    },
    "chords_histogram": [19.7674427032, 1.16279065609, 18.6046504974, 0, 0, 0, 0, 0, 0, 0, 0, 0, 0, 0, 0, 0, 0, 0, 0, 60.4651145935, 0, 0, 0, 0],
    "thpcp": [1, 0.445920974016, 0.00435774028301, 0.00111650431063, 0.000695336551871, 0.0263398941606, 0.0571893118322, 0.0326269082725, 0.00438362453133, 0.0157169159502, 0.0301137696952, 0.0795065388083, 0.077705308795, 0.0178845562041, 0.00398083822802, 0.00486990017816, 0.010470523499, 0.0086518721655, 0.00179444358218, 0.00143955030944, 0.237252146006, 0.448214232922, 0.276400208473, 0.145042508841, 0.0823538601398, 0.0040951599367, 0.0235583819449, 0.036231867969, 0.398803800344, 0.74633038044, 0.379515886307, 0.0270246099681, 0.0179892368615, 0.0225327219814, 0.0277911126614, 0.570810258389],
    "chords_key": "A",
    "chords_scale": "minor",
    "key_key": "D",
    "key_scale": "major",
    "chords_progression": ["A", "A", "A", "A", "A", "A", "A", "A", "A", "A", "A", "A", "A", "A", "D", "D", "D", "D", "D", "D", "D", "D", "D", "D", "F#m", "D", "D", "D", "D", "D", "D", "D", "Am", "Am", "Am", "Am", "Am", "Am", "Am", "Am", "Am", "Am", "Am", "Am", "Am", "Am", "Am", "Am", "Am", "Am", "Am", "Am", "Am", "Am", "Am", "Am", "Am", "Am", "Am", "Am", "Am", "A", "A", "Am", "Am", "Am", "Am", "Am", "Am", "Am", "Am", "Am", "Am", "Am", "Am", "Am", "Am", "Am", "Am", "Am", "Am", "Am", "Am", "Am", "Am", "Am"]
}
}