{"lowlevel.dissonance.mean": [0.5997964143753052], "sfx.inharmonicity.mean": [0.6272941827774048], "lowlevel.spectral_contrast.mean": [[0.1973121166229248, 0.9354535341262817, 1.0467067956924438, 1.0188955068588257, 0.8674864768981934, 0.7239978313446045]], "lowlevel.spectral_centroid.mean": [0.4888037145137787], "lowlevel.mfcc.mean": [[0.4631822109222412, 0.15738798677921295, -0.23092463612556458, 0.28534406423568726, 0.15391454100608826, 0.2685384154319763, 0.16880661249160767, 0.309666246175766, 0.3531675338745117, 0.5288243293762207, 0.9357037544250488, 1.1463652849197388, 1.0870637893676758]], "sfx.logattacktime.mean": [0.5568786859512329], "lowlevel.hfc.mean": [0.4802300035953522]}