{
"metadata": {
    "version": {
        "essentia": "2.1-beta2"
    }
},
"lowLevel": {
    "dissonance": {
        "mean": 0.322376072407
    },
    "hfc": {
        "mean": 15.8226928711
    },
    "spectral_centroid": {
        "mean": 0.175222069025
    },
    "mfcc": {
        "mean": [-729.90222168, -33.8584671021, -42.7339935303, 19.8803901672, -34.5730285645, -13.8780632019, 12.8633155823, 10.644534111, 7.0723400116, 39.792842865, 29.9737739563, 18.8248615265, -27.0503063202, -36.6153373718, -27.336561203, 37.9639549255, 53.5332336426, 29.7698726654, -14.6279993057, -19.8394050598, 11.3691930771, 20.8883094788, -22.1907043457, -23.7029724121, 24.8085975647, 34.805355072, -21.4201049805, -3.43955850601, 19.40974617, -0.819688677788, -25.2619304657, 11.6815214157, 12.2259435654, -8.58129405975, -2.45826220512, 2.21553182602, -3.52604556084, -3.37014579773, 20.449962616, 4.54016304016]
    },
    "spectral_contrast": {
        "mean": [-0.745773673058, -0.484362542629, -0.491357266903, -0.450013846159, -0.567916452885, -0.687297582626]
    }
},
"sfx": {
    "inharmonicity": {
        "mean": 0.280464172363
    },
    "logattacktime": {
        "mean": -5
    }
}
}