{
"metadata": {
    "version": {
        "essentia": "2.1-beta2"
    }
},
"lowLevel": {
    "average_loudness": 0.967010438442,
    "barkbands_kurtosis": {
        "mean": 36.0198287964
    },
    "barkbands_skewness": {
        "mean": 2.15105628967
    },
    "barkbands_spread": {
        "mean": 4.28184604645
    },
    "dissonance": {
        "mean": 0.18874078989
    },
    "hfc": {
        "mean": 19.1708774567
    },
    "pitch": {
        "mean": 337.088775635
    },
    "pitch_instantaneous_confidence": {
        "mean": 0.70620071888
    },
    "pitch_salience": {
        "mean": 0.384839951992
    },
    "silence_rate_20dB": {
        "mean": 1
    },
    "silence_rate_30dB": {
        "mean": 1
    },
    "silence_rate_60dB": {
        "mean": 0.33027523756
    },
    "spectral_centroid": {
        "mean": 511.459686279
    },
    "spectral_complexity": {
        "mean": 4.2201833725
    },
    "spectral_crest": {
        "mean": 20.4957427979
    },
    "spectral_decrease": {
        "mean": -1.14655760441e-08
    },
    "spectral_energy": {
        "mean": 0.0450125224888
    },
    "spectral_energyband_high": {
        "mean": 9.00846472973e-08
    },
    "spectral_energyband_low": {
        "mean": 4.89830417791e-05
    },
    "spectral_energyband_middle_high": {
        "mean": 0.000136512942845
    },
    "spectral_energyband_middle_low": {
        "mean": 0.0448501445353
    },
    "spectral_flatness_db": {
        "mean": 0.41394931078
    },
    "spectral_flux": {
        "mean": 0.00724850222468
    },
    "spectral_kurtosis": {
        "mean": 102.838447571
    },
    "spectral_rms": {
        "mean": 0.00531391520053
    },
    "spectral_rolloff": {
        "mean": 533.391296387
    },
    "spectral_skewness": {
        "mean": 8.12489414215
    },
    "spectral_spread": {
        "mean": 10888506
    },
    "spectral_strongpeak": {
        "mean": 2.62059354782
    },
    "zerocrossingrate": {
        "mean": 0.0329029895365
    },
    "barkbands": {
        "mean": [2.12338122196e-07, 2.8493428772e-07, 2.5735473173e-05, 2.45893770625e-05, 0.000819216133095, 0.00196914188564, 0.0395130515099, 0.00242674397305, 9.70176988631e-05, 5.86285350437e-05, 1.69427255514e-06, 3.41711347573e-05, 2.93055400107e-05, 1.10517275971e-05, 7.38988319426e-07, 6.65266441047e-07, 8.07492952504e-08, 6.78350389194e-08, 1.31422979166e-07, 2.60421035847e-08, 1.52989318991e-08, 1.48425174373e-08, 1.17924541243e-08, 9.93992621545e-09, 1.02997406159e-08, 7.39505168212e-09, 4.91205032205e-09]
    },
    "mfcc": {
        "mean": [-950.847839355, 178.160186768, 36.1260490417, -19.2190818787, -19.2894611359, -24.0496368408, -31.4635448456, -33.6765098572, -22.5990543365, -0.499020159245, 7.80415534973, 1.80765068531, 0.561654746532]
    },
    "sccoeffs": {
        "mean": [-0.565972208977, -0.423027426004, -0.676110506058, -0.729924499989, -0.858626008034, -0.900050640106]
    },
    "scvalleys": {
        "mean": [-9.30139064789, -8.97849464417, -10.2179365158, -10.734249115, -11.9030456543, -12.6787090302]
    }
},
"rhythm": {
    "beats_loudness": {
        "mean": 0.059474285692
    },
    "bpm": 191.406234741,
    "first_peak_bpm": {
        "mean": 191
    },
    "first_peak_spread": {
        "mean": 0
    },
    "first_peak_weight": {
        "mean": 0.5
    },
    "onset_rate": 1.1962890625,
    "second_peak_bpm": {
        "mean": 199
    },
    "second_peak_spread": {
        "mean": 0
    },
    "second_peak_weight": {
        "mean": 0.5
    },
    "beats_loudness_band_ratio": {
        "mean": [0.00567764556035, 0.22828476131, 0.960414111614, 0.00269642332569, 0.000661036989186, 0.00104877690319]
    },
    "beats_position": [0.255419492722, 0.557278871536, 0.870748281479, 1.18421769142, 1.48607707024, 1.79954648018, 2.10140585899],
    "bpm_estimates": [191.406234741, 191.406234741, 191.406234741],
    "bpm_intervals": [0.301859378815, 0.313469409943, 0.313469409943, 0.301859378815, 0.313469409943, 0.301859378815],
    "onset_times": [0.0580498874187, 0.220589563251, 0.545668959618]
},
"sfx": {
    "inharmonicity": {
        "mean": 0.00532632227987
    },
    "oddtoevenharmonicenergyratio": {
        "mean": 3.94494366646
    },
    "pitch_after_max_to_before_max_energy_ratio": 1.41645956039,
    "pitch_centroid": 50.5327148438,
    "pitch_max_to_total": 0.385321110487,
    "pitch_min_to_total": 0.972477078438,
    "tristimulus": {
        "mean": [0.86917757988, 0.11551886797, 0.0153035689145]
    }
},
"tonal": {
    "chords_changes_rate": 0.0545454546809,
    "chords_number_rate": 0.0363636352122,
    "chords_strength": {
        "mean": 0.588926851749
    },
    "key_strength": 0.58899885416,
    "tuning_diatonic_strength": 0.545975983143,
    "tuning_equal_tempered_deviation": 0.116417847574,
    "tuning_frequency": 444.855529785,
    "tuning_nontempered_energy_ratio": 0.631157159805,
    "hpcp": {
        "mean": [0.0070837745443, 0.00361480051652, 0.00378041667864, 0.00616967724636, 0.00834700092673, 0.00884471647441, 0.0121464217082, 0.0253027845174, 0.0240090340376, 0.0135100139305, 0.0162697155029, 0.0678299590945, 0.0888377726078, 0.0310168433934, 0.00179873651359, 0.00656245788559, 0.00754216546193, 0.0110416254029, 0.0261597633362, 0.0230950769037, 0.0219446141273, 0.0468406118453, 0.168757632375, 0.19455447793, 0.0573824420571, 0.00157769606449, 0.00140451604966, 0.00114127108827, 0.000933851581067, 0.00193838111591, 0.0167193934321, 0.0533173307776, 0.479088425636, 0.7541924119, 0.319182872772, 0.0108383679762]
    },
    "chords_histogram": [47.2727279663, 0, 0, 0, 0, 0, 0, 52.7272720337, 0, 0, 0, 0, 0, 0, 0, 0, 0, 0, 0, 0, 0, 0, 0, 0],
    "thpcp": [1, 0.423211455345, 0.014370826073, 0.00939252972603, 0.00479294219986, 0.00501253595576, 0.00818050839007, 0.011067468673, 0.0117274001241, 0.016105202958, 0.0335495099425, 0.0318340957165, 0.0179132185876, 0.0215723663568, 0.089937210083, 0.1177919209, 0.0411259010434, 0.0023849834688, 0.00870130490512, 0.0100003201514, 0.0146403294057, 0.0346857942641, 0.030622260645, 0.0290968380868, 0.0621069781482, 0.223759382963, 0.257963985205, 0.0760846212506, 0.00209190137684, 0.00186227820814, 0.00151323596947, 0.00123821396846, 0.00257014133967, 0.0221686046571, 0.0706946030259, 0.635233700275],
    "chords_key": "C#",
    "chords_scale": "major",
    "key_key": "C#",
    "key_scale": "minor",
    "chords_progression": ["C#m", "C#m", "C#m", "C#m", "C#m", "C#m", "C#m", "C#m", "C#m", "C#m", "C#m", "C#m", "C#m", "C#m", "C#m", "C#m", "C#m", "C#m", "C#m", "C#m", "C#m", "C#m", "C#m", "C#m", "C#", "C#", "C#", "C#", "C#", "C#", "C#m", "C#m", "C#", "C#", "C#", "C#", "C#", "C#", "C#", "C#", "C#", "C#", "C#", "C#", "C#", "C#", "C#", "C#", "C#", "C#", "C#", "C#", "C#", "C#", "C#"]
}
}