{"lowlevel.dissonance.mean": [0.15959560871124268], "sfx.inharmonicity.mean": [0.36874455213546753], "lowlevel.spectral_contrast.mean": [[0.5364340543746948, 1.398193597793579, 1.0816047191619873, 1.1025493144989014, 0.9882502555847168, 0.7055261135101318]], "lowlevel.spectral_centroid.mean": [0.35293048620224], "lowlevel.mfcc.mean": [[0.6886860132217407, 0.6349852085113525, 0.0661391019821167, 0.4098501205444336, 0.059047430753707886, 0.0773535668849945, 0.04396072030067444, 0.10239303112030029, 0.045438289642333984, 0.12171873450279236, 0.5382397770881653, 0.7699980735778809, 0.5607339143753052]], "sfx.logattacktime.mean": [0.391048789024353], "lowlevel.hfc.mean": [0.4804163873195648]}