{
"metadata": {
    "version": {
        "essentia": "2.1-beta2"
    }
},
"lowLevel": {
    "dissonance": {
        "mean": 0.158900782466
    },
    "hfc": {
        "mean": 0.512100994587
    },
    "spectral_centroid": {
        "mean": 0.061706058681
    },
    "mfcc": {
        "mean": [-876.038635254, 172.39982605, -41.943977356, -18.9741191864, 11.5460348129, -7.25877857208, -26.2335548401, -21.3666439056, -3.03972268105, 4.32638072968, 1.59727096558, -11.135424614, -13.9984331131, -13.0724506378, -9.59206867218, -1.87213361263, -8.0068063736, -4.60761356354, 6.20299625397, 16.2663936615, 18.9638252258, -1.78463745117, -9.0181312561, 4.32896327972, 22.8376960754, 26.4916191101, 9.40545272827, 1.95816171169, -0.167788147926, 3.54160571098, 5.46726512909, -7.97320747375, -10.2590055466, 0.487449765205, 8.26820755005, 13.7456846237, 13.2921924591, 1.09629368782, -6.49079179764, 0.0163425188512]
    },
    "spectral_contrast": {
        "mean": [-0.617912054062, -0.607452750206, -0.603716850281, -0.756463706493, -0.831302762032, -0.837704002857]
    }
},
"sfx": {
    "inharmonicity": {
        "mean": 0.164576351643
    },
    "logattacktime": {
        "mean": -5
    }
}
}