{"lowlevel.dissonance.mean": [0.7083781957626343], "sfx.inharmonicity.mean": [0.717951774597168], "lowlevel.spectral_contrast.mean": [[0.4404088258743286, 0.32710182666778564, 0.46727442741394043, 1.0542707443237305, 0.49889278411865234, 0.6301336288452148]], "lowlevel.spectral_centroid.mean": [0.5465872287750244], "lowlevel.mfcc.mean": [[0.2719961404800415, 0.16696226596832275, 0.19922712445259094, 0.24935297667980194, 0.5721323490142822, 0.9571093320846558, 0.5506600737571716, 0.16617617011070251, 0.7739604711532593, 1.0321235656738281, 0.9921058416366577, 0.1452314257621765, 0.8532711267471313]], "sfx.logattacktime.mean": [0.6216086149215698], "lowlevel.hfc.mean": [0.4660434126853943]}