{
"metadata": {
    "version": {
        "essentia": "2.1-beta2"
    }
},
"lowLevel": {
    "dissonance": {
        "mean": 0.173362523317
    },
    "hfc": {
        "mean": 24.2395973206
    },
    "spectral_centroid": {
        "mean": 0.0884305238724
    },
    "mfcc": {
        "mean": [-712.276550293, 67.9618606567, -185.850860596, -36.1312141418, -54.1330299377, -27.9203948975, -32.6399841309, -22.562921524, -31.8781337738, -24.2547206879, -6.56189012527, -4.55812358856, 0.184269338846, 6.75147438049, 9.95073795319, 27.168050766, 38.3588752747, 45.2525177002, 34.3185958862, 9.8077545166, -20.5499362946, -31.7235660553, -32.8062667847, -17.8296356201, 1.3881175518, 17.1474590302, 18.54662323, 3.25521731377, -8.97450447083, -11.6387405396, -4.64035129547, 5.10114622116, 7.75977611542, -3.1445171833, -14.3413934708, -8.76450157166, 13.6292886734, 26.6971988678, 19.13621521, 4.62445068359]
    },
    "spectral_contrast": {
        "mean": [-0.371985137463, -0.373766094446, -0.440282613039, -0.531033396721, -0.727936506271, -0.717556834221]
    }
},
"sfx": {
    "inharmonicity": {
        "mean": 0.191716492176
    },
    "logattacktime": {
        "mean": -5
    }
}
}