{
"metadata": {
    "version": {
        "essentia": "2.1-beta2"
    }
},
"lowLevel": {
    "average_loudness": 0.889227926731,
    "barkbands_kurtosis": {
        "mean": 1.7962116003
    },
    "barkbands_skewness": {
        "mean": 0.155622810125
    },
    "barkbands_spread": {
        "mean": 15.2919607162
    },
    "dissonance": {
        "mean": 0.394123733044
    },
    "hfc": {
        "mean": 2.42393279076
    },
    "pitch": {
        "mean": 335.304473877
    },
    "pitch_instantaneous_confidence": {
        "mean": 0.666114509106
    },
    "pitch_salience": {
        "mean": 0.804009735584
    },
    "silence_rate_20dB": {
        "mean": 1
    },
    "silence_rate_30dB": {
        "mean": 1
    },
    "silence_rate_60dB": {
        "mean": 0.642201840878
    },
    "spectral_centroid": {
        "mean": 1387.29797363
    },
    "spectral_complexity": {
        "mean": 7.02293586731
    },
    "spectral_crest": {
        "mean": 7.67227649689
    },
    "spectral_decrease": {
        "mean": -4.71251870859e-10
    },
    "spectral_energy": {
        "mean": 0.00199846876785
    },
    "spectral_energyband_high": {
        "mean": 1.90098262465e-06
    },
    "spectral_energyband_low": {
        "mean": 6.23538269906e-08
    },
    "spectral_energyband_middle_high": {
        "mean": 0.00150267942809
    },
    "spectral_energyband_middle_low": {
        "mean": 0.000541456916835
    },
    "spectral_flatness_db": {
        "mean": 0.213762581348
    },
    "spectral_flux": {
        "mean": 0.00779067119583
    },
    "spectral_kurtosis": {
        "mean": 19.9914150238
    },
    "spectral_rms": {
        "mean": 0.0010901101632
    },
    "spectral_rolloff": {
        "mean": 2048.22241211
    },
    "spectral_skewness": {
        "mean": 3.05198144913
    },
    "spectral_spread": {
        "mean": 9327088
    },
    "spectral_strongpeak": {
        "mean": 0.755680799484
    },
    "zerocrossingrate": {
        "mean": 0.087133564055
    },
    "barkbands": {
        "mean": [8.77738504101e-09, 1.40297740092e-09, 5.58409041229e-10, 5.7721849771e-06, 3.29620597768e-05, 0.000157507020049, 6.14034361206e-05, 0.00014213497343, 1.83935098903e-05, 0.000126683778944, 0.000136238784762, 0.000514197628945, 0.000279303960269, 0.000156199428602, 0.000219738984015, 4.30148174928e-05, 6.50615984341e-05, 2.9581680792e-05, 7.1207396104e-06, 1.92413176592e-06, 8.96751714663e-07, 2.56526845988e-07, 5.38999174182e-08, 1.12782254647e-08, 3.92023391527e-09, 9.8042318708e-10, 2.27825161514e-10]
    },
    "mfcc": {
        "mean": [-918.225891113, 101.475387573, -85.8011779785, -33.8741188049, -20.5176734924, -20.6820087433, -16.4832859039, -18.9135189056, -13.7208242416, -15.560303688, -5.45496702194, -3.97053456306, -6.90303707123]
    },
    "sccoeffs": {
        "mean": [-0.604145169258, -0.569668829441, -0.618613421917, -0.669754087925, -0.772146224976, -0.81822925806]
    },
    "scvalleys": {
        "mean": [-11.6145811081, -10.7206401825, -10.2221794128, -10.118563652, -10.6930065155, -12.7829551697]
    }
},
"rhythm": {
    "beats_loudness": {
        "mean": 0.00203780829906
    },
    "bpm": 127.623626709,
    "first_peak_bpm": {
        "mean": 126
    },
    "first_peak_spread": {
        "mean": 0.5
    },
    "first_peak_weight": {
        "mean": 0.222222223878
    },
    "onset_rate": 1.59490060806,
    "second_peak_bpm": {
        "mean": 136
    },
    "second_peak_spread": {
        "mean": 0.5
    },
    "second_peak_weight": {
        "mean": 0.222222223878
    },
    "beats_loudness_band_ratio": {
        "mean": [0.0875478833914, 0.12026617676, 0.205188393593, 0.423271983862, 0.199679762125, 0.0582325272262]
    },
    "beats_position": [0.429569154978, 0.870748281479, 1.31192743778, 1.764716506, 2.17106580734, 2.60063481331, 3.07664394379, 3.55265307426, 4.01705217361, 4.48145103455],
    "bpm_estimates": [126.04800415, 126.04800415, 129.19921875, 129.199279785],
    "bpm_intervals": [0.441179126501, 0.441179156303, 0.452789068222, 0.406349301338, 0.429569005966, 0.476009130478, 0.476009130478, 0.46439909935, 0.464398860931],
    "onset_times": [0.661768734455, 1.49768710136, 1.66022670269, 1.78793644905, 2.04335594177, 2.18267583847, 2.46131515503, 2.61224484444]
},
"sfx": {
    "inharmonicity": {
        "mean": 0.0288776885718
    },
    "oddtoevenharmonicenergyratio": {
        "mean": 1.5407602787
    },
    "pitch_after_max_to_before_max_energy_ratio": 5.27659034729,
    "pitch_centroid": 98.5999832153,
    "pitch_max_to_total": 0.0321100912988,
    "pitch_min_to_total": 0.0642201825976,
    "tristimulus": {
        "mean": [0.219490647316, 0.67052012682, 0.0924121513963]
    }
},
"tonal": {
    "chords_changes_rate": 0.0454545468092,
    "chords_number_rate": 0.0363636352122,
    "chords_strength": {
        "mean": 0.555229008198
    },
    "key_strength": 0.709984719753,
    "tuning_diatonic_strength": 0.54524821043,
    "tuning_equal_tempered_deviation": 0.160843446851,
    "tuning_frequency": 439.491973877,
    "tuning_nontempered_energy_ratio": 0.697889447212,
    "hpcp": {
        "mean": [0.187517046928, 0.140479937196, 0.0933052003384, 0.0900588706136, 0.134136587381, 0.25238391757, 0.240353181958, 0.11301882565, 0.0864905118942, 0.123868592083, 0.14423879981, 0.107841320336, 0.0786713883281, 0.122899152339, 0.45004722476, 0.682563245296, 0.393443048, 0.146563336253, 0.155382052064, 0.140909418464, 0.101018175483, 0.101663582027, 0.238410145044, 0.378789126873, 0.237633466721, 0.0799016952515, 0.0996972844005, 0.121823683381, 0.15291723609, 0.396479904652, 0.566816806793, 0.358792483807, 0.14986948669, 0.116394206882, 0.120393529534, 0.155909672379]
    },
    "chords_histogram": [50.9090919495, 0, 0, 0, 0, 0, 0, 0, 0, 0, 0, 0, 0, 0, 22.7272720337, 9.09090900421, 0, 17.2727279663, 0, 0, 0, 0, 0, 0],
    "thpcp": [1, 0.576419889927, 0.214724913239, 0.227644920349, 0.206441551447, 0.147998258471, 0.148943826556, 0.349286526442, 0.55495095253, 0.34814864397, 0.117061235011, 0.14606307447, 0.178479701281, 0.224033802748, 0.580869138241, 0.830423891544, 0.525654554367, 0.219568639994, 0.170525163412, 0.176384434104, 0.228417918086, 0.274724781513, 0.205812335014, 0.136698246002, 0.131942167878, 0.196518912911, 0.36975902319, 0.352133214474, 0.165580004454, 0.126714289188, 0.181475624442, 0.211319312453, 0.157994613051, 0.1152587533, 0.180055335164, 0.659348726273],
    "chords_key": "G",
    "chords_scale": "major",
    "key_key": "G",
    "key_scale": "major",
    "chords_progression": ["G#", "G#", "G#", "G#", "G#", "G#", "G#", "G#", "G#", "G#", "G#", "G#", "G#", "G#", "G#", "G#", "G#", "G#", "G#", "G#", "G#", "G#", "G#", "G#", "G#", "Cm", "Cm", "Cm", "Cm", "Cm", "Cm", "Cm", "Cm", "Cm", "Cm", "Gm", "Gm", "Gm", "Gm", "Gm", "Gm", "Gm", "Gm", "Gm", "Gm", "Gm", "Gm", "Gm", "Gm", "Gm", "Gm", "Gm", "Gm", "G", "G", "G", "G", "G", "Gm", "G", "G", "G", "G", "G", "G", "G", "G", "G", "G", "G", "G", "G", "G", "G", "G", "G", "G", "G", "G", "G", "G", "G", "G", "G", "G", "G", "G", "G", "G", "G", "G", "G", "G", "G", "G", "G", "G", "G", "G", "G", "G", "G", "G", "G", "G", "G", "G", "G", "G", "G"]
}
}