{
"metadata": {
    "version": {
        "essentia": "2.1-beta2"
    }
},
"lowLevel": {
    "dissonance": {
        "mean": 0.168703451753
    },
    "hfc": {
        "mean": 1.45947766304
    },
    "spectral_centroid": {
        "mean": 0.0655119046569
    },
    "mfcc": {
        "mean": [-824.128845215, 166.828445435, -55.508895874, -12.2833442688, -1.76300621033, -13.4059152603, -31.2828464508, -28.1594486237, -7.64221954346, 6.08280277252, -10.8806352615, -10.4179153442, -7.22608709335, -7.8963432312, -18.4247779846, -3.57346153259, -8.41497039795, -9.46128368378, 9.11281108856, 11.4016027451, 11.4202604294, -1.50168764591, -6.01301908493, 3.30906867981, 20.1891727448, 26.6611404419, 12.4088888168, -2.22799825668, -0.303915858269, 7.49964809418, 2.52001452446, -8.18279457092, -7.60303211212, 0.753923356533, 7.52765083313, 13.413643837, 11.3856964111, -2.2200217247, -5.82186460495, 1.52644431591]
    },
    "spectral_contrast": {
        "mean": [-0.570917785168, -0.582758247852, -0.573741972446, -0.718383669853, -0.814517259598, -0.790730118752]
    }
},
"sfx": {
    "inharmonicity": {
        "mean": 0.179061681032
    },
    "logattacktime": {
        "mean": -5
    }
}
}