{
"metadata": {
    "version": {
        "essentia": "2.1-beta2"
    }
},
"lowLevel": {
    "average_loudness": 0.99068403244,
    "barkbands_kurtosis": {
        "mean": 4.10823965073
    },
    "barkbands_skewness": {
        "mean": -1.41923308372
    },
    "barkbands_spread": {
        "mean": 18.7262516022
    },
    "dissonance": {
        "mean": 0.492638915777
    },
    "hfc": {
        "mean": 404.221893311
    },
    "pitch": {
        "mean": 2297.39404297
    },
    "pitch_instantaneous_confidence": {
        "mean": 0.316393047571
    },
    "pitch_salience": {
        "mean": 0.693877756596
    },
    "silence_rate_20dB": {
        "mean": 1
    },
    "silence_rate_30dB": {
        "mean": 0.756756782532
    },
    "silence_rate_60dB": {
        "mean": 0.216216221452
    },
    "spectral_centroid": {
        "mean": 4909.70263672
    },
    "spectral_complexity": {
        "mean": 29.0270271301
    },
    "spectral_crest": {
        "mean": 7.01589870453
    },
    "spectral_decrease": {
        "mean": -9.35957800152e-09
    },
    "spectral_energy": {
        "mean": 0.0719892978668
    },
    "spectral_energyband_high": {
        "mean": 0.0502903200686
    },
    "spectral_energyband_low": {
        "mean": 3.29985668941e-05
    },
    "spectral_energyband_middle_high": {
        "mean": 0.0207490622997
    },
    "spectral_energyband_middle_low": {
        "mean": 0.000971701985691
    },
    "spectral_flatness_db": {
        "mean": 0.18916875124
    },
    "spectral_flux": {
        "mean": 0.133097633719
    },
    "spectral_kurtosis": {
        "mean": 0.628756642342
    },
    "spectral_rms": {
        "mean": 0.00646134186536
    },
    "spectral_rolloff": {
        "mean": 7214.20507812
    },
    "spectral_skewness": {
        "mean": 0.664014995098
    },
    "spectral_spread": {
        "mean": 9852620
    },
    "spectral_strongpeak": {
        "mean": 7.08864307404
    },
    "zerocrossingrate": {
        "mean": 0.239191830158
    },
    "barkbands": {
        "mean": [6.65698098601e-05, 9.76055798674e-06, 5.62653610814e-07, 1.48567960423e-06, 0.000116063907626, 0.000121800418128, 9.22215549508e-05, 0.00023586214229, 0.000380464509362, 4.71769380965e-05, 3.71799178538e-05, 0.000123573670862, 0.000750138016883, 0.000500996189658, 0.000794183521066, 0.00213001738302, 0.00173909962177, 0.00512626441196, 0.00844813417643, 0.00224264920689, 0.00633406406268, 0.0121961338446, 0.0191524233669, 0.00784094631672, 0.0028227167204, 0.000651676033158, 2.7172263799e-05]
    },
    "mfcc": {
        "mean": [-664.13104248, -71.5114364624, -50.1028785706, 14.8708696365, -2.87520956993, 5.51069402695, -15.6462860107, 6.81304216385, -10.1640224457, 6.20702838898, 15.1149921417, 12.0633716583, 6.40802574158]
    },
    "sccoeffs": {
        "mean": [-0.654501140118, -0.802730381489, -0.791575789452, -0.749095618725, -0.74791932106, -0.725864708424]
    },
    "scvalleys": {
        "mean": [-9.22608947754, -8.33583068848, -8.27705860138, -7.25535440445, -6.74989175797, -7.34053897858]
    }
},
"rhythm": {
    "beats_loudness": {
        "mean": 0.055313013494
    },
    "bpm": 206.718765259,
    "first_peak_bpm": {
        "mean": 207
    },
    "first_peak_spread": {
        "mean": 0
    },
    "first_peak_weight": {
        "mean": 1
    },
    "onset_rate": 1.1962890625,
    "second_peak_bpm": {
        "mean": 0
    },
    "second_peak_spread": {
        "mean": 0
    },
    "second_peak_weight": {
        "mean": 0
    },
    "beats_loudness_band_ratio": {
        "mean": [0.00121145055164, 8.09549819678e-05, 0.00128747476265, 0.0127771329135, 0.163855344057, 0.829342842102]
    },
    "beats_position": [0.267029464245, 0.557278871536],
    "bpm_estimates": [206.718765259],
    "bpm_intervals": [0.290249407291],
    "onset_times": [0.0348299331963]
},
"sfx": {
    "inharmonicity": {
        "mean": 0.0771290957928
    },
    "oddtoevenharmonicenergyratio": {
        "mean": 32.7888946533
    },
    "pitch_after_max_to_before_max_energy_ratio": 7.37910747528,
    "pitch_centroid": 16.9425125122,
    "pitch_max_to_total": 0.135135129094,
    "pitch_min_to_total": 0.918918907642,
    "tristimulus": {
        "mean": [0.122868523002, 0.58848285675, 0.137953907251]
    }
},
"tonal": {
    "chords_changes_rate": 0,
    "chords_number_rate": 0.0526315793395,
    "chords_strength": {
        "mean": 0.538333058357
    },
    "key_strength": 0.591488301754,
    "tuning_diatonic_strength": 0.457740485668,
    "tuning_equal_tempered_deviation": 0.258331358433,
    "tuning_frequency": 446.399932861,
    "tuning_nontempered_energy_ratio": 0.926910400391,
    "hpcp": {
        "mean": [0.528886437416, 0.292396962643, 0.267808526754, 0.256134212017, 0.166417241096, 0.206445500255, 0.260822743177, 0.208948388696, 0.207737907767, 0.283627748489, 0.307974308729, 0.269540786743, 0.252225965261, 0.287307262421, 0.428483009338, 0.527832746506, 0.382927924395, 0.209494248033, 0.157231092453, 0.191675320268, 0.227249369025, 0.406542748213, 0.603424012661, 0.57522135973, 0.478041887283, 0.332316309214, 0.224996492267, 0.200881049037, 0.190159603953, 0.210826978087, 0.367137074471, 0.522078335285, 0.520017325878, 0.436551392078, 0.497240155935, 0.650959670544]
    },
    "chords_histogram": [0, 0, 0, 0, 0, 0, 0, 0, 0, 0, 100, 0, 0, 0, 0, 0, 0, 0, 0, 0, 0, 0, 0, 0],
    "thpcp": [1, 0.812471866608, 0.449178308249, 0.411405712366, 0.393471717834, 0.255649089813, 0.317140221596, 0.400674194098, 0.320985138416, 0.319125622511, 0.435707092285, 0.473108112812, 0.414066791534, 0.387467890978, 0.441359549761, 0.658232808113, 0.810853242874, 0.58825135231, 0.321823686361, 0.241537377238, 0.294450372458, 0.349099010229, 0.624528288841, 0.926976025105, 0.883651316166, 0.734364807606, 0.510502159595, 0.345638155937, 0.308592170477, 0.292121946812, 0.323871016502, 0.563993573189, 0.802013337612, 0.798847198486, 0.67062741518, 0.763857066631],
    "chords_key": "C#",
    "chords_scale": "minor",
    "key_key": "D",
    "key_scale": "minor",
    "chords_progression": ["C#m", "C#m", "C#m", "C#m", "C#m", "C#m", "C#m", "C#m", "C#m", "C#m", "C#m", "C#m", "C#m", "C#m", "C#m", "C#m", "C#m", "C#m", "C#m"]
}
}