{
"metadata": {
    "version": {
        "essentia": "2.1-beta2"
    }
},
"lowLevel": {
    "average_loudness": 0.908188164234,
    "barkbands_kurtosis": {
        "mean": 19.388381958
    },
    "barkbands_skewness": {
        "mean": 3.48500037193
    },
    "barkbands_spread": {
        "mean": 6.39229249954
    },
    "dissonance": {
        "mean": 0.348054617643
    },
    "hfc": {
        "mean": 18.4196777344
    },
    "pitch": {
        "mean": 279.768920898
    },
    "pitch_instantaneous_confidence": {
        "mean": 0.876429975033
    },
    "pitch_salience": {
        "mean": 0.323659986258
    },
    "silence_rate_20dB": {
        "mean": 1
    },
    "silence_rate_30dB": {
        "mean": 0.914285719395
    },
    "silence_rate_60dB": {
        "mean": 0.142857149243
    },
    "spectral_centroid": {
        "mean": 428.972320557
    },
    "spectral_complexity": {
        "mean": 9.28095245361
    },
    "spectral_crest": {
        "mean": 18.9533882141
    },
    "spectral_decrease": {
        "mean": -1.04579997995e-08
    },
    "spectral_energy": {
        "mean": 0.0411415286362
    },
    "spectral_energyband_high": {
        "mean": 9.85870137811e-05
    },
    "spectral_energyband_low": {
        "mean": 2.7601884085e-06
    },
    "spectral_energyband_middle_high": {
        "mean": 0.00321566406637
    },
    "spectral_energyband_middle_low": {
        "mean": 0.0378895699978
    },
    "spectral_flatness_db": {
        "mean": 0.357509315014
    },
    "spectral_flux": {
        "mean": 0.0166281759739
    },
    "spectral_kurtosis": {
        "mean": 19.6346721649
    },
    "spectral_rms": {
        "mean": 0.0056180790998
    },
    "spectral_rolloff": {
        "mean": 489.830871582
    },
    "spectral_skewness": {
        "mean": 3.43354845047
    },
    "spectral_spread": {
        "mean": 4770127.5
    },
    "spectral_strongpeak": {
        "mean": 1.58167827129
    },
    "zerocrossingrate": {
        "mean": 0.0205938424915
    },
    "barkbands": {
        "mean": [5.08645189257e-06, 6.17975899786e-07, 2.19388496703e-07, 1.02628320064e-07, 0.0285395309329, 0.0044049215503, 0.000183580516023, 0.00462814373896, 5.09974415763e-05, 0.000702710472979, 3.24432985508e-05, 8.99908700376e-05, 0.000270162679954, 0.000457087822724, 0.000362952094292, 0.000339605787303, 0.000264456815785, 0.000389709282899, 0.000253270380199, 0.000110715554911, 3.69059016521e-05, 1.36127164296e-05, 3.60176341019e-06, 7.29876546757e-07, 3.91568022451e-07, 8.75809149647e-08, 1.42352973853e-08]
    },
    "mfcc": {
        "mean": [-787.056518555, 119.078987122, -64.0474090576, 26.4675636292, -19.0591907501, -14.5288934708, -36.3165855408, -42.573184967, -20.0263366699, -10.737736702, -18.2371406555, -28.9151859283, -13.7854328156]
    },
    "sccoeffs": {
        "mean": [-0.302735090256, -0.402073770761, -0.575820624828, -0.587401211262, -0.696024060249, -0.770806252956]
    },
    "scvalleys": {
        "mean": [-8.94707012177, -8.96214962006, -9.47263145447, -9.40562820435, -9.41944313049, -11.1607513428]
    }
},
"rhythm": {
    "beats_loudness": {
        "mean": 0.0458867065609
    },
    "bpm": 184.570327759,
    "first_peak_bpm": {
        "mean": 185
    },
    "first_peak_spread": {
        "mean": 0
    },
    "first_peak_weight": {
        "mean": 0.692307710648
    },
    "onset_rate": 0.206271409988,
    "second_peak_bpm": {
        "mean": 191
    },
    "second_peak_spread": {
        "mean": 0
    },
    "second_peak_weight": {
        "mean": 0.230769231915
    },
    "beats_loudness_band_ratio": {
        "mean": [0.000821472145617, 0.8397808671, 0.0769949927926, 0.0291450489312, 0.0465144217014, 0.00918846484274]
    },
    "beats_position": [0.278639435768, 0.580498874187, 0.893968224525, 1.20743763447, 1.53251695633, 1.8575963974, 2.18267560005, 2.50775504112, 2.83283448219, 3.15791368484, 3.48299312592, 3.80807256699, 4.13315200806, 4.446621418],
    "bpm_estimates": [184.570343018, 184.570266724, 184.570404053, 184.570266724, 184.570266724, 184.570404053, 184.570266724, 184.570266724, 184.570266724],
    "bpm_intervals": [0.301859438419, 0.313469350338, 0.313469409943, 0.325079321861, 0.325079441071, 0.325079202652, 0.325079441071, 0.325079441071, 0.325079202652, 0.325079441071, 0.325079441071, 0.325079441071, 0.313469409943],
    "onset_times": [0.127709746361]
},
"sfx": {
    "inharmonicity": {
        "mean": 0.0122428778559
    },
    "oddtoevenharmonicenergyratio": {
        "mean": 2.02814769745
    },
    "pitch_after_max_to_before_max_energy_ratio": 2.4439663887,
    "pitch_centroid": 99.0521697998,
    "pitch_max_to_total": 0.0428571440279,
    "pitch_min_to_total": 0,
    "tristimulus": {
        "mean": [0.670742332935, 0.305048853159, 0.0193575657904]
    }
},
"tonal": {
    "chords_changes_rate": 0.0849056616426,
    "chords_number_rate": 0.0471698120236,
    "chords_strength": {
        "mean": 0.408242970705
    },
    "key_strength": 0.561436593533,
    "tuning_diatonic_strength": 0.423654139042,
    "tuning_equal_tempered_deviation": 0.0817217156291,
    "tuning_frequency": 443.828887939,
    "tuning_nontempered_energy_ratio": 0.632628023624,
    "hpcp": {
        "mean": [0.0165819786489, 0.015978500247, 0.0101014180109, 0.00566011993214, 0.00771125266328, 0.0110604995862, 0.0068659838289, 0.00469885440543, 0.0221120435745, 0.0870853215456, 0.147850677371, 0.555138885975, 0.826770663261, 0.355748713017, 0.00808444805443, 0.0110599594191, 0.0135065782815, 0.0126916104928, 0.0110458116978, 0.00656311353669, 0.00542292604223, 0.00941756553948, 0.0517262108624, 0.0786771178246, 0.0390221253037, 0.0152888633311, 0.0170147418976, 0.0186197422445, 0.0203426424414, 0.0253606718034, 0.0347570218146, 0.0278483871371, 0.0271333046257, 0.0402365252376, 0.0276693888009, 0.0125848772004]
    },
    "chords_histogram": [0, 0, 2.83018875122, 0, 0, 0, 0, 0, 21.6981124878, 62.2641525269, 0, 0, 0, 0, 0, 0, 0, 2.83018875122, 0, 10.3773584366, 0, 0, 0, 0],
    "thpcp": [1, 0.430287063122, 0.0097783440724, 0.0133773004636, 0.0163365472108, 0.0153508232906, 0.0133601883426, 0.00793825183064, 0.00655916612595, 0.011390783824, 0.0625641569495, 0.0951619595289, 0.0471982471645, 0.0184922665358, 0.0205797608942, 0.0225210487843, 0.0246049389243, 0.030674373731, 0.0420394949615, 0.0336833260953, 0.0328184179962, 0.0486670918763, 0.0334668233991, 0.0152217270806, 0.020056322217, 0.0193264000118, 0.0122179202735, 0.00684605818242, 0.00932695530355, 0.0133779533207, 0.0083045810461, 0.00568338297307, 0.0267450753599, 0.105331897736, 0.178829133511, 0.671454489231],
    "chords_key": "C#",
    "chords_scale": "major",
    "key_key": "F#",
    "key_scale": "minor",
    "chords_progression": ["F", "F", "F", "C", "C", "C", "C", "C", "C", "C", "C", "C", "C", "C", "C#", "C#", "C#", "C#", "C#", "C#", "C#", "C#", "C#", "C#", "C#", "C#", "C#", "C#", "C#", "C#", "C#", "C#", "C#", "C#", "C#", "C#", "C#", "C#", "C#", "C#", "C#", "C#", "C#", "C#", "C#", "C#", "C#", "C#", "C#", "C#", "C#", "C#", "C#m", "C#", "C#", "C#", "C#", "C#", "C#", "C#", "C#", "C#", "C#", "C#", "C#", "C#", "C#", "C#", "C#", "C#", "C#", "C#", "C#", "C#", "C#", "C#m", "C#", "C#m", "C#", "C#", "C#", "C#", "C#", "A#m", "A#m", "A#m", "A#m", "A#m", "A#m", "A#m", "A#m", "A#m", "A#m", "A#m", "A#m", "A#m", "A#m", "A#m", "A#m", "A#m", "A#m", "A#m", "A#m", "A#m", "A#m", "A#m"]
}
}