{
"metadata": {
    "version": {
        "essentia": "2.1-beta2"
    }
},
"lowLevel": {
    "dissonance": {
        "mean": 0.159434750676
    },
    "hfc": {
        "mean": 0.960578262806
    },
    "spectral_centroid": {
        "mean": 0.0662954226136
    },
    "mfcc": {
        "mean": [-850.85736084, 164.317901611, -50.2351722717, -11.1360940933, 1.0435949564, -5.56226205826, -25.7709465027, -26.2395362854, -7.6431350708, 1.43862819672, 1.41112816334, -14.677491188, -14.2849493027, -9.58844947815, -12.4934415817, -1.64893090725, -9.31465435028, -7.30549097061, 5.54756975174, 15.734664917, 18.6777591705, -3.93372941017, -5.91294527054, 4.40678358078, 22.8738193512, 26.7280368805, 7.73200273514, 4.45890760422, -2.14838552475, 4.15428543091, 5.89382696152, -7.37891387939, -8.85904216766, -0.102372020483, 9.46080303192, 13.4906072617, 11.7443065643, 2.12303161621, -5.63078355789, -2.12670326233]
    },
    "spectral_contrast": {
        "mean": [-0.596897423267, -0.604889273643, -0.593264639378, -0.754734873772, -0.817455053329, -0.80772715807]
    }
},
"sfx": {
    "inharmonicity": {
        "mean": 0.156687021255
    },
    "logattacktime": {
        "mean": -5
    }
}
}