{
"metadata": {
    "version": {
        "essentia": "2.1-beta2"
    }
},
"lowLevel": {
    "dissonance": {
        "mean": 0.12304764986
    },
    "hfc": {
        "mean": 42.1948051453
    },
    "spectral_centroid": {
        "mean": 0.061605013907
    },
    "mfcc": {
        "mean": [-944.391845703, 88.1101379395, 60.5031166077, 55.3794174194, 35.8666610718, 16.3768386841, 1.99438619614, -10.3678188324, -18.8465595245, -25.210515976, -30.9502391815, -28.4065227509, -29.2872066498, -26.6137542725, -21.4597492218, -17.0638504028, -13.8827075958, -10.7553110123, -7.31408500671, -4.56910324097, -2.55885624886, -1.20045816898, -1.67449617386, -0.736155986786, -1.24089753628, -1.00371718407, -0.0330000668764, -1.38443136215, -1.6383497715, -1.38413894176, -1.65538644791, -2.29275918007, -2.47874259949, -1.47139883041, -0.0511606484652, -0.211787983775, -1.38454866409, -0.558505833149, 0.57355684042, 0.526734530926]
    },
    "spectral_contrast": {
        "mean": [-0.415150642395, -0.848493814468, -0.848356544971, -0.863028764725, -0.882692933083, -0.833830356598]
    }
},
"sfx": {
    "inharmonicity": {
        "mean": 0.0264595132321
    },
    "logattacktime": {
        "mean": -4.90731239319
    }
}
}