{
"metadata": {
    "version": {
        "essentia": "2.1-beta2"
    }
},
"lowLevel": {
    "average_loudness": 0.99068403244,
    "barkbands_kurtosis": {
        "mean": 4.75568246841
    },
    "barkbands_skewness": {
        "mean": -1.52324068546
    },
    "barkbands_spread": {
        "mean": 16.249332428
    },
    "dissonance": {
        "mean": 0.494799107313
    },
    "hfc": {
        "mean": 333.41494751
    },
    "pitch": {
        "mean": 2064.29321289
    },
    "pitch_instantaneous_confidence": {
        "mean": 0.301550388336
    },
    "pitch_salience": {
        "mean": 0.717370331287
    },
    "silence_rate_20dB": {
        "mean": 1
    },
    "silence_rate_30dB": {
        "mean": 0.769230782986
    },
    "silence_rate_60dB": {
        "mean": 0.17948718369
    },
    "spectral_centroid": {
        "mean": 5049.67626953
    },
    "spectral_complexity": {
        "mean": 31.4358978271
    },
    "spectral_crest": {
        "mean": 6.69470596313
    },
    "spectral_decrease": {
        "mean": -8.51949888414e-09
    },
    "spectral_energy": {
        "mean": 0.0623962953687
    },
    "spectral_energyband_high": {
        "mean": 0.0403099581599
    },
    "spectral_energyband_low": {
        "mean": 4.06621475122e-05
    },
    "spectral_energyband_middle_high": {
        "mean": 0.0208137650043
    },
    "spectral_energyband_middle_low": {
        "mean": 0.00125485623721
    },
    "spectral_flatness_db": {
        "mean": 0.174827829003
    },
    "spectral_flux": {
        "mean": 0.12570656836
    },
    "spectral_kurtosis": {
        "mean": 0.489385128021
    },
    "spectral_rms": {
        "mean": 0.00605697836727
    },
    "spectral_rolloff": {
        "mean": 7463.73779297
    },
    "spectral_skewness": {
        "mean": 0.635023117065
    },
    "spectral_spread": {
        "mean": 10241412
    },
    "spectral_strongpeak": {
        "mean": 6.2660446167
    },
    "zerocrossingrate": {
        "mean": 0.242663264275
    },
    "barkbands": {
        "mean": [8.9291446784e-05, 1.00288843896e-05, 4.4288711365e-07, 5.97765756538e-06, 0.000287448521703, 0.000131569773657, 7.53359709051e-05, 8.65485417307e-05, 0.000657550466713, 4.94790219818e-05, 5.83935834584e-05, 0.000237005573581, 0.000578459003009, 0.000430429790867, 0.000968033331446, 0.0025688468013, 0.001772219548, 0.00461547495797, 0.00821579992771, 0.00255976058543, 0.00666127773002, 0.00899384915829, 0.0145301371813, 0.00592944445089, 0.00230843690224, 0.000547749339603, 2.73163695965e-05]
    },
    "mfcc": {
        "mean": [-659.127624512, -62.143497467, -47.8748817444, 19.1434993744, 0.204309418797, 7.61530065536, -16.1632919312, 2.0919880867, -15.5791912079, -1.22843527794, 6.99480724335, 7.83304548264, 6.66961765289]
    },
    "sccoeffs": {
        "mean": [-0.662473022938, -0.788713753223, -0.795466542244, -0.759723842144, -0.759292542934, -0.730089247227]
    },
    "scvalleys": {
        "mean": [-9.33229351044, -8.7695016861, -8.58932685852, -7.52270364761, -7.06567716599, -7.75905513763]
    }
},
"rhythm": {
    "beats_loudness": {
        "mean": 0.0458775348961
    },
    "bpm": 178.205825806,
    "first_peak_bpm": {
        "mean": 178
    },
    "first_peak_spread": {
        "mean": 0
    },
    "first_peak_weight": {
        "mean": 1
    },
    "onset_rate": 1.16003787518,
    "second_peak_bpm": {
        "mean": 0
    },
    "second_peak_spread": {
        "mean": 0
    },
    "second_peak_weight": {
        "mean": 0
    },
    "beats_loudness_band_ratio": {
        "mean": [0.00186628499068, 0.000553406309336, 0.00182533636689, 0.0114544536918, 0.184983074665, 0.803496837616]
    },
    "beats_position": [0.31346938014, 0.650158703327],
    "bpm_estimates": [178.205825806],
    "bpm_intervals": [0.336689323187],
    "onset_times": [0.0464399084449]
},
"sfx": {
    "inharmonicity": {
        "mean": 0.0646724551916
    },
    "oddtoevenharmonicenergyratio": {
        "mean": 23.7854251862
    },
    "pitch_after_max_to_before_max_energy_ratio": 0.334789544344,
    "pitch_centroid": 17.8928833008,
    "pitch_max_to_total": 0.743589758873,
    "pitch_min_to_total": 0,
    "tristimulus": {
        "mean": [0.16117683053, 0.418332964182, 0.124848254025]
    }
},
"tonal": {
    "chords_changes_rate": 0,
    "chords_number_rate": 0.0500000007451,
    "chords_strength": {
        "mean": 0.372679203749
    },
    "key_strength": 0.679000735283,
    "tuning_diatonic_strength": 0.334456115961,
    "tuning_equal_tempered_deviation": 0.236907184124,
    "tuning_frequency": 454.465301514,
    "tuning_nontempered_energy_ratio": 0.89528465271,
    "hpcp": {
        "mean": [0.424233615398, 0.262880444527, 0.229153722525, 0.18203510344, 0.19665184617, 0.225979089737, 0.205046012998, 0.220715239644, 0.272443115711, 0.35666847229, 0.37462335825, 0.35411632061, 0.368528902531, 0.495110660791, 0.575324058533, 0.430715858936, 0.314981430769, 0.212312608957, 0.152573868632, 0.200827762485, 0.455519348383, 0.574145913124, 0.413736104965, 0.343551278114, 0.265359401703, 0.227345272899, 0.216427713633, 0.224719926715, 0.302788972855, 0.375516831875, 0.414354324341, 0.478261530399, 0.516036272049, 0.452949434519, 0.494419872761, 0.574350297451]
    },
    "chords_histogram": [0, 0, 0, 0, 0, 0, 0, 0, 0, 0, 0, 0, 0, 0, 0, 0, 0, 0, 0, 0, 0, 0, 100, 0],
    "thpcp": [1, 0.748649120331, 0.547485232353, 0.369031339884, 0.265196412802, 0.349068939686, 0.791761338711, 0.997952222824, 0.719135761261, 0.597143948078, 0.461234658957, 0.395160377026, 0.376184016466, 0.390597134829, 0.526292920113, 0.652704894543, 0.720210313797, 0.831290662289, 0.896948873997, 0.787294447422, 0.859376311302, 0.998307466507, 0.737381994724, 0.456925868988, 0.398303747177, 0.316404461861, 0.341810584068, 0.39278575778, 0.35640090704, 0.383636385202, 0.47354722023, 0.619943618774, 0.651151895523, 0.615507602692, 0.640558838844, 0.860576987267],
    "chords_key": "F#",
    "chords_scale": "minor",
    "key_key": "C#",
    "key_scale": "minor",
    "chords_progression": ["F#m", "F#m", "F#m", "F#m", "F#m", "F#m", "F#m", "F#m", "F#m", "F#m", "F#m", "F#m", "F#m", "F#m", "F#m", "F#m", "F#m", "F#m", "F#m", "F#m"]
}
}