{"lowlevel.dissonance.mean": [0.49405205249786377], "sfx.inharmonicity.mean": [0.6566931009292603], "lowlevel.spectral_contrast.mean": [[0.3162633180618286, 0.6626567840576172, 0.7106229066848755, 1.039291501045227, 0.7862555980682373, 0.9374294281005859]], "lowlevel.spectral_centroid.mean": [0.548571765422821], "lowlevel.mfcc.mean": [[0.378170371055603, 0.19738776981830597, -0.09170117974281311, 0.3045702278614044, 0.4947202801704407, 0.7700142860412598, 0.49176105856895447, 0.7898740172386169, 0.7577220797538757, 0.7803101539611816, 1.3492937088012695, 0.6159413456916809, 0.3794862926006317]], "sfx.logattacktime.mean": [0.273790568113327], "lowlevel.hfc.mean": [0.465322345495224]}