{
"metadata": {
    "version": {
        "essentia": "2.1-beta2"
    }
},
"lowLevel": {
    "dissonance": {
        "mean": 0.418244600296
    },
    "hfc": {
        "mean": 44.1269378662
    },
    "spectral_centroid": {
        "mean": 0.15921933949
    },
    "mfcc": {
        "mean": [-786.997436523, -14.4462366104, -107.105903625, -17.4338264465, -26.6232795715, 7.69412517548, -7.65800857544, 4.59649562836, 12.9088249207, 19.6746177673, 48.1046142578, 18.3120765686, 2.49255013466, -2.44930553436, -12.5383615494, -5.77921056747, -5.34289312363, -1.09694540501, 15.8718671799, 16.3021774292, 13.206952095, -3.81229662895, 7.5089173317, 12.185792923, -0.565900802612, -12.648733139, -13.681930542, -4.10858154297, 7.60778522491, 7.33728408813, 8.76249885559, -5.3395857811, -5.36546325684, 2.74648571014, -0.298491358757, -0.750970840454, 0.372412204742, -0.950791835785, -2.84310507774, -5.16284608841]
    },
    "spectral_contrast": {
        "mean": [-0.600796282291, -0.619731605053, -0.683722853661, -0.744867682457, -0.707633256912, -0.711535453796]
    }
},
"sfx": {
    "inharmonicity": {
        "mean": 0.228004142642
    },
    "logattacktime": {
        "mean": -4.8170542717
    }
}
}