{
"metadata": {
    "version": {
        "essentia": "2.1-beta2"
    }
},
"lowLevel": {
    "dissonance": {
        "mean": 0.38220334053
    },
    "hfc": {
        "mean": 63.4124450684
    },
    "spectral_centroid": {
        "mean": 0.215468734503
    },
    "mfcc": {
        "mean": [-677.530883789, 38.8754920959, -16.4708862305, -5.58009529114, -35.3298950195, -23.8969039917, -6.85301828384, -9.12139511108, -10.8754234314, -10.5622377396, -13.5054750443, -2.38341116905, -6.8716468811, -4.63220024109, -8.77870750427, -13.5849590302, -8.338804245, -5.00789022446, -5.00365304947, -7.2771320343, -5.08035564423, -4.56642246246, -5.80919981003, -6.59154462814, -6.7099852562, -8.12436676025, -9.45911502838, -2.79754829407, -0.567182064056, -0.516980171204, 0.169676721096, -0.248275533319, -3.41461801529, -3.06547999382, -0.951215386391, 1.3007133007, 0.888515532017, 0.251027107239, -0.584327042103, -0.107449777424]
    },
    "spectral_contrast": {
        "mean": [-0.692234575748, -0.776235103607, -0.833998978138, -0.82092410326, -0.811298668385, -0.68770223856]
    }
},
"sfx": {
    "inharmonicity": {
        "mean": 0.220657736063
    },
    "logattacktime": {
        "mean": -4.71511411667
    }
}
}