{
"metadata": {
    "version": {
        "essentia": "2.1-beta2"
    }
},
"lowLevel": {
    "average_loudness": 0.99068403244,
    "barkbands_kurtosis": {
        "mean": 173.244552612
    },
    "barkbands_skewness": {
        "mean": 5.7022190094
    },
    "barkbands_spread": {
        "mean": 12.8584566116
    },
    "dissonance": {
        "mean": 0.315137922764
    },
    "hfc": {
        "mean": 19.8497924805
    },
    "pitch": {
        "mean": 411.478851318
    },
    "pitch_instantaneous_confidence": {
        "mean": 0.723205208778
    },
    "pitch_salience": {
        "mean": 0.201721280813
    },
    "silence_rate_20dB": {
        "mean": 0.988095223904
    },
    "silence_rate_30dB": {
        "mean": 0.940476179123
    },
    "silence_rate_60dB": {
        "mean": 0.845238089561
    },
    "spectral_centroid": {
        "mean": 1494.67553711
    },
    "spectral_complexity": {
        "mean": 7.07142877579
    },
    "spectral_crest": {
        "mean": 18.3093528748
    },
    "spectral_decrease": {
        "mean": -3.70451780363e-09
    },
    "spectral_energy": {
        "mean": 0.0157821550965
    },
    "spectral_energyband_high": {
        "mean": 0.0017483679112
    },
    "spectral_energyband_low": {
        "mean": 0.000189570549992
    },
    "spectral_energyband_middle_high": {
        "mean": 0.00215321918949
    },
    "spectral_energyband_middle_low": {
        "mean": 0.0118540031835
    },
    "spectral_flatness_db": {
        "mean": 0.400810420513
    },
    "spectral_flux": {
        "mean": 0.0272922255099
    },
    "spectral_kurtosis": {
        "mean": 10.478477478
    },
    "spectral_rms": {
        "mean": 0.00149541930296
    },
    "spectral_rolloff": {
        "mean": 2612.69262695
    },
    "spectral_skewness": {
        "mean": 2.44903731346
    },
    "spectral_spread": {
        "mean": 21750838
    },
    "spectral_strongpeak": {
        "mean": 0.277912676334
    },
    "zerocrossingrate": {
        "mean": 0.0960170179605
    },
    "barkbands": {
        "mean": [1.86533384294e-07, 3.17092894875e-06, 5.38564891031e-05, 0.000607362831943, 0.00894425157458, 0.000482022325741, 0.00111250521149, 0.00029542343691, 0.000381988327717, 0.000138330986374, 0.000131416338263, 0.000251743214903, 0.000108918138721, 0.000143279947224, 0.000214923347812, 0.000108172571345, 0.000226905351155, 0.000306568806991, 0.000334208802087, 0.000440694915596, 0.000503070477862, 0.000191292521777, 0.000253197504207, 0.000278829073068, 0.000181556097232, 6.95459239068e-05, 1.87336900126e-05]
    },
    "mfcc": {
        "mean": [-1015.91925049, 27.8358612061, 16.9480495453, 18.4000740051, 7.18197774887, 0.467846006155, -3.46101093292, -7.86614990234, -10.8360614777, -12.2409439087, -15.2437801361, -14.4588031769, -17.6336402893]
    },
    "sccoeffs": {
        "mean": [-0.501999735832, -0.806730270386, -0.893668651581, -0.888756334782, -0.897321879864, -0.901499867439]
    },
    "scvalleys": {
        "mean": [-13.466750145, -13.392786026, -13.6125183105, -13.8058214188, -13.8517169952, -14.1354627609]
    }
},
"rhythm": {
    "beats_loudness": {
        "mean": 0.000129534717416
    },
    "bpm": 126.048019409,
    "first_peak_bpm": {
        "mean": 126
    },
    "first_peak_spread": {
        "mean": 0
    },
    "first_peak_weight": {
        "mean": 1
    },
    "onset_rate": 0.520839452744,
    "second_peak_bpm": {
        "mean": 0
    },
    "second_peak_spread": {
        "mean": 0
    },
    "second_peak_weight": {
        "mean": 0
    },
    "beats_loudness_band_ratio": {
        "mean": [0.928838729858, 0.61219638586, 0.00152911106125, 0.000651745765936, 0.00078393163858, 0.00123016687576]
    },
    "beats_position": [0.441179126501, 0.917188167572, 1.39319729805],
    "bpm_estimates": [126.048027039, 126.04800415],
    "bpm_intervals": [0.476009041071, 0.476009130478],
    "onset_times": [0.0232199542224]
},
"sfx": {
    "inharmonicity": {
        "mean": 0.0165633615106
    },
    "oddtoevenharmonicenergyratio": {
        "mean": 17180.1347656
    },
    "pitch_after_max_to_before_max_energy_ratio": 1.52054965496,
    "pitch_centroid": 35.9233627319,
    "pitch_max_to_total": 0.154761910439,
    "pitch_min_to_total": 0.988095223904,
    "tristimulus": {
        "mean": [0.809391140938, 0.135377138853, 0.0462054572999]
    }
},
"tonal": {
    "chords_changes_rate": 0.0232558138669,
    "chords_number_rate": 0.0465116277337,
    "chords_strength": {
        "mean": 0.491688132286
    },
    "key_strength": 0.55719012022,
    "tuning_diatonic_strength": 0.464206367731,
    "tuning_equal_tempered_deviation": 0.214124307036,
    "tuning_frequency": 454.465301514,
    "tuning_nontempered_energy_ratio": 0.979496121407,
    "hpcp": {
        "mean": [0.0117795458063, 0.00669138878584, 0.00753282057121, 0.0239436402917, 0.02987921983, 0.0132213803008, 0.00731847435236, 0.0082456804812, 0.00875329598784, 0.0076147322543, 0.00641996366903, 0.00884317327291, 0.0133507698774, 0.0148374829441, 0.0166635457426, 0.0168554056436, 0.0124243721366, 0.00978651735932, 0.00667712977156, 0.004962538369, 0.00497240247205, 0.00530762504786, 0.00722345430404, 0.00774087943137, 0.00893296953291, 0.00846908427775, 0.0872491002083, 0.638178825378, 0.742268502712, 0.234691396356, 0.104032352567, 0.0729051157832, 0.0315808355808, 0.0299666617066, 0.0251243133098, 0.0199215747416]
    },
    "chords_histogram": [16.2790699005, 0, 0, 0, 0, 0, 0, 0, 0, 83.7209320068, 0, 0, 0, 0, 0, 0, 0, 0, 0, 0, 0, 0, 0, 0],
    "thpcp": [1, 0.316181272268, 0.140154615045, 0.0982193276286, 0.042546376586, 0.0403717271984, 0.0338480137289, 0.0268387719989, 0.0158696565777, 0.0090147824958, 0.0101483771577, 0.0322573855519, 0.0402539223433, 0.0178121253848, 0.009859604761, 0.0111087569967, 0.0117926271632, 0.0102587305009, 0.00864911265671, 0.0119137121364, 0.0179864428937, 0.019989375025, 0.0224494859576, 0.0227079633623, 0.0167383793741, 0.0131846051663, 0.00899557210505, 0.00668563786894, 0.00669892691076, 0.00715054618195, 0.00973159167916, 0.0104286782444, 0.0120346872136, 0.0114097315818, 0.117543853819, 0.859768152237],
    "chords_key": "F#",
    "chords_scale": "major",
    "key_key": "B",
    "key_scale": "minor",
    "chords_progression": ["F#", "F#", "F#", "F#", "F#", "F#", "F#", "F#", "F#", "F#", "F#", "F#", "F#", "F#", "F#", "F#", "F#", "F#", "F#", "F#", "F#", "F#", "F#", "F#", "F#", "F#", "F#", "F#", "F#", "F#", "F#", "F#", "F#", "F#", "F#", "F#", "Bm", "Bm", "Bm", "Bm", "Bm", "Bm", "Bm"]
}
}