{
"metadata": {
    "version": {
        "essentia": "2.1-beta2"
    }
},
"lowLevel": {
    "dissonance": {
        "mean": 0.0580489933491
    },
    "hfc": {
        "mean": 25.0849285126
    },
    "spectral_centroid": {
        "mean": 0.0995760113001
    },
    "mfcc": {
        "mean": [-972.452636719, -0.550213754177, -74.5464172363, -37.1608772278, 10.7161064148, 70.2665634155, 58.2887153625, -19.669467926, -49.379825592, -7.57068395615, 58.7671775818, 65.3249588013, -22.7815494537, -40.5626068115, 35.8086051941, 42.7197189331, -16.9398403168, 29.1195487976, -17.7594223022, -44.1887435913, 40.7933654785, 26.1456222534, -11.4231348038, 5.43697929382, -10.9547986984, 12.1008396149, 8.57405471802, -19.7640285492, 27.6490325928, -9.61560058594, -6.04671525955, 4.4060254097, -3.57762813568, -2.24680900574, 2.40102601051, 15.4600477219, -20.4100589752, -3.44297909737, 8.80826187134, 9.82546043396]
    },
    "spectral_contrast": {
        "mean": [-0.731635630131, -0.688196778297, -0.277392625809, -0.613663911819, -0.752582550049, -0.752358317375]
    }
},
"sfx": {
    "inharmonicity": {
        "mean": 0.32139056921
    },
    "logattacktime": {
        "mean": -5
    }
}
}