{
"metadata": {
    "version": {
        "essentia": "2.1-beta2"
    }
},
"lowLevel": {
    "average_loudness": 0.960151970387,
    "barkbands_kurtosis": {
        "mean": 43.903301239
    },
    "barkbands_skewness": {
        "mean": 1.58427381516
    },
    "barkbands_spread": {
        "mean": 9.79057598114
    },
    "dissonance": {
        "mean": 0.339151978493
    },
    "hfc": {
        "mean": 0.948495984077
    },
    "pitch": {
        "mean": 208.515823364
    },
    "pitch_instantaneous_confidence": {
        "mean": 0.846748650074
    },
    "pitch_salience": {
        "mean": 0.529636323452
    },
    "silence_rate_20dB": {
        "mean": 1
    },
    "silence_rate_30dB": {
        "mean": 1
    },
    "silence_rate_60dB": {
        "mean": 1
    },
    "spectral_centroid": {
        "mean": 706.645446777
    },
    "spectral_complexity": {
        "mean": 3.28070163727
    },
    "spectral_crest": {
        "mean": 12.5156803131
    },
    "spectral_decrease": {
        "mean": -2.14144743604e-10
    },
    "spectral_energy": {
        "mean": 0.000894260709174
    },
    "spectral_energyband_high": {
        "mean": 8.60650231971e-07
    },
    "spectral_energyband_low": {
        "mean": 1.8419304979e-06
    },
    "spectral_energyband_middle_high": {
        "mean": 0.00043961868505
    },
    "spectral_energyband_middle_low": {
        "mean": 0.000451000407338
    },
    "spectral_flatness_db": {
        "mean": 0.320598304272
    },
    "spectral_flux": {
        "mean": 0.00164835795294
    },
    "spectral_kurtosis": {
        "mean": 20.6875705719
    },
    "spectral_rms": {
        "mean": 0.000710609776434
    },
    "spectral_rolloff": {
        "mean": 1162.91845703
    },
    "spectral_skewness": {
        "mean": 3.85892105103
    },
    "spectral_spread": {
        "mean": 8223101
    },
    "spectral_strongpeak": {
        "mean": 0.719077289104
    },
    "zerocrossingrate": {
        "mean": 0.0474004037678
    },
    "barkbands": {
        "mean": [2.1869586817e-06, 5.09732444698e-07, 1.00940070524e-07, 1.34247855499e-07, 0.000137770664878, 1.48262131461e-07, 0.000114670023322, 3.72992445818e-08, 0.00019823553157, 5.56801978746e-06, 4.67013094863e-08, 3.83938204322e-05, 1.25672011109e-06, 0.000261091074208, 6.66484629619e-05, 5.39508728252e-05, 8.68261304277e-06, 6.97031566688e-07, 1.63561719546e-06, 1.83288739208e-06, 2.92595103701e-07, 2.14322412262e-07, 5.3749037221e-08, 8.04623567774e-08, 1.99332106376e-08, 4.31078861496e-09, 4.95802621181e-10]
    },
    "mfcc": {
        "mean": [-954.808105469, 113.257789612, -19.2104873657, 0.522325456142, 4.39592599869, -7.83086919785, -17.6253376007, -15.9908599854, -1.51927280426, 5.48223733902, -3.56582951546, -4.57668209076, -1.6220382452]
    },
    "sccoeffs": {
        "mean": [-0.613428115845, -0.581274628639, -0.618308782578, -0.658489406109, -0.777249157429, -0.856558442116]
    },
    "scvalleys": {
        "mean": [-9.53383541107, -10.7569389343, -11.4593801498, -11.8046522141, -12.2560606003, -13.136297226]
    }
},
"rhythm": {
    "beats_loudness": {
        "mean": 0.00109541055281
    },
    "bpm": 150.370544434,
    "first_peak_bpm": {
        "mean": 152
    },
    "first_peak_spread": {
        "mean": 0.375
    },
    "first_peak_weight": {
        "mean": 0.625
    },
    "onset_rate": 2.79472494125,
    "second_peak_bpm": {
        "mean": 0
    },
    "second_peak_spread": {
        "mean": 0
    },
    "second_peak_weight": {
        "mean": 0
    },
    "beats_loudness_band_ratio": {
        "mean": [0.21765615046, 0.15676382184, 0.33546936512, 0.223519563675, 0.0892793759704, 0.00312633346766]
    },
    "beats_position": [0.429569154978, 0.835918366909, 1.24226760864, 1.64861679077, 2.04335594177, 2.43809509277, 2.83283448219, 3.22757363319, 3.62231278419],
    "bpm_estimates": [147.65625, 147.656234741, 147.656265259, 151.99911499, 151.99911499, 151.999023438, 151.99911499, 151.99911499],
    "bpm_intervals": [0.406349211931, 0.406349241734, 0.406349182129, 0.394739151001, 0.394739151001, 0.39473938942, 0.394739151001, 0.394739151001],
    "onset_times": [0.0348299331963, 0.243809521198, 0.31346938014, 0.383129239082, 2.97215414047, 3.13469386101, 3.25079369545, 3.3785033226, 3.62231302261, 3.75002264977, 3.90095233917]
},
"sfx": {
    "inharmonicity": {
        "mean": 0.00887317024171
    },
    "oddtoevenharmonicenergyratio": {
        "mean": 2.68029689789
    },
    "pitch_after_max_to_before_max_energy_ratio": 29.0211849213,
    "pitch_centroid": 89.4100341797,
    "pitch_max_to_total": 0.0877192988992,
    "pitch_min_to_total": 0.0233918130398,
    "tristimulus": {
        "mean": [0.487914413214, 0.495720177889, 0.0125030437484]
    }
},
"tonal": {
    "chords_changes_rate": 0.0348837226629,
    "chords_number_rate": 0.0232558138669,
    "chords_strength": {
        "mean": 0.440006226301
    },
    "key_strength": 0.57331520319,
    "tuning_diatonic_strength": 0.431668370962,
    "tuning_equal_tempered_deviation": 0.0795604884624,
    "tuning_frequency": 441.527557373,
    "tuning_nontempered_energy_ratio": 0.642184317112,
    "hpcp": {
        "mean": [0.88334530592, 0.436795443296, 0.00394995696843, 0.00356153165922, 0.00437729805708, 0.0777578353882, 0.173069491982, 0.100265115499, 0.00368619966321, 0.00202576653101, 0.016180479899, 0.102306358516, 0.110438503325, 0.0244874209166, 0.00492199091241, 0.00639350060374, 0.0109606413171, 0.0101753696799, 0.00241316179745, 0.0014739629114, 0.18136318028, 0.385625660419, 0.24499411881, 0.0927744433284, 0.0560470856726, 0.00521373562515, 0.00478519219905, 0.0119627537206, 0.23995654285, 0.502664387226, 0.291347235441, 0.0221997387707, 0.0113043598831, 0.0175859369338, 0.0162955000997, 0.456167340279]
    },
    "chords_histogram": [0, 0, 26.7441864014, 0, 0, 0, 0, 0, 0, 0, 0, 0, 0, 0, 0, 0, 0, 0, 0, 73.2558135986, 0, 0, 0, 0],
    "thpcp": [1, 0.494478702545, 0.00447158887982, 0.00403186818585, 0.00495536439121, 0.0880265459418, 0.195925071836, 0.113506138325, 0.00417299987748, 0.00229328940623, 0.0183172766119, 0.115816950798, 0.125023022294, 0.0277212336659, 0.00557198980823, 0.00723782693967, 0.0124081047252, 0.0115191303194, 0.00273184431717, 0.0016686146846, 0.205314025283, 0.436551421881, 0.277348071337, 0.105026245117, 0.0634486675262, 0.00590226240456, 0.00541712529957, 0.0135425562039, 0.271645247936, 0.569046318531, 0.329822599888, 0.0251314397901, 0.0127972150221, 0.0199083387852, 0.0184474866837, 0.516408860683],
    "chords_key": "A",
    "chords_scale": "minor",
    "key_key": "D",
    "key_scale": "major",
    "chords_progression": ["Am", "Am", "Am", "Am", "Am", "Am", "Am", "Am", "Am", "Am", "Am", "Am", "Am", "Am", "Am", "Am", "Am", "Am", "Am", "Am", "Am", "Am", "Am", "Am", "Am", "Am", "Am", "Am", "Am", "A", "A", "Am", "Am", "Am", "Am", "Am", "Am", "Am", "Am", "Am", "Am", "Am", "Am", "Am", "Am", "Am", "Am", "Am", "Am", "Am", "Am", "Am", "Am", "Am", "Am", "Am", "Am", "Am", "Am", "Am", "Am", "Am", "Am", "Am", "Am", "A", "A", "A", "A", "A", "A", "A", "A", "A", "A", "A", "A", "A", "A", "A", "A", "A", "A", "A", "A", "A"]
}
}