{
"metadata": {
    "version": {
        "essentia": "2.1-beta2"
    }
},
"lowLevel": {
    "dissonance": {
        "mean": 0.437028735876
    },
    "hfc": {
        "mean": 17.9402770996
    },
    "spectral_centroid": {
        "mean": 0.18878608942
    },
    "mfcc": {
        "mean": [-688.611328125, 10.049030304, -53.3757476807, 16.0611228943, -4.35380125046, 12.1461114883, 3.03083014488, -1.3422781229, -15.2476148605, 7.90634918213, 5.49763584137, -3.6730556488, -6.62696075439, 4.84511566162, 2.02414703369, 12.227768898, 25.0341758728, 22.5121173859, 8.39552783966, 1.2712148428, -1.4569221735, 4.45095729828, 9.0440530777, 9.95840263367, 8.40630054474, 9.4313287735, 7.08415174484, 7.02456140518, 4.43285036087, 5.17760753632, 3.83661580086, -0.365763217211, -2.3726785183, -0.459936976433, 0.877371370792, -0.637174248695, -0.715752959251, 0.259746670723, 2.11181807518, -1.59701633453]
    },
    "spectral_contrast": {
        "mean": [-0.670422136784, -0.718808710575, -0.789858996868, -0.780293285847, -0.791580617428, -0.636005878448]
    }
},
"sfx": {
    "inharmonicity": {
        "mean": 0.200520142913
    },
    "logattacktime": {
        "mean": -4.94560861588
    }
}
}