{"lowlevel.dissonance.mean": [-0.08182787895202637], "sfx.inharmonicity.mean": [0.41525954008102417], "lowlevel.spectral_contrast.mean": [[0.3589041233062744, 1.2566242218017578, 1.2654304504394531, 1.2643799781799316, 0.8369808197021484, 0.4270663261413574]], "lowlevel.spectral_centroid.mean": [0.37185925245285034], "lowlevel.mfcc.mean": [[0.31452953815460205, 0.4381638467311859, 0.3337019681930542, 0.19168156385421753, 0.28666210174560547, 0.2385915368795395, 0.2252909243106842, 0.31973394751548767, 0.29579901695251465, 0.3028854727745056, 0.4593985378742218, 0.6602118015289307, 1.3413312435150146]], "sfx.logattacktime.mean": [0.1914803385734558], "lowlevel.hfc.mean": [0.46744242310523987]}