{
"metadata": {
    "version": {
        "essentia": "2.1-beta2"
    }
},
"lowLevel": {
    "dissonance": {
        "mean": 0.163018196821
    },
    "hfc": {
        "mean": 7.37238693237
    },
    "spectral_centroid": {
        "mean": 0.0313160978258
    },
    "mfcc": {
        "mean": [-841.633483887, 275.944030762, 39.2143974304, -44.751121521, -15.2941713333, -6.0519733429, -31.5248012543, -33.2357749939, -2.80791473389, 12.8638277054, 2.66241025925, -4.04716825485, 2.72921133041, 5.83682346344, -2.23185682297, -4.45570993423, -0.819286167622, -7.42746448517, -12.3269634247, -5.20482110977, 0.178810819983, 0.354884207249, 0.0608843453228, -1.35845124722, -3.60188913345, -5.3394908905, -3.73404121399, 0.651211440563, 2.22594738007, 0.0255802031606, -1.60940289497, -0.755449295044, -0.519039273262, -1.49334907532, -1.91246628761, -3.0583627224, -3.04643201828, -0.349316388369, 0.977412581444, 0.270773917437]
    },
    "spectral_contrast": {
        "mean": [-0.598675489426, -0.690472722054, -0.783627450466, -0.879272639751, -0.891574859619, -0.792964398861]
    }
},
"sfx": {
    "inharmonicity": {
        "mean": 0.175551086664
    },
    "logattacktime": {
        "mean": -4.86890125275
    }
}
}