{
"metadata": {
    "version": {
        "essentia": "2.1-beta2"
    }
},
"lowLevel": {
    "average_loudness": 0.99068403244,
    "barkbands_kurtosis": {
        "mean": 4.86525630951
    },
    "barkbands_skewness": {
        "mean": 1.53490567207
    },
    "barkbands_spread": {
        "mean": 7.361805439
    },
    "dissonance": {
        "mean": 0.254061996937
    },
    "hfc": {
        "mean": 6.02704191208
    },
    "pitch": {
        "mean": 411.813110352
    },
    "pitch_instantaneous_confidence": {
        "mean": 0.933910310268
    },
    "pitch_salience": {
        "mean": 0.485034525394
    },
    "silence_rate_20dB": {
        "mean": 1
    },
    "silence_rate_30dB": {
        "mean": 0.971830964088
    },
    "silence_rate_60dB": {
        "mean": 0.802816927433
    },
    "spectral_centroid": {
        "mean": 879.643920898
    },
    "spectral_complexity": {
        "mean": 3.38028168678
    },
    "spectral_crest": {
        "mean": 16.1359901428
    },
    "spectral_decrease": {
        "mean": -2.29080288072e-09
    },
    "spectral_energy": {
        "mean": 0.00919268839061
    },
    "spectral_energyband_high": {
        "mean": 0.000114726521133
    },
    "spectral_energyband_low": {
        "mean": 0.000776115863118
    },
    "spectral_energyband_middle_high": {
        "mean": 0.00241176690906
    },
    "spectral_energyband_middle_low": {
        "mean": 0.00600675446913
    },
    "spectral_flatness_db": {
        "mean": 0.510948002338
    },
    "spectral_flux": {
        "mean": 0.0199836157262
    },
    "spectral_kurtosis": {
        "mean": 63.2413406372
    },
    "spectral_rms": {
        "mean": 0.0016478986945
    },
    "spectral_rolloff": {
        "mean": 1352.64978027
    },
    "spectral_skewness": {
        "mean": 6.38374328613
    },
    "spectral_spread": {
        "mean": 3663144.25
    },
    "spectral_strongpeak": {
        "mean": 0.663181960583
    },
    "zerocrossingrate": {
        "mean": 0.0593227334321
    },
    "barkbands": {
        "mean": [1.81762676021e-08, 0.000226985692279, 0.000452707870863, 0.000587601098232, 0.00235073268414, 0.000390560773667, 0.00261783320457, 4.50274319519e-06, 3.32869385602e-05, 0.00131794915069, 1.41105385865e-06, 6.3942214183e-05, 2.75914280792e-05, 0.000109764325316, 8.30648275496e-07, 0.000676135648973, 4.7141835239e-05, 3.31660121446e-05, 0.0001349056256, 3.86322753911e-05, 6.94822165315e-06, 5.63146968489e-05, 8.35001446831e-06, 2.44105103775e-06, 1.93816481442e-06, 9.6548046713e-07, 4.09236058374e-08]
    },
    "mfcc": {
        "mean": [-967.890319824, 83.9218292236, -38.9678268433, -20.6425571442, -14.4231538773, -20.6750221252, -22.6312007904, -9.72624778748, -3.02282333374, -9.9855298996, -9.30197048187, 9.39715671539, 29.6664905548]
    },
    "sccoeffs": {
        "mean": [-0.806338071823, -0.389841586351, -0.444406419992, -0.506080567837, -0.719552695751, -0.862666189671]
    },
    "scvalleys": {
        "mean": [-11.6349649429, -11.4683237076, -11.9765729904, -12.6978092194, -13.5895700455, -14.244392395]
    }
},
"rhythm": {
    "beats_loudness": {
        "mean": 0.000932085502427
    },
    "bpm": 156.605117798,
    "first_peak_bpm": {
        "mean": 157
    },
    "first_peak_spread": {
        "mean": 0.5
    },
    "first_peak_weight": {
        "mean": 0.5
    },
    "onset_rate": 0.621897578239,
    "second_peak_bpm": {
        "mean": 0
    },
    "second_peak_spread": {
        "mean": 0
    },
    "second_peak_weight": {
        "mean": 0
    },
    "beats_loudness_band_ratio": {
        "mean": [0.00380972982384, 0.140975490212, 0.581432819366, 0.322021514177, 0.08193718642, 0.0105187445879]
    },
    "beats_position": [0.383129239082, 0.766258478165, 1.13777780533],
    "bpm_estimates": [156.605117798],
    "bpm_intervals": [0.383129239082, 0.371519327164],
    "onset_times": [0.0232199542224]
},
"sfx": {
    "inharmonicity": {
        "mean": 0.0482883453369
    },
    "oddtoevenharmonicenergyratio": {
        "mean": 1.83654999733
    },
    "pitch_after_max_to_before_max_energy_ratio": 0.0800769925117,
    "pitch_centroid": 36.7360877991,
    "pitch_max_to_total": 0.971830964088,
    "pitch_min_to_total": 0,
    "tristimulus": {
        "mean": [0.298619121313, 0.664474785328, 0.0360164642334]
    }
},
"tonal": {
    "chords_changes_rate": 0.0555555559695,
    "chords_number_rate": 0.0833333358169,
    "chords_strength": {
        "mean": 0.393249064684
    },
    "key_strength": 0.585999548435,
    "tuning_diatonic_strength": 0.403896927834,
    "tuning_equal_tempered_deviation": 0.102140322328,
    "tuning_frequency": 440.254241943,
    "tuning_nontempered_energy_ratio": 0.695927739143,
    "hpcp": {
        "mean": [0.00837295968086, 0.00643450394273, 0.000544272712432, 6.97756186128e-05, 5.7515091612e-05, 0.000120591110317, 0.000362152291927, 0.00150751229376, 0.0506132990122, 0.084828555584, 0.035486266017, 7.14613415767e-05, 0.00227464083582, 0.0101141724735, 0.0091051235795, 0.00128011673223, 0.000115113136417, 0.00505654048175, 0.0189164150506, 0.0163845848292, 0.00311361183412, 0.00066182250157, 8.13844781078e-06, 6.6632128437e-05, 0.000339799036738, 0.000667462416459, 0.00637742085382, 0.0291472002864, 0.0279960297048, 0.0186597108841, 0.0289427340031, 0.0262854062021, 0.287808001041, 0.960370182991, 0.754779517651, 0.0734866410494]
    },
    "chords_histogram": [11.1111106873, 0, 0, 0, 0, 0, 0, 0, 27.7777786255, 61.1111106873, 0, 0, 0, 0, 0, 0, 0, 0, 0, 0, 0, 0, 0, 0],
    "thpcp": [1, 0.785925626755, 0.0765190795064, 0.00871847104281, 0.00670002447441, 0.000566732196603, 7.26549187675e-05, 5.9888461692e-05, 0.000125567326904, 0.000377096555894, 0.00156971998513, 0.0527018643916, 0.0883290171623, 0.0369506105781, 7.44102071621e-05, 0.0023685041815, 0.0105315353721, 0.0094808479771, 0.001332940883, 0.000119863296277, 0.0052651995793, 0.0196970030665, 0.0170606970787, 0.0032420954667, 0.000689132721163, 8.47428236739e-06, 6.93817128194e-05, 0.000353820883902, 0.000695005350281, 0.00664058607072, 0.030349964276, 0.0291512906551, 0.019429706037, 0.0301370602101, 0.0273700766265, 0.299684435129],
    "chords_key": "G#",
    "chords_scale": "major",
    "key_key": "C#",
    "key_scale": "minor",
    "chords_progression": ["G#", "G#", "G#", "G#", "G#", "G#", "G#", "G#", "G#", "G#", "G#", "G#", "G#", "G#", "G#", "G#", "G#", "G#", "G#", "G#", "G#", "G#", "Fm", "Fm", "Fm", "Fm", "Fm", "Fm", "Fm", "Fm", "Fm", "Fm", "C#m", "C#m", "C#m", "C#m"]
}
}