{
"metadata": {
    "version": {
        "essentia": "2.1-beta2"
    }
},
"lowLevel": {
    "average_loudness": 0.974215388298,
    "barkbands_kurtosis": {
        "mean": 18.3240852356
    },
    "barkbands_skewness": {
        "mean": 2.74577045441
    },
    "barkbands_spread": {
        "mean": 7.8420290947
    },
    "dissonance": {
        "mean": 0.309280633926
    },
    "hfc": {
        "mean": 7.25392055511
    },
    "pitch": {
        "mean": 319.039489746
    },
    "pitch_instantaneous_confidence": {
        "mean": 0.822491705418
    },
    "pitch_salience": {
        "mean": 0.361436277628
    },
    "silence_rate_20dB": {
        "mean": 1
    },
    "silence_rate_30dB": {
        "mean": 1
    },
    "silence_rate_60dB": {
        "mean": 0.19696970284
    },
    "spectral_centroid": {
        "mean": 531.774291992
    },
    "spectral_complexity": {
        "mean": 4.24242401123
    },
    "spectral_crest": {
        "mean": 20.5657730103
    },
    "spectral_decrease": {
        "mean": -6.04419003736e-09
    },
    "spectral_energy": {
        "mean": 0.0234700627625
    },
    "spectral_energyband_high": {
        "mean": 2.19287767322e-06
    },
    "spectral_energyband_low": {
        "mean": 5.55464964691e-07
    },
    "spectral_energyband_middle_high": {
        "mean": 0.000792908016592
    },
    "spectral_energyband_middle_low": {
        "mean": 0.0226740948856
    },
    "spectral_flatness_db": {
        "mean": 0.383339941502
    },
    "spectral_flux": {
        "mean": 0.00564514007419
    },
    "spectral_kurtosis": {
        "mean": 29.2705192566
    },
    "spectral_rms": {
        "mean": 0.00429732352495
    },
    "spectral_rolloff": {
        "mean": 952.030273438
    },
    "spectral_skewness": {
        "mean": 4.63649940491
    },
    "spectral_spread": {
        "mean": 5601504.5
    },
    "spectral_strongpeak": {
        "mean": 1.19575440884
    },
    "zerocrossingrate": {
        "mean": 0.0335385091603
    },
    "barkbands": {
        "mean": [8.18547164272e-07, 1.63991359159e-07, 1.27396164729e-08, 5.37673031431e-06, 0.0195625834167, 9.27448127186e-08, 4.60826631752e-05, 1.26526813915e-07, 0.00305980839767, 0.0004703317245, 2.84184579868e-06, 8.50619835546e-05, 0.000191575920326, 2.00145022973e-05, 1.78377695192e-06, 5.60521311854e-06, 5.02191414853e-06, 5.60594344279e-06, 4.50861125501e-06, 1.20652839541e-06, 6.75866942856e-07, 4.75373184372e-07, 1.12046365075e-07, 6.0319656825e-08, 1.40674444538e-07, 3.20148778599e-08, 1.29336230614e-08]
    },
    "mfcc": {
        "mean": [-864.753967285, 158.741973877, -32.4386825562, -10.7806091309, -32.8718147278, -15.5260515213, 2.11584639549, -4.23164558411, -15.556804657, -24.6986732483, -16.1313838959, -29.132982254, -37.1854057312]
    },
    "sccoeffs": {
        "mean": [-0.295394390821, -0.53345900774, -0.528693795204, -0.712338685989, -0.819873511791, -0.84304702282]
    },
    "scvalleys": {
        "mean": [-9.70194149017, -9.77024269104, -9.16941356659, -9.26302719116, -9.65134716034, -11.490486145]
    }
},
"rhythm": {
    "beats_loudness": {
        "mean": 0.0301614776254
    },
    "bpm": 65.4173278809,
    "first_peak_bpm": {
        "mean": 65
    },
    "first_peak_spread": {
        "mean": 0
    },
    "first_peak_weight": {
        "mean": 1
    },
    "onset_rate": 0.877197384834,
    "second_peak_bpm": {
        "mean": 0
    },
    "second_peak_spread": {
        "mean": 0
    },
    "second_peak_weight": {
        "mean": 0
    },
    "beats_loudness_band_ratio": {
        "mean": [0.133052557707, 0.837674617767, 0.126162230968, 0.0338192880154, 0.00081339495955, 0.000215304462472]
    },
    "beats_position": [0.905578196049, 1.82276642323, 2.73995471001, 3.65714287758],
    "bpm_estimates": [65.4173278809, 65.4173202515, 65.4173278809],
    "bpm_intervals": [0.917188227177, 0.917188286781, 0.917188167572],
    "onset_times": [0.0464399084449, 0.290249437094, 0.626938760281, 4.53950119019]
},
"sfx": {
    "inharmonicity": {
        "mean": 0.0141511289403
    },
    "oddtoevenharmonicenergyratio": {
        "mean": 66.8267440796
    },
    "pitch_after_max_to_before_max_energy_ratio": 2.99333953857,
    "pitch_centroid": 82.4961776733,
    "pitch_max_to_total": 0,
    "pitch_min_to_total": 0.0656565651298,
    "tristimulus": {
        "mean": [0.666612923145, 0.296345055103, 0.0303812175989]
    }
},
"tonal": {
    "chords_changes_rate": 0.10000000149,
    "chords_number_rate": 0.019999999553,
    "chords_strength": {
        "mean": 0.548709630966
    },
    "key_strength": 0.623902380466,
    "tuning_diatonic_strength": 0.548613548279,
    "tuning_equal_tempered_deviation": 0.0543347112834,
    "tuning_frequency": 444.085327148,
    "tuning_nontempered_energy_ratio": 0.598993897438,
    "hpcp": {
        "mean": [0.875255227089, 0.410778462887, 0.0567392259836, 0.0468060970306, 0.0425057709217, 0.035847812891, 0.036689132452, 0.0368116945028, 0.0372622162104, 0.0375924222171, 0.0470363125205, 0.0532619133592, 0.0379578024149, 0.0269731525332, 0.0284588821232, 0.0378823317587, 0.0463368147612, 0.0368937291205, 0.02183720842, 0.0218011550605, 0.120258644223, 0.188237413764, 0.135997727513, 0.0916987806559, 0.0613700710237, 0.0470789037645, 0.0397057384253, 0.0316434763372, 0.0355898886919, 0.0457818135619, 0.0395822860301, 0.0298897568136, 0.0303123816848, 0.02834126167, 0.055566906929, 0.541142046452]
    },
    "chords_histogram": [0, 0, 52, 0, 0, 0, 0, 0, 0, 48, 0, 0, 0, 0, 0, 0, 0, 0, 0, 0, 0, 0, 0, 0],
    "thpcp": [1, 0.469324201345, 0.0648259222507, 0.0534770824015, 0.0485638566315, 0.0409569814801, 0.0419182106853, 0.0420582406223, 0.0425729714334, 0.0429502390325, 0.0537401102483, 0.0608530081809, 0.0433676950634, 0.0308174714446, 0.0325149521232, 0.0432814694941, 0.05294091627, 0.0421519652009, 0.0249495320022, 0.0249083396047, 0.137398377061, 0.215065747499, 0.155380651355, 0.104768045247, 0.0701167732477, 0.0537887737155, 0.0453647561371, 0.0361534282565, 0.0406622961164, 0.0523068159819, 0.0452237054706, 0.034149762243, 0.0346326194704, 0.0323805697262, 0.0634865164757, 0.618267714977],
    "chords_key": "A",
    "chords_scale": "minor",
    "key_key": "D",
    "key_scale": "minor",
    "chords_progression": ["Am", "Am", "Am", "Am", "Am", "Am", "Am", "Am", "Am", "Am", "Am", "Am", "Am", "Am", "Am", "Am", "Am", "Am", "Am", "Am", "Am", "Am", "A", "A", "Am", "Am", "Am", "A", "A", "A", "A", "A", "Am", "Am", "Am", "A", "Am", "A", "A", "A", "A", "A", "Am", "A", "A", "A", "A", "A", "A", "A", "A", "A", "A", "A", "A", "A", "A", "A", "A", "A", "A", "A", "A", "A", "A", "A", "A", "A", "A", "A", "A", "A", "A", "A", "A", "A", "A", "A", "Am", "Am", "Am", "Am", "Am", "Am", "Am", "Am", "Am", "Am", "Am", "Am", "Am", "Am", "Am", "Am", "Am", "Am", "Am", "Am", "Am", "Am"]
}
}