{
"metadata": {
    "version": {
        "essentia": "2.1-beta2"
    }
},
"lowLevel": {
    "average_loudness": 0.88421946764,
    "barkbands_kurtosis": {
        "mean": 0.97314208746
    },
    "barkbands_skewness": {
        "mean": -0.798440337181
    },
    "barkbands_spread": {
        "mean": 32.6746559143
    },
    "dissonance": {
        "mean": 0.487325072289
    },
    "hfc": {
        "mean": 9.39861774445
    },
    "pitch": {
        "mean": 1268.67492676
    },
    "pitch_instantaneous_confidence": {
        "mean": 0.308259218931
    },
    "pitch_salience": {
        "mean": 0.595953583717
    },
    "silence_rate_20dB": {
        "mean": 1
    },
    "silence_rate_30dB": {
        "mean": 1
    },
    "silence_rate_60dB": {
        "mean": 0.81451612711
    },
    "spectral_centroid": {
        "mean": 2856.47558594
    },
    "spectral_complexity": {
        "mean": 7.26612901688
    },
    "spectral_crest": {
        "mean": 6.4426908493
    },
    "spectral_decrease": {
        "mean": -4.54854987009e-10
    },
    "spectral_energy": {
        "mean": 0.00256921094842
    },
    "spectral_energyband_high": {
        "mean": 0.000897005666047
    },
    "spectral_energyband_low": {
        "mean": 2.62017474597e-05
    },
    "spectral_energyband_middle_high": {
        "mean": 0.00142435659654
    },
    "spectral_energyband_middle_low": {
        "mean": 0.000201874965569
    },
    "spectral_flatness_db": {
        "mean": 0.119116209447
    },
    "spectral_flux": {
        "mean": 0.0221333093941
    },
    "spectral_kurtosis": {
        "mean": 1.39013624191
    },
    "spectral_rms": {
        "mean": 0.00118661019951
    },
    "spectral_rolloff": {
        "mean": 4716.98730469
    },
    "spectral_skewness": {
        "mean": 1.13229691982
    },
    "spectral_spread": {
        "mean": 10222826
    },
    "spectral_strongpeak": {
        "mean": 0.53405970335
    },
    "zerocrossingrate": {
        "mean": 0.154529199004
    },
    "barkbands": {
        "mean": [6.96490969858e-05, 3.0269650324e-06, 3.55605109803e-08, 3.13903910865e-07, 8.69459036039e-05, 6.08888585703e-05, 1.9277561023e-06, 1.7309190298e-05, 2.55811919487e-05, 1.45974208863e-05, 4.20574815507e-06, 5.73952529521e-05, 0.00013493213919, 0.000147479469888, 0.000171631065314, 0.00010562389798, 8.28211632324e-05, 0.000163848410011, 0.0004273672821, 0.000232686303207, 0.000168527039932, 0.000208522818866, 0.000184050339158, 0.000132552479045, 5.18572669534e-05, 1.46944248627e-05, 7.40177313219e-07]
    },
    "mfcc": {
        "mean": [-777.518432617, 2.71090722084, -53.6535491943, 13.375123024, 0.351479440928, 9.74676990509, -5.27829456329, -8.57795333862, -10.7778053284, 12.9335584641, 9.38771152496, 0.738971114159, -3.53086805344]
    },
    "sccoeffs": {
        "mean": [-0.625564515591, -0.755605638027, -0.807436347008, -0.778012394905, -0.790134608746, -0.796050131321]
    },
    "scvalleys": {
        "mean": [-9.3325843811, -8.96962165833, -8.68582057953, -7.56018924713, -7.91228723526, -9.01762104034]
    }
},
"rhythm": {
    "beats_loudness": {
        "mean": 0.00160699838307
    },
    "bpm": 166.708679199,
    "first_peak_bpm": {
        "mean": 167
    },
    "first_peak_spread": {
        "mean": 0
    },
    "first_peak_weight": {
        "mean": 1
    },
    "onset_rate": 0.702408254147,
    "second_peak_bpm": {
        "mean": 0
    },
    "second_peak_spread": {
        "mean": 0
    },
    "second_peak_weight": {
        "mean": 0
    },
    "beats_loudness_band_ratio": {
        "mean": [0.063498698175, 0.00758133176714, 0.0183427091688, 0.19231197238, 0.314368247986, 0.414317309856]
    },
    "beats_position": [0.348299324512, 0.708208620548, 1.06811785698, 1.42802715302, 1.78793644905, 2.14784574509, 2.50775504112],
    "bpm_estimates": [166.70866394, 166.708694458, 166.70866394, 166.70866394, 166.70866394, 166.70866394],
    "bpm_intervals": [0.359909296036, 0.359909236431, 0.359909296036, 0.359909296036, 0.359909296036, 0.359909296036],
    "onset_times": [0.0580498874187, 0.441179126501]
},
"sfx": {
    "inharmonicity": {
        "mean": 0.105784252286
    },
    "oddtoevenharmonicenergyratio": {
        "mean": 2.93640732765
    },
    "pitch_after_max_to_before_max_energy_ratio": 8.97505187988,
    "pitch_centroid": 58.5098419189,
    "pitch_max_to_total": 0.0403225794435,
    "pitch_min_to_total": 0.661290347576,
    "tristimulus": {
        "mean": [0.135481581092, 0.566654205322, 0.158237636089]
    }
},
"tonal": {
    "chords_changes_rate": 0,
    "chords_number_rate": 0.0158730167896,
    "chords_strength": {
        "mean": 0.313351809978
    },
    "key_strength": 0.549269735813,
    "tuning_diatonic_strength": 0.398452937603,
    "tuning_equal_tempered_deviation": 0.298620820045,
    "tuning_frequency": 450.024475098,
    "tuning_nontempered_energy_ratio": 0.967251181602,
    "hpcp": {
        "mean": [0.634894728661, 0.602933526039, 0.521975755692, 0.527394473553, 0.353729367256, 0.269138664007, 0.313168257475, 0.384863823652, 0.418491601944, 0.320651620626, 0.245629698038, 0.270083367825, 0.263164877892, 0.361158907413, 0.369441390038, 0.375371217728, 0.519655168056, 0.303834915161, 0.147190481424, 0.212832525373, 0.209040671587, 0.281836569309, 0.50754147768, 0.542300462723, 0.365288436413, 0.340778291225, 0.387176603079, 0.377851843834, 0.519138336182, 0.673693954945, 0.545839250088, 0.469507873058, 0.409762322903, 0.445121794939, 0.562366366386, 0.534140944481]
    },
    "chords_histogram": [0, 0, 0, 0, 0, 0, 0, 0, 0, 0, 0, 0, 0, 0, 0, 0, 0, 0, 0, 100, 0, 0, 0, 0],
    "thpcp": [1, 0.810218393803, 0.696915686131, 0.608232140541, 0.660718083382, 0.834750473499, 0.792854011059, 0.942408204079, 0.894966483116, 0.774796545506, 0.78283983469, 0.525059461594, 0.399496912956, 0.464852422476, 0.571273982525, 0.62118947506, 0.475960373878, 0.364601314068, 0.400899201632, 0.390629708767, 0.53608751297, 0.548381626606, 0.557183563709, 0.771351993084, 0.450998425484, 0.218482717872, 0.315918713808, 0.310290247202, 0.418345093727, 0.75337100029, 0.804965615273, 0.542217195034, 0.505835473537, 0.574706971645, 0.560865700245, 0.770584821701],
    "chords_key": "E",
    "chords_scale": "minor",
    "key_key": "A",
    "key_scale": "major",
    "chords_progression": ["Em", "Em", "Em", "Em", "Em", "Em", "Em", "Em", "Em", "Em", "Em", "Em", "Em", "Em", "Em", "Em", "Em", "Em", "Em", "Em", "Em", "Em", "Em", "Em", "Em", "Em", "Em", "Em", "Em", "Em", "Em", "Em", "Em", "Em", "Em", "Em", "Em", "Em", "Em", "Em", "Em", "Em", "Em", "Em", "Em", "Em", "Em", "Em", "Em", "Em", "Em", "Em", "Em", "Em", "Em", "Em", "Em", "Em", "Em", "Em", "Em", "Em", "Em"]
}
}