{"lowlevel.dissonance.mean": [0.6799172163009644], "sfx.inharmonicity.mean": [0.5613730549812317], "lowlevel.spectral_contrast.mean": [[0.42507457733154297, 0.35015201568603516, 0.4579237699508667, 1.1028836965560913, 0.4430093765258789, 0.46349239349365234]], "lowlevel.spectral_centroid.mean": [0.5083580613136292], "lowlevel.mfcc.mean": [[0.29967784881591797, 0.19574828445911407, 0.14795979857444763, 0.15438248217105865, 0.7781094908714294, 0.7394119501113892, 0.4808292090892792, 0.03476053476333618, 0.889738917350769, 1.1529781818389893, 0.8826613426208496, 0.2593577206134796, 1.2967259883880615]], "sfx.logattacktime.mean": [0.5136327147483826], "lowlevel.hfc.mean": [0.4718886911869049]}