{
"metadata": {
    "version": {
        "essentia": "2.1-beta2"
    }
},
"lowLevel": {
    "average_loudness": 0.969498693943,
    "barkbands_kurtosis": {
        "mean": 6.40073490143
    },
    "barkbands_skewness": {
        "mean": 1.28124177456
    },
    "barkbands_spread": {
        "mean": 10.5969190598
    },
    "dissonance": {
        "mean": 0.327045053244
    },
    "hfc": {
        "mean": 9.72600650787
    },
    "pitch": {
        "mean": 205.825042725
    },
    "pitch_instantaneous_confidence": {
        "mean": 0.838318526745
    },
    "pitch_salience": {
        "mean": 0.45178091526
    },
    "silence_rate_20dB": {
        "mean": 1
    },
    "silence_rate_30dB": {
        "mean": 1
    },
    "silence_rate_60dB": {
        "mean": 0.319248825312
    },
    "spectral_centroid": {
        "mean": 715.028320312
    },
    "spectral_complexity": {
        "mean": 10.7089204788
    },
    "spectral_crest": {
        "mean": 12.0726957321
    },
    "spectral_decrease": {
        "mean": -3.14172265981e-09
    },
    "spectral_energy": {
        "mean": 0.0127397300676
    },
    "spectral_energyband_high": {
        "mean": 6.32046358078e-05
    },
    "spectral_energyband_low": {
        "mean": 2.47515185947e-06
    },
    "spectral_energyband_middle_high": {
        "mean": 0.00322457845323
    },
    "spectral_energyband_middle_low": {
        "mean": 0.00955277960747
    },
    "spectral_flatness_db": {
        "mean": 0.275948435068
    },
    "spectral_flux": {
        "mean": 0.00727323954925
    },
    "spectral_kurtosis": {
        "mean": 26.645658493
    },
    "spectral_rms": {
        "mean": 0.00296196527779
    },
    "spectral_rolloff": {
        "mean": 1326.46362305
    },
    "spectral_skewness": {
        "mean": 3.94792795181
    },
    "spectral_spread": {
        "mean": 5684875
    },
    "spectral_strongpeak": {
        "mean": 1.28687942028
    },
    "zerocrossingrate": {
        "mean": 0.0422856137156
    },
    "barkbands": {
        "mean": [4.53047368865e-06, 5.17775220032e-07, 2.0816644053e-07, 1.74404351583e-06, 2.67819232249e-05, 0.00568262906745, 0.00326584745198, 0.00036987173371, 1.78136815521e-05, 0.000205910750083, 0.000550545693841, 0.000286645896267, 0.000158658134751, 0.000966579013038, 0.000344149390003, 0.000247493444476, 7.45745637687e-05, 0.000243334390689, 0.00017418358766, 5.95631863689e-05, 5.22834307048e-05, 3.62547280019e-06, 1.62042090324e-06, 3.8769587718e-07, 2.0111784238e-07, 5.8794324076e-08, 1.50811789723e-08]
    },
    "mfcc": {
        "mean": [-824.518554688, 115.710746765, -52.370716095, 6.17444944382, -28.0639686584, -18.903793335, -23.0063934326, -22.3363571167, -14.5464029312, -2.93449759483, 1.67843317986, 5.79541015625, 7.83138227463]
    },
    "sccoeffs": {
        "mean": [-0.728894710541, -0.399478495121, -0.567384898663, -0.610157072544, -0.720346748829, -0.795358717442]
    },
    "scvalleys": {
        "mean": [-8.81026649475, -9.37925434113, -10.1218547821, -10.1926040649, -10.408446312, -11.8174324036]
    }
},
"rhythm": {
    "beats_loudness": {
        "mean": 0.0148617448285
    },
    "bpm": 98.1339111328,
    "first_peak_bpm": {
        "mean": 98
    },
    "first_peak_spread": {
        "mean": 0
    },
    "first_peak_weight": {
        "mean": 1
    },
    "onset_rate": 0.406505942345,
    "second_peak_bpm": {
        "mean": 0
    },
    "second_peak_spread": {
        "mean": 0
    },
    "second_peak_weight": {
        "mean": 0
    },
    "beats_loudness_band_ratio": {
        "mean": [0.0502960570157, 0.688840568066, 0.501478850842, 0.111379310489, 0.0622878670692, 0.0142405917868]
    },
    "beats_position": [0.603718817234, 1.20743763447, 1.82276642323, 2.42648530006, 3.04181408882, 3.65714287758, 4.27247142792],
    "bpm_estimates": [99.3840179443, 97.5088424683, 99.3840026855, 97.5088424683, 97.5088424683, 97.5088806152],
    "bpm_intervals": [0.603718817234, 0.615328788757, 0.603718876839, 0.615328788757, 0.615328788757, 0.615328550339],
    "onset_times": [0.255419492722, 0.348299324512]
},
"sfx": {
    "inharmonicity": {
        "mean": 0.0160009376705
    },
    "oddtoevenharmonicenergyratio": {
        "mean": 30.4461555481
    },
    "pitch_after_max_to_before_max_energy_ratio": 0.0480967722833,
    "pitch_centroid": 107.259674072,
    "pitch_max_to_total": 0.99530518055,
    "pitch_min_to_total": 0.0187793429941,
    "tristimulus": {
        "mean": [0.150625735521, 0.799044251442, 0.0482024215162]
    }
},
"tonal": {
    "chords_changes_rate": 0,
    "chords_number_rate": 0.00934579409659,
    "chords_strength": {
        "mean": 0.462071239948
    },
    "key_strength": 0.58348929882,
    "tuning_diatonic_strength": 0.484115958214,
    "tuning_equal_tempered_deviation": 0.116212204099,
    "tuning_frequency": 443.316436768,
    "tuning_nontempered_energy_ratio": 0.625949680805,
    "hpcp": {
        "mean": [0.0281887613237, 0.0155116990209, 0.00699834479019, 0.00621321471408, 0.0126866288483, 0.0503057725728, 0.0487281903625, 0.0105539048091, 0.00357262068428, 0.0107723539695, 0.0345218367875, 0.0365358069539, 0.0204396285117, 0.0152128469199, 0.0664037317038, 0.117558807135, 0.0604653954506, 0.00543513195589, 0.00570603786036, 0.0102022625506, 0.00874650664628, 0.00826699752361, 0.0495051592588, 0.0767086967826, 0.0368286930025, 0.0114945396781, 0.0125329075381, 0.0118983350694, 0.0591818913817, 0.628603935242, 0.943446159363, 0.382500827312, 0.0329667888582, 0.0297910049558, 0.0161364637315, 0.0194896552712]
    },
    "chords_histogram": [0, 0, 100, 0, 0, 0, 0, 0, 0, 0, 0, 0, 0, 0, 0, 0, 0, 0, 0, 0, 0, 0, 0, 0],
    "thpcp": [1, 0.405429422855, 0.0349429473281, 0.0315767936409, 0.0171037465334, 0.020657941699, 0.0298785064369, 0.0164415314794, 0.00741785299033, 0.00658565899357, 0.0134471151978, 0.0533212982118, 0.0516491495073, 0.0111865466461, 0.00378677737899, 0.0114180911332, 0.0365912094712, 0.0387259051204, 0.021664859727, 0.0161247644573, 0.0703842267394, 0.124605737627, 0.0640899240971, 0.00576093513519, 0.00604808004573, 0.0108138257638, 0.00927080679685, 0.00876255333424, 0.052472691983, 0.0813069120049, 0.0390363484621, 0.0121835675091, 0.0132841784507, 0.0126115679741, 0.062729485333, 0.666284918785],
    "chords_key": "G",
    "chords_scale": "major",
    "key_key": "C",
    "key_scale": "major",
    "chords_progression": ["G", "G", "G", "G", "G", "G", "G", "G", "G", "G", "G", "G", "G", "G", "G", "G", "G", "G", "G", "G", "G", "G", "G", "G", "G", "G", "G", "G", "G", "G", "G", "G", "G", "G", "G", "G", "G", "G", "G", "G", "G", "G", "G", "G", "G", "G", "G", "G", "G", "G", "G", "G", "G", "G", "G", "G", "G", "G", "G", "G", "G", "G", "G", "G", "G", "G", "G", "G", "G", "G", "G", "G", "G", "G", "G", "G", "G", "G", "G", "G", "G", "G", "G", "G", "G", "G", "G", "G", "G", "G", "G", "G", "G", "G", "G", "G", "G", "G", "G", "G", "G", "G", "G", "G", "G", "G", "G"]
}
}