{
"metadata": {
    "version": {
        "essentia": "2.1-beta2"
    }
},
"lowLevel": {
    "dissonance": {
        "mean": 0.0146690942347
    },
    "hfc": {
        "mean": 17.1601295471
    },
    "spectral_centroid": {
        "mean": 0.0528273284435
    },
    "mfcc": {
        "mean": [-959.451293945, 83.7896957397, -47.3236694336, -37.9693717957, -29.1287517548, -26.5214271545, -39.7979354858, -11.6017017365, 25.8790302277, 49.7419319153, 39.2402420044, 3.97093224525, -7.51978492737, -24.4983463287, -43.7593612671, -49.3467254639, -3.00751590729, 48.1084022522, 28.6380844116, -12.7157182693, -19.3385601044, 3.39730525017, 16.2450752258, -2.64971876144, -20.5922431946, -7.06411170959, 13.0905971527, 7.31384658813, -5.40755081177, -0.156949430704, 1.19983410835, -6.36511659622, -2.9134759903, 10.9339370728, 0.836782932281, -8.65719985962, 6.28939294815, 6.51179075241, -9.95771026611, -10.5394630432]
    },
    "spectral_contrast": {
        "mean": [-0.575016796589, -0.324156522751, -0.469132572412, -0.688497841358, -0.82473385334, -0.878028512001]
    }
},
"sfx": {
    "inharmonicity": {
        "mean": 0.19930587709
    },
    "logattacktime": {
        "mean": -4.91880750656
    }
}
}