{
"metadata": {
    "version": {
        "essentia": "2.1-beta2"
    }
},
"lowLevel": {
    "dissonance": {
        "mean": 0.234513282776
    },
    "hfc": {
        "mean": 5.06328439713
    },
    "spectral_centroid": {
        "mean": 0.0765234753489
    },
    "mfcc": {
        "mean": [-790.995788574, 111.684463501, -91.5064086914, 17.7121486664, -21.2883930206, -20.6069965363, -13.6738433838, -37.5901145935, -34.30727005, -19.4393844604, 10.6192245483, 34.0063896179, 21.741601944, 29.4125919342, 39.2909889221, 18.536781311, 9.47757434845, 4.83040046692, -28.1070480347, -32.0947647095, -15.8288288116, 5.8840341568, 17.0537929535, 23.6313323975, 10.1055040359, -13.2743864059, -20.3289546967, -0.480411410332, 18.7888641357, 19.0810241699, 1.4431129694, -4.90621471405, -4.50659799576, -1.22982120514, -4.04451227188, -6.60206508636, -3.72177791595, 4.59915161133, 2.01178193092, -14.0436887741]
    },
    "spectral_contrast": {
        "mean": [-0.420365363359, -0.496434688568, -0.701579928398, -0.687282025814, -0.761994361877, -0.768081188202]
    }
},
"sfx": {
    "inharmonicity": {
        "mean": 0.312574565411
    },
    "logattacktime": {
        "mean": -4.98532485962
    }
}
}