{
"metadata": {
    "version": {
        "essentia": "2.1-beta2"
    }
},
"lowLevel": {
    "dissonance": {
        "mean": 0.230422392488
    },
    "hfc": {
        "mean": 10.3836040497
    },
    "spectral_centroid": {
        "mean": 0.0881071463227
    },
    "mfcc": {
        "mean": [-724.824768066, 130.109436035, -81.327293396, 1.92454969883, -31.5589389801, -18.1643867493, -26.3419017792, -17.476184845, -15.5698642731, -5.87343883514, 0.611798882484, -0.760417103767, -10.5440340042, 1.54183518887, 3.73360037804, 1.27410781384, -6.53558254242, -11.431227684, 0.94957202673, -4.20710611343, -4.0766749382, 16.192363739, 9.37829780579, -1.88917708397, 21.5108852386, 10.1808290482, 5.22340583801, 10.7503404617, 8.64552497864, 2.12038350105, -1.19595003128, -3.09806728363, -5.04072284698, -0.548347592354, 8.99416446686, 5.62229251862, -0.40992885828, 0.812035143375, -0.665425300598, -3.95112466812]
    },
    "spectral_contrast": {
        "mean": [-0.525092244148, -0.606834113598, -0.598668992519, -0.662720501423, -0.75722181797, -0.790723741055]
    }
},
"sfx": {
    "inharmonicity": {
        "mean": 0.205553933978
    },
    "logattacktime": {
        "mean": -4.99329996109
    }
}
}