{
"metadata": {
    "version": {
        "essentia": "2.1-beta2"
    }
},
"lowLevel": {
    "average_loudness": 0.927509725094,
    "barkbands_kurtosis": {
        "mean": 2.35345244408
    },
    "barkbands_skewness": {
        "mean": -0.0589664764702
    },
    "barkbands_spread": {
        "mean": 13.7412586212
    },
    "dissonance": {
        "mean": 0.404739886522
    },
    "hfc": {
        "mean": 3.55981373787
    },
    "pitch": {
        "mean": 513.068847656
    },
    "pitch_instantaneous_confidence": {
        "mean": 0.646229565144
    },
    "pitch_salience": {
        "mean": 0.802372992039
    },
    "silence_rate_20dB": {
        "mean": 1
    },
    "silence_rate_30dB": {
        "mean": 1
    },
    "silence_rate_60dB": {
        "mean": 0.471794873476
    },
    "spectral_centroid": {
        "mean": 1552.88427734
    },
    "spectral_complexity": {
        "mean": 5.66153860092
    },
    "spectral_crest": {
        "mean": 7.94007396698
    },
    "spectral_decrease": {
        "mean": -6.47791043029e-10
    },
    "spectral_energy": {
        "mean": 0.00276779476553
    },
    "spectral_energyband_high": {
        "mean": 1.71544172645e-06
    },
    "spectral_energyband_low": {
        "mean": 4.23375556835e-09
    },
    "spectral_energyband_middle_high": {
        "mean": 0.00230814609677
    },
    "spectral_energyband_middle_low": {
        "mean": 0.0004580313107
    },
    "spectral_flatness_db": {
        "mean": 0.254031330347
    },
    "spectral_flux": {
        "mean": 0.00553836347535
    },
    "spectral_kurtosis": {
        "mean": 17.9489593506
    },
    "spectral_rms": {
        "mean": 0.00122274935711
    },
    "spectral_rolloff": {
        "mean": 2256.68383789
    },
    "spectral_skewness": {
        "mean": 3.03073167801
    },
    "spectral_spread": {
        "mean": 9660383
    },
    "spectral_strongpeak": {
        "mean": 0.901238679886
    },
    "zerocrossingrate": {
        "mean": 0.0903570726514
    },
    "barkbands": {
        "mean": [6.9630656796e-09, 8.71931193913e-10, 6.36370456331e-10, 5.44047140671e-10, 0.000109963752038, 1.3689464673e-08, 0.000159121846082, 6.11326527178e-07, 0.000188271791558, 4.25484086009e-06, 0.000365176441846, 0.00075207313057, 0.000439878262114, 0.000293436722131, 0.00024999040761, 8.79606741364e-05, 7.94790030341e-05, 2.90154894174e-05, 6.06475305176e-06, 1.33115997869e-06, 7.30424062567e-07, 2.82219076553e-07, 9.51557197482e-08, 2.84364904957e-08, 9.9501846762e-09, 2.25953256106e-09, 2.99725383401e-10]
    },
    "mfcc": {
        "mean": [-935.802001953, 80.1142654419, -95.7031173706, -38.397857666, -13.355093956, -7.27464818954, -9.35608768463, -9.81335163116, -11.5288572311, -17.4018211365, -10.5700597763, -11.42973423, -11.0342168808]
    },
    "sccoeffs": {
        "mean": [-0.581908643246, -0.641203045845, -0.640441179276, -0.682217717171, -0.790927052498, -0.834743320942]
    },
    "scvalleys": {
        "mean": [-11.7885389328, -10.9929332733, -10.0703496933, -9.91474342346, -10.5753145218, -12.4469547272]
    }
},
"rhythm": {
    "beats_loudness": {
        "mean": 0.00329627958126
    },
    "bpm": 122.331466675,
    "first_peak_bpm": {
        "mean": 123
    },
    "first_peak_spread": {
        "mean": 0.25
    },
    "first_peak_weight": {
        "mean": 0.428571432829
    },
    "onset_rate": 0.668451905251,
    "second_peak_bpm": {
        "mean": 108
    },
    "second_peak_spread": {
        "mean": 0.666666686535
    },
    "second_peak_weight": {
        "mean": 0.142857149243
    },
    "beats_loudness_band_ratio": {
        "mean": [0.00245967577212, 0.0539132431149, 0.132926315069, 0.446434020996, 0.28177985549, 0.0846014171839]
    },
    "beats_position": [0.545668900013, 1.10294783115, 1.64861679077, 2.18267560005, 2.67029476166, 3.16952371597, 3.65714287758, 4.14476203918],
    "bpm_estimates": [123.046844482, 120.185333252, 123.046844482, 123.046844482],
    "bpm_intervals": [0.557278931141, 0.545668959618, 0.53405880928, 0.487619161606, 0.499228954315, 0.487619161606, 0.487619161606],
    "onset_times": [0.522448956966, 1.64861679077, 2.69351482391]
},
"sfx": {
    "inharmonicity": {
        "mean": 0.0537193678319
    },
    "oddtoevenharmonicenergyratio": {
        "mean": 1.00330877304
    },
    "pitch_after_max_to_before_max_energy_ratio": 1.73314380646,
    "pitch_centroid": 56.770111084,
    "pitch_max_to_total": 0.0769230797887,
    "pitch_min_to_total": 0.0102564105764,
    "tristimulus": {
        "mean": [0.202971711755, 0.664522588253, 0.123157024384]
    }
},
"tonal": {
    "chords_changes_rate": 0.0306122452021,
    "chords_number_rate": 0.0408163256943,
    "chords_strength": {
        "mean": 0.503698587418
    },
    "key_strength": 0.596780180931,
    "tuning_diatonic_strength": 0.420476794243,
    "tuning_equal_tempered_deviation": 0.186405599117,
    "tuning_frequency": 447.949737549,
    "tuning_nontempered_energy_ratio": 0.702999711037,
    "hpcp": {
        "mean": [0.170287519693, 0.178493052721, 0.442783653736, 0.678809344769, 0.392158925533, 0.132471218705, 0.159055605531, 0.160036295652, 0.147105902433, 0.156691521406, 0.139247819781, 0.145027294755, 0.202047541738, 0.29325273633, 0.558805644512, 0.541544854641, 0.25279083848, 0.180112943053, 0.169355720282, 0.155099451542, 0.138747096062, 0.144391790032, 0.186078071594, 0.354938149452, 0.493154376745, 0.328418344259, 0.182957574725, 0.204225584865, 0.173971608281, 0.12630815804, 0.141362115741, 0.246510773897, 0.304693043232, 0.210780128837, 0.16950391233, 0.186995401978]
    },
    "chords_histogram": [50, 0, 0, 0, 0, 0, 0, 27.5510196686, 0, 0, 0, 0, 0, 0, 0, 2.04081630707, 20.4081630707, 0, 0, 0, 0, 0, 0, 0],
    "thpcp": [1, 0.577715873718, 0.195152327418, 0.234315574169, 0.235760301352, 0.21671167016, 0.230832889676, 0.205135390162, 0.213649526238, 0.297649919987, 0.432010471821, 0.823214411736, 0.797786414623, 0.372403293848, 0.265336573124, 0.249489381909, 0.228487506509, 0.20439773798, 0.212713316083, 0.274124205112, 0.522883415222, 0.726499080658, 0.483815282583, 0.269527196884, 0.300858527422, 0.256289362907, 0.186073094606, 0.208250105381, 0.363151699305, 0.448863953352, 0.310514479876, 0.249707683921, 0.275475591421, 0.250862061977, 0.262950211763, 0.652294576168],
    "chords_key": "A#",
    "chords_scale": "major",
    "key_key": "A#",
    "key_scale": "major",
    "chords_progression": ["Bm", "Bm", "Bm", "Bm", "Bm", "Bm", "Bm", "Bm", "Bm", "Bm", "Bm", "Bm", "Bm", "Bm", "Bm", "Bm", "Bm", "Bm", "Bm", "Bm", "Bm", "Bm", "Bm", "Bm", "Bm", "Bm", "Bm", "F#", "F#", "F#", "F#", "F#", "F#", "F#", "F#", "F#", "F#", "F#", "F#", "F#", "F#", "F#", "F#", "F#", "F#", "F#", "F#", "D#m", "D#m", "A#", "A#", "A#", "A#", "A#", "A#", "A#", "A#", "A#", "A#", "A#", "A#", "A#", "A#", "A#", "A#", "A#", "A#", "A#", "A#", "A#", "A#", "A#", "A#", "A#", "A#", "A#", "A#", "A#", "A#", "A#", "A#", "A#", "A#", "A#", "A#", "A#", "A#", "A#", "A#", "A#", "A#", "A#", "A#", "A#", "A#", "A#", "A#", "A#"]
}
}