{"lowlevel.dissonance.mean": [-0.13892382383346558], "sfx.inharmonicity.mean": [0.22605188190937042], "lowlevel.spectral_contrast.mean": [[0.9283023476600647, 0.36846351623535156, 0.27907371520996094, 0.2969858646392822, 0.3041508197784424, 0.29303550720214844]], "lowlevel.spectral_centroid.mean": [0.3511557877063751], "lowlevel.mfcc.mean": [[0.24865663051605225, 0.26537439227104187, 0.5991089940071106, 0.5893573760986328, 0.5925179123878479, 0.4896892011165619, 0.4431028664112091, 0.3076624274253845, 0.23352301120758057, 0.11351954936981201, 0.0062302350997924805, -0.02858448028564453, -0.09795379638671875]], "sfx.logattacktime.mean": [0.1967315673828125], "lowlevel.hfc.mean": [0.47574812173843384]}