{"lowlevel.dissonance.mean": [-0.03580588102340698], "sfx.inharmonicity.mean": [0.2836044132709503], "lowlevel.spectral_contrast.mean": [[0.4069293737411499, 1.108316421508789, 0.7155276536941528, 0.9664304256439209, 0.6298022270202637, 0.3216874599456787]], "lowlevel.spectral_centroid.mean": [0.3883698582649231], "lowlevel.mfcc.mean": [[0.18690931797027588, 0.27177149057388306, 0.37094298005104065, 0.34618663787841797, 0.41055914759635925, 0.1886131763458252, 0.16801106929779053, 0.24660030007362366, 0.44048893451690674, 0.7567189335823059, 0.9546281099319458, 0.9023333787918091, 0.9321004748344421]], "sfx.logattacktime.mean": [0.1704619824886322], "lowlevel.hfc.mean": [0.467337965965271]}