{"lowlevel.dissonance.mean": [0.46138453483581543], "sfx.inharmonicity.mean": [0.4633537828922272], "lowlevel.spectral_contrast.mean": [[0.4899861812591553, 0.25598716735839844, 0.3023350238800049, 1.458335518836975, 0.7027926445007324, 0.5423851013183594]], "lowlevel.spectral_centroid.mean": [0.4208599925041199], "lowlevel.mfcc.mean": [[0.22813332080841064, 0.17986491322517395, 0.25725704431533813, 0.18392208218574524, 0.4499272108078003, 1.0452722311019897, 1.4096934795379639, 0.6772888898849487, -0.23579365015029907, -0.07848447561264038, 1.1386330127716064, 1.5374914407730103, 1.5892736911773682]], "sfx.logattacktime.mean": [0.4152359366416931], "lowlevel.hfc.mean": [0.47391825914382935]}