{
"metadata": {
    "version": {
        "essentia": "2.1-beta2"
    }
},
"lowLevel": {
    "average_loudness": 0.680373907089,
    "barkbands_kurtosis": {
        "mean": 12.5252351761
    },
    "barkbands_skewness": {
        "mean": 2.21288108826
    },
    "barkbands_spread": {
        "mean": 3.56704568863
    },
    "dissonance": {
        "mean": 0.218169957399
    },
    "hfc": {
        "mean": 12.2190275192
    },
    "pitch": {
        "mean": 621.408081055
    },
    "pitch_instantaneous_confidence": {
        "mean": 0.975964725018
    },
    "pitch_salience": {
        "mean": 0.293431997299
    },
    "silence_rate_20dB": {
        "mean": 1
    },
    "silence_rate_30dB": {
        "mean": 0.967391312122
    },
    "silence_rate_60dB": {
        "mean": 0.75
    },
    "spectral_centroid": {
        "mean": 821.628845215
    },
    "spectral_complexity": {
        "mean": 1.7934782505
    },
    "spectral_crest": {
        "mean": 17.6179199219
    },
    "spectral_decrease": {
        "mean": -2.19276574676e-09
    },
    "spectral_energy": {
        "mean": 0.00938430055976
    },
    "spectral_energyband_high": {
        "mean": 0.000300385552691
    },
    "spectral_energyband_low": {
        "mean": 1.95026732399e-05
    },
    "spectral_energyband_middle_high": {
        "mean": 0.00428483774886
    },
    "spectral_energyband_middle_low": {
        "mean": 0.00478514377028
    },
    "spectral_flatness_db": {
        "mean": 0.643405854702
    },
    "spectral_flux": {
        "mean": 0.0123911574483
    },
    "spectral_kurtosis": {
        "mean": 62.0614738464
    },
    "spectral_rms": {
        "mean": 0.00153806922026
    },
    "spectral_rolloff": {
        "mean": 1023.06268311
    },
    "spectral_skewness": {
        "mean": 6.24573659897
    },
    "spectral_spread": {
        "mean": 5657088.5
    },
    "spectral_strongpeak": {
        "mean": 1.1369740963
    },
    "zerocrossingrate": {
        "mean": 0.0431173555553
    },
    "barkbands": {
        "mean": [7.55741609737e-07, 3.90082504964e-06, 9.33201772568e-06, 2.06158911169e-05, 0.000122059347632, 8.49120478961e-05, 3.23003223457e-05, 0.00108591129538, 0.00343920127489, 2.55054305853e-06, 5.95860956309e-06, 0.000367852655472, 6.93761903676e-05, 3.76095135834e-06, 0.00369516503997, 1.81650034392e-06, 7.86862656241e-05, 1.95373631868e-05, 1.38190716825e-05, 0.000206042968784, 6.64277176838e-05, 3.45767184626e-05, 1.43928664329e-05, 3.49658284904e-06, 7.45411739445e-07, 7.21638912182e-07, 3.96663267566e-07]
    },
    "mfcc": {
        "mean": [-1032.93676758, 52.604347229, -29.2000732422, -36.9304199219, -26.2425174713, -6.73250293732, -10.4793300629, -10.6292047501, 12.938416481, 34.5801582336, 26.9308681488, 17.9311199188, 4.534740448]
    },
    "sccoeffs": {
        "mean": [-0.862463653088, -0.32965144515, -0.707953512669, -0.486757725477, -0.826434075832, -0.886545181274]
    },
    "scvalleys": {
        "mean": [-13.3630971909, -12.8388500214, -13.1834001541, -13.4687833786, -14.0512123108, -14.4092464447]
    }
},
"rhythm": {
    "beats_loudness": {
        "mean": 0.00134973938111
    },
    "bpm": 106.567382812,
    "first_peak_bpm": {
        "mean": 105
    },
    "first_peak_spread": {
        "mean": 0.5
    },
    "first_peak_weight": {
        "mean": 0.5
    },
    "onset_rate": 0.473485887051,
    "second_peak_bpm": {
        "mean": 0
    },
    "second_peak_spread": {
        "mean": 0
    },
    "second_peak_weight": {
        "mean": 0
    },
    "beats_loudness_band_ratio": {
        "mean": [1.10452481294e-06, 2.35712218455e-06, 0.922460496426, 0.0429881028831, 0.0344992764294, 5.23603375768e-05]
    },
    "beats_position": [0.545668900013, 1.10294783115, 1.67183673382],
    "bpm_estimates": [107.666015625, 105.46875],
    "bpm_intervals": [0.557278931141, 0.568888902664],
    "onset_times": [0.0232199542224]
},
"sfx": {
    "inharmonicity": {
        "mean": 0.0151239307597
    },
    "oddtoevenharmonicenergyratio": {
        "mean": 5.23375415802
    },
    "pitch_after_max_to_before_max_energy_ratio": 0.011187796481,
    "pitch_centroid": 45.6176147461,
    "pitch_max_to_total": 0.989130437374,
    "pitch_min_to_total": 0,
    "tristimulus": {
        "mean": [0.632964670658, 0.355312049389, 0.00464467750862]
    }
},
"tonal": {
    "chords_changes_rate": 0.021276595071,
    "chords_number_rate": 0.0425531901419,
    "chords_strength": {
        "mean": 0.391391456127
    },
    "key_strength": 0.605456888676,
    "tuning_diatonic_strength": 0.44875729084,
    "tuning_equal_tempered_deviation": 0.0576152987778,
    "tuning_frequency": 441.017791748,
    "tuning_nontempered_energy_ratio": 0.632748842239,
    "hpcp": {
        "mean": [0.000222726666834, 0.000133289402584, 0.0732298791409, 0.164907380939, 0.0923583731055, 0.000692614528816, 0.000277360668406, 0.000625757791568, 0.00440222257748, 0.00588707067072, 0.00437954254448, 0.00571416970342, 0.00340982666239, 0.000320140650729, 0.000181471274118, 0.000176267989445, 0.00759617751464, 0.541186332703, 0.995540201664, 0.462356567383, 0.000821387977339, 0.000374407536583, 0.000111935696623, 4.11524051742e-05, 5.46537157788e-05, 5.43361929886e-05, 2.89560521196e-05, 0.000477447814774, 0.00367404194549, 0.00508605921641, 0.00264487206005, 0.00446428684518, 0.00574001297355, 0.00209055235609, 8.63567038323e-05, 0.000172172905877]
    },
    "chords_histogram": [0, 0, 0, 0, 0, 0, 0, 40.4255332947, 0, 59.5744667053, 0, 0, 0, 0, 0, 0, 0, 0, 0, 0, 0, 0, 0, 0],
    "thpcp": [1, 0.464427828789, 0.000825067632832, 0.000376084790332, 0.00011243714107, 4.13367597503e-05, 5.48985517526e-05, 5.45796065126e-05, 2.9085767892e-05, 0.000479586684378, 0.00369050074369, 0.00510884355754, 0.00265672057867, 0.00448428606614, 0.00576572678983, 0.00209991750307, 8.67435592227e-05, 0.00017294420104, 0.000223724433454, 0.000133886511321, 0.0735579356551, 0.165646135807, 0.0927721187472, 0.000695717288181, 0.000278603169136, 0.000628561072517, 0.004421943333, 0.00591344339773, 0.00439916178584, 0.00573976803571, 0.00342510198243, 0.000321574800182, 0.000182284231414, 0.000177057634573, 0.00763020664454, 0.543610751629],
    "chords_key": "D#",
    "chords_scale": "major",
    "key_key": "G#",
    "key_scale": "minor",
    "chords_progression": ["D#", "D#", "D#", "D#", "D#", "D#", "D#", "D#", "D#", "D#", "D#", "D#", "D#", "D#", "D#", "D#", "D#", "D#", "D#", "D#", "D#", "D#", "D#", "D#", "D#", "D#", "D#", "D#", "G#", "G#", "G#", "G#", "G#", "G#", "G#", "G#", "G#", "G#", "G#", "G#", "G#", "G#", "G#", "G#", "G#", "G#", "G#"]
}
}