{
"metadata": {
    "version": {
        "essentia": "2.1-beta2"
    }
},
"lowLevel": {
    "dissonance": {
        "mean": 0.122227430344
    },
    "hfc": {
        "mean": 26.8920974731
    },
    "spectral_centroid": {
        "mean": 0.0267314370722
    },
    "mfcc": {
        "mean": [-829.367370605, 289.480163574, 42.7600593567, -45.827507019, -17.9915657043, -17.4923686981, -40.9572029114, -32.0488700867, -1.80033397675, 13.4472026825, 7.7900223732, 2.40363502502, 8.90454387665, 9.30853557587, -3.46944236755, -8.62730693817, -4.36848163605, -4.83542871475, -2.78654193878, 4.98752689362, 3.02140808105, -4.77129459381, -2.63934206963, 2.53733086586, 0.782032668591, -1.95194149017, -3.84595990181, -5.84264755249, -2.7121424675, 2.42665934563, 1.79419195652, -0.272459834814, 0.614197552204, -0.12541629374, -2.77175140381, -2.59738230705, -0.87480443716, 0.20311562717, 2.06156635284, 2.91174030304]
    },
    "spectral_contrast": {
        "mean": [-0.491246014833, -0.621535599232, -0.804065585136, -0.848100721836, -0.892984688282, -0.821421802044]
    }
},
"sfx": {
    "inharmonicity": {
        "mean": 0.208669245243
    },
    "logattacktime": {
        "mean": -5
    }
}
}