{
"metadata": {
    "version": {
        "essentia": "2.1-beta2"
    }
},
"lowLevel": {
    "average_loudness": 0.938799142838,
    "barkbands_kurtosis": {
        "mean": 10.7016448975
    },
    "barkbands_skewness": {
        "mean": 0.365961939096
    },
    "barkbands_spread": {
        "mean": 10.5205535889
    },
    "dissonance": {
        "mean": 0.342875540257
    },
    "hfc": {
        "mean": 0.698063969612
    },
    "pitch": {
        "mean": 219.930236816
    },
    "pitch_instantaneous_confidence": {
        "mean": 0.874620676041
    },
    "pitch_salience": {
        "mean": 0.502778112888
    },
    "silence_rate_20dB": {
        "mean": 1
    },
    "silence_rate_30dB": {
        "mean": 1
    },
    "silence_rate_60dB": {
        "mean": 1
    },
    "spectral_centroid": {
        "mean": 839.596130371
    },
    "spectral_complexity": {
        "mean": 2.60666656494
    },
    "spectral_crest": {
        "mean": 14.6096696854
    },
    "spectral_decrease": {
        "mean": -1.46177792093e-10
    },
    "spectral_energy": {
        "mean": 0.000615024007857
    },
    "spectral_energyband_high": {
        "mean": 5.84301631079e-07
    },
    "spectral_energyband_low": {
        "mean": 2.35297466133e-06
    },
    "spectral_energyband_middle_high": {
        "mean": 0.000373309274437
    },
    "spectral_energyband_middle_low": {
        "mean": 0.000237737738644
    },
    "spectral_flatness_db": {
        "mean": 0.312403023243
    },
    "spectral_flux": {
        "mean": 0.00199279980734
    },
    "spectral_kurtosis": {
        "mean": 21.6507587433
    },
    "spectral_rms": {
        "mean": 0.000629078771453
    },
    "spectral_rolloff": {
        "mean": 1195.95422363
    },
    "spectral_skewness": {
        "mean": 3.92775321007
    },
    "spectral_spread": {
        "mean": 7239478
    },
    "spectral_strongpeak": {
        "mean": 0.821118235588
    },
    "zerocrossingrate": {
        "mean": 0.0564778633416
    },
    "barkbands": {
        "mean": [2.7318510547e-06, 6.03787555065e-07, 6.81566163507e-08, 1.06541534706e-07, 9.76644441835e-05, 1.26279843471e-07, 4.60401679447e-05, 3.24493072412e-08, 9.37637596508e-05, 4.05546006732e-06, 2.82444663213e-08, 2.02659412025e-05, 4.52383488891e-07, 0.000305132678477, 1.94874664885e-05, 1.75235327333e-05, 3.71601231564e-06, 1.46083152686e-06, 5.75488570576e-07, 6.74161697134e-07, 2.27924417118e-07, 2.20796550821e-07, 2.16246789364e-08, 3.19257544845e-08, 1.11404627745e-08, 2.10103823228e-09, 4.57516274865e-10]
    },
    "mfcc": {
        "mean": [-953.302368164, 119.606460571, -18.7897605896, -1.47450065613, 5.05823278427, -5.78727054596, -18.242357254, -16.2724990845, -2.61312055588, 3.63737416267, 2.54015231133, -8.2638425827, -7.49424552917]
    },
    "sccoeffs": {
        "mean": [-0.622179746628, -0.601755976677, -0.618116021156, -0.67282474041, -0.788168728352, -0.852511525154]
    },
    "scvalleys": {
        "mean": [-9.44660377502, -10.5064334869, -11.3669109344, -11.286108017, -12.0602655411, -13.0744352341]
    }
},
"rhythm": {
    "beats_loudness": {
        "mean": 0.000766090350226
    },
    "bpm": 104.941413879,
    "first_peak_bpm": {
        "mean": 105
    },
    "first_peak_spread": {
        "mean": 0.25
    },
    "first_peak_weight": {
        "mean": 0.75
    },
    "onset_rate": 2.02547097206,
    "second_peak_bpm": {
        "mean": 0
    },
    "second_peak_spread": {
        "mean": 0
    },
    "second_peak_weight": {
        "mean": 0
    },
    "beats_loudness_band_ratio": {
        "mean": [0.150186300278, 0.174959793687, 0.25617814064, 0.403283268213, 0.0426210053265, 0.0019507650286]
    },
    "beats_position": [0.568888902664, 1.13777780533, 1.70666658878, 2.27555561066, 2.85605430603],
    "bpm_estimates": [105.46875, 105.468772888, 105.468727112, 103.359405518],
    "bpm_intervals": [0.568888902664, 0.568888783455, 0.568889021873, 0.580498695374],
    "onset_times": [0.0464399084449, 0.139319732785, 2.63546490669, 2.73995471001, 2.93732428551, 3.19274377823, 3.33206343651]
},
"sfx": {
    "inharmonicity": {
        "mean": 0.00745370145887
    },
    "oddtoevenharmonicenergyratio": {
        "mean": 1.5140799284
    },
    "pitch_after_max_to_before_max_energy_ratio": 0.0089987386018,
    "pitch_centroid": 75.0110931396,
    "pitch_max_to_total": 0.993333339691,
    "pitch_min_to_total": 0.0066666668281,
    "tristimulus": {
        "mean": [0.492296904325, 0.483204752207, 0.0237355716527]
    }
},
"tonal": {
    "chords_changes_rate": 0.0131578948349,
    "chords_number_rate": 0.0263157896698,
    "chords_strength": {
        "mean": 0.37640324235
    },
    "key_strength": 0.509241461754,
    "tuning_diatonic_strength": 0.395555794239,
    "tuning_equal_tempered_deviation": 0.209250688553,
    "tuning_frequency": 433.441375732,
    "tuning_nontempered_energy_ratio": 0.899717390537,
    "hpcp": {
        "mean": [0.370974808931, 0.65294867754, 0.302036136389, 0.00875261146575, 0.00342486728914, 0.000803499307949, 0.0213750004768, 0.0460274517536, 0.0254397019744, 0.00102997140493, 0.000966656487435, 0.00953724514693, 0.0508501194417, 0.0510258972645, 0.00971104484051, 0.0012007842306, 0.0022386694327, 0.00570065202191, 0.00498309871182, 0.000940043304581, 0.000468406826258, 0.0980786904693, 0.190703690052, 0.11956038326, 0.0603177286685, 0.0351675339043, 0.00320547795855, 0.00833477731794, 0.0134989209473, 0.301799058914, 0.58138269186, 0.293985545635, 0.0098533583805, 0.00417088530958, 0.011903360486, 0.0242700353265]
    },
    "chords_histogram": [53.9473686218, 0, 0, 0, 0, 0, 0, 0, 0, 0, 0, 0, 0, 0, 0, 0, 0, 0, 0, 46.0526313782, 0, 0, 0, 0],
    "thpcp": [1, 0.462572544813, 0.0134047465399, 0.0052452320233, 0.00123057037126, 0.0327361114323, 0.0704916864634, 0.0389612577856, 0.00157741550356, 0.00148044782691, 0.014606423676, 0.0778776630759, 0.0781468749046, 0.0148726003245, 0.00183901772834, 0.00342855346389, 0.00873062759638, 0.00763168511912, 0.00143968942575, 0.000717371585779, 0.150208875537, 0.292065352201, 0.183108389378, 0.0923774391413, 0.0538595691323, 0.00490923412144, 0.0127648273483, 0.0206737853587, 0.46220946312, 0.890395700932, 0.450242966413, 0.0150905558839, 0.00638776877895, 0.0182301625609, 0.0371698960662, 0.568153083324],
    "chords_key": "D",
    "chords_scale": "major",
    "key_key": "D",
    "key_scale": "major",
    "chords_progression": ["D", "D", "D", "D", "D", "D", "D", "D", "D", "D", "D", "D", "D", "D", "D", "D", "D", "D", "D", "D", "D", "D", "D", "D", "D", "D", "D", "D", "D", "D", "D", "D", "D", "D", "D", "D", "D", "D", "D", "D", "D", "Am", "Am", "Am", "Am", "Am", "Am", "Am", "Am", "Am", "Am", "Am", "Am", "Am", "Am", "Am", "Am", "Am", "Am", "Am", "Am", "Am", "Am", "Am", "Am", "Am", "Am", "Am", "Am", "Am", "Am", "Am", "Am", "Am", "Am", "Am"]
}
}