{
"metadata": {
    "version": {
        "essentia": "2.1-beta2"
    }
},
"lowLevel": {
    "dissonance": {
        "mean": 0.10572578758
    },
    "hfc": {
        "mean": 14.10871315
    },
    "spectral_centroid": {
        "mean": 0.0908119529486
    },
    "mfcc": {
        "mean": [-887.304260254, 73.231590271, -75.4515991211, -7.91255998611, 1.50386404991, -26.0216426849, -19.4925556183, -8.81188297272, -10.7676458359, 16.943939209, 28.5708084106, 17.1131744385, 19.6136951447, 22.7720813751, 2.78218460083, -15.7468776703, -31.1014060974, -26.0422763824, -31.6978988647, -4.38912630081, 29.0422077179, 21.30534935, -12.7041654587, -27.7106246948, -4.3426322937, 28.0728473663, 16.6665401459, -23.40259552, -28.4797992706, 6.83729887009, 22.76704216, -4.10113239288, -21.0954589844, -3.26469063759, 13.7718734741, 0.366678416729, -8.55323219299, 11.957034111, 7.74503135681, -9.20332145691]
    },
    "spectral_contrast": {
        "mean": [-0.487754285336, -0.605053186417, -0.498603522778, -0.523839592934, -0.760276377201, -0.854705989361]
    }
},
"sfx": {
    "inharmonicity": {
        "mean": 0.0941505134106
    },
    "logattacktime": {
        "mean": -4.92794513702
    }
}
}