{
"metadata": {
    "version": {
        "essentia": "2.1-beta2"
    }
},
"lowLevel": {
    "dissonance": {
        "mean": 0.183515623212
    },
    "hfc": {
        "mean": 23.3057346344
    },
    "spectral_centroid": {
        "mean": 0.0854483023286
    },
    "mfcc": {
        "mean": [-700.788391113, 99.895149231, -163.388366699, -12.1036472321, -37.1239776611, -17.0113868713, -40.6875038147, -38.1986198425, -39.5060768127, -30.3893661499, -13.2473421097, -13.8400011063, -21.8534355164, -6.19245290756, -0.472540766001, 12.8109531403, 21.9293460846, 26.0678596497, 23.2915630341, 16.6674346924, 9.18160820007, -4.45936441422, -20.4827728271, -31.6797008514, -18.6105327606, 0.304489433765, 21.5503616333, 28.5936908722, 14.0853414536, -9.36175918579, -22.4141368866, -15.5724563599, -4.04348945618, 5.2196688652, 5.08003902435, -0.38884100318, -2.07426834106, 0.588042497635, 5.6378736496, 4.38369083405]
    },
    "spectral_contrast": {
        "mean": [-0.397546112537, -0.403654754162, -0.445981949568, -0.547420740128, -0.706797122955, -0.744085073471]
    }
},
"sfx": {
    "inharmonicity": {
        "mean": 0.132557779551
    },
    "logattacktime": {
        "mean": -5
    }
}
}