{
"metadata": {
    "version": {
        "essentia": "2.1-beta2"
    }
},
"lowLevel": {
    "average_loudness": 0.721977293491,
    "barkbands_kurtosis": {
        "mean": 27.642074585
    },
    "barkbands_skewness": {
        "mean": -0.923901975155
    },
    "barkbands_spread": {
        "mean": 25.0551757812
    },
    "dissonance": {
        "mean": 0.490358382463
    },
    "hfc": {
        "mean": 90.4874267578
    },
    "pitch": {
        "mean": 1844.80895996
    },
    "pitch_instantaneous_confidence": {
        "mean": 0.365870773792
    },
    "pitch_salience": {
        "mean": 0.608463346958
    },
    "silence_rate_20dB": {
        "mean": 1
    },
    "silence_rate_30dB": {
        "mean": 0.927835047245
    },
    "silence_rate_60dB": {
        "mean": 0.64948451519
    },
    "spectral_centroid": {
        "mean": 3327.15332031
    },
    "spectral_complexity": {
        "mean": 12.4123706818
    },
    "spectral_crest": {
        "mean": 8.88718605042
    },
    "spectral_decrease": {
        "mean": -2.53440490816e-09
    },
    "spectral_energy": {
        "mean": 0.0177729073912
    },
    "spectral_energyband_high": {
        "mean": 0.010786190629
    },
    "spectral_energyband_low": {
        "mean": 2.25939438678e-05
    },
    "spectral_energyband_middle_high": {
        "mean": 0.0065861037001
    },
    "spectral_energyband_middle_low": {
        "mean": 0.000352146016667
    },
    "spectral_flatness_db": {
        "mean": 0.1960003227
    },
    "spectral_flux": {
        "mean": 0.0499180331826
    },
    "spectral_kurtosis": {
        "mean": 4.68216228485
    },
    "spectral_rms": {
        "mean": 0.00255610886961
    },
    "spectral_rolloff": {
        "mean": 5025.89453125
    },
    "spectral_skewness": {
        "mean": 1.21668827534
    },
    "spectral_spread": {
        "mean": 6566309.5
    },
    "spectral_strongpeak": {
        "mean": 2.78285980225
    },
    "zerocrossingrate": {
        "mean": 0.167394891381
    },
    "barkbands": {
        "mean": [5.70827032789e-05, 3.06382412418e-06, 1.07569846364e-07, 2.83670146928e-07, 1.03455486169e-05, 5.42955312994e-05, 0.000102685255115, 0.000151729487698, 3.176881728e-05, 1.01242376331e-05, 9.17653960641e-06, 4.75305132568e-05, 0.000112334389996, 0.000399538548663, 0.00022729804914, 0.000797601067461, 0.000333983247401, 0.0015987517545, 0.00282328389585, 0.000566603848711, 0.00238389032893, 0.00209768721834, 0.00377321057022, 0.00153873336967, 0.000492351187859, 0.000142610893818, 6.84022006681e-06]
    },
    "mfcc": {
        "mean": [-787.983032227, -17.8182067871, -70.4702224731, 29.3774795532, -9.10742473602, 1.05061376095, -9.63792991638, 7.4008140564, -5.02460861206, 4.64788007736, 14.7577295303, 20.3027572632, 22.5517902374]
    },
    "sccoeffs": {
        "mean": [-0.626139104366, -0.720553517342, -0.802807450294, -0.769405901432, -0.776029825211, -0.711390674114]
    },
    "scvalleys": {
        "mean": [-9.70984458923, -9.24586009979, -8.70440196991, -7.97166919708, -7.60648727417, -9.71531105042]
    }
},
"rhythm": {
    "beats_loudness": {
        "mean": 0.0155320530757
    },
    "bpm": 191.40625,
    "first_peak_bpm": {
        "mean": 191
    },
    "first_peak_spread": {
        "mean": 0
    },
    "first_peak_weight": {
        "mean": 1
    },
    "onset_rate": 0.45036765933,
    "second_peak_bpm": {
        "mean": 0
    },
    "second_peak_spread": {
        "mean": 0
    },
    "second_peak_weight": {
        "mean": 0
    },
    "beats_loudness_band_ratio": {
        "mean": [0.0542869009078, 0.00102865556255, 0.0179140120745, 0.0346120223403, 0.377444475889, 0.518897116184]
    },
    "beats_position": [0.290249437094, 0.603718817234, 0.917188167572, 1.23065757751, 1.54412698746, 1.8575963974],
    "bpm_estimates": [191.40625, 191.406265259, 191.406234741, 191.406234741, 191.406234741],
    "bpm_intervals": [0.31346938014, 0.313469350338, 0.313469409943, 0.313469409943, 0.313469409943],
    "onset_times": [0.0696598663926]
},
"sfx": {
    "inharmonicity": {
        "mean": 0.113685771823
    },
    "oddtoevenharmonicenergyratio": {
        "mean": 13.4559249878
    },
    "pitch_after_max_to_before_max_energy_ratio": 3.1360001564,
    "pitch_centroid": 51.967250824,
    "pitch_max_to_total": 0.350515455008,
    "pitch_min_to_total": 0.0103092780337,
    "tristimulus": {
        "mean": [0.137257382274, 0.415630877018, 0.18800650537]
    }
},
"tonal": {
    "chords_changes_rate": 0.0612244904041,
    "chords_number_rate": 0.0408163256943,
    "chords_strength": {
        "mean": 0.437213033438
    },
    "key_strength": 0.674079477787,
    "tuning_diatonic_strength": 0.524961650372,
    "tuning_equal_tempered_deviation": 0.243377014995,
    "tuning_frequency": 447.432556152,
    "tuning_nontempered_energy_ratio": 0.971685230732,
    "hpcp": {
        "mean": [0.547949373722, 0.352785021067, 0.323838800192, 0.234006032348, 0.183215767145, 0.235941380262, 0.256740272045, 0.203023895621, 0.209291785955, 0.313438892365, 0.34926533699, 0.332433342934, 0.289326757193, 0.233957290649, 0.306615620852, 0.310118943453, 0.219941288233, 0.187154665589, 0.123535051942, 0.0973080843687, 0.187343493104, 0.528742551804, 0.688710689545, 0.524023115635, 0.352853685617, 0.205562636256, 0.179778113961, 0.176848366857, 0.205774441361, 0.279347449541, 0.308385163546, 0.294140189886, 0.388585954905, 0.378411471844, 0.389511406422, 0.623419880867]
    },
    "chords_histogram": [20.4081630707, 0, 0, 0, 0, 0, 0, 79.591835022, 0, 0, 0, 0, 0, 0, 0, 0, 0, 0, 0, 0, 0, 0, 0, 0],
    "thpcp": [1, 0.76087552309, 0.512339472771, 0.29847458005, 0.261035740376, 0.25678178668, 0.298782110214, 0.405609279871, 0.447771698236, 0.427088171244, 0.564222335815, 0.549449086189, 0.565566062927, 0.905198514462, 0.795616209507, 0.512239813805, 0.47021022439, 0.33977407217, 0.266027182341, 0.342584162951, 0.37278392911, 0.294788360596, 0.303889274597, 0.455109655857, 0.507129251957, 0.482689380646, 0.420099109411, 0.339703291655, 0.445202350616, 0.450289130211, 0.319352209568, 0.271746426821, 0.179371476173, 0.141290217638, 0.272020608187, 0.767728090286],
    "chords_key": "A",
    "chords_scale": "major",
    "key_key": "A",
    "key_scale": "minor",
    "chords_progression": ["A", "A", "A", "A", "A", "A", "A", "A", "A", "Am", "A", "A", "A", "A", "A", "A", "A", "A", "A", "A", "A", "A", "A", "A", "A", "A", "A", "A", "A", "A", "A", "A", "A", "A", "A", "A", "A", "A", "A", "A", "Am", "Am", "Am", "Am", "Am", "Am", "Am", "Am", "Am"]
}
}