{
"metadata": {
    "version": {
        "essentia": "2.1-beta2"
    }
},
"lowLevel": {
    "average_loudness": 0.552989780903,
    "barkbands_kurtosis": {
        "mean": 42.4760704041
    },
    "barkbands_skewness": {
        "mean": 2.22884654999
    },
    "barkbands_spread": {
        "mean": 10.6989307404
    },
    "dissonance": {
        "mean": 0.364549219608
    },
    "hfc": {
        "mean": 0.213164195418
    },
    "pitch": {
        "mean": 227.772689819
    },
    "pitch_instantaneous_confidence": {
        "mean": 0.788060963154
    },
    "pitch_salience": {
        "mean": 0.513993442059
    },
    "silence_rate_20dB": {
        "mean": 1
    },
    "silence_rate_30dB": {
        "mean": 1
    },
    "silence_rate_60dB": {
        "mean": 1
    },
    "spectral_centroid": {
        "mean": 708.469238281
    },
    "spectral_complexity": {
        "mean": 1.43016755581
    },
    "spectral_crest": {
        "mean": 11.8971948624
    },
    "spectral_decrease": {
        "mean": -5.20267474935e-11
    },
    "spectral_energy": {
        "mean": 0.000215694977669
    },
    "spectral_energyband_high": {
        "mean": 1.60015304118e-07
    },
    "spectral_energyband_low": {
        "mean": 2.2323979465e-06
    },
    "spectral_energyband_middle_high": {
        "mean": 9.69621978584e-05
    },
    "spectral_energyband_middle_low": {
        "mean": 0.000115185619507
    },
    "spectral_flatness_db": {
        "mean": 0.293385714293
    },
    "spectral_flux": {
        "mean": 0.00141010235529
    },
    "spectral_kurtosis": {
        "mean": 21.2656364441
    },
    "spectral_rms": {
        "mean": 0.000346667657141
    },
    "spectral_rolloff": {
        "mean": 1177.94995117
    },
    "spectral_skewness": {
        "mean": 3.85355138779
    },
    "spectral_spread": {
        "mean": 9235897
    },
    "spectral_strongpeak": {
        "mean": 0.188873797655
    },
    "zerocrossingrate": {
        "mean": 0.0497146695852
    },
    "barkbands": {
        "mean": [2.67145514954e-06, 5.87469799029e-07, 1.30941828047e-07, 1.26234596109e-07, 3.80402780138e-05, 8.82584814121e-08, 1.54049921548e-05, 2.02867447285e-08, 6.15038225078e-05, 2.39350674747e-06, 1.91706650554e-08, 9.67317100731e-06, 4.10227926295e-07, 6.04869819654e-05, 1.46079992192e-05, 7.70767928771e-06, 4.82593520701e-07, 3.49487180529e-07, 5.30251668351e-07, 3.25829006442e-07, 5.29677883776e-08, 6.04693894957e-08, 7.00935309794e-09, 1.18261853643e-08, 1.9669670337e-09, 4.63720950528e-10, 2.77414341499e-10]
    },
    "mfcc": {
        "mean": [-998.491088867, 100.697067261, -10.105512619, -5.38844871521, 8.01246070862, 0.188153401017, -7.6356010437, -8.50866603851, 2.72323322296, 11.6001834869, 3.69956970215, -8.88143444061, -1.41349506378]
    },
    "sccoeffs": {
        "mean": [-0.664612054825, -0.655315995216, -0.660556197166, -0.705265939236, -0.805030107498, -0.860466241837]
    },
    "scvalleys": {
        "mean": [-9.64015769958, -10.8827486038, -11.6918821335, -11.8376722336, -12.6240110397, -13.6503248215]
    }
},
"rhythm": {
    "beats_loudness": {
        "mean": 0.000258905201918
    },
    "bpm": 110.753562927,
    "first_peak_bpm": {
        "mean": 110
    },
    "first_peak_spread": {
        "mean": 0.333333313465
    },
    "first_peak_weight": {
        "mean": 0.666666686535
    },
    "onset_rate": 1.93799304962,
    "second_peak_bpm": {
        "mean": 0
    },
    "second_peak_spread": {
        "mean": 0
    },
    "second_peak_weight": {
        "mean": 0
    },
    "beats_loudness_band_ratio": {
        "mean": [0.391616761684, 0.119702003896, 0.255083471537, 0.199575230479, 0.0535122826695, 0.00243630143814]
    },
    "beats_position": [0.53405892849, 1.07972788811, 1.6137868166, 2.14784574509, 2.69351458549, 3.23918366432, 3.78485250473],
    "bpm_estimates": [109.95677948, 112.34715271, 112.34715271, 109.956802368, 109.956756592, 109.956802368],
    "bpm_intervals": [0.545668959618, 0.53405892849, 0.53405892849, 0.545668840408, 0.545669078827, 0.545668840408],
    "onset_times": [0.0232199542224, 0.174149662256, 0.31346938014, 2.89088439941, 3.15791392326, 3.50621318817, 3.61070299149, 3.90095233917]
},
"sfx": {
    "inharmonicity": {
        "mean": 0.0132217928767
    },
    "oddtoevenharmonicenergyratio": {
        "mean": 4.56222248077
    },
    "pitch_after_max_to_before_max_energy_ratio": 4.19568872452,
    "pitch_centroid": 86.1374435425,
    "pitch_max_to_total": 0,
    "pitch_min_to_total": 0.932960867882,
    "tristimulus": {
        "mean": [0.476654022932, 0.503071129322, 0.0194314066321]
    }
},
"tonal": {
    "chords_changes_rate": 0.0333333350718,
    "chords_number_rate": 0.0222222227603,
    "chords_strength": {
        "mean": 0.450188785791
    },
    "key_strength": 0.54226142168,
    "tuning_diatonic_strength": 0.447991251945,
    "tuning_equal_tempered_deviation": 0.107300050557,
    "tuning_frequency": 441.527557373,
    "tuning_nontempered_energy_ratio": 0.644487500191,
    "hpcp": {
        "mean": [0.777107656002, 0.365391403437, 0.0063856523484, 0.0032398707699, 0.0032613996882, 0.0664921626449, 0.144156590104, 0.0831380113959, 0.00552837131545, 0.00494297826663, 0.022661106661, 0.0926914736629, 0.0903041958809, 0.0185082443058, 0.00680362107232, 0.0102690588683, 0.00943557731807, 0.00665028765798, 0.00392565783113, 0.0034110811539, 0.272949934006, 0.528178453445, 0.327029645443, 0.170541480184, 0.1098202914, 0.0354876108468, 0.0482670478523, 0.0475993417203, 0.316550910473, 0.583624243736, 0.302962005138, 0.0145194744691, 0.0110216960311, 0.0173121765256, 0.0313673615456, 0.437541157007]
    },
    "chords_histogram": [30, 0, 0, 0, 0, 0, 0, 0, 0, 0, 0, 0, 0, 0, 0, 0, 0, 70, 0, 0, 0, 0, 0, 0],
    "thpcp": [1, 0.470194071531, 0.00821720436215, 0.00416914001107, 0.0041968440637, 0.0855636447668, 0.18550401926, 0.106983907521, 0.00711403554305, 0.00636073807254, 0.0291608329862, 0.119277521968, 0.116205513477, 0.0238168351352, 0.00875505618751, 0.0132144615054, 0.0121419178322, 0.00855774339288, 0.00505162682384, 0.00438945787027, 0.351238250732, 0.679672181606, 0.42082926631, 0.219456702471, 0.141319274902, 0.0456662736833, 0.0621111467481, 0.0612519271672, 0.407344996929, 0.75102108717, 0.389858484268, 0.0186839941889, 0.0141829717904, 0.022277707234, 0.0403642430902, 0.563038051128],
    "chords_key": "A",
    "chords_scale": "minor",
    "key_key": "A",
    "key_scale": "major",
    "chords_progression": ["A", "A", "A", "A", "A", "A", "A", "A", "A", "A", "A", "A", "A", "A", "A", "A", "A", "A", "A", "A", "A", "A", "A", "A", "A", "Am", "Am", "Am", "Am", "Am", "Am", "Am", "Am", "Am", "Am", "Am", "Am", "Am", "Am", "Am", "Am", "Am", "Am", "Am", "Am", "Am", "Am", "Am", "Am", "Am", "Am", "Am", "Am", "Am", "Am", "Am", "Am", "Am", "A", "A", "Am", "Am", "Am", "Am", "Am", "Am", "Am", "Am", "Am", "Am", "Am", "Am", "Am", "Am", "Am", "Am", "Am", "Am", "Am", "Am", "Am", "Am", "Am", "Am", "Am", "Am", "Am", "Am", "Am", "Am"]
}
}