{
"metadata": {
    "version": {
        "essentia": "2.1-beta2"
    }
},
"lowLevel": {
    "average_loudness": 0.99068403244,
    "barkbands_kurtosis": {
        "mean": 161.415740967
    },
    "barkbands_skewness": {
        "mean": 4.94677209854
    },
    "barkbands_spread": {
        "mean": 10.6608428955
    },
    "dissonance": {
        "mean": 0.274901866913
    },
    "hfc": {
        "mean": 22.5325660706
    },
    "pitch": {
        "mean": 390.582122803
    },
    "pitch_instantaneous_confidence": {
        "mean": 0.775952279568
    },
    "pitch_salience": {
        "mean": 0.143586471677
    },
    "silence_rate_20dB": {
        "mean": 0.988095223904
    },
    "silence_rate_30dB": {
        "mean": 0.916666686535
    },
    "silence_rate_60dB": {
        "mean": 0.845238089561
    },
    "spectral_centroid": {
        "mean": 1083.39355469
    },
    "spectral_complexity": {
        "mean": 6.01190471649
    },
    "spectral_crest": {
        "mean": 19.1028633118
    },
    "spectral_decrease": {
        "mean": -4.06750633175e-09
    },
    "spectral_energy": {
        "mean": 0.017395477742
    },
    "spectral_energyband_high": {
        "mean": 0.00224218727089
    },
    "spectral_energyband_low": {
        "mean": 0.000778562098276
    },
    "spectral_energyband_middle_high": {
        "mean": 0.00176145683508
    },
    "spectral_energyband_middle_low": {
        "mean": 0.0132195781916
    },
    "spectral_flatness_db": {
        "mean": 0.479868561029
    },
    "spectral_flux": {
        "mean": 0.0292538665235
    },
    "spectral_kurtosis": {
        "mean": 21.6318302155
    },
    "spectral_rms": {
        "mean": 0.00159868760966
    },
    "spectral_rolloff": {
        "mean": 1883.89697266
    },
    "spectral_skewness": {
        "mean": 3.42899608612
    },
    "spectral_spread": {
        "mean": 18420964
    },
    "spectral_strongpeak": {
        "mean": 0.276971966028
    },
    "zerocrossingrate": {
        "mean": 0.0719168558717
    },
    "barkbands": {
        "mean": [1.33754852527e-07, 1.17510253403e-05, 0.000245274073677, 0.00173457246274, 0.0101314568892, 0.000448039063485, 0.000398219475755, 0.000199441128643, 0.000189807804418, 0.00032734850538, 7.39286115277e-05, 6.66361083859e-05, 5.44168615306e-05, 6.81668389007e-05, 9.42056067288e-05, 7.51332918298e-05, 0.000166947458638, 0.000315135577694, 0.000290013704216, 0.000624796899501, 0.000643036095425, 0.000201040063985, 0.000327741727233, 0.000359414756531, 0.000226041811402, 9.49099194258e-05, 2.78716233879e-05]
    },
    "mfcc": {
        "mean": [-1019.25085449, 31.3306217194, 21.1446704865, 20.9389438629, 9.14085483551, 1.96269989014, -3.32162809372, -8.85370349884, -13.1221084595, -15.7899618149, -20.2845897675, -19.3380393982, -21.8900794983]
    },
    "sccoeffs": {
        "mean": [-0.42584964633, -0.826890230179, -0.890310287476, -0.88532269001, -0.886819183826, -0.900742411613]
    },
    "scvalleys": {
        "mean": [-13.3669023514, -13.1438674927, -13.4231119156, -13.5140352249, -13.6180534363, -13.8944673538]
    }
},
"rhythm": {
    "beats_loudness": {
        "mean": 0.000802333641332
    },
    "bpm": 149.103866577,
    "first_peak_bpm": {
        "mean": 148
    },
    "first_peak_spread": {
        "mean": 0.333333313465
    },
    "first_peak_weight": {
        "mean": 0.666666686535
    },
    "onset_rate": 0.520839452744,
    "second_peak_bpm": {
        "mean": 0
    },
    "second_peak_spread": {
        "mean": 0
    },
    "second_peak_weight": {
        "mean": 0
    },
    "beats_loudness_band_ratio": {
        "mean": [0.917825877666, 0.627050578594, 0.00061219627969, 0.000277501821984, 0.00157627917361, 0.00403582211584]
    },
    "beats_position": [0.371519267559, 0.766258478165, 1.17260766029, 1.57895684242],
    "bpm_estimates": [151.999084473, 147.656265259, 147.656265259],
    "bpm_intervals": [0.394739210606, 0.406349182129, 0.406349182129],
    "onset_times": [0.0232199542224]
},
"sfx": {
    "inharmonicity": {
        "mean": 0.0149176372215
    },
    "oddtoevenharmonicenergyratio": {
        "mean": 275240.40625
    },
    "pitch_after_max_to_before_max_energy_ratio": 3.81735634804,
    "pitch_centroid": 25.8045444489,
    "pitch_max_to_total": 0.047619048506,
    "pitch_min_to_total": 0,
    "tristimulus": {
        "mean": [0.804810941219, 0.151238843799, 0.0360879823565]
    }
},
"tonal": {
    "chords_changes_rate": 0.0465116277337,
    "chords_number_rate": 0.0697674453259,
    "chords_strength": {
        "mean": 0.467166602612
    },
    "key_strength": 0.597688436508,
    "tuning_diatonic_strength": 0.508071362972,
    "tuning_equal_tempered_deviation": 0.155027419329,
    "tuning_frequency": 432.441040039,
    "tuning_nontempered_energy_ratio": 0.666812062263,
    "hpcp": {
        "mean": [0.0101899569854, 0.00681980140507, 0.00570543296635, 0.00585153419524, 0.00661546876654, 0.00919938087463, 0.00965262856334, 0.00862709898502, 0.00815687235445, 0.011239872314, 0.014087301679, 0.0129076093435, 0.0108347181231, 0.0109223062173, 0.0155389988795, 0.0154049927369, 0.0116500435397, 0.0124875186011, 0.0118190990761, 0.00661888159811, 0.004015725106, 0.00510574132204, 0.00420197937638, 0.00360323721543, 0.00533354422078, 0.00531257968396, 0.00691092014313, 0.0103062121198, 0.0213986616582, 0.297126173973, 0.813356995583, 0.594559013844, 0.130683794618, 0.106427438557, 0.0421393997967, 0.00977223739028]
    },
    "chords_histogram": [11.6279067993, 0, 2.32558131218, 0, 0, 0, 0, 0, 0, 86.0465087891, 0, 0, 0, 0, 0, 0, 0, 0, 0, 0, 0, 0, 0, 0],
    "thpcp": [1, 0.730993926525, 0.160672128201, 0.130849599838, 0.0518092289567, 0.0120146963745, 0.0125282714143, 0.00838475767523, 0.00701467273757, 0.00719430018216, 0.0081335362047, 0.0113103855401, 0.01186764054, 0.0106067806482, 0.0100286500528, 0.0138191133738, 0.0173199493438, 0.0158695504069, 0.0133209871128, 0.0134286740795, 0.0191047713161, 0.018940012902, 0.0143234068528, 0.0153530593961, 0.014531256631, 0.00813773274422, 0.00493722315878, 0.00627736840397, 0.00516621768475, 0.004430080764, 0.0065574455075, 0.00653167022392, 0.00849678553641, 0.0126712033525, 0.0263090636581, 0.365308433771],
    "chords_key": "G",
    "chords_scale": "major",
    "key_key": "C",
    "key_scale": "minor",
    "chords_progression": ["G", "G", "G", "G", "G", "G", "G", "G", "G", "G", "G", "G", "G", "G", "G", "G", "G", "G", "G", "G", "G", "G", "G", "G", "G", "G", "G", "G", "G", "G", "G", "G", "G", "G", "G", "G", "G", "Gm", "Cm", "Cm", "Cm", "Cm", "Cm"]
}
}