{
"metadata": {
    "version": {
        "essentia": "2.1-beta2"
    }
},
"lowLevel": {
    "dissonance": {
        "mean": 0.381574511528
    },
    "hfc": {
        "mean": 1.35394239426
    },
    "spectral_centroid": {
        "mean": 0.187345206738
    },
    "mfcc": {
        "mean": [-888.718933105, -42.3893280029, -65.3178329468, 37.9971046448, 15.7818241119, 18.0290050507, -12.9643068314, -3.20861124992, -2.89790225029, 25.1046485901, 34.2613868713, 1.41807031631, -22.6639461517, -3.60090637207, 10.0471820831, 9.80253982544, -20.6049880981, -11.5531101227, 7.21441650391, 31.6555614471, 15.8830795288, -6.1323595047, -1.22942137718, -5.96196174622, -5.47505378723, -2.50364756584, -0.278500914574, 6.92891836166, 5.8849401474, 2.34999322891, -6.62145137787, -5.07987546921, 0.0751014649868, 8.16494750977, 1.8740156889, -3.80401587486, -6.97694349289, -2.3523144722, 5.37309789658, 2.52767753601]
    },
    "spectral_contrast": {
        "mean": [-0.799546837807, -0.765153944492, -0.626623690128, -0.780963301659, -0.751169145107, -0.749180316925]
    }
},
"sfx": {
    "inharmonicity": {
        "mean": 0.22180403769
    },
    "logattacktime": {
        "mean": -5
    }
}
}