{
"metadata": {
    "version": {
        "essentia": "2.1-beta2"
    }
},
"lowLevel": {
    "average_loudness": 0.99068403244,
    "barkbands_kurtosis": {
        "mean": 4.68312215805
    },
    "barkbands_skewness": {
        "mean": 1.80157148838
    },
    "barkbands_spread": {
        "mean": 7.40958356857
    },
    "dissonance": {
        "mean": 0.277411192656
    },
    "hfc": {
        "mean": 5.6829419136
    },
    "pitch": {
        "mean": 415.173858643
    },
    "pitch_instantaneous_confidence": {
        "mean": 0.939538002014
    },
    "pitch_salience": {
        "mean": 0.494404703379
    },
    "silence_rate_20dB": {
        "mean": 1
    },
    "silence_rate_30dB": {
        "mean": 1
    },
    "silence_rate_60dB": {
        "mean": 0.802816927433
    },
    "spectral_centroid": {
        "mean": 909.762084961
    },
    "spectral_complexity": {
        "mean": 3.36619710922
    },
    "spectral_crest": {
        "mean": 16.8907165527
    },
    "spectral_decrease": {
        "mean": -1.06864250782e-09
    },
    "spectral_energy": {
        "mean": 0.00454875873402
    },
    "spectral_energyband_high": {
        "mean": 0.00027464426239
    },
    "spectral_energyband_low": {
        "mean": 0.000119624673971
    },
    "spectral_energyband_middle_high": {
        "mean": 0.00139260920696
    },
    "spectral_energyband_middle_low": {
        "mean": 0.00279034138657
    },
    "spectral_flatness_db": {
        "mean": 0.473208189011
    },
    "spectral_flux": {
        "mean": 0.0107299508527
    },
    "spectral_kurtosis": {
        "mean": 57.1716842651
    },
    "spectral_rms": {
        "mean": 0.00123639113735
    },
    "spectral_rolloff": {
        "mean": 1402.38842773
    },
    "spectral_skewness": {
        "mean": 6.17569208145
    },
    "spectral_spread": {
        "mean": 4579557
    },
    "spectral_strongpeak": {
        "mean": 0.545040011406
    },
    "zerocrossingrate": {
        "mean": 0.0554921329021
    },
    "barkbands": {
        "mean": [1.46792808664e-06, 3.49307811121e-05, 6.93588081049e-05, 5.78704421059e-05, 0.00022138566419, 0.000241534464294, 0.00222911848687, 2.90408479486e-06, 1.97677709366e-05, 0.000758578884415, 4.14783562519e-06, 5.38630811207e-05, 1.70798684849e-05, 0.000146033038618, 7.42503380025e-06, 0.000247120304266, 1.39107114592e-05, 7.13505869498e-05, 5.3106512496e-05, 3.30895345542e-05, 2.13242692553e-05, 5.55304104637e-05, 3.56753262167e-05, 2.41813086177e-05, 5.45230650459e-05, 5.96522913838e-05, 1.38361647259e-05]
    },
    "mfcc": {
        "mean": [-971.404296875, 76.2882919312, -36.5064582825, -26.9342060089, -18.6370620728, -18.8032836914, -21.9560108185, -13.7397212982, -11.5213928223, -9.82639694214, -6.18119859695, 9.0092086792, 29.9461135864]
    },
    "sccoeffs": {
        "mean": [-0.861726224422, -0.381622523069, -0.463363230228, -0.512121856213, -0.694864988327, -0.854366660118]
    },
    "scvalleys": {
        "mean": [-11.5013151169, -11.7157258987, -12.1124076843, -12.7419185638, -13.5261106491, -14.0897798538]
    }
},
"rhythm": {
    "beats_loudness": {
        "mean": 0.00049480854068
    },
    "bpm": 112.347137451,
    "first_peak_bpm": {
        "mean": 112
    },
    "first_peak_spread": {
        "mean": 0
    },
    "first_peak_weight": {
        "mean": 1
    },
    "onset_rate": 0.621897578239,
    "second_peak_bpm": {
        "mean": 0
    },
    "second_peak_spread": {
        "mean": 0
    },
    "second_peak_weight": {
        "mean": 0
    },
    "beats_loudness_band_ratio": {
        "mean": [3.39859298037e-07, 0.104312025011, 0.483399719, 0.464862763882, 0.0526440292597, 0.00127680646256]
    },
    "beats_position": [0.522448956966, 1.05650794506],
    "bpm_estimates": [112.347137451],
    "bpm_intervals": [0.534058988094],
    "onset_times": [0.0232199542224]
},
"sfx": {
    "inharmonicity": {
        "mean": 0.0409251190722
    },
    "oddtoevenharmonicenergyratio": {
        "mean": 1.81260728836
    },
    "pitch_after_max_to_before_max_energy_ratio": 0.0234352070838,
    "pitch_centroid": 35.5541763306,
    "pitch_max_to_total": 0.985915482044,
    "pitch_min_to_total": 0,
    "tristimulus": {
        "mean": [0.328432559967, 0.649782001972, 0.0211942885071]
    }
},
"tonal": {
    "chords_changes_rate": 0.0277777779847,
    "chords_number_rate": 0.0555555559695,
    "chords_strength": {
        "mean": 0.410935491323
    },
    "key_strength": 0.584613084793,
    "tuning_diatonic_strength": 0.412208169699,
    "tuning_equal_tempered_deviation": 0.132269710302,
    "tuning_frequency": 440.254241943,
    "tuning_nontempered_energy_ratio": 0.746185541153,
    "hpcp": {
        "mean": [0.00341987935826, 0.00141383102164, 0.00184903247282, 0.00210700905882, 0.00155293545686, 0.000598020735197, 0.00147871812806, 0.00227171112783, 0.0264035314322, 0.0461561307311, 0.0271688885987, 0.0133600123227, 0.0076308241114, 0.00288305385038, 0.00451967446133, 0.00245943386108, 0.000355046591721, 0.0054347012192, 0.0213396064937, 0.0200648121536, 0.00428161676973, 0.000367477245163, 0.00049073836999, 0.000598303740844, 0.000968223030213, 0.00436580600217, 0.00626008026302, 0.00361385778524, 0.013001726009, 0.0291826725006, 0.0360911898315, 0.0594324655831, 0.277656108141, 0.973308861256, 0.84037309885, 0.107222691178]
    },
    "chords_histogram": [38.8888893127, 0, 0, 0, 0, 0, 0, 61.1111106873, 0, 0, 0, 0, 0, 0, 0, 0, 0, 0, 0, 0, 0, 0, 0, 0],
    "thpcp": [1, 0.863418698311, 0.110163070261, 0.00351366307586, 0.00145260267891, 0.00189973867964, 0.00216478970833, 0.00159552169498, 0.000614420336206, 0.00151926919352, 0.002334008459, 0.027127597481, 0.0474218763411, 0.0279139429331, 0.0137263853103, 0.00784008484334, 0.00296211615205, 0.00464361812919, 0.00252687907778, 0.000364783074474, 0.00558373751119, 0.0219248048961, 0.0206150505692, 0.00439903186634, 0.000377554621082, 0.000504195922986, 0.000614711083472, 0.000994774745777, 0.00448552984744, 0.0064317509532, 0.00371296098456, 0.0133582735434, 0.029982952401, 0.0370809212327, 0.0610622875392, 0.285270303488],
    "chords_key": "C#",
    "chords_scale": "major",
    "key_key": "C#",
    "key_scale": "minor",
    "chords_progression": ["C#", "C#", "C#", "C#", "C#", "C#", "C#", "C#", "C#", "C#", "C#", "C#", "C#", "C#", "C#", "C#", "C#", "C#", "C#", "C#", "C#", "C#", "C#m", "C#m", "C#m", "C#m", "C#m", "C#m", "C#m", "C#m", "C#m", "C#m", "C#m", "C#m", "C#m", "C#m"]
}
}