{
"metadata": {
    "version": {
        "essentia": "2.1-beta2"
    }
},
"lowLevel": {
    "average_loudness": 0.871733784676,
    "barkbands_kurtosis": {
        "mean": 10.9725847244
    },
    "barkbands_skewness": {
        "mean": 1.27498602867
    },
    "barkbands_spread": {
        "mean": 11.0724782944
    },
    "dissonance": {
        "mean": 0.351668864489
    },
    "hfc": {
        "mean": 0.309405148029
    },
    "pitch": {
        "mean": 217.791046143
    },
    "pitch_instantaneous_confidence": {
        "mean": 0.848711788654
    },
    "pitch_salience": {
        "mean": 0.570765376091
    },
    "silence_rate_20dB": {
        "mean": 1
    },
    "silence_rate_30dB": {
        "mean": 1
    },
    "silence_rate_60dB": {
        "mean": 1
    },
    "spectral_centroid": {
        "mean": 610.360961914
    },
    "spectral_complexity": {
        "mean": 2.32160806656
    },
    "spectral_crest": {
        "mean": 12.2292709351
    },
    "spectral_decrease": {
        "mean": -9.35815591685e-11
    },
    "spectral_energy": {
        "mean": 0.00038126137224
    },
    "spectral_energyband_high": {
        "mean": 2.31628703773e-07
    },
    "spectral_energyband_low": {
        "mean": 2.62547314378e-06
    },
    "spectral_energyband_middle_high": {
        "mean": 0.000141379176057
    },
    "spectral_energyband_middle_low": {
        "mean": 0.000235681713093
    },
    "spectral_flatness_db": {
        "mean": 0.275940895081
    },
    "spectral_flux": {
        "mean": 0.00161753722932
    },
    "spectral_kurtosis": {
        "mean": 20.7334671021
    },
    "spectral_rms": {
        "mean": 0.000488095509354
    },
    "spectral_rolloff": {
        "mean": 1090.51000977
    },
    "spectral_skewness": {
        "mean": 3.83770394325
    },
    "spectral_spread": {
        "mean": 8319542
    },
    "spectral_strongpeak": {
        "mean": 0.134737223387
    },
    "zerocrossingrate": {
        "mean": 0.0415308959782
    },
    "barkbands": {
        "mean": [3.2510561141e-06, 6.75139403938e-07, 4.82720032835e-08, 9.80861116773e-08, 0.000123643287225, 6.57397407622e-08, 3.87270301871e-05, 2.92652657663e-08, 7.31152977096e-05, 9.33082355914e-06, 5.0002373797e-08, 3.38706704497e-05, 3.07721325044e-06, 6.32159644738e-05, 1.52753764269e-05, 1.24409589262e-05, 2.6944221645e-06, 2.65142830358e-07, 6.27427539257e-07, 5.8665045799e-07, 5.05970234599e-08, 8.49125356694e-08, 1.27054784471e-08, 1.83662827169e-08, 6.32769969755e-09, 1.48140599787e-09, 3.96298605043e-10]
    },
    "mfcc": {
        "mean": [-965.621765137, 122.54460144, -16.6103229523, -8.58413696289, 7.23291873932, -7.94065475464, -12.5054597855, -7.45298624039, -1.14303123951, 1.01820206642, -5.11567926407, -8.67117977142, 0.0311392787844]
    },
    "sccoeffs": {
        "mean": [-0.616292119026, -0.62332123518, -0.624640524387, -0.701911747456, -0.787401795387, -0.864528000355]
    },
    "scvalleys": {
        "mean": [-9.50335884094, -10.4388246536, -11.2698087692, -11.2565374374, -12.0716304779, -13.1090621948]
    }
},
"rhythm": {
    "beats_loudness": {
        "mean": 0.000436216883827
    },
    "bpm": 206.71875,
    "first_peak_bpm": {
        "mean": 207
    },
    "first_peak_spread": {
        "mean": 0
    },
    "first_peak_weight": {
        "mean": 0.461538463831
    },
    "onset_rate": 2.18150520325,
    "second_peak_bpm": {
        "mean": 199
    },
    "second_peak_spread": {
        "mean": 0
    },
    "second_peak_weight": {
        "mean": 0.307692319155
    },
    "beats_loudness_band_ratio": {
        "mean": [0.165959969163, 0.27398070693, 0.311640202999, 0.235277801752, 0.0567806065083, 0.00266097625718]
    },
    "beats_position": [0.31346938014, 0.638548731804, 0.96362811327, 1.27709746361, 1.5673469305, 1.8575963974, 2.14784574509, 2.43809509277, 2.73995471001, 3.04181408882, 3.34367346764, 3.64553284645, 3.93578219414, 4.22603178024],
    "bpm_estimates": [206.718719482, 206.718719482, 206.718811035, 206.718811035, 206.718811035, 206.718643188],
    "bpm_intervals": [0.325079351664, 0.325079381466, 0.313469350338, 0.290249466896, 0.290249466896, 0.290249347687, 0.290249347687, 0.301859617233, 0.301859378815, 0.301859378815, 0.301859378815, 0.290249347687, 0.290249586105],
    "onset_times": [0.0348299331963, 0.208979591727, 0.592108845711, 1.86920630932, 2.33360552788, 3.54104304314, 3.69197273254, 4.07510185242, 4.28408145905, 4.53950119019]
},
"sfx": {
    "inharmonicity": {
        "mean": 0.00831129401922
    },
    "oddtoevenharmonicenergyratio": {
        "mean": 1.82401645184
    },
    "pitch_after_max_to_before_max_energy_ratio": 18.1018695831,
    "pitch_centroid": 98.8819503784,
    "pitch_max_to_total": 0.0502512566745,
    "pitch_min_to_total": 0.894472360611,
    "tristimulus": {
        "mean": [0.483118861914, 0.499834954739, 0.0165462326258]
    }
},
"tonal": {
    "chords_changes_rate": 0.00999999977648,
    "chords_number_rate": 0.019999999553,
    "chords_strength": {
        "mean": 0.495050281286
    },
    "key_strength": 0.605985879898,
    "tuning_diatonic_strength": 0.474846839905,
    "tuning_equal_tempered_deviation": 0.0612856671214,
    "tuning_frequency": 441.272583008,
    "tuning_nontempered_energy_ratio": 0.60534954071,
    "hpcp": {
        "mean": [0.95207887888, 0.465578168631, 0.00415830267593, 0.00171018345281, 0.00117396307178, 0.0290341563523, 0.0673418417573, 0.0402038544416, 0.00478263245896, 0.00539634469897, 0.0191068369895, 0.113653548062, 0.122334003448, 0.0279643274844, 0.00604214891791, 0.0104240765795, 0.0153991440311, 0.010822840035, 0.00374119705521, 0.002259505447, 0.131196781993, 0.273070901632, 0.178689152002, 0.0919072255492, 0.0587556175888, 0.013955457136, 0.024529395625, 0.0230151060969, 0.11608671397, 0.245479300618, 0.157637670636, 0.024845443666, 0.00944629311562, 0.00409218436107, 0.0117850946262, 0.500872910023]
    },
    "chords_histogram": [0, 0, 69, 0, 0, 0, 0, 0, 0, 0, 0, 0, 0, 0, 0, 0, 0, 0, 0, 31, 0, 0, 0, 0],
    "thpcp": [1, 0.489012181759, 0.00436760298908, 0.00179626233876, 0.00123305234592, 0.0304955374449, 0.0707313716412, 0.0422274395823, 0.00502335745841, 0.00566795980558, 0.0200685448945, 0.119374088943, 0.128491461277, 0.0293718595058, 0.00634626904503, 0.0109487529844, 0.0161742307246, 0.0113675873727, 0.00392950326204, 0.00237323343754, 0.137800320983, 0.286815404892, 0.187683135271, 0.0965332016349, 0.0617129728198, 0.0146578792483, 0.0257640369236, 0.024173527956, 0.121929720044, 0.257835030556, 0.165572077036, 0.0260959938169, 0.00992175471038, 0.00429815705866, 0.0123782753944, 0.526083409786],
    "chords_key": "A",
    "chords_scale": "major",
    "key_key": "D",
    "key_scale": "major",
    "chords_progression": ["A", "A", "A", "A", "A", "A", "A", "A", "A", "A", "A", "A", "A", "A", "A", "A", "A", "A", "A", "A", "A", "A", "A", "A", "A", "A", "A", "A", "A", "A", "A", "A", "A", "A", "A", "A", "A", "A", "A", "A", "A", "A", "A", "A", "A", "A", "A", "A", "A", "A", "A", "A", "A", "A", "A", "A", "A", "A", "A", "A", "A", "A", "A", "A", "A", "A", "A", "A", "A", "Am", "Am", "Am", "Am", "Am", "Am", "Am", "Am", "Am", "Am", "Am", "Am", "Am", "Am", "Am", "Am", "Am", "Am", "Am", "Am", "Am", "Am", "Am", "Am", "Am", "Am", "Am", "Am", "Am", "Am", "Am"]
}
}