{"lowlevel.dissonance.mean": [0.737261176109314], "sfx.inharmonicity.mean": [0.8991858959197998], "lowlevel.spectral_contrast.mean": [[0.5228244066238403, 0.39587879180908203, 0.5137593746185303, 0.6555249691009521, 0.7331769466400146, 0.8965325355529785]], "lowlevel.spectral_centroid.mean": [0.8735934495925903], "lowlevel.mfcc.mean": [[0.8675950765609741, -0.11263036727905273, 0.1808159351348877, 0.5340454578399658, 0.4516773819923401, 0.5418053269386292, 0.24065804481506348, 0.6035183668136597, 0.29132339358329773, 0.6242218017578125, 0.875524640083313, 0.7983923554420471, 0.6665016412734985]], "sfx.logattacktime.mean": [0.32024717330932617], "lowlevel.hfc.mean": [0.6557769775390625]}