{"lowlevel.dissonance.mean": [-0.191683828830719], "sfx.inharmonicity.mean": [0.24898001551628113], "lowlevel.spectral_contrast.mean": [[0.8645221590995789, 0.37222933769226074, 0.2902028560638428, 0.26945972442626953, 0.25865697860717773, 0.2554819583892822]], "lowlevel.spectral_centroid.mean": [0.34004390239715576], "lowlevel.mfcc.mean": [[0.2115708589553833, 0.30404573678970337, 0.635246753692627, 0.5992200374603271, 0.6026180982589722, 0.4808717966079712, 0.432241290807724, 0.3367782533168793, 0.2926706373691559, 0.161160409450531, 0.06977406144142151, 0.023020923137664795, -0.02988356351852417]], "sfx.logattacktime.mean": [0.19002389907836914], "lowlevel.hfc.mean": [0.4743790030479431]}