{"lowlevel.dissonance.mean": [-0.3023257255554199], "sfx.inharmonicity.mean": [0.38011401891708374], "lowlevel.spectral_contrast.mean": [[0.2488405704498291, 1.205298662185669, 1.1937599182128906, 0.8713158369064331, 0.7828712463378906, 0.3998219966888428]], "lowlevel.spectral_centroid.mean": [0.3616023361682892], "lowlevel.mfcc.mean": [[0.2613314390182495, 0.3880009055137634, 0.49324703216552734, 0.3116433620452881, 0.17029812932014465, -0.03500032424926758, 0.10990330576896667, 0.37648487091064453, 0.4113122820854187, 0.37680479884147644, 0.3461969792842865, 0.6232231855392456, 0.8896723985671997]], "sfx.logattacktime.mean": [0.1489449441432953], "lowlevel.hfc.mean": [0.4672052264213562]}