{
"metadata": {
    "version": {
        "essentia": "2.1-beta2"
    }
},
"lowLevel": {
    "dissonance": {
        "mean": 0.306864649057
    },
    "hfc": {
        "mean": 10.1830253601
    },
    "spectral_centroid": {
        "mean": 0.1868134588
    },
    "mfcc": {
        "mean": [-831.276611328, -35.9954223633, -42.8113098145, -0.210736945271, 1.39687979221, 25.9243545532, 15.8583126068, -5.07329940796, -37.1831512451, -26.0739955902, 32.0444030762, 61.7027549744, -21.2224712372, -33.7137718201, 22.353055954, 39.1423950195, -20.9776420593, 31.6165847778, -12.6314172745, -39.0704460144, 34.7970123291, 35.3458709717, -29.1511955261, 2.06387615204, -2.83388328552, -2.69806981087, 21.4233055115, -33.9072761536, 34.9548873901, -13.3726606369, -15.4510965347, 14.5989217758, -5.21846723557, -3.42863202095, -1.84920120239, 13.0131397247, -19.1151847839, 3.16138553619, 5.64033603668, 11.5850849152]
    },
    "spectral_contrast": {
        "mean": [-0.81471401453, -0.819366574287, -0.506840705872, -0.513192236423, -0.650497794151, -0.732692718506]
    }
},
"sfx": {
    "inharmonicity": {
        "mean": 0.255774080753
    },
    "logattacktime": {
        "mean": -5
    }
}
}