{"lowlevel.dissonance.mean": [0.5700328350067139], "sfx.inharmonicity.mean": [0.506982684135437], "lowlevel.spectral_contrast.mean": [[0.33697736263275146, 0.3018087148666382, 1.3501830101013184, 0.39554405212402344, 1.40145742893219, 0.97202467918396]], "lowlevel.spectral_centroid.mean": [0.49375084042549133], "lowlevel.mfcc.mean": [[0.49195802211761475, 0.019601494073867798, 0.2775859236717224, 0.3329043686389923, 0.35137689113616943, 0.7802430391311646, 0.6955131888389587, 1.0075185298919678, 0.3117859363555908, -0.3338800072669983, -0.24558353424072266, 1.1208359003067017, 2.003678321838379]], "sfx.logattacktime.mean": [0.6326917409896851], "lowlevel.hfc.mean": [0.4915141463279724]}