{
"metadata": {
    "version": {
        "essentia": "2.1-beta2"
    }
},
"lowLevel": {
    "average_loudness": 0.966909050941,
    "barkbands_kurtosis": {
        "mean": 0.842376053333
    },
    "barkbands_skewness": {
        "mean": 0.103941999376
    },
    "barkbands_spread": {
        "mean": 16.114730835
    },
    "dissonance": {
        "mean": 0.447001606226
    },
    "hfc": {
        "mean": 20.2973022461
    },
    "pitch": {
        "mean": 726.715270996
    },
    "pitch_instantaneous_confidence": {
        "mean": 0.692079782486
    },
    "pitch_salience": {
        "mean": 0.769762158394
    },
    "silence_rate_20dB": {
        "mean": 1
    },
    "silence_rate_30dB": {
        "mean": 1
    },
    "silence_rate_60dB": {
        "mean": 0.497005999088
    },
    "spectral_centroid": {
        "mean": 1887.8125
    },
    "spectral_complexity": {
        "mean": 4.55688619614
    },
    "spectral_crest": {
        "mean": 8.47260951996
    },
    "spectral_decrease": {
        "mean": -2.95362956315e-09
    },
    "spectral_energy": {
        "mean": 0.0129886902869
    },
    "spectral_energyband_high": {
        "mean": 9.6949210274e-05
    },
    "spectral_energyband_low": {
        "mean": 8.5545046602e-09
    },
    "spectral_energyband_middle_high": {
        "mean": 0.0120622143149
    },
    "spectral_energyband_middle_low": {
        "mean": 0.000829602009617
    },
    "spectral_flatness_db": {
        "mean": 0.286485522985
    },
    "spectral_flux": {
        "mean": 0.0105884438381
    },
    "spectral_kurtosis": {
        "mean": 11.4524250031
    },
    "spectral_rms": {
        "mean": 0.00256891548634
    },
    "spectral_rolloff": {
        "mean": 2943.86108398
    },
    "spectral_skewness": {
        "mean": 2.41913032532
    },
    "spectral_spread": {
        "mean": 9250687
    },
    "spectral_strongpeak": {
        "mean": 1.85870873928
    },
    "zerocrossingrate": {
        "mean": 0.120409570634
    },
    "barkbands": {
        "mean": [1.35744917529e-08, 2.06915173884e-09, 1.17263021515e-09, 1.03128228179e-09, 1.96150775622e-08, 1.15133216241e-05, 0.000804645125754, 4.69247282808e-07, 1.29086929519e-05, 0.000343680410879, 0.00360596599057, 4.72849114885e-06, 0.00359076983295, 1.07585162823e-06, 0.00162108021323, 0.000190220744116, 0.00122383947019, 0.00100864854176, 0.000354486634023, 0.00015198525216, 4.54500986962e-05, 1.40489355545e-05, 2.56725888903e-06, 4.88712714741e-07, 8.87658089255e-08, 1.55560471171e-08, 1.17708376379e-09]
    },
    "mfcc": {
        "mean": [-912.66784668, 10.2084150314, -122.358139038, -10.7356567383, -23.1143417358, -9.98036766052, -11.7086610794, -6.24596786499, -10.4341125488, -5.59295988083, 9.77884960175, 15.5355567932, 15.8718509674]
    },
    "sccoeffs": {
        "mean": [-0.860346376896, -0.57625836134, -0.59567707777, -0.637315511703, -0.703186750412, -0.784274637699]
    },
    "scvalleys": {
        "mean": [-11.6318159103, -10.8626174927, -10.3632383347, -10.0175733566, -10.234670639, -11.917840004]
    }
},
"rhythm": {
    "beats_loudness": {
        "mean": 0.0157208889723
    },
    "bpm": 93.9786071777,
    "first_peak_bpm": {
        "mean": 94
    },
    "first_peak_spread": {
        "mean": 0.5
    },
    "first_peak_weight": {
        "mean": 0.5
    },
    "onset_rate": 1.04194962978,
    "second_peak_bpm": {
        "mean": 0
    },
    "second_peak_spread": {
        "mean": 0
    },
    "second_peak_weight": {
        "mean": 0
    },
    "beats_loudness_band_ratio": {
        "mean": [0.00019775898545, 0.0378213822842, 0.114618457854, 0.446319013834, 0.301266044378, 0.100349508226]
    },
    "beats_position": [0.626938760281, 1.26548755169, 1.90403628349, 2.55419492722, 3.1811337471],
    "bpm_estimates": [93.9630661011, 93.9630737305, 92.2851715088, 95.7031173706],
    "bpm_intervals": [0.638548791409, 0.638548731804, 0.650158643723, 0.626938819885],
    "onset_times": [0.406349211931, 0.743038535118, 1.20743763447, 1.43963718414]
},
"sfx": {
    "inharmonicity": {
        "mean": 0.0660341829062
    },
    "oddtoevenharmonicenergyratio": {
        "mean": 1.41292476654
    },
    "pitch_after_max_to_before_max_energy_ratio": 14.5903959274,
    "pitch_centroid": 62.3068618774,
    "pitch_max_to_total": 0.0658682659268,
    "pitch_min_to_total": 0.982035934925,
    "tristimulus": {
        "mean": [0.196931511164, 0.677178144455, 0.115907222033]
    }
},
"tonal": {
    "chords_changes_rate": 0.095238097012,
    "chords_number_rate": 0.0714285746217,
    "chords_strength": {
        "mean": 0.439418882132
    },
    "key_strength": 0.78423511982,
    "tuning_diatonic_strength": 0.460058927536,
    "tuning_equal_tempered_deviation": 0.159677132964,
    "tuning_frequency": 441.017791748,
    "tuning_nontempered_energy_ratio": 0.719295084476,
    "hpcp": {
        "mean": [0.182482883334, 0.179157838225, 0.4453779459, 0.672155082226, 0.405586868525, 0.164115235209, 0.147177442908, 0.139321506023, 0.136110544205, 0.13473598659, 0.130566447973, 0.124382629991, 0.129104211926, 0.165423288941, 0.232675626874, 0.211230099201, 0.138541862369, 0.141475707293, 0.148277267814, 0.126301378012, 0.0971409007907, 0.0869915708899, 0.143628001213, 0.407927840948, 0.564960598946, 0.333805888891, 0.150717392564, 0.137813895941, 0.134569257498, 0.124161444604, 0.104500517249, 0.111292645335, 0.132999897003, 0.138745874166, 0.159681618214, 0.185061141849]
    },
    "chords_histogram": [39.2857131958, 0, 0, 0, 0, 0, 0, 17.8571434021, 15.476190567, 0, 0, 0, 0, 0, 0, 14.2857141495, 0, 10.7142858505, 0, 0, 0, 0, 2.38095235825, 0],
    "thpcp": [1, 0.603412628174, 0.244162753224, 0.218963518739, 0.20727583766, 0.202498719096, 0.200453713536, 0.194250479341, 0.185050487518, 0.192075029016, 0.246108815074, 0.346163600683, 0.314257979393, 0.206115916371, 0.210480749607, 0.220599785447, 0.187905117869, 0.144521564245, 0.129421874881, 0.213682830334, 0.606895446777, 0.840521216393, 0.496620357037, 0.224230080843, 0.205032885075, 0.200205668807, 0.184721425176, 0.155470848083, 0.16557584703, 0.197870850563, 0.206419438124, 0.237566635013, 0.275325059891, 0.271489262581, 0.26654240489, 0.66261190176],
    "chords_key": "A#",
    "chords_scale": "major",
    "key_key": "A#",
    "key_scale": "major",
    "chords_progression": ["Bm", "Bm", "Bm", "Bm", "Bm", "Bm", "Bm", "Bm", "Bm", "Bm", "Bm", "Bm", "Bm", "Bm", "Bm", "D", "D", "D", "D", "D", "D", "D", "D", "D", "D", "D", "D", "D", "D#m", "D#", "D#", "D#m", "D#m", "D#m", "D#m", "D#m", "D#m", "D#m", "D#m", "D#m", "D#m", "D#m", "A#m", "A#m", "A#", "A#", "A#m", "A#m", "A#m", "A#m", "A#m", "A#m", "A#m", "A#", "A#", "A#", "A#", "A#", "A#", "A#", "A#", "A#", "A#", "A#", "A#", "A#", "A#", "A#", "A#", "A#", "A#", "A#", "A#", "A#", "A#", "A#", "A#", "A#", "A#", "A#", "A#", "A#", "A#", "A#"]
}
}