{
"metadata": {
    "version": {
        "essentia": "2.1-beta2"
    }
},
"lowLevel": {
    "dissonance": {
        "mean": 0.416760265827
    },
    "hfc": {
        "mean": 41.5726051331
    },
    "spectral_centroid": {
        "mean": 0.126147344708
    },
    "mfcc": {
        "mean": [-730.170288086, 61.0843658447, -121.854347229, 22.7248764038, -24.0379867554, 11.4560270309, 15.4967136383, 21.6130199432, 11.1029224396, 11.6010732651, 10.6214723587, 5.49233675003, 0.52207839489, -4.66945028305, -1.11419916153, 6.40546798706, 2.66614937782, 4.08476686478, 6.77680826187, 6.93804264069, 10.7556028366, 12.4684104919, 7.27356672287, 4.99909448624, 2.88807678223, 8.28389263153, 7.92187833786, 7.82972812653, 5.84096670151, 3.58547496796, 4.93087530136, 3.16561365128, 2.02137637138, 3.91396832466, 0.577714443207, -0.608923912048, -5.19476795197, -3.34952449799, -0.0892866551876, 0.744816422462]
    },
    "spectral_contrast": {
        "mean": [-0.662749290466, -0.747264862061, -0.787686228752, -0.758973479271, -0.677660048008, -0.79879039526]
    }
},
"sfx": {
    "inharmonicity": {
        "mean": 0.202258497477
    },
    "logattacktime": {
        "mean": -4.94631052017
    }
}
}