{
"metadata": {
    "version": {
        "essentia": "2.1-beta2"
    }
},
"lowLevel": {
    "dissonance": {
        "mean": 0.250405490398
    },
    "hfc": {
        "mean": 44.8073692322
    },
    "spectral_centroid": {
        "mean": 0.121995136142
    },
    "mfcc": {
        "mean": [-839.46081543, 61.8131523132, 40.0734634399, 42.3603935242, 16.9351215363, 2.97113084793, -5.84225702286, -15.8891401291, -20.2202758789, -20.6494998932, -25.5306797028, -21.9036540985, -26.760559082, -20.9230384827, -18.4303016663, -18.0518112183, -16.6078281403, -15.4341077805, -11.4842786789, -7.23334026337, -4.09789562225, 0.110209286213, 0.404011487961, 2.42292380333, 1.46480810642, -1.44043147564, -1.61876916885, -0.739618062973, 0.317647218704, -0.378307849169, -1.69449102879, -1.91446959972, -2.90287637711, -2.41398572922, 0.442812234163, 0.341076731682, -1.32319939137, -1.72852170467, -1.0259885788, -0.461177319288]
    },
    "spectral_contrast": {
        "mean": [-0.485719323158, -0.83089029789, -0.850355923176, -0.854262948036, -0.852422654629, -0.77329736948]
    }
},
"sfx": {
    "inharmonicity": {
        "mean": 0.0415808558464
    },
    "logattacktime": {
        "mean": -4.92576503754
    }
}
}