{"lowlevel.dissonance.mean": [0.5708487033843994], "sfx.inharmonicity.mean": [0.6535739898681641], "lowlevel.spectral_contrast.mean": [[0.16688835620880127, 0.8668559789657593, 0.9791362285614014, 0.9541671276092529, 0.860588788986206, 0.6848554611206055]], "lowlevel.spectral_centroid.mean": [0.5067983269691467], "lowlevel.mfcc.mean": [[0.4322783946990967, 0.19002515077590942, -0.23617038130760193, 0.2937648594379425, 0.20785212516784668, 0.3214801251888275, 0.30767685174942017, 0.3618168830871582, 0.2948668599128723, 0.35536426305770874, 0.7437880039215088, 0.8881243467330933, 0.9251760840415955]], "sfx.logattacktime.mean": [0.3734021782875061], "lowlevel.hfc.mean": [0.47453710436820984]}