{
"metadata": {
    "version": {
        "essentia": "2.1-beta2"
    }
},
"lowLevel": {
    "average_loudness": 0.984506726265,
    "barkbands_kurtosis": {
        "mean": 12.7340278625
    },
    "barkbands_skewness": {
        "mean": 0.151251077652
    },
    "barkbands_spread": {
        "mean": 17.8997402191
    },
    "dissonance": {
        "mean": 0.430302739143
    },
    "hfc": {
        "mean": 14.6765451431
    },
    "pitch": {
        "mean": 643.307373047
    },
    "pitch_instantaneous_confidence": {
        "mean": 0.914447009563
    },
    "pitch_salience": {
        "mean": 0.670519471169
    },
    "silence_rate_20dB": {
        "mean": 1
    },
    "silence_rate_30dB": {
        "mean": 1
    },
    "silence_rate_60dB": {
        "mean": 0.194871798158
    },
    "spectral_centroid": {
        "mean": 2430.46630859
    },
    "spectral_complexity": {
        "mean": 5.80000019073
    },
    "spectral_crest": {
        "mean": 10.7923564911
    },
    "spectral_decrease": {
        "mean": -1.03704722587e-09
    },
    "spectral_energy": {
        "mean": 0.00524525204673
    },
    "spectral_energyband_high": {
        "mean": 0.00077853637049
    },
    "spectral_energyband_low": {
        "mean": 1.3733583728e-05
    },
    "spectral_energyband_middle_high": {
        "mean": 0.00343927997164
    },
    "spectral_energyband_middle_low": {
        "mean": 0.000992698478512
    },
    "spectral_flatness_db": {
        "mean": 0.281127333641
    },
    "spectral_flux": {
        "mean": 0.00714987935498
    },
    "spectral_kurtosis": {
        "mean": 4.62467956543
    },
    "spectral_rms": {
        "mean": 0.00206264294684
    },
    "spectral_rolloff": {
        "mean": 3390.20898438
    },
    "spectral_skewness": {
        "mean": 1.90358304977
    },
    "spectral_spread": {
        "mean": 11600275
    },
    "spectral_strongpeak": {
        "mean": 4.4480342865
    },
    "zerocrossingrate": {
        "mean": 0.13643078506
    },
    "barkbands": {
        "mean": [3.32303097821e-05, 1.45484602854e-06, 2.10494690123e-07, 6.54870504491e-08, 1.34696722398e-06, 1.56331498147e-06, 5.63516186958e-06, 1.89478680568e-06, 0.000981982098892, 9.39810320233e-07, 1.02622811937e-06, 6.82916095229e-07, 0.000694286543876, 5.84941972193e-07, 1.9379826881e-06, 0.000417046103394, 1.28672570554e-06, 0.000606430519838, 0.00171473866794, 0.000308782444336, 0.000155437024659, 0.000134193891427, 1.93784926523e-05, 0.000137577502755, 2.09253066714e-05, 1.6701834511e-06, 9.55196128416e-07]
    },
    "mfcc": {
        "mean": [-819.732421875, -26.1784152985, -25.5776309967, 18.0870113373, -26.67436409, -3.87949466705, 8.43150997162, 7.10929536819, 14.9789190292, 33.3256416321, 16.7119674683, 19.7213764191, -19.2337207794]
    },
    "sccoeffs": {
        "mean": [-0.714845478535, -0.833773314953, -0.524677097797, -0.561538219452, -0.55373519659, -0.661950707436]
    },
    "scvalleys": {
        "mean": [-9.22481441498, -9.691157341, -10.0028114319, -10.2115564346, -10.8131074905, -11.3440542221]
    }
},
"rhythm": {
    "beats_loudness": {
        "mean": 0.00617873016745
    },
    "bpm": 63.8020820618,
    "first_peak_bpm": {
        "mean": 64
    },
    "first_peak_spread": {
        "mean": 0
    },
    "first_peak_weight": {
        "mean": 1
    },
    "onset_rate": 0.4456346035,
    "second_peak_bpm": {
        "mean": 0
    },
    "second_peak_spread": {
        "mean": 0
    },
    "second_peak_weight": {
        "mean": 0
    },
    "beats_loudness_band_ratio": {
        "mean": [0.00423691980541, 0.000160713927471, 0.184239536524, 0.114958181977, 0.148833215237, 0.547607600689]
    },
    "beats_position": [0.940408170223, 1.88081634045, 2.82122445107, 3.76163268089],
    "bpm_estimates": [63.8020820618, 63.8020858765, 63.8020782471],
    "bpm_intervals": [0.940408170223, 0.940408110619, 0.940408229828],
    "onset_times": [0.290249437094, 0.394739240408]
},
"sfx": {
    "inharmonicity": {
        "mean": 0.240207716823
    },
    "oddtoevenharmonicenergyratio": {
        "mean": 2.06685376167
    },
    "pitch_after_max_to_before_max_energy_ratio": 0.00651163375005,
    "pitch_centroid": 100.435279846,
    "pitch_max_to_total": 0.974358975887,
    "pitch_min_to_total": 0,
    "tristimulus": {
        "mean": [0.150910228491, 0.723607957363, 0.118896022439]
    }
},
"tonal": {
    "chords_changes_rate": 0.0612244904041,
    "chords_number_rate": 0.0408163256943,
    "chords_strength": {
        "mean": 0.547681510448
    },
    "key_strength": 0.572401881218,
    "tuning_diatonic_strength": 0.395794600248,
    "tuning_equal_tempered_deviation": 0.123308561742,
    "tuning_frequency": 441.782684326,
    "tuning_nontempered_energy_ratio": 0.73535990715,
    "hpcp": {
        "mean": [0.622674763203, 0.15422962606, 0.00863579381257, 0.00460942927748, 0.00170719134621, 0.00225362298079, 0.00284250290133, 0.00355308270082, 0.108002237976, 0.256033211946, 0.159105598927, 0.0110669881105, 0.00651551736519, 0.00977592729032, 0.00760669168085, 0.00553094921634, 0.0302529018372, 0.0609262287617, 0.0357735194266, 0.00306242890656, 0.00560467643663, 0.0118982903659, 0.0456428155303, 0.521379292011, 0.934441864491, 0.453728586435, 0.0045381039381, 0.00233725272119, 0.00186001847032, 0.0158533267677, 0.0373874753714, 0.0379638709128, 0.041665777564, 0.0411380492151, 0.0825634524226, 0.541480720043]
    },
    "chords_histogram": [71.4285736084, 0, 3.0612244606, 0, 0, 0, 0, 0, 0, 0, 0, 0, 0, 0, 0, 0, 22.4489803314, 3.0612244606, 0, 0, 0, 0, 0, 0],
    "thpcp": [1, 0.485561072826, 0.00485648633912, 0.00250122859143, 0.00199051271193, 0.0169655568898, 0.0400104895234, 0.040627323091, 0.044588945806, 0.0440241917968, 0.0883558988571, 0.579469680786, 0.666360080242, 0.165049999952, 0.00924166012555, 0.00493281567469, 0.00182696373668, 0.00241173151881, 0.00304192584008, 0.00380235817283, 0.115579411387, 0.273995876312, 0.170268058777, 0.0118434205651, 0.00697263004258, 0.0104617821053, 0.00814035814255, 0.00591898709536, 0.032375369221, 0.065200664103, 0.0382832996547, 0.00327728129923, 0.00599788688123, 0.0127330450341, 0.0488450042903, 0.557957947254],
    "chords_key": "F",
    "chords_scale": "major",
    "key_key": "F",
    "key_scale": "major",
    "chords_progression": ["C", "C", "C", "C#", "C#", "C#", "C#", "C#", "C#", "C#", "C#", "C#", "C#", "C#", "C#", "C#", "C#", "C#", "C#", "C#", "C#", "C#", "C#", "Fm", "Fm", "C#", "Fm", "C#", "F", "F", "F", "F", "F", "F", "F", "F", "F", "F", "F", "F", "F", "F", "F", "F", "F", "F", "F", "F", "F", "F", "F", "F", "F", "F", "F", "F", "F", "F", "F", "F", "F", "F", "F", "F", "F", "F", "F", "F", "F", "F", "F", "F", "F", "F", "F", "F", "F", "F", "F", "F", "F", "F", "F", "F", "F", "F", "F", "F", "F", "F", "F", "F", "F", "F", "F", "F", "F", "F"]
}
}