{
"metadata": {
    "version": {
        "essentia": "2.1-beta2"
    }
},
"lowLevel": {
    "average_loudness": 0.961093425751,
    "barkbands_kurtosis": {
        "mean": 77.1357727051
    },
    "barkbands_skewness": {
        "mean": 6.66535758972
    },
    "barkbands_spread": {
        "mean": 2.80023670197
    },
    "dissonance": {
        "mean": 0.452145665884
    },
    "hfc": {
        "mean": 25.8079090118
    },
    "pitch": {
        "mean": 1356.17687988
    },
    "pitch_instantaneous_confidence": {
        "mean": 0.877852261066
    },
    "pitch_salience": {
        "mean": 0.174094349146
    },
    "silence_rate_20dB": {
        "mean": 1
    },
    "silence_rate_30dB": {
        "mean": 1
    },
    "silence_rate_60dB": {
        "mean": 0.207920789719
    },
    "spectral_centroid": {
        "mean": 1473.9630127
    },
    "spectral_complexity": {
        "mean": 2.34158420563
    },
    "spectral_crest": {
        "mean": 24.7240467072
    },
    "spectral_decrease": {
        "mean": -3.47192252725e-09
    },
    "spectral_energy": {
        "mean": 0.0154446456581
    },
    "spectral_energyband_high": {
        "mean": 0.000254763959674
    },
    "spectral_energyband_low": {
        "mean": 9.536592529e-07
    },
    "spectral_energyband_middle_high": {
        "mean": 0.0151853375137
    },
    "spectral_energyband_middle_low": {
        "mean": 2.80488802673e-06
    },
    "spectral_flatness_db": {
        "mean": 0.405488789082
    },
    "spectral_flux": {
        "mean": 0.00885379873216
    },
    "spectral_kurtosis": {
        "mean": 6.35528278351
    },
    "spectral_rms": {
        "mean": 0.00341932103038
    },
    "spectral_rolloff": {
        "mean": 1469.37268066
    },
    "spectral_skewness": {
        "mean": 2.43796110153
    },
    "spectral_spread": {
        "mean": 12325157
    },
    "spectral_strongpeak": {
        "mean": 6.57715272903
    },
    "zerocrossingrate": {
        "mean": 0.0690071955323
    },
    "barkbands": {
        "mean": [1.51935182657e-06, 2.62601076884e-07, 5.36148974106e-08, 2.64040589393e-09, 5.33464685759e-07, 5.00707642459e-07, 1.0083987263e-06, 5.13773613875e-07, 1.92421850898e-07, 7.39279357731e-07, 1.32140507958e-06, 1.23363895455e-06, 1.89903232695e-06, 0.0149798570201, 2.27161535804e-07, 1.33125161028e-06, 8.66239474817e-07, 3.87384352507e-06, 0.000193812287762, 4.34629072288e-07, 0.00016407998919, 6.89884909661e-05, 9.64666924119e-07, 5.15423653269e-06, 1.23715808513e-05, 2.53273424278e-06, 4.30135060014e-07]
    },
    "mfcc": {
        "mean": [-922.013549805, 17.3400497437, -47.9452056885, -2.83467626572, 1.90453588963, 31.6112613678, -4.99783277512, -17.9199523926, -21.8716449738, 15.0986356735, 30.1842193604, 4.72744464874, -27.5943622589]
    },
    "sccoeffs": {
        "mean": [-0.738593399525, -0.854705452919, -0.85111027956, -0.481550902128, -0.746825575829, -0.74019742012]
    },
    "scvalleys": {
        "mean": [-10.1593465805, -9.49196243286, -9.7675075531, -9.98873615265, -10.4633579254, -11.2648077011]
    }
},
"rhythm": {
    "beats_loudness": {
        "mean": 0.0151044102386
    },
    "bpm": 86.1711349487,
    "first_peak_bpm": {
        "mean": 86
    },
    "first_peak_spread": {
        "mean": 0.399999976158
    },
    "first_peak_weight": {
        "mean": 0.600000023842
    },
    "onset_rate": 0.214777261019,
    "second_peak_bpm": {
        "mean": 0
    },
    "second_peak_spread": {
        "mean": 0
    },
    "second_peak_weight": {
        "mean": 0
    },
    "beats_loudness_band_ratio": {
        "mean": [0.000149387124111, 0.000169650476892, 0.000190812264918, 0.944923460484, 0.284414082766, 0.0188420601189]
    },
    "beats_position": [0.719818592072, 1.43963718414, 2.13623571396, 2.83283448219, 3.52943301201, 4.20281171799],
    "bpm_estimates": [83.3543319702, 86.1328277588, 86.1327972412, 86.1328277588, 89.1029052734],
    "bpm_intervals": [0.719818592072, 0.696598529816, 0.696598768234, 0.696598529816, 0.673378705978],
    "onset_times": [0.336689352989]
},
"sfx": {
    "inharmonicity": {
        "mean": 0.0821607112885
    },
    "oddtoevenharmonicenergyratio": {
        "mean": 4933.69287109
    },
    "pitch_after_max_to_before_max_energy_ratio": 0.0243570320308,
    "pitch_centroid": 100.812950134,
    "pitch_max_to_total": 0.905940592289,
    "pitch_min_to_total": 0.975247502327,
    "tristimulus": {
        "mean": [0.26682856679, 0.431291908026, 0.0268626827747]
    }
},
"tonal": {
    "chords_changes_rate": 0,
    "chords_number_rate": 0.00980392191559,
    "chords_strength": {
        "mean": 0.403429210186
    },
    "key_strength": 0.577061593533,
    "tuning_diatonic_strength": 0.474616020918,
    "tuning_equal_tempered_deviation": 0.11748328805,
    "tuning_frequency": 444.085327148,
    "tuning_nontempered_energy_ratio": 0.670815646648,
    "hpcp": {
        "mean": [0.00896391645074, 0.00209214841016, 0.000952259579208, 0.00337044079788, 0.00928709004074, 0.00749097019434, 0.00124094018247, 0.00557150971144, 0.0108938943595, 0.00632426328957, 0.00196671043523, 0.00504523143172, 0.00693792570382, 0.00833528395742, 0.0132450591773, 0.0155614521354, 0.00929907523096, 0.00413997517899, 0.00391777511686, 0.00184523593634, 0.000947265478317, 0.00425428990275, 0.0924681052566, 0.140234485269, 0.0534861795604, 0.00438765250146, 0.00466413376853, 0.00393278151751, 0.0147861102596, 0.445577383041, 0.898761808872, 0.487416774035, 0.0217632073909, 0.00152162043378, 0.0031853786204, 0.00966532807797]
    },
    "chords_histogram": [100, 0, 0, 0, 0, 0, 0, 0, 0, 0, 0, 0, 0, 0, 0, 0, 0, 0, 0, 0, 0, 0, 0, 0],
    "thpcp": [1, 0.542320311069, 0.0242146551609, 0.00169301859569, 0.00354418554343, 0.0107540488243, 0.00997362844646, 0.00232781190425, 0.00105952390004, 0.0037500935141, 0.0103332046419, 0.00833476707339, 0.00138072192203, 0.00619909493253, 0.0121210031211, 0.00703663984314, 0.00218824436888, 0.00561353564262, 0.00771942641586, 0.00927418563515, 0.0147370072082, 0.0173143222928, 0.0103465402499, 0.00460630981252, 0.0043590804562, 0.0020530866459, 0.0010539671639, 0.00473350100219, 0.102883882821, 0.156030759215, 0.059510961175, 0.00488188583404, 0.005189510528, 0.00437577720731, 0.0164516456425, 0.495768040419],
    "chords_key": "C",
    "chords_scale": "major",
    "key_key": "C",
    "key_scale": "major",
    "chords_progression": ["C", "C", "C", "C", "C", "C", "C", "C", "C", "C", "C", "C", "C", "C", "C", "C", "C", "C", "C", "C", "C", "C", "C", "C", "C", "C", "C", "C", "C", "C", "C", "C", "C", "C", "C", "C", "C", "C", "C", "C", "C", "C", "C", "C", "C", "C", "C", "C", "C", "C", "C", "C", "C", "C", "C", "C", "C", "C", "C", "C", "C", "C", "C", "C", "C", "C", "C", "C", "C", "C", "C", "C", "C", "C", "C", "C", "C", "C", "C", "C", "C", "C", "C", "C", "C", "C", "C", "C", "C", "C", "C", "C", "C", "C", "C", "C", "C", "C", "C", "C", "C", "C"]
}
}