{
"metadata": {
    "version": {
        "essentia": "2.1-beta2"
    }
},
"lowLevel": {
    "dissonance": {
        "mean": 0.392489910126
    },
    "hfc": {
        "mean": 71.600479126
    },
    "spectral_centroid": {
        "mean": 0.229821577668
    },
    "mfcc": {
        "mean": [-743.75579834, 26.1086349487, -3.55538201332, 7.23033475876, -31.9555664062, -28.6968307495, -17.7460269928, -11.2925481796, -12.1567497253, -12.122133255, -18.9106006622, -12.5877685547, -20.9383449554, -11.4658164978, -9.01922035217, -11.1823768616, -8.3285484314, -6.07782554626, 0.252412170172, -3.03216052055, -2.36261034012, -0.221685945988, -2.23483705521, -2.47853183746, -4.99136447906, -1.95552885532, -4.1929974556, -1.63885962963, 3.68308258057, 4.70245695114, 2.31939864159, -1.5608355999, -5.97264003754, -3.20426082611, 1.73757767677, 3.04681229591, 0.596977174282, 0.429116845131, 0.307648420334, -0.617870628834]
    },
    "spectral_contrast": {
        "mean": [-0.685519099236, -0.767428815365, -0.848576664925, -0.829854309559, -0.828595757484, -0.678376019001]
    }
},
"sfx": {
    "inharmonicity": {
        "mean": 0.192542433739
    },
    "logattacktime": {
        "mean": -4.70563602448
    }
}
}