{
"metadata": {
    "version": {
        "essentia": "2.1-beta2"
    }
},
"lowLevel": {
    "average_loudness": 0.980539798737,
    "barkbands_kurtosis": {
        "mean": 14.2774200439
    },
    "barkbands_skewness": {
        "mean": 2.21434617043
    },
    "barkbands_spread": {
        "mean": 6.74404144287
    },
    "dissonance": {
        "mean": 0.490373283625
    },
    "hfc": {
        "mean": 134.32069397
    },
    "pitch": {
        "mean": 1729.20556641
    },
    "pitch_instantaneous_confidence": {
        "mean": 0.910716116428
    },
    "pitch_salience": {
        "mean": 0.373387366533
    },
    "silence_rate_20dB": {
        "mean": 1
    },
    "silence_rate_30dB": {
        "mean": 0.913461565971
    },
    "silence_rate_60dB": {
        "mean": 0.163461536169
    },
    "spectral_centroid": {
        "mean": 2198.55200195
    },
    "spectral_complexity": {
        "mean": 1.6875
    },
    "spectral_crest": {
        "mean": 20.2373695374
    },
    "spectral_decrease": {
        "mean": -1.19386349695e-08
    },
    "spectral_energy": {
        "mean": 0.0572423487902
    },
    "spectral_energyband_high": {
        "mean": 7.61006667744e-05
    },
    "spectral_energyband_low": {
        "mean": 2.37672054482e-07
    },
    "spectral_energyband_middle_high": {
        "mean": 0.057165838778
    },
    "spectral_energyband_middle_low": {
        "mean": 1.54007594233e-07
    },
    "spectral_flatness_db": {
        "mean": 0.568709790707
    },
    "spectral_flux": {
        "mean": 0.0419984608889
    },
    "spectral_kurtosis": {
        "mean": 11.0398015976
    },
    "spectral_rms": {
        "mean": 0.00668358337134
    },
    "spectral_rolloff": {
        "mean": 3012.89111328
    },
    "spectral_skewness": {
        "mean": 2.89637994766
    },
    "spectral_spread": {
        "mean": 8847913
    },
    "spectral_strongpeak": {
        "mean": 14.1655511856
    },
    "zerocrossingrate": {
        "mean": 0.0993793159723
    },
    "barkbands": {
        "mean": [4.19375112415e-07, 5.08931279342e-08, 2.17386708634e-09, 1.62590596542e-09, 1.019365925e-08, 2.44848745723e-08, 1.89189695021e-08, 2.94124600231e-08, 5.63407667187e-08, 5.88957576042e-08, 1.66609567032e-07, 8.12744431755e-08, 5.56073196378e-08, 1.91796942772e-07, 0.0433314368129, 4.94758353398e-07, 5.15443559834e-07, 2.7292153959e-07, 1.16627245461e-06, 0.0138316694647, 3.14821022585e-07, 2.22606340685e-05, 1.34098081617e-05, 2.66961978923e-05, 1.08403373815e-05, 2.13431462726e-06, 1.76824258347e-07]
    },
    "mfcc": {
        "mean": [-961.364501953, -47.5993080139, -67.1541671753, 9.11121749878, 32.8702926636, 8.71848392487, -2.57507753372, -31.8895187378, 16.8009757996, 68.5705795288, -22.8892097473, -54.7870254517, 42.1985740662]
    },
    "sccoeffs": {
        "mean": [-0.769925713539, -0.88329821825, -0.880989909172, -0.377968996763, -0.552499890327, -0.798865377903]
    },
    "scvalleys": {
        "mean": [-11.1625566483, -10.9125385284, -10.5184383392, -10.50349617, -10.5343637466, -11.052781105]
    }
},
"rhythm": {
    "beats_loudness": {
        "mean": 0.0709047615528
    },
    "bpm": 147.294342041,
    "first_peak_bpm": {
        "mean": 148
    },
    "first_peak_spread": {
        "mean": 0.5
    },
    "first_peak_weight": {
        "mean": 0.5
    },
    "onset_rate": 1.25000584126,
    "second_peak_bpm": {
        "mean": 0
    },
    "second_peak_spread": {
        "mean": 0
    },
    "second_peak_weight": {
        "mean": 0
    },
    "beats_loudness_band_ratio": {
        "mean": [0.0905516445637, 4.76239110867e-05, 2.44289167313e-05, 4.9560356274e-05, 0.717938363552, 0.191406399012]
    },
    "beats_position": [0.417959183455, 0.812698423862, 1.20743763447, 1.62539684772, 2.03174591064, 2.43809509277, 2.85605430603, 3.27401351929, 3.68036270142, 4.08671188354, 4.49306106567],
    "bpm_estimates": [151.999069214, 151.999084473, 143.554672241, 147.656295776, 147.656265259, 143.554672241, 143.554672241, 147.656265259, 147.656265259, 147.656265259],
    "bpm_intervals": [0.394739240408, 0.394739210606, 0.417959213257, 0.40634906292, 0.406349182129, 0.417959213257, 0.417959213257, 0.406349182129, 0.406349182129, 0.406349182129],
    "onset_times": [0.232199549675, 0.661768734455, 3.30884361267, 3.3785033226, 3.70358276367, 4.06349229813]
},
"sfx": {
    "inharmonicity": {
        "mean": 0.0635383874178
    },
    "oddtoevenharmonicenergyratio": {
        "mean": 41320.7421875
    },
    "pitch_after_max_to_before_max_energy_ratio": 0.0127612622455,
    "pitch_centroid": 102.887008667,
    "pitch_max_to_total": 0.951923072338,
    "pitch_min_to_total": 0.947115361691,
    "tristimulus": {
        "mean": [0.0984284579754, 0.564722180367, 0.0632091909647]
    }
},
"tonal": {
    "chords_changes_rate": 0.0571428574622,
    "chords_number_rate": 0.0285714287311,
    "chords_strength": {
        "mean": 0.383743613958
    },
    "key_strength": 0.586502075195,
    "tuning_diatonic_strength": 0.410747945309,
    "tuning_equal_tempered_deviation": 0.20518001914,
    "tuning_frequency": 441.527557373,
    "tuning_nontempered_energy_ratio": 0.899174451828,
    "hpcp": {
        "mean": [0.000702224788256, 0.0025863496121, 0.251640766859, 0.782146632671, 0.676369726658, 0.148270994425, 0.00828696507961, 0.00644986424595, 0.00586052471772, 0.00627673976123, 0.00843490008265, 0.00882443320006, 0.00430402671918, 0.00193668098655, 0.00215613399632, 0.00270146341063, 0.00278399721719, 0.0028975980822, 0.00384382926859, 0.0042961188592, 0.00619719317183, 0.0055292439647, 0.0440600700676, 0.104386106133, 0.0652313157916, 0.00409672642127, 0.00137784110848, 0.00129105628002, 0.00197819480672, 0.0105305919424, 0.0147277228534, 0.00782849546522, 0.00397900026292, 0.00262972339988, 0.00112398422789, 0.000379748118576]
    },
    "chords_histogram": [0, 0, 60.952381134, 0, 0, 0, 0, 0, 0, 7.61904764175, 0, 0, 31.428571701, 0, 0, 0, 0, 0, 0, 0, 0, 0, 0, 0],
    "thpcp": [1, 0.864760756493, 0.189569309354, 0.0105951549485, 0.00824636220932, 0.00749287195504, 0.00802501663566, 0.0107842953876, 0.0112823257223, 0.00550283864141, 0.00247610989027, 0.00275668757968, 0.00345390918665, 0.00355943129398, 0.00370467384346, 0.00491446116939, 0.00549272820354, 0.00792331341654, 0.00706931902096, 0.0563322380185, 0.133461043239, 0.0834003686905, 0.00523779867217, 0.00176161481068, 0.00165065762121, 0.00252918666229, 0.0134637057781, 0.0188298746943, 0.0100089870393, 0.00508728157729, 0.00336218718439, 0.00143705052324, 0.000485520373331, 0.000897817313671, 0.00330673251301, 0.321730941534],
    "chords_key": "A#",
    "chords_scale": "minor",
    "key_key": "D#",
    "key_scale": "minor",
    "chords_progression": ["Am", "Am", "Am", "Am", "Am", "Am", "Am", "Am", "Am", "Am", "Am", "Am", "Am", "Am", "Am", "Am", "Am", "Am", "Am", "Am", "Am", "Am", "Am", "A#m", "A#m", "A#m", "A#m", "A#m", "A#m", "A#m", "A#m", "A#m", "A#m", "A#m", "A#m", "A#m", "A#m", "A#m", "A#m", "A#m", "A#m", "A#m", "A#m", "A#m", "A#m", "A#m", "A#m", "A#m", "A#m", "A#m", "A#m", "A#m", "A#m", "A#m", "A#m", "A#m", "A#m", "A#m", "A#m", "A#m", "A#m", "A#m", "A#m", "A#m", "A#m", "A#m", "A#m", "A#m", "A#m", "A#m", "A#m", "A#", "A#", "A#", "A#", "A#", "A#", "A#m", "A#m", "A#", "A#", "A#m", "A#m", "A#m", "A#m", "A#m", "A#m", "A#m", "A#m", "A#m", "A#m", "A#m", "A#m", "A#m", "A#m", "Am", "Am", "Am", "Am", "Am", "Am", "Am", "Am", "Am", "Am"]
}
}