{
"metadata": {
    "version": {
        "essentia": "2.1-beta2"
    }
},
"lowLevel": {
    "dissonance": {
        "mean": 0.45404496789
    },
    "hfc": {
        "mean": 16.7207145691
    },
    "spectral_centroid": {
        "mean": 0.199152559042
    },
    "mfcc": {
        "mean": [-750.860778809, -17.0397815704, -58.8826141357, 15.6073904037, 0.139087185264, 6.70477199554, -13.5574741364, 9.77178096771, 3.04440808296, 19.3938217163, 18.9389781952, 15.4506835938, 12.9695510864, 11.3649845123, 5.2537779808, 9.90622711182, 18.9062862396, 11.6724596024, 8.55511665344, 9.5127248764, 5.81921768188, 5.03920412064, -1.90823197365, -2.54474639893, 7.39083719254, 11.218536377, 2.01181364059, -1.28753077984, 1.40537643433, 3.21728277206, 0.318844765425, 1.11925935745, 0.400034189224, -0.227260500193, 0.270783662796, 0.809962332249, 0.589996397495, -2.44119119644, -1.16320538521, 0.609621763229]
    },
    "spectral_contrast": {
        "mean": [-0.664457261562, -0.811512410641, -0.793524444103, -0.799948573112, -0.800552427769, -0.662636578083]
    }
},
"sfx": {
    "inharmonicity": {
        "mean": 0.184540718794
    },
    "logattacktime": {
        "mean": -4.9380941391
    }
}
}