{
"metadata": {
    "version": {
        "essentia": "2.1-beta2"
    }
},
"lowLevel": {
    "dissonance": {
        "mean": 0.100629232824
    },
    "hfc": {
        "mean": 17.9697723389
    },
    "spectral_centroid": {
        "mean": 0.0274080857635
    },
    "mfcc": {
        "mean": [-876.240722656, 259.219421387, 59.6315879822, -43.0938606262, -45.5071640015, -35.2270622253, -40.4391670227, -32.9949569702, -6.49064540863, 10.9869451523, 4.25837230682, -6.71898984909, -4.96153879166, -1.72612512112, -10.8276729584, -19.8075485229, -14.5605773926, -9.88384723663, -13.8087291718, -10.6076221466, 0.477897912264, 4.31518697739, 1.02261602879, -0.724472880363, -4.87711000443, -8.68274974823, -5.991086483, -3.93678879738, -6.66643047333, -10.0329828262, -10.0625553131, -6.67463588715, -3.00056171417, -2.10720467567, -2.50695466995, -1.83283269405, -1.47123515606, -1.87056314945, -2.772742033, -2.71105051041]
    },
    "spectral_contrast": {
        "mean": [-0.46924045682, -0.57029145956, -0.773518562317, -0.879940509796, -0.889071345329, -0.830676078796]
    }
},
"sfx": {
    "inharmonicity": {
        "mean": 0.0523270592093
    },
    "logattacktime": {
        "mean": -5
    }
}
}