{
"metadata": {
    "version": {
        "essentia": "2.1-beta2"
    }
},
"lowLevel": {
    "average_loudness": 0.970580816269,
    "barkbands_kurtosis": {
        "mean": 17.5538215637
    },
    "barkbands_skewness": {
        "mean": 1.48099780083
    },
    "barkbands_spread": {
        "mean": 6.5729637146
    },
    "dissonance": {
        "mean": 0.197923213243
    },
    "hfc": {
        "mean": 22.9493560791
    },
    "pitch": {
        "mean": 397.506988525
    },
    "pitch_instantaneous_confidence": {
        "mean": 0.736649811268
    },
    "pitch_salience": {
        "mean": 0.332817405462
    },
    "silence_rate_20dB": {
        "mean": 1
    },
    "silence_rate_30dB": {
        "mean": 0.875
    },
    "silence_rate_60dB": {
        "mean": 0.366071432829
    },
    "spectral_centroid": {
        "mean": 673.113769531
    },
    "spectral_complexity": {
        "mean": 2.83035707474
    },
    "spectral_crest": {
        "mean": 17.1843795776
    },
    "spectral_decrease": {
        "mean": -1.17461640414e-08
    },
    "spectral_energy": {
        "mean": 0.0464142747223
    },
    "spectral_energyband_high": {
        "mean": 8.03904143254e-08
    },
    "spectral_energyband_low": {
        "mean": 7.73551364546e-05
    },
    "spectral_energyband_middle_high": {
        "mean": 6.50335059618e-05
    },
    "spectral_energyband_middle_low": {
        "mean": 0.0463452413678
    },
    "spectral_flatness_db": {
        "mean": 0.40707758069
    },
    "spectral_flux": {
        "mean": 0.00841698888689
    },
    "spectral_kurtosis": {
        "mean": 107.521965027
    },
    "spectral_rms": {
        "mean": 0.00518984021619
    },
    "spectral_rolloff": {
        "mean": 840.1796875
    },
    "spectral_skewness": {
        "mean": 8.08096122742
    },
    "spectral_spread": {
        "mean": 12004147
    },
    "spectral_strongpeak": {
        "mean": 2.86058115959
    },
    "zerocrossingrate": {
        "mean": 0.0433393195271
    },
    "barkbands": {
        "mean": [6.82707366195e-07, 5.73822035221e-07, 3.17769604408e-06, 0.000188978141523, 1.61381376529e-05, 0.000985894119367, 0.0341893471777, 0.0105672013015, 0.000397240568418, 9.41526286624e-06, 3.29943977704e-05, 1.60115075687e-06, 1.44860468936e-05, 5.12041560796e-06, 4.24749259764e-07, 4.18678837377e-07, 5.00733278841e-07, 2.63673403111e-08, 4.6507150131e-08, 1.60255755333e-08, 2.97926128212e-08, 8.44279490764e-09, 6.57752607935e-09, 7.93488119655e-09, 8.83611050995e-09, 5.3422408719e-09, 2.28727503604e-09]
    },
    "mfcc": {
        "mean": [-967.433410645, 165.653060913, 37.0085678101, -19.3084087372, -21.0072593689, -24.5368709564, -31.6713619232, -25.9784488678, -12.2916240692, -1.93631231785, 7.30265569687, 12.3336191177, 5.49566507339]
    },
    "sccoeffs": {
        "mean": [-0.629780471325, -0.408566057682, -0.656655907631, -0.762120127678, -0.837812840939, -0.887265563011]
    },
    "scvalleys": {
        "mean": [-9.66029644012, -9.8787612915, -10.697019577, -11.1380290985, -12.275557518, -13.0133361816]
    }
},
"rhythm": {
    "beats_loudness": {
        "mean": 0.0689243897796
    },
    "bpm": 118.364341736,
    "first_peak_bpm": {
        "mean": 117
    },
    "first_peak_spread": {
        "mean": 0.333333313465
    },
    "first_peak_weight": {
        "mean": 0.666666686535
    },
    "onset_rate": 1.171875,
    "second_peak_bpm": {
        "mean": 0
    },
    "second_peak_spread": {
        "mean": 0
    },
    "second_peak_weight": {
        "mean": 0
    },
    "beats_loudness_band_ratio": {
        "mean": [0.00591673422605, 0.0364219471812, 0.956793069839, 0.00092592270812, 3.58540128218e-05, 3.77871424462e-06]
    },
    "beats_position": [0.487619042397, 0.986848056316, 1.49768710136, 2.00852608681],
    "bpm_estimates": [120.185325623, 117.453826904, 117.453842163],
    "bpm_intervals": [0.49922901392, 0.510839045048, 0.510838985443],
    "onset_times": [0.0696598663926, 0.31346938014, 2.51936507225]
},
"sfx": {
    "inharmonicity": {
        "mean": 0.00896689947695
    },
    "oddtoevenharmonicenergyratio": {
        "mean": 1.01745676994
    },
    "pitch_after_max_to_before_max_energy_ratio": 0.126694113016,
    "pitch_centroid": 55.4936637878,
    "pitch_max_to_total": 0.892857134342,
    "pitch_min_to_total": 0.0357142873108,
    "tristimulus": {
        "mean": [0.838231086731, 0.146760568023, 0.0148268109187]
    }
},
"tonal": {
    "chords_changes_rate": 0,
    "chords_number_rate": 0.0175438597798,
    "chords_strength": {
        "mean": 0.570183157921
    },
    "key_strength": 0.590498447418,
    "tuning_diatonic_strength": 0.557618260384,
    "tuning_equal_tempered_deviation": 0.0919562652707,
    "tuning_frequency": 442.03793335,
    "tuning_nontempered_energy_ratio": 0.625099956989,
    "hpcp": {
        "mean": [0.0139573151246, 0.00692717870697, 0.00791856087744, 0.0285448301584, 0.0440641529858, 0.379928320646, 0.747919142246, 0.406652271748, 0.0216285716742, 0.00602040020749, 0.00691827433184, 0.0153861986473, 0.0249191839248, 0.029643682763, 0.0321421138942, 0.0242132656276, 0.014861359261, 0.0352717675269, 0.0403098277748, 0.0188776999712, 0.0513438433409, 0.10297845304, 0.163483932614, 0.224557697773, 0.130326300859, 0.0146924564615, 0.00559295527637, 0.00429615145549, 0.0102669196203, 0.0164719931781, 0.0253753121942, 0.0219267942011, 0.00702146627009, 0.00682296603918, 0.0115097928792, 0.0163469687104]
    },
    "chords_histogram": [100, 0, 0, 0, 0, 0, 0, 0, 0, 0, 0, 0, 0, 0, 0, 0, 0, 0, 0, 0, 0, 0, 0, 0],
    "thpcp": [1, 0.543711543083, 0.0289183296263, 0.00804953370243, 0.00925002992153, 0.0205720085651, 0.0333180204034, 0.0396348759532, 0.042975384742, 0.0323741771281, 0.0198702756315, 0.0471598654985, 0.0538959689438, 0.0252402946353, 0.0686489194632, 0.137686610222, 0.218585029244, 0.300243288279, 0.17425185442, 0.0196444448084, 0.00747802108526, 0.00574413873255, 0.0137273119763, 0.022023761645, 0.0339278802276, 0.0293170642108, 0.00938800163567, 0.00912259891629, 0.0153890876099, 0.021856598556, 0.0186615288258, 0.009261935018, 0.0105874557048, 0.0381656624377, 0.0589156635106, 0.507980465889],
    "chords_key": "E",
    "chords_scale": "minor",
    "key_key": "E",
    "key_scale": "minor",
    "chords_progression": ["Em", "Em", "Em", "Em", "Em", "Em", "Em", "Em", "Em", "Em", "Em", "Em", "Em", "Em", "Em", "Em", "Em", "Em", "Em", "Em", "Em", "Em", "Em", "Em", "Em", "Em", "Em", "Em", "Em", "Em", "Em", "Em", "Em", "Em", "Em", "Em", "Em", "Em", "Em", "Em", "Em", "Em", "Em", "Em", "Em", "Em", "Em", "Em", "Em", "Em", "Em", "Em", "Em", "Em", "Em", "Em", "Em"]
}
}