{
"metadata": {
    "version": {
        "essentia": "2.1-beta2"
    }
},
"lowLevel": {
    "dissonance": {
        "mean": 0.05412979424
    },
    "hfc": {
        "mean": 22.6988964081
    },
    "spectral_centroid": {
        "mean": 0.0910101905465
    },
    "mfcc": {
        "mean": [-934.470703125, -2.23002743721, -69.3828048706, -33.8425941467, -16.3567619324, 27.9295349121, 56.7469482422, 27.0096740723, -18.0937747955, -34.9719772339, 7.76291704178, 53.9952163696, 76.2729492188, 10.7838935852, -56.3689689636, 0.87356877327, 13.2780332565, 1.86962592602, 17.5920143127, 18.1065578461, -21.2022399902, -27.1401176453, 40.2470016479, 27.1197986603, 3.56570911407, -5.32110357285, -27.0629940033, 4.37407016754, 17.0117015839, -10.8090181351, 13.0643148422, 0.990787684917, -15.0088863373, 1.08511054516, 5.01603555679, 10.1857404709, -13.6582021713, 3.32196569443, 2.54359459877, 3.47248244286]
    },
    "spectral_contrast": {
        "mean": [-0.689573943615, -0.227443754673, -0.682248473167, -0.689761459827, -0.766631126404, -0.700221836567]
    }
},
"sfx": {
    "inharmonicity": {
        "mean": 0.112316921353
    },
    "logattacktime": {
        "mean": -5
    }
}
}