{
"metadata": {
    "version": {
        "essentia": "2.1-beta2"
    }
},
"lowLevel": {
    "dissonance": {
        "mean": 0.0813811272383
    },
    "hfc": {
        "mean": 110.567489624
    },
    "spectral_centroid": {
        "mean": 0.100772403181
    },
    "mfcc": {
        "mean": [-964.463195801, -49.8015022278, -81.2062149048, -25.0983428955, 54.8116111755, 47.573600769, 6.17674446106, -63.4006195068, -31.6334915161, 61.8162918091, 59.0372772217, -58.0399360657, -46.1991729736, 62.7196846008, 32.6317253113, -25.5994682312, 17.628118515, -23.0328865051, -4.14421272278, 64.1116867065, -36.8524093628, -19.2126693726, 20.5824775696, 7.64274501801, 9.88763046265, -19.8037261963, 23.7310733795, -18.7980270386, 7.61276245117, 22.8664417267, -9.75440788269, -9.9747543335, 4.37981081009, 3.34494423866, -1.13723683357, 17.9489955902, -16.7517318726, -6.77023935318, 6.46170568466, 10.812253952]
    },
    "spectral_contrast": {
        "mean": [-0.774393260479, -0.774483144283, -0.220432773232, -0.488660395145, -0.683761298656, -0.715487837791]
    }
},
"sfx": {
    "inharmonicity": {
        "mean": 0.0936772301793
    },
    "logattacktime": {
        "mean": -4.94085168839
    }
}
}