{
"metadata": {
    "version": {
        "essentia": "2.1-beta2"
    }
},
"lowLevel": {
    "average_loudness": 0.932758867741,
    "barkbands_kurtosis": {
        "mean": 88.8065185547
    },
    "barkbands_skewness": {
        "mean": 5.48448610306
    },
    "barkbands_spread": {
        "mean": 7.99039173126
    },
    "dissonance": {
        "mean": 0.398607194424
    },
    "hfc": {
        "mean": 21.7907676697
    },
    "pitch": {
        "mean": 1201.08056641
    },
    "pitch_instantaneous_confidence": {
        "mean": 0.823003470898
    },
    "pitch_salience": {
        "mean": 0.130424275994
    },
    "silence_rate_20dB": {
        "mean": 1
    },
    "silence_rate_30dB": {
        "mean": 1
    },
    "silence_rate_60dB": {
        "mean": 0.328767120838
    },
    "spectral_centroid": {
        "mean": 1234.58642578
    },
    "spectral_complexity": {
        "mean": 1.36986303329
    },
    "spectral_crest": {
        "mean": 20.0179176331
    },
    "spectral_decrease": {
        "mean": -4.05822264682e-09
    },
    "spectral_energy": {
        "mean": 0.0172931104898
    },
    "spectral_energyband_high": {
        "mean": 4.39303403255e-06
    },
    "spectral_energyband_low": {
        "mean": 9.66417474046e-07
    },
    "spectral_energyband_middle_high": {
        "mean": 0.0172870401293
    },
    "spectral_energyband_middle_low": {
        "mean": 1.01520690521e-07
    },
    "spectral_flatness_db": {
        "mean": 0.502520918846
    },
    "spectral_flux": {
        "mean": 0.0053105414845
    },
    "spectral_kurtosis": {
        "mean": 14.0558776855
    },
    "spectral_rms": {
        "mean": 0.00337330182083
    },
    "spectral_rolloff": {
        "mean": 1521.87487793
    },
    "spectral_skewness": {
        "mean": 3.35745668411
    },
    "spectral_spread": {
        "mean": 10357107
    },
    "spectral_strongpeak": {
        "mean": 4.44007253647
    },
    "zerocrossingrate": {
        "mean": 0.0653516501188
    },
    "barkbands": {
        "mean": [1.41014720612e-06, 2.21422467916e-07, 2.91190982438e-09, 1.26559718261e-09, 4.45665859772e-09, 3.81391167537e-08, 2.89881967319e-08, 9.64619406574e-09, 8.32698443531e-09, 2.19146336633e-08, 5.9352057491e-08, 0.013520475477, 0.00369910616428, 6.24205753752e-08, 4.52962041209e-08, 3.45936363999e-08, 1.56806290761e-05, 4.22032506719e-08, 8.09826374848e-08, 5.14683160873e-05, 1.1853843489e-06, 1.29669081161e-06, 1.21011282772e-07, 3.74168081407e-07, 9.50176286096e-07, 4.2582757942e-07, 1.36369031623e-08]
    },
    "mfcc": {
        "mean": [-1029.06384277, 9.9959821701, -44.8136177063, -19.0118808746, -3.64780426025, 38.4242172241, 52.4783477783, 10.773651123, -36.1058921814, -27.2730140686, 21.4172878265, 46.3974914551, 39.4944114685]
    },
    "sccoeffs": {
        "mean": [-0.677347660065, -0.86467063427, -0.872110247612, -0.453813314438, -0.734138548374, -0.830867826939]
    },
    "scvalleys": {
        "mean": [-11.4982738495, -11.3452186584, -11.2390241623, -11.1864700317, -11.5446090698, -12.1472682953]
    }
},
"rhythm": {
    "beats_loudness": {
        "mean": 0.0211102962494
    },
    "bpm": 90.7219848633,
    "first_peak_bpm": {
        "mean": 88
    },
    "first_peak_spread": {
        "mean": 0.5
    },
    "first_peak_weight": {
        "mean": 0.333333343267
    },
    "onset_rate": 1.58730876446,
    "second_peak_bpm": {
        "mean": 94
    },
    "second_peak_spread": {
        "mean": 0.5
    },
    "second_peak_weight": {
        "mean": 0.166666671634
    },
    "beats_loudness_band_ratio": {
        "mean": [0.142371207476, 0.000118299896712, 0.000128459287225, 0.854020476341, 0.000833435158711, 0.00254518701695]
    },
    "beats_position": [0.66176867485, 1.34675729275, 2.02013611794, 2.68190479279, 3.32045340538, 3.94739222527, 4.59755086899],
    "bpm_estimates": [87.5926971436, 89.1028900146, 90.6661224365, 93.9630889893, 92.2851715088],
    "bpm_intervals": [0.684988617897, 0.673378825188, 0.66176867485, 0.638548612595, 0.626938819885, 0.650158643723],
    "onset_times": [0.0464399084449, 0.336689352989, 0.766258478165, 0.824308395386, 0.975238084793, 2.70512461662, 2.91410422325, 4.841360569]
},
"sfx": {
    "inharmonicity": {
        "mean": 0.038507822901
    },
    "oddtoevenharmonicenergyratio": {
        "mean": 51550.875
    },
    "pitch_after_max_to_before_max_energy_ratio": 11.28428936,
    "pitch_centroid": 106.97605896,
    "pitch_max_to_total": 0.0547945201397,
    "pitch_min_to_total": 0.132420092821,
    "tristimulus": {
        "mean": [0.400837630033, 0.551680326462, 0.0227192528546]
    }
},
"tonal": {
    "chords_changes_rate": 0.136363640428,
    "chords_number_rate": 0.0454545468092,
    "chords_strength": {
        "mean": 0.340540647507
    },
    "key_strength": 0.598772227764,
    "tuning_diatonic_strength": 0.424353182316,
    "tuning_equal_tempered_deviation": 0.176600128412,
    "tuning_frequency": 441.782684326,
    "tuning_nontempered_energy_ratio": 0.755895018578,
    "hpcp": {
        "mean": [0.035723965615, 0.030994348228, 0.0289914868772, 0.028731411323, 0.0395531542599, 0.0438694097102, 0.0431415736675, 0.0431996174157, 0.0325922481716, 0.0240916199982, 0.0240120328963, 0.0207953359932, 0.0173536725342, 0.0156732667238, 0.022712295875, 0.0305634438992, 0.0342791862786, 0.428763329983, 0.799004614353, 0.408860117197, 0.0270205121487, 0.016954228282, 0.0662915557623, 0.133486703038, 0.0972625464201, 0.0350066609681, 0.0268842950463, 0.036249473691, 0.0486450754106, 0.0487036705017, 0.057750031352, 0.0879733711481, 0.0869485661387, 0.0619437918067, 0.0655910968781, 0.0578981824219]
    },
    "chords_histogram": [2.72727274895, 9.09090900421, 7.27272748947, 0, 0, 0, 0, 0, 0, 22.7272720337, 0, 0, 0, 0, 0, 0, 0, 58.1818199158, 0, 0, 0, 0, 0, 0],
    "thpcp": [1, 0.511711835861, 0.0338177159429, 0.0212191864848, 0.0829676762223, 0.167066246271, 0.121729642153, 0.043812841177, 0.0336472354829, 0.0453682914376, 0.0608820952475, 0.0609554313123, 0.0722774714231, 0.110103711486, 0.108821108937, 0.0775261968374, 0.082091011107, 0.0724628865719, 0.0447105877101, 0.0387912020087, 0.036284506321, 0.0359590053558, 0.0495030358434, 0.0549050755799, 0.0539941489697, 0.0540667921305, 0.0407910645008, 0.030152041465, 0.0300524327904, 0.026026552543, 0.0217191148549, 0.0196159910411, 0.0284257382154, 0.0382518991828, 0.0429023616016, 0.53662186861],
    "chords_key": "G#",
    "chords_scale": "minor",
    "key_key": "G#",
    "key_scale": "major",
    "chords_progression": ["Em", "Em", "Em", "Em", "Em", "Em", "Em", "Em", "Em", "Em", "Em", "Em", "Em", "Em", "Em", "Em", "Em", "Em", "Em", "Em", "Em", "Em", "Em", "Em", "Em", "G#m", "G#m", "G#m", "G#m", "G#m", "G#m", "G#", "Cm", "Cm", "Cm", "Cm", "Cm", "Cm", "G#", "G#", "G#m", "G#m", "G#m", "G#m", "G#m", "G#m", "G#m", "G#m", "G#m", "G#m", "G#m", "G#m", "G#m", "G#m", "G#m", "G#m", "G#m", "G#m", "G#m", "G#m", "G#m", "G#m", "G#m", "G#m", "G#m", "G#m", "D#", "G#m", "G#m", "D#", "D#", "D#", "D#", "D#", "D#", "D#", "G#m", "G#m", "Cm", "G#m", "Cm", "Cm", "G#m", "Cm", "G#m", "G#m", "G#m", "G#m", "G#m", "G#m", "G#m", "G#m", "G#m", "G#m", "G#m", "G#m", "G#m", "G#m", "G#m", "G#m", "G#m", "G#m", "G#m", "G#m", "G#m", "G#m", "G#m", "G#m", "G#m", "G#m"]
}
}