{
"metadata": {
    "version": {
        "essentia": "2.1-beta2"
    }
},
"lowLevel": {
    "average_loudness": 0.97646933794,
    "barkbands_kurtosis": {
        "mean": 16.7198085785
    },
    "barkbands_skewness": {
        "mean": 1.17503583431
    },
    "barkbands_spread": {
        "mean": 3.30937790871
    },
    "dissonance": {
        "mean": 0.187781050801
    },
    "hfc": {
        "mean": 13.6577758789
    },
    "pitch": {
        "mean": 384.013244629
    },
    "pitch_instantaneous_confidence": {
        "mean": 0.725014507771
    },
    "pitch_salience": {
        "mean": 0.398983538151
    },
    "silence_rate_20dB": {
        "mean": 1
    },
    "silence_rate_30dB": {
        "mean": 1
    },
    "silence_rate_60dB": {
        "mean": 0.33962264657
    },
    "spectral_centroid": {
        "mean": 525.762023926
    },
    "spectral_complexity": {
        "mean": 4.55660390854
    },
    "spectral_crest": {
        "mean": 16.2179222107
    },
    "spectral_decrease": {
        "mean": -6.94551660629e-09
    },
    "spectral_energy": {
        "mean": 0.0274527538568
    },
    "spectral_energyband_high": {
        "mean": 5.67532332241e-08
    },
    "spectral_energyband_low": {
        "mean": 0.00012384945876
    },
    "spectral_energyband_middle_high": {
        "mean": 8.46827606438e-05
    },
    "spectral_energyband_middle_low": {
        "mean": 0.027256693691
    },
    "spectral_flatness_db": {
        "mean": 0.412435650826
    },
    "spectral_flux": {
        "mean": 0.00814086478204
    },
    "spectral_kurtosis": {
        "mean": 123.557540894
    },
    "spectral_rms": {
        "mean": 0.0041671320796
    },
    "spectral_rolloff": {
        "mean": 593.178894043
    },
    "spectral_skewness": {
        "mean": 8.82649421692
    },
    "spectral_spread": {
        "mean": 10822002
    },
    "spectral_strongpeak": {
        "mean": 2.45696163177
    },
    "zerocrossingrate": {
        "mean": 0.0323601476848
    },
    "barkbands": {
        "mean": [3.73928031649e-07, 1.53138978476e-06, 0.000109560220153, 1.25434789879e-05, 0.000485987839056, 0.000374165421817, 0.0189185123891, 0.00648112688214, 0.000978256925009, 7.04596022842e-05, 7.83539871918e-06, 5.39820484846e-06, 3.36236189469e-06, 1.32419654619e-06, 1.83605720849e-06, 4.15654795916e-07, 1.62375801693e-08, 2.24951453021e-08, 1.42806735326e-08, 1.30438317925e-08, 1.18997594001e-08, 7.21572490647e-09, 1.28327632964e-08, 6.67324195902e-09, 4.29647739608e-09, 3.98540311863e-09, 2.22151164131e-09]
    },
    "mfcc": {
        "mean": [-960.212768555, 183.380477905, 53.7635688782, -20.8879642487, -27.0441589355, -20.176568985, -24.5284862518, -20.6272659302, -1.81593382359, 10.2891750336, 5.14202642441, -2.6655421257, -1.55664432049]
    },
    "sccoeffs": {
        "mean": [-0.583564341068, -0.511658430099, -0.678051054478, -0.786333918571, -0.879938304424, -0.895921826363]
    },
    "scvalleys": {
        "mean": [-9.00601387024, -8.29998016357, -10.1457672119, -10.8246078491, -12.3481760025, -12.9537124634]
    }
},
"rhythm": {
    "beats_loudness": {
        "mean": 0.0342277139425
    },
    "bpm": 184.5703125,
    "first_peak_bpm": {
        "mean": 185
    },
    "first_peak_spread": {
        "mean": 0
    },
    "first_peak_weight": {
        "mean": 1
    },
    "onset_rate": 1.64650535583,
    "second_peak_bpm": {
        "mean": 0
    },
    "second_peak_spread": {
        "mean": 0
    },
    "second_peak_weight": {
        "mean": 0
    },
    "beats_loudness_band_ratio": {
        "mean": [0.134030982852, 0.0347432456911, 0.826319634914, 0.00602995697409, 0.000560275628231, 0.000779238645919]
    },
    "beats_position": [0.278639435768, 0.603718817234, 0.9287981987, 1.25387752056, 1.57895684242, 1.90403628349, 2.22911548615],
    "bpm_estimates": [184.570297241, 184.570297241, 184.570343018, 184.570343018, 184.570266724, 184.570404053],
    "bpm_intervals": [0.325079381466, 0.325079381466, 0.325079321861, 0.325079321861, 0.325079441071, 0.325079202652],
    "onset_times": [0.0580498874187, 0.255419492722, 0.522448956966, 1.26548755169]
},
"sfx": {
    "inharmonicity": {
        "mean": 0.0303490571678
    },
    "oddtoevenharmonicenergyratio": {
        "mean": 0.278160810471
    },
    "pitch_after_max_to_before_max_energy_ratio": 0.043219614774,
    "pitch_centroid": 49.0484695435,
    "pitch_max_to_total": 0.773584902287,
    "pitch_min_to_total": 0.0377358496189,
    "tristimulus": {
        "mean": [0.274372160435, 0.709303498268, 0.0126253534108]
    }
},
"tonal": {
    "chords_changes_rate": 0,
    "chords_number_rate": 0.0185185186565,
    "chords_strength": {
        "mean": 0.572276413441
    },
    "key_strength": 0.563853919506,
    "tuning_diatonic_strength": 0.361428380013,
    "tuning_equal_tempered_deviation": 0.0957144349813,
    "tuning_frequency": 442.548919678,
    "tuning_nontempered_energy_ratio": 0.696461200714,
    "hpcp": {
        "mean": [0.0238689351827, 0.0235986355692, 0.0494759790599, 0.0525689832866, 0.0269091483206, 0.373149603605, 0.764402329922, 0.430942982435, 0.0465364269912, 0.0424984619021, 0.0295769777149, 0.0157483182847, 0.0286306235939, 0.0229359269142, 0.010093299672, 0.0150906639174, 0.0270330999047, 0.0418957918882, 0.0379132367671, 0.0170414596796, 0.0152227394283, 0.0212785024196, 0.0916768610477, 0.172167316079, 0.107063926756, 0.0226131826639, 0.0178387835622, 0.0531455799937, 0.0570966005325, 0.0185637548566, 0.00414117937908, 0.00292585208081, 0.00624465849251, 0.0139295458794, 0.0223484430462, 0.0259788520634]
    },
    "chords_histogram": [0, 0, 0, 0, 0, 0, 0, 0, 0, 100, 0, 0, 0, 0, 0, 0, 0, 0, 0, 0, 0, 0, 0, 0],
    "thpcp": [1, 0.563764631748, 0.0608794949949, 0.0555969811976, 0.0386929437518, 0.0206021331251, 0.0374549143016, 0.0300050452352, 0.0132041713223, 0.0197417810559, 0.0353650152683, 0.0548085607588, 0.0495985373855, 0.0222938358784, 0.0199145637453, 0.0278367847204, 0.119932733476, 0.225231274962, 0.140062272549, 0.0295828282833, 0.0233369041234, 0.0695256665349, 0.0746944323182, 0.0242853201926, 0.0054175388068, 0.00382763356902, 0.00816933438182, 0.0182227939367, 0.0292364917696, 0.0339858345687, 0.031225617975, 0.0308720096946, 0.06472504884, 0.0687713548541, 0.0352028608322, 0.488158643246],
    "chords_key": "B",
    "chords_scale": "major",
    "key_key": "E",
    "key_scale": "minor",
    "chords_progression": ["B", "B", "B", "B", "B", "B", "B", "B", "B", "B", "B", "B", "B", "B", "B", "B", "B", "B", "B", "B", "B", "B", "B", "B", "B", "B", "B", "B", "B", "B", "B", "B", "B", "B", "B", "B", "B", "B", "B", "B", "B", "B", "B", "B", "B", "B", "B", "B", "B", "B", "B", "B", "B", "B"]
}
}