{
"metadata": {
    "version": {
        "essentia": "2.1-beta2"
    }
},
"lowLevel": {
    "dissonance": {
        "mean": 0.0644360929728
    },
    "hfc": {
        "mean": 26.5111484528
    },
    "spectral_centroid": {
        "mean": 0.10371889174
    },
    "mfcc": {
        "mean": [-962.047729492, 4.32148599625, -76.833404541, -27.6070785522, 14.9101285934, 65.868057251, 41.6827011108, -33.9655380249, -31.5048141479, 11.2181148529, 69.2208557129, 35.2396278381, -37.7856559753, -2.81969404221, 50.341835022, 6.39780092239, 2.48283529282, -0.0197857394814, -43.0506591797, 8.65009498596, 57.4562721252, -5.15049123764, -8.05786991119, -4.17268562317, -8.28655433655, 27.5400218964, -5.99216556549, 6.77295732498, -3.79094934464, -15.5698852539, 23.8692989349, -7.72995281219, -6.02783966064, 1.74851429462, 10.9589929581, -9.89095020294, 1.73475539684, 3.59070968628, -1.4670432806, -1.87421286106]
    },
    "spectral_contrast": {
        "mean": [-0.725852370262, -0.774844765663, -0.284474253654, -0.706932067871, -0.727133452892, -0.760417938232]
    }
},
"sfx": {
    "inharmonicity": {
        "mean": 0.36959323287
    },
    "logattacktime": {
        "mean": -4.97153282166
    }
}
}