{
"metadata": {
    "version": {
        "essentia": "2.1-beta2"
    }
},
"lowLevel": {
    "dissonance": {
        "mean": 0.463317394257
    },
    "hfc": {
        "mean": 38.3623428345
    },
    "spectral_centroid": {
        "mean": 0.20292802155
    },
    "mfcc": {
        "mean": [-768.9140625, -23.5715293884, -51.3057327271, 23.0093154907, -0.527011573315, 4.29999828339, -6.02185153961, 18.3751678467, 5.74780845642, 17.3591880798, 17.746629715, 16.6918048859, 12.2267637253, 13.4458885193, 8.80337429047, 8.98475933075, 10.9993801117, 9.86405563354, 8.52508449554, 8.43592834473, 9.6995344162, 11.9032850266, -0.88143414259, -6.15739393234, 5.33759737015, 8.48787689209, 3.47382998466, 1.36965405941, 3.55670428276, 6.03714561462, -3.88412451744, -1.22516787052, 1.28212273121, -0.276165485382, 3.4602367878, 2.17981481552, -1.54043376446, -2.56349730492, 0.0490256883204, -2.66044592857]
    },
    "spectral_contrast": {
        "mean": [-0.640232741833, -0.823641836643, -0.79934579134, -0.788722753525, -0.800608873367, -0.680112183094]
    }
},
"sfx": {
    "inharmonicity": {
        "mean": 0.161363571882
    },
    "logattacktime": {
        "mean": -4.91655445099
    }
}
}