{"lowlevel.dissonance.mean": [0.33201301097869873], "sfx.inharmonicity.mean": [0.42058470845222473], "lowlevel.spectral_contrast.mean": [[0.541548490524292, 0.4057983160018921, 0.35019755363464355, 0.2750115394592285, 0.2582731246948242, 0.2797510623931885]], "lowlevel.spectral_centroid.mean": [0.3963993191719055], "lowlevel.mfcc.mean": [[0.2444380521774292, 0.24658337235450745, 0.5173973441123962, 0.42996230721473694, 0.39572077989578247, 0.32902130484580994, 0.40158146619796753, 0.38514894247055054, 0.3774188756942749, 0.31866589188575745, 0.29770880937576294, 0.3244929313659668, 0.2984238862991333]], "sfx.logattacktime.mean": [0.13142958283424377], "lowlevel.hfc.mean": [0.4719722270965576]}