{
"metadata": {
    "version": {
        "essentia": "2.1-beta2"
    }
},
"lowLevel": {
    "average_loudness": 0.99068403244,
    "barkbands_kurtosis": {
        "mean": 1.07374942303
    },
    "barkbands_skewness": {
        "mean": -0.459410130978
    },
    "barkbands_spread": {
        "mean": 6.32314825058
    },
    "dissonance": {
        "mean": 0.278763264418
    },
    "hfc": {
        "mean": 14.1227521896
    },
    "pitch": {
        "mean": 587.514587402
    },
    "pitch_instantaneous_confidence": {
        "mean": 0.952829182148
    },
    "pitch_salience": {
        "mean": 0.533784747124
    },
    "silence_rate_20dB": {
        "mean": 1
    },
    "silence_rate_30dB": {
        "mean": 0.985915482044
    },
    "silence_rate_60dB": {
        "mean": 0.718309879303
    },
    "spectral_centroid": {
        "mean": 1279.07043457
    },
    "spectral_complexity": {
        "mean": 3.01408457756
    },
    "spectral_crest": {
        "mean": 17.7543449402
    },
    "spectral_decrease": {
        "mean": -1.90757276641e-09
    },
    "spectral_energy": {
        "mean": 0.00848059728742
    },
    "spectral_energyband_high": {
        "mean": 0.000590892217588
    },
    "spectral_energyband_low": {
        "mean": 4.99250454595e-05
    },
    "spectral_energyband_middle_high": {
        "mean": 0.00438153836876
    },
    "spectral_energyband_middle_low": {
        "mean": 0.00348500511609
    },
    "spectral_flatness_db": {
        "mean": 0.619587898254
    },
    "spectral_flux": {
        "mean": 0.0161764454097
    },
    "spectral_kurtosis": {
        "mean": 66.2388076782
    },
    "spectral_rms": {
        "mean": 0.00160000787582
    },
    "spectral_rolloff": {
        "mean": 1683.53210449
    },
    "spectral_skewness": {
        "mean": 6.62051296234
    },
    "spectral_spread": {
        "mean": 4205602.5
    },
    "spectral_strongpeak": {
        "mean": 1.28165578842
    },
    "zerocrossingrate": {
        "mean": 0.0740674510598
    },
    "barkbands": {
        "mean": [5.33189859198e-06, 9.40539030125e-06, 1.29051804834e-05, 0.000114478272735, 0.000669355271384, 0.000160481708008, 6.03072876402e-05, 0.00245097046718, 2.90452098852e-05, 2.34923354583e-05, 5.81016720389e-05, 0.00221312791109, 1.9315893951e-06, 0.000368434790289, 1.66379359143e-05, 0.00105790735688, 5.85889711147e-06, 0.000162465279573, 2.34781527979e-05, 0.000471771869343, 0.00016815039271, 0.000101662073575, 5.14797175128e-05, 9.2023605248e-05, 5.75887825107e-05, 6.52023227303e-05, 2.90102034342e-05]
    },
    "mfcc": {
        "mean": [-995.227661133, 53.1587638855, -57.6995620728, -45.1485404968, -21.3848419189, -2.65227723122, -0.629479169846, -9.87360477448, -0.0455839112401, -0.282887727022, 0.599129378796, 32.9916038513, 39.6652145386]
    },
    "sccoeffs": {
        "mean": [-0.748973190784, -0.387656599283, -0.384273737669, -0.607654571533, -0.590819120407, -0.882936775684]
    },
    "scvalleys": {
        "mean": [-12.9811105728, -12.5359325409, -12.4955224991, -12.888753891, -13.6808166504, -14.1320161819]
    }
},
"rhythm": {
    "beats_loudness": {
        "mean": 0.00130926235579
    },
    "bpm": 112.347137451,
    "first_peak_bpm": {
        "mean": 112
    },
    "first_peak_spread": {
        "mean": 0
    },
    "first_peak_weight": {
        "mean": 1
    },
    "onset_rate": 0.621897578239,
    "second_peak_bpm": {
        "mean": 0
    },
    "second_peak_spread": {
        "mean": 0
    },
    "second_peak_weight": {
        "mean": 0
    },
    "beats_loudness_band_ratio": {
        "mean": [9.44472958508e-06, 3.891204301e-07, 0.348046958447, 0.620534062386, 0.0312458910048, 0.000167545760632]
    },
    "beats_position": [0.522448956966, 1.05650794506],
    "bpm_estimates": [112.347137451],
    "bpm_intervals": [0.534058988094],
    "onset_times": [0.0232199542224]
},
"sfx": {
    "inharmonicity": {
        "mean": 0.0219468455762
    },
    "oddtoevenharmonicenergyratio": {
        "mean": 2.25299024582
    },
    "pitch_after_max_to_before_max_energy_ratio": 5.82592821121,
    "pitch_centroid": 34.024230957,
    "pitch_max_to_total": 0,
    "pitch_min_to_total": 0.985915482044,
    "tristimulus": {
        "mean": [0.241532117128, 0.733616530895, 0.0149542111903]
    }
},
"tonal": {
    "chords_changes_rate": 0.0277777779847,
    "chords_number_rate": 0.0555555559695,
    "chords_strength": {
        "mean": 0.203443810344
    },
    "key_strength": 0.569024026394,
    "tuning_diatonic_strength": 0.354623794556,
    "tuning_equal_tempered_deviation": 0.037920769304,
    "tuning_frequency": 443.316436768,
    "tuning_nontempered_energy_ratio": 0.680766165257,
    "hpcp": {
        "mean": [0.000137907205499, 0.00156890565995, 0.00339816207998, 0.0043795639649, 0.00880809593946, 0.0151334488764, 0.0108401430771, 0.00705834059045, 0.0198369212449, 0.0206019207835, 0.00758971041068, 0.487955987453, 0.996936798096, 0.511754274368, 0.000992668094113, 1.70123294083e-05, 0.00018146992079, 0.000520309899002, 0.00130417698529, 0.00252546695992, 0.00173190864734, 0.000177050707862, 0.00139297870919, 0.00588736915961, 0.00526625849307, 0.000837342755403, 0.000283426663373, 0.00173372356221, 0.00651567801833, 0.022527191788, 0.032528206706, 0.0159352850169, 0.010463100858, 0.0202973373234, 0.0110948355868, 0.000392097164877]
    },
    "chords_histogram": [0, 0, 38.8888893127, 0, 0, 0, 0, 61.1111106873, 0, 0, 0, 0, 0, 0, 0, 0, 0, 0, 0, 0, 0, 0, 0, 0],
    "thpcp": [1, 0.513326704502, 0.000995718175545, 1.70646017068e-05, 0.000182027506526, 0.000521908630617, 0.00130818423349, 0.00253322673962, 0.00173723010812, 0.000177594716661, 0.00139725883491, 0.00590545870364, 0.00528243975714, 0.000839915592223, 0.000284297537291, 0.00173905061092, 0.00653569819406, 0.0225964095443, 0.0326281525195, 0.0159842483699, 0.0104952501133, 0.0203597024083, 0.0111289257184, 0.000393301917939, 0.000138330942718, 0.00157372630201, 0.00340860337019, 0.00439302064478, 0.00883516017348, 0.0151799479499, 0.0108734508976, 0.00708002829924, 0.0198978725821, 0.0206652227789, 0.00761303072795, 0.489455282688],
    "chords_key": "F#",
    "chords_scale": "major",
    "key_key": "F#",
    "key_scale": "minor",
    "chords_progression": ["C#m", "C#m", "C#m", "C#m", "C#m", "C#m", "C#m", "C#m", "C#m", "C#m", "C#m", "C#m", "C#m", "C#m", "F#", "F#", "F#", "F#", "F#", "F#", "F#", "F#", "F#", "F#", "F#", "F#", "F#", "F#", "F#", "F#", "F#", "F#", "F#", "F#", "F#", "F#"]
}
}