{
"metadata": {
    "version": {
        "essentia": "2.1-beta2"
    }
},
"lowLevel": {
    "dissonance": {
        "mean": 0.0176117382944
    },
    "hfc": {
        "mean": 6.12376689911
    },
    "spectral_centroid": {
        "mean": 0.0497473850846
    },
    "mfcc": {
        "mean": [-923.724853516, 113.518135071, -46.0730209351, -34.0914115906, -25.148393631, -28.9556217194, -30.5911960602, -14.2941970825, -3.03874635696, -11.0191431046, -15.6049203873, 2.94423961639, 28.455821991, 37.6148872375, 23.9151687622, 25.5088253021, 23.4078445435, -18.0929889679, -54.1845283508, -38.283039093, -9.14432239532, -2.41050672531, 11.2187299728, 21.2178249359, 2.17573976517, -12.3673229218, -15.6400060654, -6.04658508301, 21.1214771271, 14.6547031403, -9.49886798859, -2.82797956467, 8.16645526886, 2.350710392, -6.05997848511, -6.64778470993, -5.53706502914, 1.34911239147, 0.33145070076, -11.4152536392]
    },
    "spectral_contrast": {
        "mean": [-0.397356778383, -0.470001667738, -0.530119121075, -0.674107968807, -0.828359305859, -0.879629611969]
    }
},
"sfx": {
    "inharmonicity": {
        "mean": 0.0928611308336
    },
    "logattacktime": {
        "mean": -4.93989706039
    }
}
}