{
"metadata": {
    "version": {
        "essentia": "2.1-beta2"
    }
},
"lowLevel": {
    "dissonance": {
        "mean": 0.162160024047
    },
    "hfc": {
        "mean": 92.3863296509
    },
    "spectral_centroid": {
        "mean": 0.194519847631
    },
    "mfcc": {
        "mean": [-866.850036621, -13.9150009155, -84.7752838135, -33.0164413452, 40.9461479187, 16.8586730957, -25.7738342285, -23.4326705933, 40.2503509521, 15.0212907791, -5.98703527451, 26.9607791901, 51.5681762695, 5.05655288696, -7.67750930786, 3.45659017563, 12.3452157974, -1.60057127476, -15.9971399307, 21.1807556152, 41.400554657, -8.99609851837, -25.6026115417, 7.51049232483, 25.8982772827, 2.55156421661, -14.927157402, -7.99284982681, 21.6148014069, 6.51465845108, -18.2815113068, -0.794272303581, 9.08814334869, 2.08549427986, -1.4899481535, -3.88304948807, 2.94301772118, -0.820132791996, -1.07704496384, 2.90329957008]
    },
    "spectral_contrast": {
        "mean": [-0.719417691231, -0.759480953217, -0.36119684577, -0.813880443573, -0.860874712467, -0.708105504513]
    }
},
"sfx": {
    "inharmonicity": {
        "mean": 0.290268540382
    },
    "logattacktime": {
        "mean": -4.94317245483
    }
}
}