{
"metadata": {
    "version": {
        "essentia": "2.1-beta2"
    }
},
"lowLevel": {
    "average_loudness": 0.96791100502,
    "barkbands_kurtosis": {
        "mean": 9.18156909943
    },
    "barkbands_skewness": {
        "mean": 0.167434588075
    },
    "barkbands_spread": {
        "mean": 9.00162601471
    },
    "dissonance": {
        "mean": 0.468308806419
    },
    "hfc": {
        "mean": 7.66232728958
    },
    "pitch": {
        "mean": 448.861663818
    },
    "pitch_instantaneous_confidence": {
        "mean": 0.601210713387
    },
    "pitch_salience": {
        "mean": 0.645643889904
    },
    "silence_rate_20dB": {
        "mean": 1
    },
    "silence_rate_30dB": {
        "mean": 1
    },
    "silence_rate_60dB": {
        "mean": 0.370370358229
    },
    "spectral_centroid": {
        "mean": 625.093994141
    },
    "spectral_complexity": {
        "mean": 6.28703689575
    },
    "spectral_crest": {
        "mean": 13.7128896713
    },
    "spectral_decrease": {
        "mean": -4.23620916123e-09
    },
    "spectral_energy": {
        "mean": 0.0166833885014
    },
    "spectral_energyband_high": {
        "mean": 5.52345298388e-08
    },
    "spectral_energyband_low": {
        "mean": 0.000198156514671
    },
    "spectral_energyband_middle_high": {
        "mean": 8.64128451212e-05
    },
    "spectral_energyband_middle_low": {
        "mean": 0.0165022332221
    },
    "spectral_flatness_db": {
        "mean": 0.346095591784
    },
    "spectral_flux": {
        "mean": 0.00930010061711
    },
    "spectral_kurtosis": {
        "mean": 105.530776978
    },
    "spectral_rms": {
        "mean": 0.00320613267832
    },
    "spectral_rolloff": {
        "mean": 827.233642578
    },
    "spectral_skewness": {
        "mean": 8.16024208069
    },
    "spectral_spread": {
        "mean": 10704013
    },
    "spectral_strongpeak": {
        "mean": 1.25822401047
    },
    "zerocrossingrate": {
        "mean": 0.0416937917471
    },
    "barkbands": {
        "mean": [3.37835786013e-07, 6.88242289471e-05, 4.04685270041e-05, 0.000107667707198, 0.000383954320569, 0.00156020419672, 0.00955376774073, 0.00473313452676, 0.000146520018461, 4.92102772114e-05, 6.84432416165e-06, 4.02667819799e-06, 1.14501581265e-05, 1.54339450091e-05, 1.26638121856e-06, 1.81786901976e-07, 3.00650846441e-08, 2.99895219769e-08, 1.86164275107e-08, 1.19917151764e-08, 8.93242013689e-09, 6.05922734209e-09, 5.1271178414e-09, 6.49862874624e-09, 7.22312254453e-09, 1.01734469737e-08, 5.13430542526e-09]
    },
    "mfcc": {
        "mean": [-954.473876953, 186.423278809, 51.5853309631, -16.0528469086, -12.2117509842, -6.67412185669, -19.7466564178, -23.6980209351, -7.01077079773, 12.6086435318, 16.1703033447, 5.42478895187, -2.34796953201]
    },
    "sccoeffs": {
        "mean": [-0.726986706257, -0.682412087917, -0.708869874477, -0.773730576038, -0.877104699612, -0.903285980225]
    },
    "scvalleys": {
        "mean": [-7.77502059937, -7.01142454147, -9.64790439606, -10.1343221664, -12.0587024689, -12.8410863876]
    }
},
"rhythm": {
    "beats_loudness": {
        "mean": 0.0203020498157
    },
    "bpm": 112.347137451,
    "first_peak_bpm": {
        "mean": 112
    },
    "first_peak_spread": {
        "mean": 0
    },
    "first_peak_weight": {
        "mean": 1
    },
    "onset_rate": 1.61184203625,
    "second_peak_bpm": {
        "mean": 0
    },
    "second_peak_spread": {
        "mean": 0
    },
    "second_peak_weight": {
        "mean": 0
    },
    "beats_loudness_band_ratio": {
        "mean": [0.0874785780907, 0.104174613953, 0.676895439625, 0.121189072728, 0.0105082476512, 0.00735828420147]
    },
    "beats_position": [0.522448956966, 1.05650794506, 1.59056687355, 2.12462592125],
    "bpm_estimates": [112.347137451, 112.34715271, 112.347129822],
    "bpm_intervals": [0.534058988094, 0.53405892849, 0.534059047699],
    "onset_times": [0.0464399084449, 0.208979591727, 2.19428563118, 2.3916554451]
},
"sfx": {
    "inharmonicity": {
        "mean": 0.0141757195815
    },
    "oddtoevenharmonicenergyratio": {
        "mean": 16.5410842896
    },
    "pitch_after_max_to_before_max_energy_ratio": 3.30588269234,
    "pitch_centroid": 51.1899871826,
    "pitch_max_to_total": 0.0648148134351,
    "pitch_min_to_total": 0.888888895512,
    "tristimulus": {
        "mean": [0.397400289774, 0.57430934906, 0.0202233362943]
    }
},
"tonal": {
    "chords_changes_rate": 0,
    "chords_number_rate": 0.0181818176061,
    "chords_strength": {
        "mean": 0.472757190466
    },
    "key_strength": 0.549687922001,
    "tuning_diatonic_strength": 0.429456442595,
    "tuning_equal_tempered_deviation": 0.172990351915,
    "tuning_frequency": 443.060424805,
    "tuning_nontempered_energy_ratio": 0.83099091053,
    "hpcp": {
        "mean": [0.689494967461, 0.322565227747, 0.0181767828763, 0.025385549292, 0.0402135886252, 0.0540367774665, 0.0493765734136, 0.265199005604, 0.471896559, 0.23347735405, 0.00596785219386, 0.00746053876355, 0.0108214104548, 0.0203300137073, 0.0731668993831, 0.127992942929, 0.0891717150807, 0.0397148840129, 0.0377570688725, 0.0323268771172, 0.0272196251899, 0.0271825846285, 0.133383691311, 0.225183978677, 0.119979381561, 0.055219899863, 0.154795408249, 0.134521648288, 0.0241778548807, 0.00644478434697, 0.0107463225722, 0.0277520548552, 0.0330063253641, 0.0276797953993, 0.0399284623563, 0.3968064785]
    },
    "chords_histogram": [0, 0, 0, 0, 0, 0, 0, 0, 0, 100, 0, 0, 0, 0, 0, 0, 0, 0, 0, 0, 0, 0, 0, 0],
    "thpcp": [1, 0.467828243971, 0.026362458244, 0.036817599088, 0.0583232529461, 0.0783715322614, 0.0716126635671, 0.384627908468, 0.684409022331, 0.338620811701, 0.00865539629012, 0.0108202947304, 0.0156946908683, 0.0294853691012, 0.106116652489, 0.185632884502, 0.129329025745, 0.0575999617577, 0.0547604709864, 0.0468848645687, 0.0394776277244, 0.039423905313, 0.193451285362, 0.326592624187, 0.174010530114, 0.0800874605775, 0.224505499005, 0.195101708174, 0.0350660346448, 0.00934710819274, 0.0155857885256, 0.0402498282492, 0.0478702932596, 0.0401450283825, 0.0579097233713, 0.575503110886],
    "chords_key": "E",
    "chords_scale": "major",
    "key_key": "A",
    "key_scale": "minor",
    "chords_progression": ["E", "E", "E", "E", "E", "E", "E", "E", "E", "E", "E", "E", "E", "E", "E", "E", "E", "E", "E", "E", "E", "E", "E", "E", "E", "E", "E", "E", "E", "E", "E", "E", "E", "E", "E", "E", "E", "E", "E", "E", "E", "E", "E", "E", "E", "E", "E", "E", "E", "E", "E", "E", "E", "E", "E"]
}
}