{"lowlevel.dissonance.mean": [-0.16754162311553955], "sfx.inharmonicity.mean": [0.4120490550994873], "lowlevel.spectral_contrast.mean": [[0.6559754014015198, 0.8273568153381348, 0.6737678050994873, 0.4248383045196533, 0.281327486038208, 0.23087835311889648]], "lowlevel.spectral_centroid.mean": [0.33071303367614746], "lowlevel.mfcc.mean": [[0.35377466678619385, 0.8095180988311768, 0.9312787055969238, 0.5975748300552368, 0.4214308261871338, 0.26342642307281494, 0.21387115120887756, 0.15181782841682434, 0.21208083629608154, 0.28216642141342163, 0.4683893620967865, 0.6948394775390625, 0.8971543312072754]], "sfx.logattacktime.mean": [0.29050129652023315], "lowlevel.hfc.mean": [0.4685838222503662]}