{
"metadata": {
    "version": {
        "essentia": "2.1-beta2"
    }
},
"lowLevel": {
    "dissonance": {
        "mean": 0.200205639005
    },
    "hfc": {
        "mean": 32.4305915833
    },
    "spectral_centroid": {
        "mean": 0.0906410217285
    },
    "mfcc": {
        "mean": [-780.053100586, 7.84354686737, -160.635528564, -29.7270717621, -60.7935256958, -30.3994827271, -25.7300167084, -13.5268573761, 3.90338754654, 30.0981483459, 37.1147727966, 38.031452179, 27.4998893738, -6.5297627449, -46.7688293457, -44.071105957, -12.7099666595, 27.6832752228, 39.7025909424, 21.1449832916, -22.4364299774, -28.1341285706, 17.7811717987, 33.5345306396, -9.80246353149, -37.3488922119, -3.96145987511, 28.6718635559, -2.72437572479, -16.3208751678, 11.0259189606, 10.2988910675, -9.5112285614, -4.3698964119, 17.0459194183, 10.4977092743, -12.8104658127, -5.48326778412, -1.89526426792, -13.1219749451]
    },
    "spectral_contrast": {
        "mean": [-0.365990370512, -0.327967137098, -0.479866415262, -0.592750668526, -0.736390352249, -0.696653604507]
    }
},
"sfx": {
    "inharmonicity": {
        "mean": 0.248144418001
    },
    "logattacktime": {
        "mean": -5
    }
}
}