{
"metadata": {
    "version": {
        "essentia": "2.1-beta2"
    }
},
"lowLevel": {
    "dissonance": {
        "mean": 0.162027865648
    },
    "hfc": {
        "mean": 0.357966184616
    },
    "spectral_centroid": {
        "mean": 0.0648121759295
    },
    "mfcc": {
        "mean": [-882.838928223, 160.847244263, -45.7719535828, -18.8694705963, 4.91423988342, -4.13476610184, -16.2398033142, -20.9722805023, -2.0970697403, 12.3822574615, -0.412729352713, -24.0665512085, -11.4858131409, -3.83842658997, -20.4322662354, -7.38152503967, -1.4093310833, -3.92428398132, 8.68449211121, 14.1384010315, 15.0503005981, 0.851486384869, -10.0505867004, 1.3208565712, 20.1090106964, 23.8264636993, 9.91528224945, 0.912664175034, -1.97916173935, 4.3966588974, 4.34469890594, -11.1452417374, -12.6780967712, -0.342283427715, 8.32438659668, 13.0692596436, 11.1577196121, 1.78894782066, -3.09159731865, -1.34185326099]
    },
    "spectral_contrast": {
        "mean": [-0.646580576897, -0.613287687302, -0.622599542141, -0.744079291821, -0.81696420908, -0.851562321186]
    }
},
"sfx": {
    "inharmonicity": {
        "mean": 0.191311955452
    },
    "logattacktime": {
        "mean": -5
    }
}
}