{
"metadata": {
    "version": {
        "essentia": "2.1-beta2"
    }
},
"lowLevel": {
    "average_loudness": 0.99068403244,
    "barkbands_kurtosis": {
        "mean": 312.741668701
    },
    "barkbands_skewness": {
        "mean": 9.90056419373
    },
    "barkbands_spread": {
        "mean": 11.8466959
    },
    "dissonance": {
        "mean": 0.34514772892
    },
    "hfc": {
        "mean": 11.8755683899
    },
    "pitch": {
        "mean": 420.484954834
    },
    "pitch_instantaneous_confidence": {
        "mean": 0.675481081009
    },
    "pitch_salience": {
        "mean": 0.286587387323
    },
    "silence_rate_20dB": {
        "mean": 1
    },
    "silence_rate_30dB": {
        "mean": 1
    },
    "silence_rate_60dB": {
        "mean": 0.9375
    },
    "spectral_centroid": {
        "mean": 1643.33886719
    },
    "spectral_complexity": {
        "mean": 2.1875
    },
    "spectral_crest": {
        "mean": 18.8652057648
    },
    "spectral_decrease": {
        "mean": -3.85807802372e-10
    },
    "spectral_energy": {
        "mean": 0.00253327866085
    },
    "spectral_energyband_high": {
        "mean": 0.00173567887396
    },
    "spectral_energyband_low": {
        "mean": 1.84376915513e-06
    },
    "spectral_energyband_middle_high": {
        "mean": 0.000674779585097
    },
    "spectral_energyband_middle_low": {
        "mean": 0.000154622190166
    },
    "spectral_flatness_db": {
        "mean": 0.317130178213
    },
    "spectral_flux": {
        "mean": 0.015577737242
    },
    "spectral_kurtosis": {
        "mean": 4.43723392487
    },
    "spectral_rms": {
        "mean": 0.00045164549374
    },
    "spectral_rolloff": {
        "mean": 2727.98779297
    },
    "spectral_skewness": {
        "mean": 1.79462432861
    },
    "spectral_spread": {
        "mean": 24975040
    },
    "spectral_strongpeak": {
        "mean": 0.114428751171
    },
    "zerocrossingrate": {
        "mean": 0.110616050661
    },
    "barkbands": {
        "mean": [3.08927887716e-08, 2.55113349112e-07, 9.51380400238e-07, 2.74563262792e-06, 3.59053155989e-05, 3.3752687159e-05, 2.45420287683e-05, 3.1067578675e-05, 1.63417898875e-05, 6.43571474939e-05, 3.15009601763e-05, 2.26383181143e-05, 1.32380228024e-05, 1.89494185179e-05, 4.3829317292e-05, 1.74409669853e-05, 5.71313612454e-05, 0.000161473988555, 0.000104981394543, 0.000361594720744, 0.000567674811464, 0.000535817525815, 0.000122375786304, 0.000175556677277, 6.13090451225e-05, 2.3486543796e-05, 4.33019931734e-06]
    },
    "mfcc": {
        "mean": [-1049.62268066, 25.60546875, 11.6070356369, 8.09503936768, -3.77982640266, -4.93747758865, -2.39112925529, -1.66303348541, -3.54412460327, -7.83245277405, -13.0847444534, -14.1005630493, -15.3521642685]
    },
    "sccoeffs": {
        "mean": [-0.620481550694, -0.845364570618, -0.833598613739, -0.900980055332, -0.90370464325, -0.905352592468]
    },
    "scvalleys": {
        "mean": [-13.3506193161, -13.2949371338, -13.5954360962, -14.0604562759, -14.0765075684, -14.3875665665]
    }
},
"rhythm": {
    "bpm": 0,
    "first_peak_bpm": {
        "mean": 0
    },
    "first_peak_spread": {
        "mean": 0
    },
    "first_peak_weight": {
        "mean": 0
    },
    "onset_rate": 0.925945341587,
    "second_peak_bpm": {
        "mean": 0
    },
    "second_peak_spread": {
        "mean": 0
    },
    "second_peak_weight": {
        "mean": 0
    },
    "beats_position": [],
    "bpm_estimates": [],
    "bpm_intervals": [],
    "onset_times": [0.0232199542224]
},
"sfx": {
    "inharmonicity": {
        "mean": 0.0336230807006
    },
    "oddtoevenharmonicenergyratio": {
        "mean": 1831.35095215
    },
    "pitch_after_max_to_before_max_energy_ratio": 1.92584240437,
    "pitch_centroid": 15.7775583267,
    "pitch_max_to_total": 0.0208333339542,
    "pitch_min_to_total": 0.125,
    "tristimulus": {
        "mean": [0.737599074841, 0.226117148995, 0.0338794477284]
    }
},
"tonal": {
    "chords_changes_rate": 0,
    "chords_number_rate": 0.0399999991059,
    "chords_strength": {
        "mean": 0.52234774828
    },
    "key_strength": 0.572965800762,
    "tuning_diatonic_strength": 0.532324433327,
    "tuning_equal_tempered_deviation": 0.207856237888,
    "tuning_frequency": 445.627075195,
    "tuning_nontempered_energy_ratio": 0.926067590714,
    "hpcp": {
        "mean": [0.14087484777, 0.125170528889, 0.0592286027968, 0.0322990901768, 0.0366278253496, 0.0569768436253, 0.064188927412, 0.0496143624187, 0.0366840399802, 0.0406586453319, 0.0596414618194, 0.0730444565415, 0.0764523670077, 0.0718932151794, 0.100428082049, 0.156747564673, 0.116464659572, 0.0404988713562, 0.0246577039361, 0.029557434842, 0.0222300197929, 0.0108532961458, 0.0132691422477, 0.0341480411589, 0.0343547314405, 0.0204124823213, 0.0389956608415, 0.0465556010604, 0.0286233350635, 0.101203292608, 0.547092378139, 0.768546164036, 0.359184831381, 0.0667977780104, 0.0332914143801, 0.0673124492168]
    },
    "chords_histogram": [100, 0, 0, 0, 0, 0, 0, 0, 0, 0, 0, 0, 0, 0, 0, 0, 0, 0, 0, 0, 0, 0, 0, 0],
    "thpcp": [1, 0.467356234789, 0.0869144648314, 0.0433173887432, 0.087584130466, 0.183300435543, 0.162866637111, 0.0770657733083, 0.0420262217522, 0.0476585887372, 0.074135877192, 0.0835199356079, 0.0645561218262, 0.047731731087, 0.0529033206403, 0.0776029676199, 0.0950423777103, 0.0994766131043, 0.0935444310308, 0.130672797561, 0.203953355551, 0.151538923383, 0.0526954308152, 0.0320835672319, 0.0384588949382, 0.0289247687906, 0.0141218528152, 0.0172652509063, 0.0444319956005, 0.044700935483, 0.0265598651022, 0.0507395155728, 0.0605761930346, 0.0372434817255, 0.131681472063, 0.71185362339],
    "chords_key": "G",
    "chords_scale": "major",
    "key_key": "G",
    "key_scale": "major",
    "chords_progression": ["G", "G", "G", "G", "G", "G", "G", "G", "G", "G", "G", "G", "G", "G", "G", "G", "G", "G", "G", "G", "G", "G", "G", "G", "G"]
}
}