{
"metadata": {
    "version": {
        "essentia": "2.1-beta2"
    }
},
"lowLevel": {
    "dissonance": {
        "mean": 0.185874864459
    },
    "hfc": {
        "mean": 26.4475746155
    },
    "spectral_centroid": {
        "mean": 0.0596337392926
    },
    "mfcc": {
        "mean": [-686.224914551, 160.599029541, -81.6156311035, 0.444117933512, -51.1096076965, -39.6420440674, -34.001953125, -24.5739440918, -23.1484737396, -17.6877059937, -0.602067410946, 14.7960548401, 3.34996032715, 9.16352939606, 7.64451169968, 2.66879987717, 5.26071929932, -17.4026966095, -10.0447731018, -7.88627004623, -14.7858667374, 1.92615842819, 0.850927233696, 3.41895079613, 18.8416595459, 5.66807222366, 7.15226316452, 24.364112854, 16.8386745453, 6.46115207672, -0.112646989524, 7.8248872757, 1.34186124802, -5.83058929443, 0.673060655594, -3.62662291527, -6.11789703369, -0.757781267166, 2.68289089203, 1.94047152996]
    },
    "spectral_contrast": {
        "mean": [-0.330620914698, -0.595996558666, -0.629907250404, -0.669784724712, -0.736121833324, -0.779940962791]
    }
},
"sfx": {
    "inharmonicity": {
        "mean": 0.232463806868
    },
    "logattacktime": {
        "mean": -4.98239564896
    }
}
}