{
"metadata": {
    "version": {
        "essentia": "2.1-beta2"
    }
},
"lowLevel": {
    "average_loudness": 0.924684107304,
    "barkbands_kurtosis": {
        "mean": 1.15220093727
    },
    "barkbands_skewness": {
        "mean": 0.152543842793
    },
    "barkbands_spread": {
        "mean": 16.7226200104
    },
    "dissonance": {
        "mean": 0.444279789925
    },
    "hfc": {
        "mean": 14.2402143478
    },
    "pitch": {
        "mean": 552.14453125
    },
    "pitch_instantaneous_confidence": {
        "mean": 0.663443565369
    },
    "pitch_salience": {
        "mean": 0.806431591511
    },
    "silence_rate_20dB": {
        "mean": 1
    },
    "silence_rate_30dB": {
        "mean": 1
    },
    "silence_rate_60dB": {
        "mean": 0.469273746014
    },
    "spectral_centroid": {
        "mean": 1806.61413574
    },
    "spectral_complexity": {
        "mean": 5.89385461807
    },
    "spectral_crest": {
        "mean": 7.87616968155
    },
    "spectral_decrease": {
        "mean": -2.24566520934e-09
    },
    "spectral_energy": {
        "mean": 0.00976727344096
    },
    "spectral_energyband_high": {
        "mean": 5.12144542881e-05
    },
    "spectral_energyband_low": {
        "mean": 6.97442326114e-09
    },
    "spectral_energyband_middle_high": {
        "mean": 0.00783577747643
    },
    "spectral_energyband_middle_low": {
        "mean": 0.00188034027815
    },
    "spectral_flatness_db": {
        "mean": 0.270218133926
    },
    "spectral_flux": {
        "mean": 0.0072870333679
    },
    "spectral_kurtosis": {
        "mean": 11.6202383041
    },
    "spectral_rms": {
        "mean": 0.00225656665862
    },
    "spectral_rolloff": {
        "mean": 2761.06103516
    },
    "spectral_skewness": {
        "mean": 2.41893792152
    },
    "spectral_spread": {
        "mean": 10276875
    },
    "spectral_strongpeak": {
        "mean": 1.58282673359
    },
    "zerocrossingrate": {
        "mean": 0.11026699841
    },
    "barkbands": {
        "mean": [9.38795174932e-09, 1.81355419571e-09, 9.54105794371e-10, 8.46855530146e-10, 6.42907460602e-09, 0.000423874531407, 2.74714277992e-08, 4.07890503595e-08, 0.00145631283522, 1.91314867948e-07, 0.00260499748401, 5.39201282663e-05, 0.00196972442791, 3.97206640628e-05, 0.00109366048127, 0.000614001241047, 0.000561082037166, 0.00065897667082, 0.000181200157385, 7.9489320342e-05, 2.11119568121e-05, 7.42822885513e-06, 1.19874096072e-06, 2.42989528942e-07, 6.13839006292e-08, 1.16171676723e-08, 1.13419995618e-09]
    },
    "mfcc": {
        "mean": [-905.171691895, 36.0417976379, -114.494445801, -16.7909946442, -27.3979434967, -15.8628473282, -16.2701778412, -10.6190414429, -15.0341930389, -14.9839944839, -5.17147779465, -0.589143693447, 2.84007883072]
    },
    "sccoeffs": {
        "mean": [-0.863553106785, -0.612601101398, -0.589170515537, -0.638741493225, -0.714880645275, -0.801659166813]
    },
    "scvalleys": {
        "mean": [-11.7864465714, -11.0112514496, -10.3003444672, -10.1160802841, -10.4495458603, -12.0768985748]
    }
},
"rhythm": {
    "beats_loudness": {
        "mean": 0.0120963323861
    },
    "bpm": 129.894088745,
    "first_peak_bpm": {
        "mean": 129
    },
    "first_peak_spread": {
        "mean": 0.600000023842
    },
    "first_peak_weight": {
        "mean": 0.285714298487
    },
    "onset_rate": 1.69574391842,
    "second_peak_bpm": {
        "mean": 136
    },
    "second_peak_spread": {
        "mean": 0
    },
    "second_peak_weight": {
        "mean": 0.285714298487
    },
    "beats_loudness_band_ratio": {
        "mean": [0.00516520999372, 0.036590564996, 0.110895171762, 0.337795823812, 0.397870838642, 0.118892602623]
    },
    "beats_position": [0.441179126501, 0.893968224525, 1.33514738083, 1.78793644905, 2.22911548615, 2.69351458549, 3.16952371597, 3.63392281532],
    "bpm_estimates": [132.512023926, 132.512039185, 129.19921875, 126.04800415, 129.19921875],
    "bpm_intervals": [0.452789098024, 0.441179156303, 0.452789068222, 0.441179037094, 0.46439909935, 0.476009130478, 0.46439909935],
    "onset_times": [0.557278931141, 0.650158703327, 0.789478480816, 1.48607707024, 1.66022670269, 1.764716506, 2.14784574509]
},
"sfx": {
    "inharmonicity": {
        "mean": 0.162236228585
    },
    "oddtoevenharmonicenergyratio": {
        "mean": 1.56509625912
    },
    "pitch_after_max_to_before_max_energy_ratio": 0.497663229704,
    "pitch_centroid": 86.0865097046,
    "pitch_max_to_total": 0.972067058086,
    "pitch_min_to_total": 0.156424582005,
    "tristimulus": {
        "mean": [0.141155108809, 0.620445668697, 0.221455052495]
    }
},
"tonal": {
    "chords_changes_rate": 0.0888888910413,
    "chords_number_rate": 0.0666666701436,
    "chords_strength": {
        "mean": 0.413461953402
    },
    "key_strength": 0.704651176929,
    "tuning_diatonic_strength": 0.429811507463,
    "tuning_equal_tempered_deviation": 0.158262997866,
    "tuning_frequency": 436.960693359,
    "tuning_nontempered_energy_ratio": 0.689800918102,
    "hpcp": {
        "mean": [0.28560769558, 0.162997603416, 0.125840529799, 0.128400459886, 0.125647768378, 0.139301866293, 0.141777932644, 0.141109898686, 0.322297751904, 0.579485952854, 0.413717895746, 0.144805371761, 0.150838658214, 0.181569442153, 0.187814474106, 0.169326037169, 0.18870639801, 0.245181649923, 0.213296622038, 0.143221050501, 0.103878602386, 0.0999199151993, 0.134013921022, 0.457927167416, 0.787414193153, 0.473951548338, 0.125180274248, 0.135053113103, 0.17197932303, 0.179678827524, 0.160401642323, 0.154242321849, 0.150787323713, 0.133689135313, 0.14882145822, 0.268161207438]
    },
    "chords_histogram": [42.2222213745, 0, 0, 4.44444465637, 1.11111116409, 22.2222213745, 0, 0, 0, 0, 0, 0, 0, 0, 4.44444465637, 0, 0, 25.5555553436, 0, 0, 0, 0, 0, 0],
    "thpcp": [1, 0.601908802986, 0.158976405859, 0.171514704823, 0.218410238624, 0.228188455105, 0.203706815839, 0.195884615183, 0.191496834159, 0.169782474637, 0.189000219107, 0.340559273958, 0.362715959549, 0.207003638148, 0.159814909101, 0.163065969944, 0.159570112824, 0.176910534501, 0.180055081844, 0.179206699133, 0.409311592579, 0.735935389996, 0.52541333437, 0.183899879456, 0.191562026739, 0.230589494109, 0.238520562649, 0.215040624142, 0.239653289318, 0.311375707388, 0.270882368088, 0.181887820363, 0.131923705339, 0.126896262169, 0.17019495368, 0.581558167934],
    "chords_key": "F",
    "chords_scale": "major",
    "key_key": "F",
    "key_scale": "major",
    "chords_progression": ["F#", "F#", "F#", "F#", "Bm", "Bm", "Bm", "Bm", "Bm", "G", "Bm", "Bm", "Bm", "Bm", "Bm", "Bm", "Bm", "Bm", "Bm", "Bm", "Bm", "Bm", "Bm", "Bm", "Bm", "Em", "Em", "Em", "Em", "Fm", "Fm", "Fm", "Fm", "Fm", "Fm", "Fm", "Fm", "Fm", "Fm", "Fm", "Fm", "Fm", "Fm", "Fm", "Fm", "Fm", "Fm", "Fm", "Fm", "Fm", "F", "Fm", "Fm", "F", "F", "F", "F", "F", "F", "F", "F", "F", "F", "F", "F", "F", "F", "F", "F", "F", "F", "F", "F", "F", "F", "F", "F", "F", "F", "F", "F", "F", "F", "F", "F", "F", "F", "F", "F", "F"]
}
}