{"lowlevel.dissonance.mean": [0.25061261653900146], "sfx.inharmonicity.mean": [0.26711922883987427], "lowlevel.spectral_contrast.mean": [[0.5555605888366699, 0.7587717771530151, 0.9370229244232178, 0.8485151529312134, 0.6209325790405273, 0.4574136734008789]], "lowlevel.spectral_centroid.mean": [0.383815735578537], "lowlevel.mfcc.mean": [[0.3837459087371826, 0.5764660835266113, 0.33328714966773987, 0.3969426453113556, 0.527154266834259, 0.4174470007419586, 0.33126163482666016, 0.24812577664852142, 0.5035954713821411, 0.65675288438797, 0.5117185711860657, 0.2433028668165207, 0.21196427941322327]], "sfx.logattacktime.mean": [0.6009324789047241], "lowlevel.hfc.mean": [0.4654504060745239]}