{"lowlevel.dissonance.mean": [0.7145329713821411], "sfx.inharmonicity.mean": [1.2102404832839966], "lowlevel.spectral_contrast.mean": [[0.29244065284729004, 0.2875344753265381, 0.2532219886779785, 0.8782080411911011, 0.721550464630127, 0.7438135147094727]], "lowlevel.spectral_centroid.mean": [0.6108607053756714], "lowlevel.mfcc.mean": [[0.28899455070495605, 0.02920009195804596, -0.0042982399463653564, 0.8516160249710083, 0.945673942565918, 0.6486489772796631, 0.3598845899105072, 0.3599995970726013, 0.641152560710907, 0.9957090616226196, 0.8697787523269653, 0.31795215606689453, 0.24104416370391846]], "sfx.logattacktime.mean": [0.22907811403274536], "lowlevel.hfc.mean": [0.46525609493255615]}