{
"metadata": {
    "version": {
        "essentia": "2.1-beta2"
    }
},
"lowLevel": {
    "dissonance": {
        "mean": 0.314577490091
    },
    "hfc": {
        "mean": 12.0670480728
    },
    "spectral_centroid": {
        "mean": 0.179852947593
    },
    "mfcc": {
        "mean": [-817.192382812, -19.845867157, -51.4403915405, 3.29726433754, -5.94305849075, 23.2070236206, 13.5792360306, -5.56521224976, -34.4122810364, -27.6350822449, 31.7680339813, 58.1913948059, -14.1308259964, -37.9389686584, 30.777557373, 33.0014877319, -10.7341299057, 25.7648906708, -5.43492221832, -36.4483375549, 26.961971283, 48.008644104, -33.929019928, 7.50327920914, -2.64467048645, -5.82098245621, 26.478302002, -35.8702507019, 36.6074943542, -12.5615968704, -22.3344287872, 21.4343967438, -12.456867218, -1.12595272064, -3.01014566422, 12.4745569229, -16.8693161011, 0.0686333402991, 7.10750102997, 10.0309972763]
    },
    "spectral_contrast": {
        "mean": [-0.802550852299, -0.818168818951, -0.505957841873, -0.500597476959, -0.641076028347, -0.717719316483]
    }
},
"sfx": {
    "inharmonicity": {
        "mean": 0.262030780315
    },
    "logattacktime": {
        "mean": -5
    }
}
}