{"lowlevel.dissonance.mean": [0.7022581100463867], "sfx.inharmonicity.mean": [1.1316795349121094], "lowlevel.spectral_contrast.mean": [[0.29207301139831543, 0.5027635097503662, 0.44901490211486816, 1.015511393547058, 0.7627987861633301, 0.8213369846343994]], "lowlevel.spectral_centroid.mean": [0.6300196647644043], "lowlevel.mfcc.mean": [[0.44011390209198, 0.01048530638217926, 0.07011032104492188, 0.7266256809234619, 0.6106226444244385, 0.6709374189376831, 0.3659084439277649, 0.5197221636772156, 0.5691857933998108, 1.0089021921157837, 1.3654283285140991, 0.6175464391708374, 0.08307000994682312]], "sfx.logattacktime.mean": [0.18417605757713318], "lowlevel.hfc.mean": [0.46613311767578125]}