{
"metadata": {
    "version": {
        "essentia": "2.1-beta2"
    }
},
"lowLevel": {
    "dissonance": {
        "mean": 0.414934843779
    },
    "hfc": {
        "mean": 40.7552337646
    },
    "spectral_centroid": {
        "mean": 0.125159949064
    },
    "mfcc": {
        "mean": [-733.464904785, 62.2342185974, -121.180625916, 22.0086326599, -23.484254837, 11.266544342, 15.9212627411, 21.711227417, 11.1377162933, 11.5775547028, 10.8992729187, 5.91271877289, 0.665293335915, -4.58059072495, -0.995828390121, 6.48095083237, 2.58809614182, 4.09552621841, 6.8690662384, 6.93157958984, 10.7669830322, 12.4724807739, 7.14672374725, 4.93049192429, 2.93873596191, 8.27909755707, 7.90113449097, 7.7497549057, 5.84598445892, 3.58396196365, 4.98126173019, 3.21527528763, 1.97866034508, 3.89673423767, 0.663856208324, -0.679833173752, -5.22388982773, -3.3541238308, -0.0705580562353, 0.719127237797]
    },
    "spectral_contrast": {
        "mean": [-0.661905825138, -0.747805714607, -0.787306368351, -0.759466350079, -0.679334402084, -0.800848126411]
    }
},
"sfx": {
    "inharmonicity": {
        "mean": 0.200618669391
    },
    "logattacktime": {
        "mean": -4.95953083038
    }
}
}