{
"metadata": {
    "version": {
        "essentia": "2.1-beta2"
    }
},
"lowLevel": {
    "average_loudness": 0.919913470745,
    "barkbands_kurtosis": {
        "mean": 2.46304821968
    },
    "barkbands_skewness": {
        "mean": 0.1573048383
    },
    "barkbands_spread": {
        "mean": 14.0661172867
    },
    "dissonance": {
        "mean": 0.411204516888
    },
    "hfc": {
        "mean": 4.1103014946
    },
    "pitch": {
        "mean": 436.103485107
    },
    "pitch_instantaneous_confidence": {
        "mean": 0.652109086514
    },
    "pitch_salience": {
        "mean": 0.789674699306
    },
    "silence_rate_20dB": {
        "mean": 1
    },
    "silence_rate_30dB": {
        "mean": 1
    },
    "silence_rate_60dB": {
        "mean": 0.488888889551
    },
    "spectral_centroid": {
        "mean": 1500.00158691
    },
    "spectral_complexity": {
        "mean": 5.89444446564
    },
    "spectral_crest": {
        "mean": 7.14239311218
    },
    "spectral_decrease": {
        "mean": -7.27174154225e-10
    },
    "spectral_energy": {
        "mean": 0.00311733852141
    },
    "spectral_energyband_high": {
        "mean": 5.62162585993e-06
    },
    "spectral_energyband_low": {
        "mean": 3.47064826656e-07
    },
    "spectral_energyband_middle_high": {
        "mean": 0.00248259445652
    },
    "spectral_energyband_middle_low": {
        "mean": 0.000631573260762
    },
    "spectral_flatness_db": {
        "mean": 0.233323797584
    },
    "spectral_flux": {
        "mean": 0.00547623867169
    },
    "spectral_kurtosis": {
        "mean": 18.1809101105
    },
    "spectral_rms": {
        "mean": 0.00129672011826
    },
    "spectral_rolloff": {
        "mean": 2112.88598633
    },
    "spectral_skewness": {
        "mean": 2.91779208183
    },
    "spectral_spread": {
        "mean": 10140281
    },
    "spectral_strongpeak": {
        "mean": 0.941381156445
    },
    "zerocrossingrate": {
        "mean": 0.0872694253922
    },
    "barkbands": {
        "mean": [8.88726514603e-09, 1.12683318232e-09, 2.09501802573e-08, 8.28186614399e-07, 0.000111283174192, 2.01181774173e-06, 7.47833400965e-05, 5.06496435264e-05, 0.00030607933877, 8.71724623721e-05, 0.000542076595593, 0.000419938412961, 0.000314771052217, 0.000515275052749, 0.000291984179057, 0.000255035527516, 6.15439203102e-05, 5.82313223276e-05, 1.61737989401e-05, 7.07690469426e-06, 1.78402240181e-06, 4.99634495554e-07, 8.6153441714e-08, 1.91448936704e-08, 6.36120489617e-09, 1.30847599422e-09, 2.5470836551e-10]
    },
    "mfcc": {
        "mean": [-930.648010254, 76.2852859497, -98.9164047241, -32.0775642395, -20.5630683899, -15.9892959595, -11.0706129074, -13.5438365936, -9.5571975708, -12.1597642899, -7.98143100739, -10.5848302841, -10.6607923508]
    },
    "sccoeffs": {
        "mean": [-0.579727649689, -0.657660603523, -0.653588175774, -0.666864395142, -0.75744342804, -0.823288559914]
    },
    "scvalleys": {
        "mean": [-11.6599931717, -10.8695516586, -10.1760778427, -10.1076688766, -10.733745575, -12.7123889923]
    }
},
"rhythm": {
    "beats_loudness": {
        "mean": 0.00361989461817
    },
    "bpm": 129.231536865,
    "first_peak_bpm": {
        "mean": 129
    },
    "first_peak_spread": {
        "mean": 0.400000035763
    },
    "first_peak_weight": {
        "mean": 0.428571432829
    },
    "onset_rate": 1.2042402029,
    "second_peak_bpm": {
        "mean": 123
    },
    "second_peak_spread": {
        "mean": 0
    },
    "second_peak_weight": {
        "mean": 0.285714298487
    },
    "beats_loudness_band_ratio": {
        "mean": [0.0244644414634, 0.0636387839913, 0.14244812727, 0.465734601021, 0.232625856996, 0.0756373777986]
    },
    "beats_position": [0.476009070873, 0.952018141747, 1.4164172411, 1.90403628349, 2.36843538284, 2.85605430603, 3.32045340538, 3.7732424736],
    "bpm_estimates": [126.048019409, 129.19921875, 129.19921875, 129.19921875, 132.512039185],
    "bpm_intervals": [0.476009070873, 0.46439909935, 0.487619042397, 0.46439909935, 0.487618923187, 0.46439909935, 0.452789068222],
    "onset_times": [0.592108845711, 1.369977355, 1.52090704441, 1.92725622654, 2.18267583847]
},
"sfx": {
    "inharmonicity": {
        "mean": 0.0540623180568
    },
    "oddtoevenharmonicenergyratio": {
        "mean": 0.795191884041
    },
    "pitch_after_max_to_before_max_energy_ratio": 8.23180675507,
    "pitch_centroid": 68.773765564,
    "pitch_max_to_total": 0.122222222388,
    "pitch_min_to_total": 0.0666666701436,
    "tristimulus": {
        "mean": [0.246186316013, 0.638112485409, 0.0895607843995]
    }
},
"tonal": {
    "chords_changes_rate": 0.0769230797887,
    "chords_number_rate": 0.0659340694547,
    "chords_strength": {
        "mean": 0.502067744732
    },
    "key_strength": 0.680261015892,
    "tuning_diatonic_strength": 0.48384693265,
    "tuning_equal_tempered_deviation": 0.154363036156,
    "tuning_frequency": 448.208557129,
    "tuning_nontempered_energy_ratio": 0.692900657654,
    "hpcp": {
        "mean": [0.192246198654, 0.100612133741, 0.0906098857522, 0.093257278204, 0.107792675495, 0.359302401543, 0.616828083992, 0.384576946497, 0.135687276721, 0.127467498183, 0.111517414451, 0.133163705468, 0.185072362423, 0.175990402699, 0.130901917815, 0.12065385282, 0.170769572258, 0.456114798784, 0.481617152691, 0.18974994123, 0.125762611628, 0.160010069609, 0.217585369945, 0.204847067595, 0.143668755889, 0.130895704031, 0.386989802122, 0.674025297165, 0.415995001793, 0.131347507238, 0.155812054873, 0.17256385088, 0.158584237099, 0.155238643289, 0.231960192323, 0.289583325386]
    },
    "chords_histogram": [43.9560432434, 0, 0, 0, 0, 0, 0, 0, 0, 0, 0, 0, 0, 0, 26.373626709, 2.19780230522, 0, 15.3846149445, 0, 0, 0, 2.19780230522, 9.89011001587, 0],
    "thpcp": [1, 0.617180109024, 0.19487029314, 0.231166481972, 0.256019830704, 0.235279351473, 0.230315744877, 0.344141662121, 0.429632723331, 0.285221040249, 0.149270564318, 0.134430989623, 0.138358727098, 0.159923776984, 0.533069610596, 0.915140867233, 0.570567548275, 0.201308876276, 0.18911382556, 0.165449887514, 0.197564855218, 0.274577766657, 0.261103570461, 0.194209203124, 0.17900493741, 0.253357797861, 0.676702797413, 0.714538693428, 0.281517535448, 0.186584413052, 0.237394750118, 0.322814851999, 0.30391600728, 0.213150396943, 0.194199994206, 0.574147284031],
    "chords_key": "B",
    "chords_scale": "major",
    "key_key": "B",
    "key_scale": "major",
    "chords_progression": ["C", "C", "C", "C", "C", "C", "C", "C", "C", "C", "C", "C", "C", "C", "C", "C", "C", "C", "C", "C", "C", "C", "C", "C", "C#m", "C#m", "E", "E", "E", "E", "E", "E", "E", "E", "E", "Em", "Em", "Bm", "Bm", "Bm", "Bm", "Bm", "Bm", "Bm", "Bm", "Bm", "Bm", "Bm", "Bm", "B", "B", "B", "Bm", "Bm", "B", "B", "B", "B", "B", "B", "B", "B", "B", "B", "B", "B", "B", "B", "B", "B", "B", "B", "B", "B", "B", "B", "B", "B", "B", "B", "B", "B", "B", "B", "B", "B", "B", "B", "B", "B", "B"]
}
}