{"lowlevel.dissonance.mean": [0.6350913047790527], "sfx.inharmonicity.mean": [0.8388649225234985], "lowlevel.spectral_contrast.mean": [[0.3205920457839966, 0.42252933979034424, 0.251495361328125, 0.6391031742095947, 0.827916145324707, 0.8123478889465332]], "lowlevel.spectral_centroid.mean": [0.6854135990142822], "lowlevel.mfcc.mean": [[0.41470861434936523, 0.008671090006828308, 0.09696543216705322, 0.5685538053512573, 0.38514116406440735, 0.5778012871742249, 0.6144623160362244, 0.8545450568199158, 0.4922691583633423, 1.0971416234970093, 1.05312979221344, 0.5844614505767822, 0.11317726969718933]], "sfx.logattacktime.mean": [0.21802261471748352], "lowlevel.hfc.mean": [0.46604806184768677]}