{
"metadata": {
    "version": {
        "essentia": "2.1-beta2"
    }
},
"lowLevel": {
    "dissonance": {
        "mean": 0.15407808125
    },
    "hfc": {
        "mean": 5.30757236481
    },
    "spectral_centroid": {
        "mean": 0.186468750238
    },
    "mfcc": {
        "mean": [-938.553161621, -4.10667800903, -68.9408416748, -30.2021102905, 18.7446804047, 34.7794380188, 10.5949029922, -29.6718482971, 16.3227519989, 30.9349403381, 28.829246521, -13.9377298355, 14.8311433792, 54.5031051636, -0.59723597765, -10.8033180237, -10.9265890121, -12.6665296555, 41.4972686768, 2.7320394516, -21.5616855621, 15.3278408051, 19.2342071533, 9.88344860077, -18.2042274475, -13.2387161255, 15.4298171997, 13.0948915482, 9.8029384613, -24.8040733337, -10.1465673447, 22.6190795898, 4.60543966293, -8.52726840973, 0.0836172476411, 0.0255048256367, 0.84736675024, -0.559834778309, -1.10184383392, 5.64898920059]
    },
    "spectral_contrast": {
        "mean": [-0.734284341335, -0.735914111137, -0.4514747262, -0.777681052685, -0.802704930305, -0.743037998676]
    }
},
"sfx": {
    "inharmonicity": {
        "mean": 0.0986784398556
    },
    "logattacktime": {
        "mean": -5
    }
}
}