{"lowlevel.dissonance.mean": [0.5609261989593506], "sfx.inharmonicity.mean": [0.5996499061584473], "lowlevel.spectral_contrast.mean": [[0.29327499866485596, 0.8737982511520386, 0.8281809091567993, 0.9494023323059082, 0.8246006965637207, 0.6558518409729004]], "lowlevel.spectral_centroid.mean": [0.4814683794975281], "lowlevel.mfcc.mean": [[0.428564190864563, 0.29330745339393616, -0.18518510460853577, 0.2544823884963989, 0.22569552063941956, 0.2988976538181305, 0.1802482306957245, 0.11791107058525085, 0.16476503014564514, 0.23993180692195892, 0.4665144085884094, 0.4049491286277771, 0.3095687925815582]], "sfx.logattacktime.mean": [0.4947647750377655], "lowlevel.hfc.mean": [0.4713607728481293]}