{"lowlevel.dissonance.mean": [0.05350375175476074], "sfx.inharmonicity.mean": [0.35229209065437317], "lowlevel.spectral_contrast.mean": [[0.3170347213745117, 1.2494697570800781, 1.3585935831069946, 1.4769068956375122, 0.9648473262786865, 0.46634387969970703]], "lowlevel.spectral_centroid.mean": [0.39197731018066406], "lowlevel.mfcc.mean": [[0.36054229736328125, 0.44509199261665344, 0.16591528058052063, 0.11455997824668884, 0.33525922894477844, 0.3523249626159668, 0.23450914025306702, 0.13629019260406494, 0.2654644250869751, 0.36208003759384155, 0.33582574129104614, 0.6769466400146484, 1.2388789653778076]], "sfx.logattacktime.mean": [0.21587589383125305], "lowlevel.hfc.mean": [0.4683522880077362]}