{
"metadata": {
    "version": {
        "essentia": "2.1-beta2"
    }
},
"lowLevel": {
    "average_loudness": 0.99068403244,
    "barkbands_kurtosis": {
        "mean": 4.29324245453
    },
    "barkbands_skewness": {
        "mean": -1.5838726759
    },
    "barkbands_spread": {
        "mean": 21.5276050568
    },
    "dissonance": {
        "mean": 0.493282198906
    },
    "hfc": {
        "mean": 210.417022705
    },
    "pitch": {
        "mean": 2565.05297852
    },
    "pitch_instantaneous_confidence": {
        "mean": 0.389193058014
    },
    "pitch_salience": {
        "mean": 0.674044132233
    },
    "silence_rate_20dB": {
        "mean": 1
    },
    "silence_rate_30dB": {
        "mean": 0.864406764507
    },
    "silence_rate_60dB": {
        "mean": 0.389830499887
    },
    "spectral_centroid": {
        "mean": 4213.0859375
    },
    "spectral_complexity": {
        "mean": 22.0677967072
    },
    "spectral_crest": {
        "mean": 7.13883781433
    },
    "spectral_decrease": {
        "mean": -5.61695978618e-09
    },
    "spectral_energy": {
        "mean": 0.0402851551771
    },
    "spectral_energyband_high": {
        "mean": 0.0243153572083
    },
    "spectral_energyband_low": {
        "mean": 4.2060699343e-05
    },
    "spectral_energyband_middle_high": {
        "mean": 0.0152148650959
    },
    "spectral_energyband_middle_low": {
        "mean": 0.000662843463942
    },
    "spectral_flatness_db": {
        "mean": 0.197117671371
    },
    "spectral_flux": {
        "mean": 0.0893439948559
    },
    "spectral_kurtosis": {
        "mean": 1.22795343399
    },
    "spectral_rms": {
        "mean": 0.00443190941587
    },
    "spectral_rolloff": {
        "mean": 6328.93701172
    },
    "spectral_skewness": {
        "mean": 0.80976164341
    },
    "spectral_spread": {
        "mean": 8441651
    },
    "spectral_strongpeak": {
        "mean": 3.31842970848
    },
    "zerocrossingrate": {
        "mean": 0.204705700278
    },
    "barkbands": {
        "mean": [0.00011514936341, 5.08954553879e-06, 2.87166756152e-07, 1.60499462254e-06, 3.69522858819e-05, 6.54740870232e-05, 5.68518844375e-05, 0.000293196324492, 0.000199786984012, 4.30988402513e-05, 9.69558022916e-05, 9.77527743089e-05, 0.000298659782857, 0.000372852780856, 0.000432768574683, 0.00251165824011, 0.00106553465594, 0.00377688393928, 0.00588948000222, 0.00149691372644, 0.00367038603872, 0.00515421386808, 0.00859040394425, 0.00409633107483, 0.00155086047016, 0.000341550039593, 2.44646489591e-05]
    },
    "mfcc": {
        "mean": [-708.633239746, -58.6714782715, -71.4629058838, 22.8818874359, 0.457896828651, 9.40908241272, -11.5879764557, 15.2701187134, -5.03919267654, 6.84728145599, 13.0683803558, 16.5597839355, 12.677611351]
    },
    "sccoeffs": {
        "mean": [-0.612675130367, -0.796293616295, -0.808377206326, -0.741334199905, -0.746849179268, -0.723802626133]
    },
    "scvalleys": {
        "mean": [-9.58579921722, -8.92071151733, -8.35272693634, -7.52063322067, -6.96175193787, -8.20158576965]
    }
},
"rhythm": {
    "beats_loudness": {
        "mean": 0.0200180467218
    },
    "bpm": 172.265625,
    "first_peak_bpm": {
        "mean": 172
    },
    "first_peak_spread": {
        "mean": 0
    },
    "first_peak_weight": {
        "mean": 1
    },
    "onset_rate": 0.750612735748,
    "second_peak_bpm": {
        "mean": 0
    },
    "second_peak_spread": {
        "mean": 0
    },
    "second_peak_weight": {
        "mean": 0
    },
    "beats_loudness_band_ratio": {
        "mean": [0.0209947749972, 0.00034635560587, 0.00152313150465, 0.0216452945024, 0.42186152935, 0.549779653549]
    },
    "beats_position": [0.325079351664, 0.673378646374, 1.02167797089],
    "bpm_estimates": [172.265640259, 172.265625],
    "bpm_intervals": [0.34829929471, 0.348299324512],
    "onset_times": [0.0348299331963]
},
"sfx": {
    "inharmonicity": {
        "mean": 0.0997396558523
    },
    "oddtoevenharmonicenergyratio": {
        "mean": 3.07319402695
    },
    "pitch_after_max_to_before_max_energy_ratio": 34.7826499939,
    "pitch_centroid": 29.4697132111,
    "pitch_max_to_total": 0.0169491525739,
    "pitch_min_to_total": 0.508474588394,
    "tristimulus": {
        "mean": [0.123314075172, 0.500099778175, 0.167912274599]
    }
},
"tonal": {
    "chords_changes_rate": 0,
    "chords_number_rate": 0.0333333350718,
    "chords_strength": {
        "mean": 0.507777154446
    },
    "key_strength": 0.52330738306,
    "tuning_diatonic_strength": 0.467177838087,
    "tuning_equal_tempered_deviation": 0.256393074989,
    "tuning_frequency": 439.238189697,
    "tuning_nontempered_energy_ratio": 0.946688890457,
    "hpcp": {
        "mean": [0.395577609539, 0.282936364412, 0.190683051944, 0.154401481152, 0.135270819068, 0.126282557845, 0.169085413218, 0.173197433352, 0.173312708735, 0.221510410309, 0.267035275698, 0.384102553129, 0.448936372995, 0.402300745249, 0.370941728354, 0.352068841457, 0.298925876617, 0.230574339628, 0.192707538605, 0.158526852727, 0.121547743678, 0.234807595611, 0.631348848343, 0.609487652779, 0.438880860806, 0.548514783382, 0.376655876637, 0.160651877522, 0.11900433898, 0.206425741315, 0.477808207273, 0.693836092949, 0.546247839928, 0.373803079128, 0.390373766422, 0.430915534496]
    },
    "chords_histogram": [0, 0, 0, 0, 0, 0, 0, 0, 0, 100, 0, 0, 0, 0, 0, 0, 0, 0, 0, 0, 0, 0, 0, 0],
    "thpcp": [1, 0.787286579609, 0.538748383522, 0.562631130219, 0.621062457561, 0.570131182671, 0.407785594463, 0.274824351072, 0.222533077002, 0.194960772991, 0.182006329298, 0.243696480989, 0.249622985721, 0.249789118767, 0.319254666567, 0.384867966175, 0.55359262228, 0.647035181522, 0.579820990562, 0.534624457359, 0.507423639297, 0.430830687284, 0.332318156958, 0.277742177248, 0.228478819132, 0.175182208419, 0.338419407606, 0.909939467907, 0.878431737423, 0.632542550564, 0.790553808212, 0.542860031128, 0.231541544199, 0.171516507864, 0.297513693571, 0.688647091389],
    "chords_key": "C",
    "chords_scale": "major",
    "key_key": "F",
    "key_scale": "minor",
    "chords_progression": ["C", "C", "C", "C", "C", "C", "C", "C", "C", "C", "C", "C", "C", "C", "C", "C", "C", "C", "C", "C", "C", "C", "C", "C", "C", "C", "C", "C", "C", "C"]
}
}