{
"metadata": {
    "version": {
        "essentia": "2.1-beta2"
    }
},
"lowLevel": {
    "average_loudness": 0.846313178539,
    "barkbands_kurtosis": {
        "mean": 11.4823331833
    },
    "barkbands_skewness": {
        "mean": 1.13594758511
    },
    "barkbands_spread": {
        "mean": 12.1630477905
    },
    "dissonance": {
        "mean": 0.371228516102
    },
    "hfc": {
        "mean": 2.29799056053
    },
    "pitch": {
        "mean": 439.176696777
    },
    "pitch_instantaneous_confidence": {
        "mean": 0.87034702301
    },
    "pitch_salience": {
        "mean": 0.498545646667
    },
    "silence_rate_20dB": {
        "mean": 1
    },
    "silence_rate_30dB": {
        "mean": 1
    },
    "silence_rate_60dB": {
        "mean": 0.823204398155
    },
    "spectral_centroid": {
        "mean": 946.676025391
    },
    "spectral_complexity": {
        "mean": 3.80662989616
    },
    "spectral_crest": {
        "mean": 12.9483909607
    },
    "spectral_decrease": {
        "mean": -4.65977589847e-10
    },
    "spectral_energy": {
        "mean": 0.00196713837795
    },
    "spectral_energyband_high": {
        "mean": 1.73916250787e-05
    },
    "spectral_energyband_low": {
        "mean": 3.30830903295e-06
    },
    "spectral_energyband_middle_high": {
        "mean": 0.00107034889515
    },
    "spectral_energyband_middle_low": {
        "mean": 0.000966617080849
    },
    "spectral_flatness_db": {
        "mean": 0.291827917099
    },
    "spectral_flux": {
        "mean": 0.00687704561278
    },
    "spectral_kurtosis": {
        "mean": 15.1227283478
    },
    "spectral_rms": {
        "mean": 0.00109234894626
    },
    "spectral_rolloff": {
        "mean": 1700.88342285
    },
    "spectral_skewness": {
        "mean": 3.24557518959
    },
    "spectral_spread": {
        "mean": 8194981.5
    },
    "spectral_strongpeak": {
        "mean": 0.706325471401
    },
    "zerocrossingrate": {
        "mean": 0.0581567250192
    },
    "barkbands": {
        "mean": [5.49714059161e-06, 7.89572538906e-07, 2.27554934895e-07, 5.20136289595e-08, 1.87455867717e-07, 0.000544603622984, 0.00024267678964, 1.86243326539e-07, 5.48786329091e-06, 0.000183006122825, 5.36235447157e-08, 0.00053775368724, 7.07193805738e-07, 3.30129114445e-05, 1.45201411215e-05, 1.37439610626e-06, 9.90365151665e-05, 0.00024747356656, 7.53504355089e-06, 3.88708685932e-05, 3.00495412375e-06, 6.67743051963e-07, 2.03309809876e-07, 1.10042932988e-07, 7.16250738719e-08, 2.58802153041e-08, 7.28939664185e-09]
    },
    "mfcc": {
        "mean": [-931.991821289, 75.0112533569, -49.0881347656, 20.1598472595, -4.6375374794, -9.22635173798, -0.313755661249, -1.89538013935, -1.38314330578, -12.4463911057, -3.06840276718, 19.0504264832, 12.032453537]
    },
    "sccoeffs": {
        "mean": [-0.7583309412, -0.532507359982, -0.594082117081, -0.757895171642, -0.742929041386, -0.845626831055]
    },
    "scvalleys": {
        "mean": [-9.46692371368, -10.4254922867, -10.7164411545, -10.487780571, -10.9253540039, -12.1542797089]
    }
},
"rhythm": {
    "beats_loudness": {
        "mean": 0.00351525191218
    },
    "bpm": 104.436042786,
    "first_peak_bpm": {
        "mean": 103
    },
    "first_peak_spread": {
        "mean": 0
    },
    "first_peak_weight": {
        "mean": 0.600000023842
    },
    "onset_rate": 1.43678629398,
    "second_peak_bpm": {
        "mean": 96
    },
    "second_peak_spread": {
        "mean": 0
    },
    "second_peak_weight": {
        "mean": 0.20000000298
    },
    "beats_loudness_band_ratio": {
        "mean": [0.0303233619779, 0.533347308636, 0.411608427763, 0.217989042401, 0.126497760415, 0.0137974144891]
    },
    "beats_position": [0.557278871536, 1.11455774307, 1.69505667686, 2.27555561066, 2.85605430603, 3.48299312592],
    "bpm_estimates": [107.666023254, 103.359359741, 103.359359741, 103.359405518],
    "bpm_intervals": [0.557278871536, 0.580498933792, 0.580498933792, 0.580498695374, 0.626938819885],
    "onset_times": [0.208979591727, 0.290249437094, 1.10294783115, 3.25079369545, 3.5178232193, 4.08671188354]
},
"sfx": {
    "inharmonicity": {
        "mean": 0.0179448779672
    },
    "oddtoevenharmonicenergyratio": {
        "mean": 6.38679361343
    },
    "pitch_after_max_to_before_max_energy_ratio": 0.893146634102,
    "pitch_centroid": 107.047119141,
    "pitch_max_to_total": 0.972375690937,
    "pitch_min_to_total": 0.0441988967359,
    "tristimulus": {
        "mean": [0.493984878063, 0.469520956278, 0.0324970073998]
    }
},
"tonal": {
    "chords_changes_rate": 0.0439560450613,
    "chords_number_rate": 0.0329670347273,
    "chords_strength": {
        "mean": 0.529290497303
    },
    "key_strength": 0.653530478477,
    "tuning_diatonic_strength": 0.526106715202,
    "tuning_equal_tempered_deviation": 0.154941275716,
    "tuning_frequency": 439.745910645,
    "tuning_nontempered_energy_ratio": 0.687002778053,
    "hpcp": {
        "mean": [0.0206408221275, 0.0154219130054, 0.00456389412284, 0.00533914286643, 0.00837005488575, 0.0198979135603, 0.0258844736964, 0.0118200853467, 0.00327286985703, 0.00375388376415, 0.00815139710903, 0.00948638748378, 0.00554299680516, 0.00674417382106, 0.122607208788, 0.446225047112, 0.371970951557, 0.0460327602923, 0.0039382041432, 0.00250093382783, 0.00277731125243, 0.00416350085288, 0.0592198483646, 0.206645950675, 0.171621724963, 0.0267818830907, 0.0153364660218, 0.0151677345857, 0.0341238342226, 0.346556246281, 0.776717364788, 0.515111386776, 0.0780163630843, 0.03075716272, 0.0162646993995, 0.016614690423]
    },
    "chords_histogram": [30.7692298889, 0, 0, 0, 0, 0, 0, 0, 0, 0, 0, 0, 0, 0, 0, 0, 0, 59.3406600952, 0, 0, 0, 0, 9.89011001587, 0],
    "thpcp": [1, 0.663190245628, 0.100443698466, 0.0395989120007, 0.0209403056651, 0.0213909093291, 0.0265744309872, 0.0198552440852, 0.00587587477639, 0.00687398435548, 0.0107761910185, 0.0256179589778, 0.0333254747093, 0.015218000859, 0.00421372056007, 0.00483301142231, 0.0104946764186, 0.0122134359553, 0.00713643990457, 0.00868291873485, 0.15785305202, 0.574501156807, 0.478901296854, 0.059265781194, 0.00507031800225, 0.00321987620555, 0.00357570382766, 0.00536038074642, 0.0762437582016, 0.266050368547, 0.220957756042, 0.0344808623195, 0.0197452344, 0.0195279978216, 0.0439333990216, 0.446180641651],
    "chords_key": "G",
    "chords_scale": "minor",
    "key_key": "G",
    "key_scale": "major",
    "chords_progression": ["G", "G", "G", "G", "G", "G", "G", "G", "G", "G", "G", "G", "G", "G", "G", "G", "G", "G", "G", "G", "G", "G", "G", "G", "G", "G", "G", "Gm", "Gm", "Gm", "Gm", "Gm", "Gm", "Gm", "Gm", "Gm", "Gm", "Gm", "Gm", "Gm", "Gm", "Gm", "Gm", "Gm", "Gm", "Gm", "Gm", "Gm", "Gm", "Gm", "Gm", "Gm", "Gm", "Gm", "Gm", "G", "Gm", "Gm", "Gm", "Gm", "Gm", "Gm", "Gm", "Gm", "Gm", "Gm", "Gm", "Gm", "Gm", "Gm", "Gm", "Gm", "Gm", "Gm", "Gm", "Gm", "Gm", "Gm", "Gm", "Gm", "Gm", "Gm", "C", "C", "C", "C", "C", "C", "C", "C", "C"]
}
}