{"lowlevel.dissonance.mean": [0.6596333980560303], "sfx.inharmonicity.mean": [0.49874550104141235], "lowlevel.spectral_contrast.mean": [[0.4559677839279175, 0.3777041435241699, 0.5155931711196899, 1.0236390829086304, 0.3999898433685303, 0.5370419025421143]], "lowlevel.spectral_centroid.mean": [0.5754032135009766], "lowlevel.mfcc.mean": [[0.33368563652038574, 0.1454569697380066, 0.20147603750228882, 0.04183170199394226, 0.7275960445404053, 0.7142354249954224, 0.5567264556884766, 0.06372225284576416, 0.9743680357933044, 1.0354982614517212, 0.9464069604873657, 0.4201529026031494, 1.3225607872009277]], "sfx.logattacktime.mean": [0.3289828896522522], "lowlevel.hfc.mean": [0.46736323833465576]}