{"lowlevel.dissonance.mean": [0.6403555870056152], "sfx.inharmonicity.mean": [0.4347458779811859], "lowlevel.spectral_contrast.mean": [[0.4637712240219116, 0.6382907629013062, 0.7829698324203491, 0.49061012268066406, 0.3142364025115967, 0.2865564823150635]], "lowlevel.spectral_centroid.mean": [0.3447073996067047], "lowlevel.mfcc.mean": [[0.37742722034454346, 0.8668602705001831, 0.7732099890708923, 0.22893428802490234, 0.3302065134048462, 0.3235362470149994, 0.06667613983154297, 0.012936711311340332, 0.5339173078536987, 0.9035432934761047, 0.8817842602729797, 0.5978721976280212, 0.4048011302947998]], "sfx.logattacktime.mean": [0.49307048320770264], "lowlevel.hfc.mean": [0.4728763699531555]}