{
"metadata": {
    "version": {
        "essentia": "2.1-beta2"
    }
},
"lowLevel": {
    "average_loudness": 0.99068403244,
    "barkbands_kurtosis": {
        "mean": 7.55798482895
    },
    "barkbands_skewness": {
        "mean": -1.13333368301
    },
    "barkbands_spread": {
        "mean": 8.54005622864
    },
    "dissonance": {
        "mean": 0.475436300039
    },
    "hfc": {
        "mean": 1.90059494972
    },
    "pitch": {
        "mean": 1192.9173584
    },
    "pitch_instantaneous_confidence": {
        "mean": 0.728549778461
    },
    "pitch_salience": {
        "mean": 0.498544216156
    },
    "silence_rate_20dB": {
        "mean": 1
    },
    "silence_rate_30dB": {
        "mean": 1
    },
    "silence_rate_60dB": {
        "mean": 1
    },
    "spectral_centroid": {
        "mean": 4013.24365234
    },
    "spectral_complexity": {
        "mean": 1
    },
    "spectral_crest": {
        "mean": 10.1077165604
    },
    "spectral_decrease": {
        "mean": -1.04221409281e-10
    },
    "spectral_energy": {
        "mean": 0.000565744820051
    },
    "spectral_energyband_high": {
        "mean": 9.2698915978e-05
    },
    "spectral_energyband_low": {
        "mean": 5.14891212333e-07
    },
    "spectral_energyband_middle_high": {
        "mean": 0.000467569625471
    },
    "spectral_energyband_middle_low": {
        "mean": 5.15618648933e-06
    },
    "spectral_flatness_db": {
        "mean": 0.217658594251
    },
    "spectral_flux": {
        "mean": 0.01231402345
    },
    "spectral_kurtosis": {
        "mean": 3.02353930473
    },
    "spectral_rms": {
        "mean": 0.000585569883697
    },
    "spectral_rolloff": {
        "mean": 5088.29589844
    },
    "spectral_skewness": {
        "mean": 1.36461436749
    },
    "spectral_spread": {
        "mean": 11162935
    },
    "spectral_strongpeak": {
        "mean": 1.69682025909
    },
    "zerocrossingrate": {
        "mean": 0.16923828423
    },
    "barkbands": {
        "mean": [3.3644693076e-07, 3.36063095574e-07, 3.65026586735e-09, 3.63390784131e-09, 1.68636979936e-08, 9.78659109308e-09, 5.00834218542e-08, 1.71472981947e-06, 3.17701233143e-06, 2.70767645816e-06, 4.51573350801e-06, 4.48223227068e-06, 6.01957253821e-06, 2.03536619665e-05, 2.63226866082e-06, 3.1422736356e-05, 4.84154998048e-06, 0.000193582352949, 0.000195236963918, 1.02923677332e-05, 3.25786677422e-05, 2.79189443972e-05, 1.30331736727e-05, 9.27396467887e-06, 8.634057167e-07, 3.32296508532e-07, 9.75837544104e-09]
    },
    "mfcc": {
        "mean": [-942.690795898, -35.6835136414, -59.7037887573, 17.12292099, -7.54532527924, 7.26168584824, 6.76019525528, 18.1000404358, -0.480790525675, 24.5843086243, 20.5799427032, 3.65754175186, -13.4203767776]
    },
    "sccoeffs": {
        "mean": [-0.784867942333, -0.80174779892, -0.902339160442, -0.767977774143, -0.736554086208, -0.765532910824]
    },
    "scvalleys": {
        "mean": [-12.4677667618, -12.453997612, -11.1784477234, -11.1854104996, -11.1533145905, -12.3052272797]
    }
},
"rhythm": {
    "bpm": 0,
    "first_peak_bpm": {
        "mean": 0
    },
    "first_peak_spread": {
        "mean": 0
    },
    "first_peak_weight": {
        "mean": 0
    },
    "onset_rate": 4.78515625,
    "second_peak_bpm": {
        "mean": 0
    },
    "second_peak_spread": {
        "mean": 0
    },
    "second_peak_weight": {
        "mean": 0
    },
    "beats_position": [],
    "bpm_estimates": [],
    "bpm_intervals": [],
    "onset_times": [0.0348299331963]
},
"sfx": {
    "inharmonicity": {
        "mean": 0.0680975466967
    },
    "oddtoevenharmonicenergyratio": {
        "mean": 5.29776096344
    },
    "pitch_after_max_to_before_max_energy_ratio": 1.32185006142,
    "pitch_centroid": 4.97932481766,
    "pitch_max_to_total": 0.5,
    "pitch_min_to_total": 0.600000023842,
    "tristimulus": {
        "mean": [0.145016342402, 0.523114442825, 0.0937490016222]
    }
},
"tonal": {
    "chords_changes_rate": 0,
    "chords_number_rate": 0.166666671634,
    "chords_strength": {
        "mean": 0.306225538254
    },
    "key_strength": 0.575500547886,
    "tuning_diatonic_strength": 0.331185638905,
    "tuning_equal_tempered_deviation": 0.101830378175,
    "tuning_frequency": 439.491973877,
    "tuning_nontempered_energy_ratio": 0.77753174305,
    "hpcp": {
        "mean": [0.0159244965762, 0.0730441436172, 0.0850704610348, 0.0296765118837, 0.00633744336665, 0.00441218866035, 0.00552558898926, 0.00684847449884, 0.0115507170558, 0.0339411273599, 0.087424851954, 0.0789125338197, 0.0315735414624, 0.0319953970611, 0.0568358004093, 0.0532923080027, 0.0184009801596, 0.01342297066, 0.0294823553413, 0.0607856065035, 0.0501562915742, 0.00995660293847, 0.00371832004748, 0.00991338957101, 0.0287679042667, 0.0449027903378, 0.0409859158099, 0.0231102854013, 0.00993933249265, 0.487140506506, 1, 0.523753345013, 0.0676877424121, 0.122369937599, 0.069927982986, 0.0118316933513]
    },
    "chords_histogram": [0, 0, 0, 0, 0, 0, 0, 0, 100, 0, 0, 0, 0, 0, 0, 0, 0, 0, 0, 0, 0, 0, 0, 0],
    "thpcp": [1, 0.523753345013, 0.0676877424121, 0.122369937599, 0.069927982986, 0.0118316933513, 0.0159244965762, 0.0730441436172, 0.0850704610348, 0.0296765118837, 0.00633744336665, 0.00441218866035, 0.00552558898926, 0.00684847449884, 0.0115507170558, 0.0339411273599, 0.087424851954, 0.0789125338197, 0.0315735414624, 0.0319953970611, 0.0568358004093, 0.0532923080027, 0.0184009801596, 0.01342297066, 0.0294823553413, 0.0607856065035, 0.0501562915742, 0.00995660293847, 0.00371832004748, 0.00991338957101, 0.0287679042667, 0.0449027903378, 0.0409859158099, 0.0231102854013, 0.00993933249265, 0.487140506506],
    "chords_key": "E",
    "chords_scale": "minor",
    "key_key": "C",
    "key_scale": "minor",
    "chords_progression": ["Em", "Em", "Em", "Em", "Em", "Em"]
}
}