{"lowlevel.dissonance.mean": [0.5931401252746582], "sfx.inharmonicity.mean": [0.8642094135284424], "lowlevel.spectral_contrast.mean": [[0.3755885362625122, 0.2865840196609497, 0.35750746726989746, 1.373841643333435, 0.7164394855499268, 0.8282430171966553]], "lowlevel.spectral_centroid.mean": [0.46538031101226807], "lowlevel.mfcc.mean": [[0.41404497623443604, 0.21487271785736084, 0.19840902090072632, 0.3656461238861084, 0.5054519176483154, 0.9082610607147217, 0.4198211431503296, 0.14390602707862854, 0.06120935082435608, 0.8229016065597534, 1.2302799224853516, 0.6061913967132568, -0.23256295919418335]], "sfx.logattacktime.mean": [0.4873121678829193], "lowlevel.hfc.mean": [0.47702187299728394]}