{"lowlevel.dissonance.mean": [0.724032998085022], "sfx.inharmonicity.mean": [0.658759355545044], "lowlevel.spectral_contrast.mean": [[0.4113212823867798, 0.35742759704589844, 0.4901106357574463, 1.2765207290649414, 0.4550349712371826, 0.44231295585632324]], "lowlevel.spectral_centroid.mean": [0.6009431481361389], "lowlevel.mfcc.mean": [[0.3534663915634155, 0.1509142816066742, 0.14733362197875977, 0.1740167886018753, 0.8121026754379272, 0.6312247514724731, 0.2449013590812683, 0.17615151405334473, 1.0635490417480469, 0.7507299184799194, 0.4716806709766388, 0.9812593460083008, 1.5142669677734375]], "sfx.logattacktime.mean": [0.4216558039188385], "lowlevel.hfc.mean": [0.49738746881484985]}