{
"metadata": {
    "version": {
        "essentia": "2.1-beta2"
    }
},
"lowLevel": {
    "dissonance": {
        "mean": 0.1367046386
    },
    "hfc": {
        "mean": 5.91025590897
    },
    "spectral_centroid": {
        "mean": 0.0714789554477
    },
    "mfcc": {
        "mean": [-765.64831543, 163.168563843, -133.016830444, -50.1180801392, -20.2980632782, -10.6853494644, -24.3822345734, -18.8868350983, -23.7533550262, -29.1743030548, -17.6512317657, -19.0680027008, -17.3586120605, -12.5566883087, -14.0619649887, -17.7219543457, -10.8262777328, -8.50366020203, -6.22792482376, -2.23328185081, 1.82948112488, 9.87554550171, 14.4414739609, 16.0334873199, 11.7588205338, 8.55822372437, 4.13647556305, -5.30198192596, -12.7070636749, -14.8404045105, -11.8201494217, -6.95429754257, -0.412528663874, 4.98266172409, 9.51313018799, 10.9065151215, 6.20471000671, -0.987924575806, -5.2938375473, -4.10327863693]
    },
    "spectral_contrast": {
        "mean": [-0.452797949314, -0.493437677622, -0.555903792381, -0.708278298378, -0.819710969925, -0.778687417507]
    }
},
"sfx": {
    "inharmonicity": {
        "mean": 0.0467878393829
    },
    "logattacktime": {
        "mean": -5
    }
}
}