{
"metadata": {
    "version": {
        "essentia": "2.1-beta2"
    }
},
"lowLevel": {
    "average_loudness": 0.957514464855,
    "barkbands_kurtosis": {
        "mean": 38.3702125549
    },
    "barkbands_skewness": {
        "mean": 4.12172746658
    },
    "barkbands_spread": {
        "mean": 6.03649520874
    },
    "dissonance": {
        "mean": 0.459389030933
    },
    "hfc": {
        "mean": 14.2936372757
    },
    "pitch": {
        "mean": 1326.3626709
    },
    "pitch_instantaneous_confidence": {
        "mean": 0.867265999317
    },
    "pitch_salience": {
        "mean": 0.288032948971
    },
    "silence_rate_20dB": {
        "mean": 1
    },
    "silence_rate_30dB": {
        "mean": 1
    },
    "silence_rate_60dB": {
        "mean": 0.267379671335
    },
    "spectral_centroid": {
        "mean": 1688.77856445
    },
    "spectral_complexity": {
        "mean": 2.18181824684
    },
    "spectral_crest": {
        "mean": 22.758228302
    },
    "spectral_decrease": {
        "mean": -1.64334434949e-09
    },
    "spectral_energy": {
        "mean": 0.00749882729724
    },
    "spectral_energyband_high": {
        "mean": 0.0004122145765
    },
    "spectral_energyband_low": {
        "mean": 5.23335984326e-07
    },
    "spectral_energyband_middle_high": {
        "mean": 0.00708436500281
    },
    "spectral_energyband_middle_low": {
        "mean": 1.24260816392e-06
    },
    "spectral_flatness_db": {
        "mean": 0.367929399014
    },
    "spectral_flux": {
        "mean": 0.00690317898989
    },
    "spectral_kurtosis": {
        "mean": 3.13545274734
    },
    "spectral_rms": {
        "mean": 0.00233059935272
    },
    "spectral_rolloff": {
        "mean": 1730.36914062
    },
    "spectral_skewness": {
        "mean": 1.80107533932
    },
    "spectral_spread": {
        "mean": 15653388
    },
    "spectral_strongpeak": {
        "mean": 4.46381664276
    },
    "zerocrossingrate": {
        "mean": 0.0723230689764
    },
    "barkbands": {
        "mean": [8.68057838943e-07, 1.23207996694e-07, 4.70767247407e-08, 1.93415061744e-09, 2.52635373954e-07, 1.90219950014e-07, 4.45099317403e-07, 2.27102049166e-07, 9.20501790347e-08, 3.45649340261e-07, 5.23153744325e-07, 3.83370093004e-07, 6.22289917374e-07, 0.00675022089854, 1.26734150285e-07, 7.75810633513e-07, 7.45965337501e-07, 1.41865984915e-06, 0.000329127913574, 2.02023045404e-07, 0.000136535512866, 0.000237519663642, 3.97343683289e-06, 7.51628431317e-06, 2.09690915653e-05, 4.86717271997e-06, 7.23700452454e-07]
    },
    "mfcc": {
        "mean": [-940.909729004, -7.0148806572, -31.4150085449, -3.44871044159, 11.2586164474, 22.1947193146, -1.01282930374, -12.0815143585, -20.7103786469, 10.1422939301, 38.3893966675, -5.10159730911, -23.6132946014]
    },
    "sccoeffs": {
        "mean": [-0.755420386791, -0.850186765194, -0.864317536354, -0.523830771446, -0.724272608757, -0.728203833103]
    },
    "scvalleys": {
        "mean": [-10.4080524445, -10.0822057724, -10.2622737885, -10.4783983231, -10.8331794739, -11.3765697479]
    }
},
"rhythm": {
    "beats_loudness": {
        "mean": 0.00911817513406
    },
    "bpm": 105.849609375,
    "first_peak_bpm": {
        "mean": 105
    },
    "first_peak_spread": {
        "mean": 0.5
    },
    "first_peak_weight": {
        "mean": 0.5
    },
    "onset_rate": 0.465550810099,
    "second_peak_bpm": {
        "mean": 0
    },
    "second_peak_spread": {
        "mean": 0
    },
    "second_peak_weight": {
        "mean": 0
    },
    "beats_loudness_band_ratio": {
        "mean": [0.141760393977, 0.00103673117701, 0.000126413549879, 0.75966244936, 0.35886529088, 0.0469312593341]
    },
    "beats_position": [0.568888902664, 1.13777780533, 1.71827661991, 2.27555561066, 2.83283448219, 3.40172338486, 3.97061228752],
    "bpm_estimates": [105.46875, 103.359382629, 107.666000366, 107.666023254, 105.46875, 105.46875],
    "bpm_intervals": [0.568888902664, 0.580498814583, 0.557278990746, 0.557278871536, 0.568888902664, 0.568888902664],
    "onset_times": [0.359909296036, 0.824308395386]
},
"sfx": {
    "inharmonicity": {
        "mean": 0.109660744667
    },
    "oddtoevenharmonicenergyratio": {
        "mean": 3206.40405273
    },
    "pitch_after_max_to_before_max_energy_ratio": 0.0423435121775,
    "pitch_centroid": 93.4165649414,
    "pitch_max_to_total": 0.99465239048,
    "pitch_min_to_total": 0.0588235296309,
    "tristimulus": {
        "mean": [0.239118933678, 0.47327491641, 0.0491101630032]
    }
},
"tonal": {
    "chords_changes_rate": 0.0425531901419,
    "chords_number_rate": 0.0319148935378,
    "chords_strength": {
        "mean": 0.418402314186
    },
    "key_strength": 0.574189841747,
    "tuning_diatonic_strength": 0.511041939259,
    "tuning_equal_tempered_deviation": 0.114637628198,
    "tuning_frequency": 445.112548828,
    "tuning_nontempered_energy_ratio": 0.65689021349,
    "hpcp": {
        "mean": [0.00482610752806, 0.000733599299565, 0.000710582535248, 0.000683584774379, 0.000617052370217, 0.000829541124403, 0.00160076515749, 0.00172544666566, 0.00143043382559, 0.0013743059244, 0.00199945713393, 0.0026674317196, 0.00308985589072, 0.00724838068709, 0.0236774552613, 0.0288571454585, 0.0111140897498, 0.0011709217215, 0.00160274363589, 0.00152779824566, 0.000981703982688, 0.0050695813261, 0.0578686781228, 0.0749275460839, 0.0231107622385, 0.00376347149722, 0.00342424982227, 0.00863594468683, 0.0255646277219, 0.482269287109, 0.954898357391, 0.513080656528, 0.0236493423581, 0.00187912047841, 0.00749880960211, 0.0112212551758]
    },
    "chords_histogram": [65.9574432373, 0, 0, 0, 0, 0, 0, 32.9787216187, 0, 1.06382977962, 0, 0, 0, 0, 0, 0, 0, 0, 0, 0, 0, 0, 0, 0],
    "thpcp": [1, 0.537314414978, 0.0247663445771, 0.00196787482128, 0.0078529920429, 0.0117512559518, 0.00505405385047, 0.000768248573877, 0.000744144665077, 0.00071587174898, 0.000646196887828, 0.000868721923325, 0.0016763722524, 0.00180694274604, 0.00149799592327, 0.00143921701238, 0.00209389533848, 0.00279341964051, 0.00323579553515, 0.00759073533118, 0.0247957855463, 0.0302201230079, 0.0116390287876, 0.00122622656636, 0.0016784442123, 0.00159995898139, 0.00102807173971, 0.005309027154, 0.0606019236147, 0.0784665122628, 0.0242023263127, 0.00394122721627, 0.00358598353341, 0.00904383696616, 0.0267720930278, 0.505047798157],
    "chords_key": "C",
    "chords_scale": "minor",
    "key_key": "C",
    "key_scale": "minor",
    "chords_progression": ["C", "C", "C", "C", "C", "C", "C", "C", "C", "C", "C", "C", "C", "C", "C", "C", "C", "C", "C", "C", "C", "C", "C", "C", "C", "C", "C", "C", "Cm", "Cm", "Cm", "C", "C", "C", "Cm", "Cm", "Cm", "Cm", "Cm", "Cm", "Cm", "Cm", "Cm", "Cm", "Cm", "Cm", "Cm", "Cm", "Cm", "Cm", "Cm", "Cm", "Cm", "Cm", "Cm", "Cm", "Cm", "Cm", "Cm", "Cm", "Cm", "Cm", "Cm", "Cm", "Cm", "Cm", "Cm", "Cm", "Cm", "Cm", "Cm", "Cm", "Cm", "Cm", "Cm", "Cm", "Cm", "Cm", "Cm", "Cm", "Cm", "Cm", "Cm", "Cm", "Cm", "Cm", "Cm", "Cm", "Cm", "Cm", "Cm", "Cm", "Cm", "G"]
}
}