{"lowlevel.dissonance.mean": [-0.09466415643692017], "sfx.inharmonicity.mean": [0.34045255184173584], "lowlevel.spectral_contrast.mean": [[0.6742478609085083, 1.1721084117889404, 1.0926058292388916, 0.8191239833831787, 0.38036608695983887, 0.37606263160705566]], "lowlevel.spectral_centroid.mean": [0.35050204396247864], "lowlevel.mfcc.mean": [[0.3915998935699463, 0.8131023645401001, 0.5368489027023315, -0.07340392470359802, 0.09821116924285889, 0.17254960536956787, -0.06167227029800415, -0.06398379802703857, 0.5179235935211182, 0.5998150110244751, 0.3477811813354492, 0.16890662908554077, 0.2754763662815094]], "sfx.logattacktime.mean": [0.4789024889469147], "lowlevel.hfc.mean": [0.46973976492881775]}