{
"metadata": {
    "version": {
        "essentia": "2.1-beta2"
    }
},
"lowLevel": {
    "average_loudness": 0.99068403244,
    "barkbands_kurtosis": {
        "mean": 5.19869470596
    },
    "barkbands_skewness": {
        "mean": -1.85082292557
    },
    "barkbands_spread": {
        "mean": 20.33552742
    },
    "dissonance": {
        "mean": 0.486969709396
    },
    "hfc": {
        "mean": 176.460403442
    },
    "pitch": {
        "mean": 2642.48950195
    },
    "pitch_instantaneous_confidence": {
        "mean": 0.376112282276
    },
    "pitch_salience": {
        "mean": 0.67991399765
    },
    "silence_rate_20dB": {
        "mean": 1
    },
    "silence_rate_30dB": {
        "mean": 0.879310369492
    },
    "silence_rate_60dB": {
        "mean": 0.413793116808
    },
    "spectral_centroid": {
        "mean": 4118.52587891
    },
    "spectral_complexity": {
        "mean": 21.1724128723
    },
    "spectral_crest": {
        "mean": 7.21049213409
    },
    "spectral_decrease": {
        "mean": -4.54877024936e-09
    },
    "spectral_energy": {
        "mean": 0.0331735871732
    },
    "spectral_energyband_high": {
        "mean": 0.0212462525815
    },
    "spectral_energyband_low": {
        "mean": 6.37149059912e-05
    },
    "spectral_energyband_middle_high": {
        "mean": 0.0112861106172
    },
    "spectral_energyband_middle_low": {
        "mean": 0.000480845978018
    },
    "spectral_flatness_db": {
        "mean": 0.184568241239
    },
    "spectral_flux": {
        "mean": 0.0816914066672
    },
    "spectral_kurtosis": {
        "mean": 1.12103521824
    },
    "spectral_rms": {
        "mean": 0.00399318989366
    },
    "spectral_rolloff": {
        "mean": 6025.58349609
    },
    "spectral_skewness": {
        "mean": 0.788587391376
    },
    "spectral_spread": {
        "mean": 7774729.5
    },
    "spectral_strongpeak": {
        "mean": 4.0040678978
    },
    "zerocrossingrate": {
        "mean": 0.199395537376
    },
    "barkbands": {
        "mean": [0.000181703653652, 5.92509695707e-06, 2.26041805718e-07, 1.30475268634e-06, 2.82129549305e-05, 6.50052097626e-05, 0.000149151310325, 0.000142654520459, 9.04498883756e-05, 5.57275561732e-05, 3.15178549499e-05, 8.69130599312e-05, 0.000310962757794, 0.000298152037431, 0.000422317010816, 0.00180218263995, 0.000796908279881, 0.00236922502518, 0.00428066914901, 0.00140749057755, 0.00333164492622, 0.00421953992918, 0.00885693263263, 0.00303456000984, 0.000956985459197, 0.000232957143453, 1.42713306559e-05]
    },
    "mfcc": {
        "mean": [-704.437255859, -49.5546302795, -71.2792205811, 14.4795799255, -11.2963151932, 6.59223461151, -11.7506961823, 21.8400096893, 0.587578892708, 17.0054187775, 14.8097696304, 12.2370033264, 12.0592775345]
    },
    "sccoeffs": {
        "mean": [-0.588441729546, -0.75003182888, -0.776196777821, -0.768119037151, -0.752490580082, -0.717164099216]
    },
    "scvalleys": {
        "mean": [-9.58481884003, -8.76495456696, -8.295753479, -7.24325037003, -6.95028686523, -8.22662639618]
    }
},
"rhythm": {
    "beats_loudness": {
        "mean": 0.00806438457221
    },
    "bpm": 120.185325623,
    "first_peak_bpm": {
        "mean": 120
    },
    "first_peak_spread": {
        "mean": 0
    },
    "first_peak_weight": {
        "mean": 1
    },
    "onset_rate": 0.765625,
    "second_peak_bpm": {
        "mean": 0
    },
    "second_peak_spread": {
        "mean": 0
    },
    "second_peak_weight": {
        "mean": 0
    },
    "beats_loudness_band_ratio": {
        "mean": [0.0186098422855, 0.000374019495212, 0.00561869237572, 0.0244770459831, 0.389598578215, 0.572415292263]
    },
    "beats_position": [0.487619042397, 0.986848056316],
    "bpm_estimates": [120.185325623],
    "bpm_intervals": [0.49922901392],
    "onset_times": [0.0348299331963]
},
"sfx": {
    "inharmonicity": {
        "mean": 0.0985272750258
    },
    "oddtoevenharmonicenergyratio": {
        "mean": 18.9103012085
    },
    "pitch_after_max_to_before_max_energy_ratio": 37.2061004639,
    "pitch_centroid": 31.2635211945,
    "pitch_max_to_total": 0.0172413792461,
    "pitch_min_to_total": 0.0862068980932,
    "tristimulus": {
        "mean": [0.115108422935, 0.459088116884, 0.194439947605]
    }
},
"tonal": {
    "chords_changes_rate": 0.0333333350718,
    "chords_number_rate": 0.0666666701436,
    "chords_strength": {
        "mean": 0.499975532293
    },
    "key_strength": 0.531401991844,
    "tuning_diatonic_strength": 0.478694170713,
    "tuning_equal_tempered_deviation": 0.288703292608,
    "tuning_frequency": 441.782684326,
    "tuning_nontempered_energy_ratio": 0.948967456818,
    "hpcp": {
        "mean": [0.441343605518, 0.37725135684, 0.305812656879, 0.228834047914, 0.171237468719, 0.204705610871, 0.243181481957, 0.163937136531, 0.177795931697, 0.311764150858, 0.37166261673, 0.402424186468, 0.367841720581, 0.295610547066, 0.331401526928, 0.338290303946, 0.311393171549, 0.240651518106, 0.124304048717, 0.0745701342821, 0.0806961432099, 0.283210575581, 0.590259373188, 0.503328561783, 0.301869034767, 0.310046762228, 0.270010173321, 0.19092746079, 0.198906004429, 0.2953787148, 0.451812654734, 0.636152803898, 0.59480291605, 0.462168484926, 0.426871240139, 0.44194945693]
    },
    "chords_histogram": [16.6666660309, 0, 0, 0, 0, 0, 0, 0, 0, 0, 0, 0, 0, 0, 0, 0, 0, 0, 0, 0, 0, 0, 0, 83.3333358765],
    "thpcp": [1, 0.935000061989, 0.726505458355, 0.671019971371, 0.694722175598, 0.693769812584, 0.593020021915, 0.480722010136, 0.359715551138, 0.269176632166, 0.321786850691, 0.382268965244, 0.257700890303, 0.279486209154, 0.490077465773, 0.584234833717, 0.632590472698, 0.578228533268, 0.464684814215, 0.520946443081, 0.53177523613, 0.489494293928, 0.378291994333, 0.195399671793, 0.11722047627, 0.126850247383, 0.445192694664, 0.927857875824, 0.791207015514, 0.474522829056, 0.487377822399, 0.424442321062, 0.300128310919, 0.312670171261, 0.464320391417, 0.710226595402],
    "chords_key": "A",
    "chords_scale": "minor",
    "key_key": "C",
    "key_scale": "major",
    "chords_progression": ["Am", "Am", "Am", "Am", "Am", "Am", "Am", "Am", "Am", "Am", "Am", "Am", "Am", "Am", "Am", "Am", "Am", "Am", "Am", "Am", "Am", "Am", "Am", "Am", "Am", "C", "C", "C", "C", "C"]
}
}