{"lowlevel.dissonance.mean": [0.5801093578338623], "sfx.inharmonicity.mean": [0.5149481892585754], "lowlevel.spectral_contrast.mean": [[0.20466864109039307, 0.872291088104248, 0.9561052322387695, 0.9655897617340088, 0.8409674167633057, 0.6969172954559326]], "lowlevel.spectral_centroid.mean": [0.4964449405670166], "lowlevel.mfcc.mean": [[0.4450647830963135, 0.17089799046516418, -0.17539051175117493, 0.2924734950065613, 0.10302087664604187, 0.26531487703323364, 0.21060001850128174, 0.3195462226867676, 0.3624515235424042, 0.5397560000419617, 0.7585462331771851, 0.9288735389709473, 1.14723801612854]], "sfx.logattacktime.mean": [0.46710532903671265], "lowlevel.hfc.mean": [0.4740045964717865]}