{
"metadata": {
    "version": {
        "essentia": "2.1-beta2"
    }
},
"lowLevel": {
    "dissonance": {
        "mean": 0.0492253117263
    },
    "hfc": {
        "mean": 31.0681285858
    },
    "spectral_centroid": {
        "mean": 0.0939756780863
    },
    "mfcc": {
        "mean": [-963.044250488, -1.28787136078, -71.9771652222, -33.9704093933, 13.0576515198, 78.6457138062, 58.8545875549, -16.7007007599, -54.9477844238, -2.62813425064, 62.6732902527, 70.0933303833, -19.4707298279, -44.1940994263, 38.9107284546, 40.6569252014, -15.7963809967, 29.7504520416, -17.8459758759, -42.7441673279, 38.9175834656, 26.9722957611, -15.1856765747, 6.3037071228, -10.8297624588, 11.0959033966, 9.71243667603, -22.4678173065, 29.5360183716, -11.7903718948, -7.7695183754, 4.12483501434, -3.03067064285, -1.8614552021, 1.53586626053, 15.0401773453, -20.9749088287, -3.67410731316, 8.99520301819, 9.83500766754]
    },
    "spectral_contrast": {
        "mean": [-0.698948979378, -0.667151153088, -0.247963860631, -0.603750765324, -0.739374637604, -0.763479173183]
    }
},
"sfx": {
    "inharmonicity": {
        "mean": 0.33497941494
    },
    "logattacktime": {
        "mean": -5
    }
}
}