{"lowlevel.dissonance.mean": [0.2994953393936157], "sfx.inharmonicity.mean": [0.3447008728981018], "lowlevel.spectral_contrast.mean": [[0.4386657476425171, 0.5351239442825317, 0.3177011013031006, 0.25334930419921875, 0.24187874794006348, 0.2875795364379883]], "lowlevel.spectral_centroid.mean": [0.4036031663417816], "lowlevel.mfcc.mean": [[0.23765158653259277, 0.23876851797103882, 0.4887150824069977, 0.3878954350948334, 0.33886200189590454, 0.28956520557403564, 0.3718067705631256, 0.3457057476043701, 0.3863358497619629, 0.3569016456604004, 0.38782811164855957, 0.4648105800151825, 0.4742498993873596]], "sfx.logattacktime.mean": [0.1907063126564026], "lowlevel.hfc.mean": [0.4726293087005615]}