{"lowlevel.dissonance.mean": [-0.185352623462677], "sfx.inharmonicity.mean": [0.3920636475086212], "lowlevel.spectral_contrast.mean": [[0.5502500534057617, 0.9640090465545654, 0.8088144063949585, 0.658379316329956, 0.370527982711792, 0.3124110698699951]], "lowlevel.spectral_centroid.mean": [0.36449676752090454], "lowlevel.mfcc.mean": [[0.33074283599853516, 0.7411015033721924, 0.6492355465888977, 0.12066936492919922, 0.181928813457489, 0.20183271169662476, 0.0947345495223999, 0.11020150780677795, 0.5408970713615417, 0.6846739649772644, 0.5660573840141296, 0.48949122428894043, 0.4492456614971161]], "sfx.logattacktime.mean": [0.43619611859321594], "lowlevel.hfc.mean": [0.46873411536216736]}