{
"metadata": {
    "version": {
        "essentia": "2.1-beta2"
    }
},
"lowLevel": {
    "average_loudness": 0.99068403244,
    "barkbands_kurtosis": {
        "mean": 1.94751870632
    },
    "barkbands_skewness": {
        "mean": -1.19925785065
    },
    "barkbands_spread": {
        "mean": 30.6610069275
    },
    "dissonance": {
        "mean": 0.493526518345
    },
    "hfc": {
        "mean": 25.6904621124
    },
    "pitch": {
        "mean": 954.249450684
    },
    "pitch_instantaneous_confidence": {
        "mean": 0.285372853279
    },
    "pitch_salience": {
        "mean": 0.653296530247
    },
    "silence_rate_20dB": {
        "mean": 1
    },
    "silence_rate_30dB": {
        "mean": 1
    },
    "silence_rate_60dB": {
        "mean": 0.585714280605
    },
    "spectral_centroid": {
        "mean": 3512.50390625
    },
    "spectral_complexity": {
        "mean": 13.2428569794
    },
    "spectral_crest": {
        "mean": 5.75669431686
    },
    "spectral_decrease": {
        "mean": -9.37981581295e-10
    },
    "spectral_energy": {
        "mean": 0.00587035948411
    },
    "spectral_energyband_high": {
        "mean": 0.00293109565973
    },
    "spectral_energyband_low": {
        "mean": 3.53568866558e-05
    },
    "spectral_energyband_middle_high": {
        "mean": 0.00253177271225
    },
    "spectral_energyband_middle_low": {
        "mean": 0.000311197567498
    },
    "spectral_flatness_db": {
        "mean": 0.148107483983
    },
    "spectral_flux": {
        "mean": 0.0366778187454
    },
    "spectral_kurtosis": {
        "mean": 1.59676718712
    },
    "spectral_rms": {
        "mean": 0.00191485858522
    },
    "spectral_rolloff": {
        "mean": 5658.31054688
    },
    "spectral_skewness": {
        "mean": 1.0414557457
    },
    "spectral_spread": {
        "mean": 9192554
    },
    "spectral_strongpeak": {
        "mean": 0.974794209003
    },
    "zerocrossingrate": {
        "mean": 0.178306356072
    },
    "barkbands": {
        "mean": [9.89381442196e-05, 3.5674074752e-06, 3.77995981182e-08, 2.57893674416e-07, 8.95921311894e-06, 4.58455979242e-05, 3.53497889591e-05, 0.000194531850866, 2.42353034992e-05, 6.6790244091e-06, 9.19123158383e-06, 2.92430304398e-05, 0.000103462021798, 0.000148148246808, 0.000187121768249, 0.000661739788484, 0.000164483004482, 0.000404507445637, 0.000681661709677, 0.000339669117238, 0.000655084266327, 0.000710115360562, 0.000816326704808, 0.000362375489203, 0.00014144796296, 3.51936250809e-05, 2.18759555537e-06]
    },
    "mfcc": {
        "mean": [-742.879455566, -28.0892219543, -65.7822494507, 12.4664125443, -7.88500452042, 3.22781538963, -18.362613678, 5.48990345001, -0.0278423316777, 17.5213985443, 15.9526224136, 13.8107271194, 12.4496612549]
    },
    "sccoeffs": {
        "mean": [-0.613521397114, -0.830725193024, -0.809323966503, -0.746631920338, -0.788846671581, -0.760041534901]
    },
    "scvalleys": {
        "mean": [-9.50524044037, -8.01198101044, -8.10025501251, -7.3549118042, -7.16293811798, -8.35729694366]
    }
},
"rhythm": {
    "beats_loudness": {
        "mean": 0.00377989583649
    },
    "bpm": 112.347137451,
    "first_peak_bpm": {
        "mean": 112
    },
    "first_peak_spread": {
        "mean": 0
    },
    "first_peak_weight": {
        "mean": 1
    },
    "onset_rate": 1.25512290001,
    "second_peak_bpm": {
        "mean": 0
    },
    "second_peak_spread": {
        "mean": 0
    },
    "second_peak_weight": {
        "mean": 0
    },
    "beats_loudness_band_ratio": {
        "mean": [0.145996719599, 0.000460017297883, 0.0140192946419, 0.0480771660805, 0.347462296486, 0.452483892441]
    },
    "beats_position": [0.522448956966, 1.05650794506],
    "bpm_estimates": [112.347137451],
    "bpm_intervals": [0.534058988094],
    "onset_times": [0.0348299331963, 1.16099774837]
},
"sfx": {
    "inharmonicity": {
        "mean": 0.106205694377
    },
    "oddtoevenharmonicenergyratio": {
        "mean": 2.03203988075
    },
    "pitch_after_max_to_before_max_energy_ratio": 0.47980427742,
    "pitch_centroid": 38.8887214661,
    "pitch_max_to_total": 0.842857122421,
    "pitch_min_to_total": 0.814285695553,
    "tristimulus": {
        "mean": [0.174179002643, 0.473409593105, 0.221897259355]
    }
},
"tonal": {
    "chords_changes_rate": 0,
    "chords_number_rate": 0.0277777779847,
    "chords_strength": {
        "mean": 0.541607618332
    },
    "key_strength": 0.586155235767,
    "tuning_diatonic_strength": 0.56190341711,
    "tuning_equal_tempered_deviation": 0.198220103979,
    "tuning_frequency": 436.708374023,
    "tuning_nontempered_energy_ratio": 0.860965669155,
    "hpcp": {
        "mean": [0.56822258234, 0.624645471573, 0.412543684244, 0.252558112144, 0.296507209539, 0.511618256569, 0.570212543011, 0.405486047268, 0.418896764517, 0.604636490345, 0.679768979549, 0.561204433441, 0.546060740948, 0.49368005991, 0.399657130241, 0.384414285421, 0.331178575754, 0.273336499929, 0.199074327946, 0.183702647686, 0.24112264812, 0.229247391224, 0.33663803339, 0.485625475645, 0.499711722136, 0.48355075717, 0.386706680059, 0.24918743968, 0.183958381414, 0.26288074255, 0.476149708033, 0.588747024536, 0.449794977903, 0.279858380556, 0.301003903151, 0.422829270363]
    },
    "chords_histogram": [0, 100, 0, 0, 0, 0, 0, 0, 0, 0, 0, 0, 0, 0, 0, 0, 0, 0, 0, 0, 0, 0, 0, 0],
    "thpcp": [1, 0.825581133366, 0.803303420544, 0.726246833801, 0.587930798531, 0.565507233143, 0.487192839384, 0.402102053165, 0.292855858803, 0.270242750645, 0.354712635279, 0.337243080139, 0.495224177837, 0.714397847652, 0.73511993885, 0.711345732212, 0.568879544735, 0.366576641798, 0.270618975163, 0.386720716953, 0.700458109379, 0.866098701954, 0.661688029766, 0.411696314812, 0.442803233862, 0.622019052505, 0.835905432701, 0.91890847683, 0.606888055801, 0.371535211802, 0.436188191175, 0.752635478973, 0.838832855225, 0.596505641937, 0.616234004498, 0.889473497868],
    "chords_key": "A",
    "chords_scale": "minor",
    "key_key": "F",
    "key_scale": "major",
    "chords_progression": ["Am", "Am", "Am", "Am", "Am", "Am", "Am", "Am", "Am", "Am", "Am", "Am", "Am", "Am", "Am", "Am", "Am", "Am", "Am", "Am", "Am", "Am", "Am", "Am", "Am", "Am", "Am", "Am", "Am", "Am", "Am", "Am", "Am", "Am", "Am", "Am"]
}
}