{"lowlevel.dissonance.mean": [0.31239497661590576], "sfx.inharmonicity.mean": [0.2929752469062805], "lowlevel.spectral_contrast.mean": [[0.4980621337890625, 0.7089661359786987, 0.8366811275482178, 0.7570552825927734, 0.5755770206451416, 0.47360730171203613]], "lowlevel.spectral_centroid.mean": [0.37911292910575867], "lowlevel.mfcc.mean": [[0.3859659433364868, 0.5734487771987915, 0.4046162962913513, 0.4484559893608093, 0.5018417239189148, 0.4157685339450836, 0.32401275634765625, 0.3015453517436981, 0.4402042627334595, 0.5212397575378418, 0.4422186613082886, 0.2504449784755707, 0.3085061311721802]], "sfx.logattacktime.mean": [0.30152833461761475], "lowlevel.hfc.mean": [0.46540287137031555]}