{
"metadata": {
    "version": {
        "essentia": "2.1-beta2"
    }
},
"lowLevel": {
    "dissonance": {
        "mean": 0.228143006563
    },
    "hfc": {
        "mean": 110.176223755
    },
    "spectral_centroid": {
        "mean": 0.127623707056
    },
    "mfcc": {
        "mean": [-945.844421387, -52.2222480774, -92.5916213989, 15.2435779572, 32.9048156738, 48.721572876, 22.6019134521, -21.8516635895, -44.980758667, 54.6069107056, 88.416015625, -49.0690917969, -57.0879974365, 55.900718689, 29.1253852844, -6.92995405197, 33.9525871277, -24.11419487, -27.8241062164, 65.1864547729, 1.79273438454, -44.161239624, 31.0476016998, -0.478319168091, 22.4931964874, -14.9301280975, -2.738530159, 7.22805976868, -19.3988952637, 44.7208557129, -25.2276287079, -1.55960762501, 10.4560995102, 1.08186602592, -9.88793182373, 9.67481040955, -5.71247196198, -1.59904408455, 8.56805896759, -7.31790018082]
    },
    "spectral_contrast": {
        "mean": [-0.74031162262, -0.855979084969, -0.3071179986, -0.319469571114, -0.669945716858, -0.709383010864]
    }
},
"sfx": {
    "inharmonicity": {
        "mean": 0.222120940685
    },
    "logattacktime": {
        "mean": -5
    }
}
}