{"lowlevel.dissonance.mean": [-0.7133544087409973], "sfx.inharmonicity.mean": [0.3078186810016632], "lowlevel.spectral_contrast.mean": [[0.3751257658004761, 1.5881763696670532, 0.9692304134368896, 0.8086613416671753, 0.5700733661651611, 0.31793737411499023]], "lowlevel.spectral_centroid.mean": [0.36695027351379395], "lowlevel.mfcc.mean": [[0.21040880680084229, 0.3657851815223694, 0.4159586727619171, 0.1848532259464264, 0.14942628145217896, -0.05433744192123413, 0.010411649942398071, 0.5280044674873352, 1.0998241901397705, 1.4406569004058838, 1.4382622241973877, 0.8068653345108032, 0.14348247647285461]], "sfx.logattacktime.mean": [0.2535698711872101], "lowlevel.hfc.mean": [0.4739682078361511]}