{
"metadata": {
    "version": {
        "essentia": "2.1-beta2"
    }
},
"lowLevel": {
    "dissonance": {
        "mean": 0.152110859752
    },
    "hfc": {
        "mean": 10.3267002106
    },
    "spectral_centroid": {
        "mean": 0.0299207400531
    },
    "mfcc": {
        "mean": [-849.485595703, 261.113708496, 26.6540317535, -56.5562210083, -39.9588813782, -26.4944591522, -30.4542198181, -27.787979126, -8.26187705994, 3.91433334351, 0.491045147181, 0.382219314575, 7.0520825386, 3.20437312126, -11.6246118546, -14.918633461, -9.26580047607, -10.5871715546, -11.1432943344, -3.43565440178, 5.74147224426, 3.91554927826, -4.83579826355, -3.91243910789, -1.54733788967, -3.11273026466, 0.913474440575, 1.74849128723, -1.5127671957, -1.45051121712, -5.99245023727, -9.81544017792, -4.96165990829, -2.1351416111, -2.80014681816, -3.02980732918, -4.32680749893, -1.62167823315, 4.00010919571, 4.29735803604]
    },
    "spectral_contrast": {
        "mean": [-0.486613929272, -0.652308225632, -0.789372444153, -0.873846769333, -0.885189652443, -0.819496631622]
    }
},
"sfx": {
    "inharmonicity": {
        "mean": 0.243959531188
    },
    "logattacktime": {
        "mean": -5
    }
}
}