{
"metadata": {
    "version": {
        "essentia": "2.1-beta2"
    }
},
"lowLevel": {
    "dissonance": {
        "mean": 0.21586483717
    },
    "hfc": {
        "mean": 40.406703949
    },
    "spectral_centroid": {
        "mean": 0.0990502983332
    },
    "mfcc": {
        "mean": [-731.755187988, -16.0872936249, -169.153533936, -30.8023052216, -59.7420959473, -27.6408557892, -28.8151321411, -6.53558635712, 1.88061916828, 27.0471591949, 41.0137634277, 43.9066314697, 30.4875144958, 4.36411476135, -37.1036491394, -52.4682884216, -35.8973846436, 10.4778518677, 36.1009101868, 35.1493301392, 10.8008232117, -16.0156574249, -18.0702896118, 9.10448265076, 18.2826328278, -2.03463053703, -21.08162117, -5.23444652557, 15.6377573013, 1.20232307911, -12.5893955231, 1.21760845184, 14.4504976273, 10.2144021988, -0.137202069163, -3.03065061569, -4.27220010757, -8.71874523163, -2.82913064957, 8.07644462585]
    },
    "spectral_contrast": {
        "mean": [-0.279458135366, -0.32519748807, -0.456527143717, -0.558222234249, -0.666624009609, -0.659098148346]
    }
},
"sfx": {
    "inharmonicity": {
        "mean": 0.167830049992
    },
    "logattacktime": {
        "mean": -5
    }
}
}