{
"metadata": {
    "version": {
        "essentia": "2.1-beta2"
    }
},
"lowLevel": {
    "dissonance": {
        "mean": 0.186550825834
    },
    "hfc": {
        "mean": 1.04861819744
    },
    "spectral_centroid": {
        "mean": 0.073511146009
    },
    "mfcc": {
        "mean": [-818.92980957, 150.641784668, -39.751121521, -2.30546522141, -10.4804210663, -8.0743265152, -20.9966125488, -16.2213096619, -9.33315563202, 5.19597959518, -7.5251789093, -11.7458925247, -9.45780277252, 2.54450392723, -8.30151557922, 0.636646330357, -7.69575166702, -16.6749382019, 2.25598359108, 8.76827144623, 7.72508144379, 1.33966004848, -6.33570575714, 9.15141677856, 15.9479284286, 17.1129722595, 6.91441345215, 0.790570735931, -2.96379804611, 5.47043275833, 4.25250911713, -7.68553876877, -9.29264831543, -3.1674580574, 6.60243320465, 9.84952831268, 6.93036842346, 1.17084062099, -4.93601369858, -4.81574678421]
    },
    "spectral_contrast": {
        "mean": [-0.607529580593, -0.643392860889, -0.658996999264, -0.753056645393, -0.810797035694, -0.775684177876]
    }
},
"sfx": {
    "inharmonicity": {
        "mean": 0.183913573623
    },
    "logattacktime": {
        "mean": -4.94215536118
    }
}
}