{
"metadata": {
    "version": {
        "essentia": "2.1-beta2"
    }
},
"lowLevel": {
    "average_loudness": 0.941259384155,
    "barkbands_kurtosis": {
        "mean": 1.25240790844
    },
    "barkbands_skewness": {
        "mean": 0.141507834196
    },
    "barkbands_spread": {
        "mean": 16.4944648743
    },
    "dissonance": {
        "mean": 0.424964010715
    },
    "hfc": {
        "mean": 5.48332023621
    },
    "pitch": {
        "mean": 410.412536621
    },
    "pitch_instantaneous_confidence": {
        "mean": 0.663761377335
    },
    "pitch_salience": {
        "mean": 0.805365741253
    },
    "silence_rate_20dB": {
        "mean": 1
    },
    "silence_rate_30dB": {
        "mean": 1
    },
    "silence_rate_60dB": {
        "mean": 0.458563536406
    },
    "spectral_centroid": {
        "mean": 1564.37329102
    },
    "spectral_complexity": {
        "mean": 6.33149194717
    },
    "spectral_crest": {
        "mean": 6.89477872849
    },
    "spectral_decrease": {
        "mean": -9.56646983852e-10
    },
    "spectral_energy": {
        "mean": 0.00410795630887
    },
    "spectral_energyband_high": {
        "mean": 8.67512790137e-06
    },
    "spectral_energyband_low": {
        "mean": 7.66527818996e-09
    },
    "spectral_energyband_middle_high": {
        "mean": 0.00320423278026
    },
    "spectral_energyband_middle_low": {
        "mean": 0.000898048456293
    },
    "spectral_flatness_db": {
        "mean": 0.250951290131
    },
    "spectral_flux": {
        "mean": 0.00493802595884
    },
    "spectral_kurtosis": {
        "mean": 13.4680767059
    },
    "spectral_rms": {
        "mean": 0.00151166249998
    },
    "spectral_rolloff": {
        "mean": 2418.62182617
    },
    "spectral_skewness": {
        "mean": 2.56359791756
    },
    "spectral_spread": {
        "mean": 9289308
    },
    "spectral_strongpeak": {
        "mean": 0.854438245296
    },
    "zerocrossingrate": {
        "mean": 0.0935287922621
    },
    "barkbands": {
        "mean": [1.0013837759e-08, 1.44669332069e-09, 5.91275806094e-10, 1.55757131637e-08, 0.000121079850942, 2.39652254095e-05, 1.67049414301e-08, 0.000749786267988, 1.20497119838e-07, 0.00038761695032, 3.77610547275e-07, 0.000831085257232, 0.000700963893905, 0.000340647005942, 0.000412927533034, 0.000191766885109, 0.000161874180776, 0.000125975420815, 4.42710152129e-05, 1.0167432265e-05, 3.38745621775e-06, 1.48992478444e-06, 3.4933208326e-07, 5.4406047667e-08, 1.14143121621e-08, 1.85544224429e-09, 2.47673770382e-10]
    },
    "mfcc": {
        "mean": [-915.062072754, 66.4190673828, -107.485435486, -25.4336910248, -19.7868080139, -13.1096773148, -13.4565668106, -12.2425909042, -14.7904014587, -16.9512386322, -12.7688531876, -12.539853096, -5.66926765442]
    },
    "sccoeffs": {
        "mean": [-0.583020567894, -0.577394902706, -0.626233100891, -0.666481137276, -0.730335116386, -0.811554729939]
    },
    "scvalleys": {
        "mean": [-11.6305341721, -10.8491563797, -10.1352939606, -9.96601963043, -10.5310029984, -12.4109659195]
    }
},
"rhythm": {
    "beats_loudness": {
        "mean": 0.00517693394795
    },
    "bpm": 127.938743591,
    "first_peak_bpm": {
        "mean": 129
    },
    "first_peak_spread": {
        "mean": 0.400000035763
    },
    "first_peak_weight": {
        "mean": 0.428571432829
    },
    "onset_rate": 0.957857489586,
    "second_peak_bpm": {
        "mean": 136
    },
    "second_peak_spread": {
        "mean": 0.5
    },
    "second_peak_weight": {
        "mean": 0.142857149243
    },
    "beats_loudness_band_ratio": {
        "mean": [0.00313766533509, 0.0312813445926, 0.149392098188, 0.439299881458, 0.316046446562, 0.066326700151]
    },
    "beats_position": [0.476009070873, 0.952018141747, 1.42802715302, 1.8575963974, 2.29877543449, 2.76317453384, 3.22757363319, 3.69197273254],
    "bpm_estimates": [126.048019409, 126.048034668, 129.19921875, 129.19921875, 129.19921875],
    "bpm_intervals": [0.476009070873, 0.476009011269, 0.429569244385, 0.441179037094, 0.46439909935, 0.46439909935, 0.46439909935],
    "onset_times": [0.452789127827, 0.592108845711, 0.661768734455, 1.43963718414]
},
"sfx": {
    "inharmonicity": {
        "mean": 0.0439423955977
    },
    "oddtoevenharmonicenergyratio": {
        "mean": 1.11800825596
    },
    "pitch_after_max_to_before_max_energy_ratio": 0.149162307382,
    "pitch_centroid": 77.3528060913,
    "pitch_max_to_total": 0.972375690937,
    "pitch_min_to_total": 0.0607734806836,
    "tristimulus": {
        "mean": [0.210410222411, 0.677323162556, 0.0892563685775]
    }
},
"tonal": {
    "chords_changes_rate": 0.120879121125,
    "chords_number_rate": 0.0659340694547,
    "chords_strength": {
        "mean": 0.370176672935
    },
    "key_strength": 0.614953517914,
    "tuning_diatonic_strength": 0.386615276337,
    "tuning_equal_tempered_deviation": 0.196215480566,
    "tuning_frequency": 443.828887939,
    "tuning_nontempered_energy_ratio": 0.696459174156,
    "hpcp": {
        "mean": [0.124760523438, 0.099115781486, 0.104698359966, 0.115086838603, 0.180997282267, 0.231520682573, 0.159869521856, 0.102067768574, 0.102281369269, 0.119528584182, 0.140908047557, 0.500702261925, 0.747939407825, 0.398642152548, 0.164021641016, 0.17290969193, 0.154798611999, 0.153585344553, 0.168742850423, 0.147646635771, 0.124293096364, 0.109226800501, 0.203975364566, 0.403929978609, 0.318994641304, 0.131154730916, 0.139248222113, 0.155106410384, 0.158128902316, 0.160218298435, 0.149221360683, 0.127142712474, 0.237261608243, 0.35121896863, 0.261415183544, 0.162752568722]
    },
    "chords_histogram": [28.571428299, 0, 0, 0, 8.79120922089, 0, 0, 0, 0, 0, 0, 0, 0, 0, 0, 5.49450540543, 0, 4.39560461044, 0, 0, 0, 1.09890115261, 51.648349762, 0],
    "thpcp": [1, 0.532987236977, 0.219298034906, 0.231181412935, 0.206966787577, 0.205344632268, 0.2256103158, 0.197404548526, 0.166180700064, 0.146036967635, 0.27271643281, 0.540057063103, 0.426497966051, 0.175354748964, 0.186175808311, 0.207378312945, 0.211419403553, 0.214212939143, 0.199509963393, 0.16999065876, 0.317220360041, 0.469582110643, 0.349513858557, 0.217601269484, 0.166805654764, 0.132518470287, 0.139982402325, 0.153871878982, 0.241994574666, 0.309544712305, 0.213746622205, 0.136465296149, 0.136750876904, 0.159810513258, 0.188395008445, 0.669442296028],
    "chords_key": "F#",
    "chords_scale": "major",
    "key_key": "C#",
    "key_scale": "major",
    "chords_progression": ["D#", "D#", "D#", "D#", "D#", "D#", "D#", "D#", "D#m", "F#", "F#", "F#", "F#", "F#", "F#", "F#", "F#", "F#", "F#", "F#", "F#", "F#", "F#", "F#", "F#", "F#", "F#", "F#", "F#", "C#m", "F#", "F#", "C#m", "C#m", "C#m", "F#", "F#", "F#", "F#", "F#", "F#", "F#", "F#", "F#m", "F#m", "F#m", "F#m", "F#m", "F#", "F#", "F#", "F#", "C#", "C#", "C#", "C#", "F#", "F#", "F#", "F#", "F#", "F#", "F#", "F#", "F#", "F#", "F#", "F#", "F#", "C#", "C#", "C#", "C#", "C#", "C#", "C#", "C#", "C#", "C#", "C#", "C#", "C#", "C#", "C#", "C#", "C#", "C#", "C#", "C#", "C#", "C#"]
}
}