{
"metadata": {
    "version": {
        "essentia": "2.1-beta2"
    }
},
"lowLevel": {
    "dissonance": {
        "mean": 0.466294586658
    },
    "hfc": {
        "mean": 19.4018173218
    },
    "spectral_centroid": {
        "mean": 0.194984763861
    },
    "mfcc": {
        "mean": [-824.872924805, -78.2811279297, -96.2758560181, 36.0876045227, 21.3261890411, 7.0714058876, -20.4250926971, 10.0499515533, 15.3610162735, 19.0242099762, 12.3294429779, -7.82357883453, 7.6804060936, 14.3320102692, -5.45717525482, -16.7336101532, 6.25364494324, 7.73736381531, 11.2080039978, 21.2493190765, 8.99724006653, -10.5886602402, -8.72421264648, 4.00288677216, 6.75058603287, 7.7301697731, -0.00563043868169, 5.42409944534, -8.93876457214, -1.4699190855, 2.00333285332, 2.25205612183, -3.84620046616, -0.320609897375, 7.07579517365, -3.8327293396, -1.05458879471, 1.76503527164, 2.15168333054, -2.12499070168]
    },
    "spectral_contrast": {
        "mean": [-0.790487766266, -0.755200743675, -0.695163369179, -0.705480337143, -0.741740942001, -0.671692192554]
    }
},
"sfx": {
    "inharmonicity": {
        "mean": 0.240416198969
    },
    "logattacktime": {
        "mean": -4.93660306931
    }
}
}