{
"metadata": {
    "version": {
        "essentia": "2.1-beta2"
    }
},
"lowLevel": {
    "average_loudness": 0.99068403244,
    "barkbands_kurtosis": {
        "mean": 2.12536764145
    },
    "barkbands_skewness": {
        "mean": -0.325549811125
    },
    "barkbands_spread": {
        "mean": 11.8991231918
    },
    "dissonance": {
        "mean": 0.459393829107
    },
    "hfc": {
        "mean": 39.3099555969
    },
    "pitch": {
        "mean": 668.529602051
    },
    "pitch_instantaneous_confidence": {
        "mean": 0.499857395887
    },
    "pitch_salience": {
        "mean": 0.519759774208
    },
    "silence_rate_20dB": {
        "mean": 1
    },
    "silence_rate_30dB": {
        "mean": 0.974358975887
    },
    "silence_rate_60dB": {
        "mean": 0.666666686535
    },
    "spectral_centroid": {
        "mean": 2524.9621582
    },
    "spectral_complexity": {
        "mean": 10.5641021729
    },
    "spectral_crest": {
        "mean": 11.2322063446
    },
    "spectral_decrease": {
        "mean": -2.58235965944e-09
    },
    "spectral_energy": {
        "mean": 0.0133119486272
    },
    "spectral_energyband_high": {
        "mean": 0.00295214517973
    },
    "spectral_energyband_low": {
        "mean": 3.22365082184e-07
    },
    "spectral_energyband_middle_high": {
        "mean": 0.00891430210322
    },
    "spectral_energyband_middle_low": {
        "mean": 0.00145655893721
    },
    "spectral_flatness_db": {
        "mean": 0.238118678331
    },
    "spectral_flux": {
        "mean": 0.0441180616617
    },
    "spectral_kurtosis": {
        "mean": 10.7212924957
    },
    "spectral_rms": {
        "mean": 0.00213267304935
    },
    "spectral_rolloff": {
        "mean": 3909.65673828
    },
    "spectral_skewness": {
        "mean": 2.19026827812
    },
    "spectral_spread": {
        "mean": 7019013
    },
    "spectral_strongpeak": {
        "mean": 1.30628883839
    },
    "zerocrossingrate": {
        "mean": 0.118752501905
    },
    "barkbands": {
        "mean": [2.26832682415e-07, 2.09113125038e-07, 4.89574780715e-09, 5.06230746211e-09, 6.22076896661e-08, 3.42556035093e-07, 9.02184001461e-06, 0.00144417711999, 2.57490205513e-06, 4.40095027443e-06, 8.062672714e-05, 0.000635390344542, 7.55176879466e-05, 0.00313534610905, 0.000637930235825, 0.0002755249443, 0.000982356374152, 0.000535064376891, 0.00213852152228, 0.000687125662807, 0.000775949913077, 0.000990035478026, 0.00043331386405, 0.000257959065493, 0.00018030643696, 2.88814171654e-05, 1.0799934671e-06]
    },
    "mfcc": {
        "mean": [-837.201965332, -13.2696638107, -113.424102783, -18.5292510986, -16.8876552582, 5.33433485031, 3.78771471977, 3.45417189598, 1.04350078106, 15.4836645126, 40.0358886719, 24.1726284027, 5.58207178116]
    },
    "sccoeffs": {
        "mean": [-0.802711963654, -0.573532760143, -0.62316519022, -0.654277145863, -0.732717931271, -0.724644184113]
    },
    "scvalleys": {
        "mean": [-10.9740571976, -10.6121578217, -10.4822826385, -8.79916954041, -8.92409896851, -11.0978412628]
    }
},
"rhythm": {
    "bpm": 0,
    "first_peak_bpm": {
        "mean": 0
    },
    "first_peak_spread": {
        "mean": 0
    },
    "first_peak_weight": {
        "mean": 0
    },
    "onset_rate": 1.16003787518,
    "second_peak_bpm": {
        "mean": 0
    },
    "second_peak_spread": {
        "mean": 0
    },
    "second_peak_weight": {
        "mean": 0
    },
    "beats_position": [],
    "bpm_estimates": [],
    "bpm_intervals": [],
    "onset_times": [0.0348299331963]
},
"sfx": {
    "inharmonicity": {
        "mean": 0.106448061764
    },
    "oddtoevenharmonicenergyratio": {
        "mean": 4.12762784958
    },
    "pitch_after_max_to_before_max_energy_ratio": 6.45653676987,
    "pitch_centroid": 21.8712100983,
    "pitch_max_to_total": 0.128205135465,
    "pitch_min_to_total": 0.17948718369,
    "tristimulus": {
        "mean": [0.131201907992, 0.597730457783, 0.198682010174]
    }
},
"tonal": {
    "chords_changes_rate": 0,
    "chords_number_rate": 0.0500000007451,
    "chords_strength": {
        "mean": 0.420079320669
    },
    "key_strength": 0.596353650093,
    "tuning_diatonic_strength": 0.392478942871,
    "tuning_equal_tempered_deviation": 0.161569282413,
    "tuning_frequency": 438.984558105,
    "tuning_nontempered_energy_ratio": 0.891832530499,
    "hpcp": {
        "mean": [0.206663802266, 0.126288309693, 0.0740725323558, 0.0631853863597, 0.0575639493763, 0.0587358660996, 0.0329758748412, 0.0260510649532, 0.0402260199189, 0.0675300955772, 0.100211702287, 0.122539803386, 0.107110358775, 0.113603636622, 0.248466327786, 0.306720525026, 0.187767893076, 0.12186050415, 0.114941254258, 0.194717764854, 0.267971694469, 0.132983952761, 0.0357221290469, 0.0670769289136, 0.053701274097, 0.0178347695619, 0.0493390522897, 0.138657718897, 0.202875345945, 0.367532551289, 0.869134306908, 0.785879731178, 0.203547805548, 0.0525037422776, 0.0667675361037, 0.155356660485]
    },
    "chords_histogram": [0, 0, 0, 0, 0, 0, 100, 0, 0, 0, 0, 0, 0, 0, 0, 0, 0, 0, 0, 0, 0, 0, 0, 0],
    "thpcp": [1, 0.904209792614, 0.234196037054, 0.0604092404246, 0.076820731163, 0.178748741746, 0.237781211734, 0.145303562284, 0.085225649178, 0.0726992189884, 0.0662313625216, 0.0675797313452, 0.037941057235, 0.029973577708, 0.0462828576565, 0.0776981115341, 0.11530059576, 0.140990644693, 0.123237982392, 0.130708947778, 0.285877943039, 0.352903485298, 0.21604013443, 0.140209063888, 0.132247984409, 0.224036455154, 0.308320224285, 0.153007373214, 0.0411008149385, 0.0771767124534, 0.061787083745, 0.0205201543868, 0.0567680411041, 0.159535437822, 0.233422324061, 0.422871977091],
    "chords_key": "E",
    "chords_scale": "minor",
    "key_key": "G",
    "key_scale": "minor",
    "chords_progression": ["Em", "Em", "Em", "Em", "Em", "Em", "Em", "Em", "Em", "Em", "Em", "Em", "Em", "Em", "Em", "Em", "Em", "Em", "Em", "Em"]
}
}