{"lowlevel.dissonance.mean": [0.6139764785766602], "sfx.inharmonicity.mean": [1.0365242958068848], "lowlevel.spectral_contrast.mean": [[0.34738218784332275, 0.2963118553161621, 0.3264033794403076, 1.2651084661483765, 0.794137716293335, 0.8752505779266357]], "lowlevel.spectral_centroid.mean": [0.4823932647705078], "lowlevel.mfcc.mean": [[0.3837716579437256, 0.12666788697242737, 0.2927131652832031, 0.3599705100059509, 0.6174745559692383, 0.7764424085617065, 0.4847818613052368, 0.25131896138191223, 0.08282700181007385, 0.7131227254867554, 1.432466745376587, 0.35344719886779785, -0.1310359239578247]], "sfx.logattacktime.mean": [0.6370415091514587], "lowlevel.hfc.mean": [0.4717281758785248]}