{
"metadata": {
    "version": {
        "essentia": "2.1-beta2"
    }
},
"lowLevel": {
    "dissonance": {
        "mean": 0.232148811221
    },
    "hfc": {
        "mean": 11.4911346436
    },
    "spectral_centroid": {
        "mean": 0.0730451494455
    },
    "mfcc": {
        "mean": [-721.999084473, 134.656997681, -77.2968978882, 0.538588047028, -39.0533027649, -24.1794834137, -28.0256690979, -27.4092903137, -18.6639728546, -4.88291692734, 0.000748498074245, 5.1825799942, 8.40931224823, 18.4056568146, 12.9484195709, 0.599170804024, 2.7848238945, -9.95708942413, -7.26287269592, -3.25871396065, -12.6149339676, -6.20791101456, -7.4802479744, -8.05618953705, 14.5037612915, 12.8251428604, 7.08156251907, 17.0174198151, 16.9664821625, 13.9208984375, 5.48917341232, 4.16128349304, -3.14981007576, -7.50944375992, -7.035551548, -7.4149389267, -4.05581998825, 1.67131602764, 6.17133426666, 8.40923595428]
    },
    "spectral_contrast": {
        "mean": [-0.42641967535, -0.574587523937, -0.683385550976, -0.699985086918, -0.732217252254, -0.790785551071]
    }
},
"sfx": {
    "inharmonicity": {
        "mean": 0.154368564487
    },
    "logattacktime": {
        "mean": -5
    }
}
}