{
"metadata": {
    "version": {
        "essentia": "2.1-beta2"
    }
},
"lowLevel": {
    "average_loudness": 0.758814930916,
    "barkbands_kurtosis": {
        "mean": 11.8870010376
    },
    "barkbands_skewness": {
        "mean": -0.254765987396
    },
    "barkbands_spread": {
        "mean": 39.9443626404
    },
    "dissonance": {
        "mean": 0.491271257401
    },
    "hfc": {
        "mean": 38.3708114624
    },
    "pitch": {
        "mean": 1292.4576416
    },
    "pitch_instantaneous_confidence": {
        "mean": 0.371209919453
    },
    "pitch_salience": {
        "mean": 0.537785291672
    },
    "silence_rate_20dB": {
        "mean": 1
    },
    "silence_rate_30dB": {
        "mean": 1
    },
    "silence_rate_60dB": {
        "mean": 0.743801653385
    },
    "spectral_centroid": {
        "mean": 2909.98022461
    },
    "spectral_complexity": {
        "mean": 8.47933864594
    },
    "spectral_crest": {
        "mean": 10.1284103394
    },
    "spectral_decrease": {
        "mean": -1.08689401923e-09
    },
    "spectral_energy": {
        "mean": 0.00758253084496
    },
    "spectral_energyband_high": {
        "mean": 0.00464933551848
    },
    "spectral_energyband_low": {
        "mean": 3.2575950172e-05
    },
    "spectral_energyband_middle_high": {
        "mean": 0.0026899126824
    },
    "spectral_energyband_middle_low": {
        "mean": 0.000153602202772
    },
    "spectral_flatness_db": {
        "mean": 0.158319801092
    },
    "spectral_flux": {
        "mean": 0.031904026866
    },
    "spectral_kurtosis": {
        "mean": 2.01878833771
    },
    "spectral_rms": {
        "mean": 0.00164563895669
    },
    "spectral_rolloff": {
        "mean": 4854.40234375
    },
    "spectral_skewness": {
        "mean": 1.17374014854
    },
    "spectral_spread": {
        "mean": 10349763
    },
    "spectral_strongpeak": {
        "mean": 1.23290538788
    },
    "zerocrossingrate": {
        "mean": 0.160188525915
    },
    "barkbands": {
        "mean": [9.12950999918e-05, 3.1744775697e-06, 6.44240714109e-08, 2.40423645437e-07, 1.01184041341e-05, 2.48776414082e-05, 2.41096568061e-05, 6.43757666694e-05, 2.5015355277e-05, 8.07453216112e-06, 8.76281956153e-06, 2.96419257211e-05, 8.65198380779e-05, 0.000197265777388, 0.000148095801705, 0.000417836214183, 0.000223058610572, 0.000681535631884, 0.000727500882931, 0.000378114113118, 0.0008744878578, 0.000896259851288, 0.00162507093046, 0.000756064371672, 0.000224680872634, 5.29423741682e-05, 3.34903984367e-06]
    },
    "mfcc": {
        "mean": [-816.342895508, -22.7157077789, -51.7667884827, 20.0569114685, -2.52435564995, 1.74482214451, -8.00106239319, 15.6788225174, 3.44555163383, 14.9505624771, 15.6874399185, 15.1596784592, 11.5677289963]
    },
    "sccoeffs": {
        "mean": [-0.593486666679, -0.83401966095, -0.838168740273, -0.786223948002, -0.792615711689, -0.787980377674]
    },
    "scvalleys": {
        "mean": [-9.7819185257, -8.82951641083, -8.82867050171, -8.30766677856, -8.0587272644, -9.13624572754]
    }
},
"rhythm": {
    "beats_loudness": {
        "mean": 0.00624421657994
    },
    "bpm": 155.683898926,
    "first_peak_bpm": {
        "mean": 157
    },
    "first_peak_spread": {
        "mean": 0
    },
    "first_peak_weight": {
        "mean": 0.800000011921
    },
    "onset_rate": 0.361143857241,
    "second_peak_bpm": {
        "mean": 152
    },
    "second_peak_spread": {
        "mean": 0
    },
    "second_peak_weight": {
        "mean": 0.20000000298
    },
    "beats_loudness_band_ratio": {
        "mean": [0.143213912845, 0.00191414309666, 0.0100802564994, 0.0336102247238, 0.332222253084, 0.483719676733]
    },
    "beats_position": [0.371519267559, 0.754648506641, 1.14938771725, 1.53251695633, 1.91564619541, 2.29877543449],
    "bpm_estimates": [156.605117798, 151.999084473, 156.605117798, 156.605117798, 156.605117798],
    "bpm_intervals": [0.383129239082, 0.394739210606, 0.383129239082, 0.383129239082, 0.383129239082],
    "onset_times": [0.104489795864]
},
"sfx": {
    "inharmonicity": {
        "mean": 0.0830328240991
    },
    "oddtoevenharmonicenergyratio": {
        "mean": 4.05714082718
    },
    "pitch_after_max_to_before_max_energy_ratio": 0.621164619923,
    "pitch_centroid": 53.7321968079,
    "pitch_max_to_total": 0.47107437253,
    "pitch_min_to_total": 0.00826446246356,
    "tristimulus": {
        "mean": [0.246270164847, 0.397202730179, 0.215550392866]
    }
},
"tonal": {
    "chords_changes_rate": 0.049180328846,
    "chords_number_rate": 0.049180328846,
    "chords_strength": {
        "mean": 0.521067082882
    },
    "key_strength": 0.715343892574,
    "tuning_diatonic_strength": 0.495447337627,
    "tuning_equal_tempered_deviation": 0.204320952296,
    "tuning_frequency": 455.779724121,
    "tuning_nontempered_energy_ratio": 0.857826709747,
    "hpcp": {
        "mean": [0.269944012165, 0.212035641074, 0.159167706966, 0.204647213221, 0.277667731047, 0.326895356178, 0.539844632149, 0.541042745113, 0.298015683889, 0.237425461411, 0.206606939435, 0.169102966785, 0.184568867087, 0.21300123632, 0.246380865574, 0.255851119757, 0.1914781183, 0.16374848783, 0.238745167851, 0.211166933179, 0.259519219398, 0.775910377502, 0.840271770954, 0.45366999507, 0.39244800806, 0.298909008503, 0.200546696782, 0.205911904573, 0.25925335288, 0.265710383654, 0.21637891233, 0.218579754233, 0.229124441743, 0.338667005301, 0.439999073744, 0.357685655355]
    },
    "chords_histogram": [90.1639328003, 0, 0, 0, 0, 0, 0, 0, 0, 0, 0, 0, 0, 0, 0, 3.27868843079, 0, 6.55737686157, 0, 0, 0, 0, 0, 0],
    "thpcp": [1, 0.539908647537, 0.46704891324, 0.355728954077, 0.238668844104, 0.245053932071, 0.308535128832, 0.316219568253, 0.257510632277, 0.260129839182, 0.272678971291, 0.403044611216, 0.523639023304, 0.425678521395, 0.321257978678, 0.252341747284, 0.189424082637, 0.243548840284, 0.330449908972, 0.389035284519, 0.642464339733, 0.643890202045, 0.35466581583, 0.282557934523, 0.245881095529, 0.201247945428, 0.219653770328, 0.253490895033, 0.293215692043, 0.30448615551, 0.227876409888, 0.194875627756, 0.284128516912, 0.25130790472, 0.308851540089, 0.923404097557],
    "chords_key": "E",
    "chords_scale": "major",
    "key_key": "E",
    "key_scale": "major",
    "chords_progression": ["Am", "Am", "Em", "Em", "E", "E", "E", "E", "E", "E", "E", "E", "E", "E", "E", "E", "E", "E", "E", "E", "E", "E", "E", "E", "E", "E", "E", "E", "E", "E", "E", "E", "E", "E", "E", "E", "E", "E", "E", "E", "E", "E", "E", "E", "E", "E", "E", "E", "E", "E", "E", "E", "E", "E", "E", "E", "E", "E", "E", "Em", "Em"]
}
}