{
"metadata": {
    "version": {
        "essentia": "2.1-beta2"
    }
},
"lowLevel": {
    "dissonance": {
        "mean": 0.358200371265
    },
    "hfc": {
        "mean": 68.8222885132
    },
    "spectral_centroid": {
        "mean": 0.155378475785
    },
    "mfcc": {
        "mean": [-815.212585449, -21.6714706421, -110.693016052, -4.52494573593, -10.4644565582, 22.2281112671, 10.8804121017, 0.20232655108, -7.82788562775, 12.8847475052, 37.8971061707, 27.8998508453, 2.66968631744, 1.12952399254, 0.487964659929, 1.66791784763, -16.0951251984, -15.2850189209, 10.1572294235, 22.0634441376, 18.2410316467, 7.28312444687, -3.68328404427, -2.22182750702, -4.09680509567, -9.57950115204, 3.67710638046, 9.42189121246, 9.41184234619, -1.00264966488, -7.61128997803, -13.3218536377, -2.44011998177, 13.0650978088, 2.07332801819, 1.05053699017, -3.81306958199, -0.657631993294, 1.93383467197, -1.8321928978]
    },
    "spectral_contrast": {
        "mean": [-0.703336775303, -0.594636142254, -0.649225711823, -0.754584491253, -0.704623579979, -0.754776775837]
    }
},
"sfx": {
    "inharmonicity": {
        "mean": 0.2406693995
    },
    "logattacktime": {
        "mean": -4.84130573273
    }
}
}