{
"metadata": {
    "version": {
        "essentia": "2.1-beta2"
    }
},
"lowLevel": {
    "average_loudness": 0.318585753441,
    "barkbands_kurtosis": {
        "mean": 16.489320755
    },
    "barkbands_skewness": {
        "mean": 2.49994301796
    },
    "barkbands_spread": {
        "mean": 2.60583901405
    },
    "dissonance": {
        "mean": 0.191737920046
    },
    "hfc": {
        "mean": 12.0037288666
    },
    "pitch": {
        "mean": 343.10748291
    },
    "pitch_instantaneous_confidence": {
        "mean": 0.943789362907
    },
    "pitch_salience": {
        "mean": 0.364063620567
    },
    "silence_rate_20dB": {
        "mean": 0.992753624916
    },
    "silence_rate_30dB": {
        "mean": 0.920289874077
    },
    "silence_rate_60dB": {
        "mean": 0.528985500336
    },
    "spectral_centroid": {
        "mean": 497.381835938
    },
    "spectral_complexity": {
        "mean": 3.49275350571
    },
    "spectral_crest": {
        "mean": 20.1678714752
    },
    "spectral_decrease": {
        "mean": -5.72715785907e-09
    },
    "spectral_energy": {
        "mean": 0.0227043703198
    },
    "spectral_energyband_high": {
        "mean": 0.000156894559041
    },
    "spectral_energyband_low": {
        "mean": 0.000679786258843
    },
    "spectral_energyband_middle_high": {
        "mean": 0.00221053347923
    },
    "spectral_energyband_middle_low": {
        "mean": 0.0197206567973
    },
    "spectral_flatness_db": {
        "mean": 0.536929905415
    },
    "spectral_flux": {
        "mean": 0.015442664735
    },
    "spectral_kurtosis": {
        "mean": 105.476325989
    },
    "spectral_rms": {
        "mean": 0.00294857122935
    },
    "spectral_rolloff": {
        "mean": 708.411315918
    },
    "spectral_skewness": {
        "mean": 8.8160905838
    },
    "spectral_spread": {
        "mean": 3196889.5
    },
    "spectral_strongpeak": {
        "mean": 1.12171769142
    },
    "zerocrossingrate": {
        "mean": 0.0266679413617
    },
    "barkbands": {
        "mean": [4.49492799817e-05, 0.000179800917977, 0.00039259105688, 0.000295681180432, 0.00199026917107, 0.0133393090218, 4.08033920394e-05, 0.000966599560343, 0.00308616319671, 8.46350521897e-05, 0.000670297828037, 8.32145378808e-05, 2.67963114311e-05, 0.000478955451399, 0.000212883096538, 0.000155911504407, 0.000146372098243, 0.000325501518091, 2.31300800806e-05, 1.46210477396e-05, 5.45657276234e-05, 4.83421717945e-05, 1.11438748718e-05, 1.32410532387e-05, 1.06925981527e-05, 4.32668366557e-06, 3.6000574255e-06]
    },
    "mfcc": {
        "mean": [-982.358215332, 118.116386414, 1.88405990601, -34.8899154663, -35.2356758118, -28.4182376862, -26.2653484344, -24.1754074097, -19.6451587677, -15.9781703949, -12.7309789658, -11.7117919922, -8.28784751892]
    },
    "sccoeffs": {
        "mean": [-0.533898711205, -0.297122299671, -0.612073123455, -0.650254070759, -0.848940074444, -0.906158983707]
    },
    "scvalleys": {
        "mean": [-10.641919136, -10.5605478287, -11.3767023087, -11.9342679977, -12.8131637573, -13.4488782883]
    }
},
"rhythm": {
    "beats_loudness": {
        "mean": 0.0058690099977
    },
    "bpm": 77.1338577271,
    "first_peak_bpm": {
        "mean": 77
    },
    "first_peak_spread": {
        "mean": 0
    },
    "first_peak_weight": {
        "mean": 1
    },
    "onset_rate": 0.31565836072,
    "second_peak_bpm": {
        "mean": 0
    },
    "second_peak_spread": {
        "mean": 0
    },
    "second_peak_weight": {
        "mean": 0
    },
    "beats_loudness_band_ratio": {
        "mean": [5.67142205909e-06, 0.658742725849, 0.327647656202, 0.0131752220914, 0.000430334359407, 3.26202666656e-06]
    },
    "beats_position": [0.766258478165, 1.54412698746, 2.32199549675],
    "bpm_estimates": [77.1338577271, 77.1338577271],
    "bpm_intervals": [0.777868509293, 0.777868509293],
    "onset_times": [0.0232199542224]
},
"sfx": {
    "inharmonicity": {
        "mean": 0.0156574901193
    },
    "oddtoevenharmonicenergyratio": {
        "mean": 8.14477920532
    },
    "pitch_after_max_to_before_max_energy_ratio": 2.27088260651,
    "pitch_centroid": 64.5573501587,
    "pitch_max_to_total": 0.00724637694657,
    "pitch_min_to_total": 0.217391297221,
    "tristimulus": {
        "mean": [0.54235470295, 0.441392064095, 0.00214266707189]
    }
},
"tonal": {
    "chords_changes_rate": 0.214285716414,
    "chords_number_rate": 0.0571428574622,
    "chords_strength": {
        "mean": 0.393485575914
    },
    "key_strength": 0.592221021652,
    "tuning_diatonic_strength": 0.413060575724,
    "tuning_equal_tempered_deviation": 0.0102842105553,
    "tuning_frequency": 439.491973877,
    "tuning_nontempered_energy_ratio": 0.62231618166,
    "hpcp": {
        "mean": [9.16581702768e-05, 0.000196405337192, 0.00506389793009, 0.0123435603455, 0.00822620559484, 0.000840312452056, 6.8558169005e-05, 8.00414272817e-05, 0.000175286579179, 0.000932753609959, 0.00195800093934, 0.00181002682075, 0.000780786038376, 0.000189922531717, 0.000116520997835, 0.00139077822678, 0.00676610320807, 0.450837671757, 0.974131345749, 0.533871173859, 0.00561025366187, 0.000754918612074, 0.00158354628365, 0.0023295332212, 0.00198865053244, 0.00117819791194, 0.000402798206778, 0.000274361111224, 0.000479159498354, 0.00326200365089, 0.00606656493619, 0.0164822656661, 0.0214574243873, 0.00921838078648, 0.00114447379019, 0.000118837808259]
    },
    "chords_histogram": [28.571428299, 0, 10, 0, 0, 0, 0, 4.28571414948, 0, 57.1428565979, 0, 0, 0, 0, 0, 0, 0, 0, 0, 0, 0, 0, 0, 0],
    "thpcp": [1, 0.548048436642, 0.00575923733413, 0.000774965912569, 0.00162559829187, 0.0023913953919, 0.00204146048054, 0.00120948569383, 0.00041349476669, 0.000281646935036, 0.000491883896757, 0.00334862805903, 0.00622766651213, 0.0169199630618, 0.0220272392035, 0.00946318078786, 0.00117486598901, 0.000121993616631, 9.40922109294e-05, 0.000201621005544, 0.00519837299362, 0.0126713514328, 0.00844465754926, 0.000862627464812, 7.03787736711e-05, 8.21669746074e-05, 0.000179941416718, 0.000957523472607, 0.00200999691151, 0.00185809319373, 0.000801520305686, 0.000194966036361, 0.00011961528071, 0.00142771122046, 0.00694578140974, 0.462809950113],
    "chords_key": "D#",
    "chords_scale": "major",
    "key_key": "G#",
    "key_scale": "minor",
    "chords_progression": ["D#", "D#", "D#", "D#", "D#", "D#", "D#", "D#", "D#", "D#", "D#", "D#", "D#", "D#", "D#", "D#", "D#", "D#", "D#", "D#", "D#", "D#", "D#", "D#", "D#", "D#", "D#", "D#", "D#", "D#", "D#", "D#m", "D#", "D#m", "D#m", "D#", "D#", "D#m", "D#", "D#m", "D#m", "D#m", "D#", "D#", "D#", "D#", "D#", "G#m", "G#m", "G#m", "G#m", "G#m", "G#m", "G#", "G#m", "G#", "G#m", "G#m", "G#m", "G#", "G#m", "G#m", "G#m", "G#m", "G#m", "G#m", "G#m", "G#m", "G#m", "G#m"]
}
}