{
"metadata": {
    "version": {
        "essentia": "2.1-beta2"
    }
},
"lowLevel": {
    "average_loudness": 0.983751356602,
    "barkbands_kurtosis": {
        "mean": 11.0958986282
    },
    "barkbands_skewness": {
        "mean": 2.40474176407
    },
    "barkbands_spread": {
        "mean": 9.40836334229
    },
    "dissonance": {
        "mean": 0.381293565035
    },
    "hfc": {
        "mean": 2.59602499008
    },
    "pitch": {
        "mean": 274.744354248
    },
    "pitch_instantaneous_confidence": {
        "mean": 0.807995021343
    },
    "pitch_salience": {
        "mean": 0.353091776371
    },
    "silence_rate_20dB": {
        "mean": 1
    },
    "silence_rate_30dB": {
        "mean": 1
    },
    "silence_rate_60dB": {
        "mean": 0.218604654074
    },
    "spectral_centroid": {
        "mean": 480.566619873
    },
    "spectral_complexity": {
        "mean": 5.13023233414
    },
    "spectral_crest": {
        "mean": 19.1418914795
    },
    "spectral_decrease": {
        "mean": -1.68584590732e-09
    },
    "spectral_energy": {
        "mean": 0.00659822160378
    },
    "spectral_energyband_high": {
        "mean": 2.24798009185e-06
    },
    "spectral_energyband_low": {
        "mean": 2.0677291559e-06
    },
    "spectral_energyband_middle_high": {
        "mean": 0.00112706748769
    },
    "spectral_energyband_middle_low": {
        "mean": 0.00547707406804
    },
    "spectral_flatness_db": {
        "mean": 0.314145892859
    },
    "spectral_flux": {
        "mean": 0.0034828085918
    },
    "spectral_kurtosis": {
        "mean": 27.2441978455
    },
    "spectral_rms": {
        "mean": 0.00226231245324
    },
    "spectral_rolloff": {
        "mean": 971.900024414
    },
    "spectral_skewness": {
        "mean": 4.11192178726
    },
    "spectral_spread": {
        "mean": 6420830
    },
    "spectral_strongpeak": {
        "mean": 0.557866692543
    },
    "zerocrossingrate": {
        "mean": 0.026903161779
    },
    "barkbands": {
        "mean": [9.0468512326e-07, 7.58771037113e-08, 5.03737407342e-09, 0.000459557661088, 0.00475335074589, 8.07916876511e-06, 8.29564396554e-06, 0.000211201855564, 2.53112029895e-05, 1.39863805089e-05, 0.000658455071971, 5.74102487008e-05, 0.00019683422579, 5.88316615904e-05, 0.000103637794382, 2.23228144023e-05, 2.83981535176e-06, 2.95187260235e-06, 8.93779088074e-06, 4.27947225035e-06, 4.15510783114e-07, 4.17984210799e-07, 9.60679358286e-08, 1.91874764965e-08, 1.50660373066e-08, 7.57434293064e-09, 1.29687449668e-09]
    },
    "mfcc": {
        "mean": [-885.889221191, 137.163360596, -54.0384216309, -13.4831027985, -10.3598947525, 4.16098403931, 5.50996446609, -17.1022224426, -19.2850265503, -8.9788942337, -18.4063606262, -37.3825035095, -15.5316181183]
    },
    "sccoeffs": {
        "mean": [-0.345144361258, -0.561630725861, -0.586626112461, -0.659698843956, -0.761222243309, -0.837061882019]
    },
    "scvalleys": {
        "mean": [-10.26749897, -10.3052520752, -9.81188106537, -9.51649475098, -10.7671175003, -12.3416519165]
    }
},
"rhythm": {
    "beats_loudness": {
        "mean": 0.00835434254259
    },
    "bpm": 61.0409049988,
    "first_peak_bpm": {
        "mean": 61
    },
    "first_peak_spread": {
        "mean": 0
    },
    "first_peak_weight": {
        "mean": 1
    },
    "onset_rate": 0.603866934776,
    "second_peak_bpm": {
        "mean": 0
    },
    "second_peak_spread": {
        "mean": 0
    },
    "second_peak_weight": {
        "mean": 0
    },
    "beats_loudness_band_ratio": {
        "mean": [0.648194789886, 0.633013606071, 0.0395427979529, 0.148984149098, 0.0252670161426, 0.0013019181788]
    },
    "beats_position": [0.96362811327, 1.93886613846, 2.92571425438, 3.9125623703],
    "bpm_estimates": [61.5234413147, 60.7996292114, 60.7996292114],
    "bpm_intervals": [0.975238025188, 0.986848115921, 0.986848115921],
    "onset_times": [0.243809521198, 0.429569154978, 4.82975053787]
},
"sfx": {
    "inharmonicity": {
        "mean": 0.00872298143804
    },
    "oddtoevenharmonicenergyratio": {
        "mean": 33.6817359924
    },
    "pitch_after_max_to_before_max_energy_ratio": 12.2139434814,
    "pitch_centroid": 109.784812927,
    "pitch_max_to_total": 0,
    "pitch_min_to_total": 0.930232584476,
    "tristimulus": {
        "mean": [0.750242590904, 0.213179156184, 0.024534419179]
    }
},
"tonal": {
    "chords_changes_rate": 0.0185185186565,
    "chords_number_rate": 0.0185185186565,
    "chords_strength": {
        "mean": 0.611366331577
    },
    "key_strength": 0.578470051289,
    "tuning_diatonic_strength": 0.406027585268,
    "tuning_equal_tempered_deviation": 0.129274517298,
    "tuning_frequency": 448.985931396,
    "tuning_nontempered_energy_ratio": 0.739091992378,
    "hpcp": {
        "mean": [0.0421474389732, 0.036656409502, 0.0322374776006, 0.0339206904173, 0.0571241229773, 0.127352967858, 0.110589116812, 0.0269123893231, 0.0117618637159, 0.0144833372906, 0.0152570605278, 0.0192380584776, 0.0185128767043, 0.0144030591473, 0.0384629443288, 0.0612278394401, 0.040289785713, 0.0234650690109, 0.0218798033893, 0.0154997287318, 0.0152576863766, 0.0405937619507, 0.114703848958, 0.120206050575, 0.0554469674826, 0.0354545302689, 0.028008421883, 0.0269441865385, 0.0657639801502, 0.536680221558, 0.884659826756, 0.43192845583, 0.0454172044992, 0.0220655091107, 0.0197824407369, 0.0302706528455]
    },
    "chords_histogram": [0, 23.148147583, 76.851852417, 0, 0, 0, 0, 0, 0, 0, 0, 0, 0, 0, 0, 0, 0, 0, 0, 0, 0, 0, 0, 0],
    "thpcp": [1, 0.488242417574, 0.051338609308, 0.0249423664063, 0.0223616361618, 0.0342172794044, 0.0476425364614, 0.0414355993271, 0.0364405363798, 0.0383432023227, 0.0645718500018, 0.14395698905, 0.125007510185, 0.0304211732, 0.0132953515276, 0.0163716450334, 0.0172462463379, 0.0217462778091, 0.0209265481681, 0.016280900687, 0.043477665633, 0.0692106038332, 0.0455426871777, 0.0265243984759, 0.0247324481606, 0.0175205525011, 0.0172469522804, 0.0458862967789, 0.129658713937, 0.135878279805, 0.0626760348678, 0.0400770194829, 0.0316601023078, 0.0304571148008, 0.0743381530046, 0.606651484966],
    "chords_key": "G",
    "chords_scale": "major",
    "key_key": "C",
    "key_scale": "major",
    "chords_progression": ["Em", "Em", "Em", "Em", "Em", "G", "G", "G", "G", "G", "G", "G", "G", "G", "G", "G", "G", "G", "G", "G", "G", "G", "G", "G", "G", "G", "G", "G", "G", "G", "G", "G", "G", "G", "G", "G", "G", "G", "G", "G", "G", "G", "G", "G", "G", "G", "G", "G", "G", "G", "G", "G", "G", "G", "G", "G", "G", "G", "G", "G", "G", "G", "G", "G", "G", "G", "G", "G", "G", "G", "G", "G", "G", "G", "G", "G", "G", "G", "G", "G", "G", "G", "G", "G", "G", "G", "G", "G", "Em", "Em", "Em", "Em", "Em", "Em", "Em", "Em", "Em", "Em", "Em", "Em", "Em", "Em", "Em", "Em", "Em", "Em", "Em", "Em"]
}
}