{
"metadata": {
    "version": {
        "essentia": "2.1-beta2"
    }
},
"lowLevel": {
    "dissonance": {
        "mean": 0.0208259839565
    },
    "hfc": {
        "mean": 35.1704406738
    },
    "spectral_centroid": {
        "mean": 0.0359001979232
    },
    "mfcc": {
        "mean": [-904.845153809, 192.614318848, 9.47817897797, -43.3649101257, -35.7412834167, -35.3799362183, -44.9272575378, -32.8140296936, -4.40324544907, -0.290770947933, -20.1041660309, -28.8537311554, -19.0708637238, 0.288599848747, 8.09466266632, 4.92187356949, 8.79946517944, 18.4702072144, 28.7972679138, 37.0053520203, 31.4186840057, 8.17979431152, -16.3840961456, -24.564743042, -15.4735155106, -2.02187252045, 8.37077617645, 15.1433458328, 10.6364307404, -2.2713265419, -8.30337238312, -6.95683097839, -3.28503632545, 4.3703289032, 9.09555339813, 0.97534507513, -14.0908279419, -17.6815834045, -4.88861703873, 5.35125494003]
    },
    "spectral_contrast": {
        "mean": [-0.43401581049, -0.400939613581, -0.631882548332, -0.817705750465, -0.87607884407, -0.852140724659]
    }
},
"sfx": {
    "inharmonicity": {
        "mean": 0.262301415205
    },
    "logattacktime": {
        "mean": -4.96025276184
    }
}
}