{"lowlevel.dissonance.mean": [0.399044394493103], "sfx.inharmonicity.mean": [0.48408642411231995], "lowlevel.spectral_contrast.mean": [[0.3799360990524292, 0.30889010429382324, 1.3629499673843384, 1.2760483026504517, 1.1615735292434692, 0.9459466934204102]], "lowlevel.spectral_centroid.mean": [0.46523189544677734], "lowlevel.mfcc.mean": [[0.4675029516220093, 0.020951151847839355, 0.2856389284133911, 0.40248188376426697, 0.516021728515625, 0.520862877368927, 0.6969462633132935, 1.0040905475616455, 0.7077251672744751, -0.3108116388320923, -0.1509116291999817, 0.7264009118080139, 1.7298426628112793]], "sfx.logattacktime.mean": [0.6216410994529724], "lowlevel.hfc.mean": [0.4974632263183594]}