{
"metadata": {
    "version": {
        "essentia": "2.1-beta2"
    }
},
"lowLevel": {
    "average_loudness": 0.840178608894,
    "barkbands_kurtosis": {
        "mean": 86.8142089844
    },
    "barkbands_skewness": {
        "mean": 4.58229064941
    },
    "barkbands_spread": {
        "mean": 14.3961906433
    },
    "dissonance": {
        "mean": 0.485378295183
    },
    "hfc": {
        "mean": 7.53320026398
    },
    "pitch": {
        "mean": 1466.59631348
    },
    "pitch_instantaneous_confidence": {
        "mean": 0.803841590881
    },
    "pitch_salience": {
        "mean": 0.225003600121
    },
    "silence_rate_20dB": {
        "mean": 1
    },
    "silence_rate_30dB": {
        "mean": 1
    },
    "silence_rate_60dB": {
        "mean": 0.573604047298
    },
    "spectral_centroid": {
        "mean": 2471.96875
    },
    "spectral_complexity": {
        "mean": 0.746192872524
    },
    "spectral_crest": {
        "mean": 20.6387672424
    },
    "spectral_decrease": {
        "mean": -7.73115071961e-10
    },
    "spectral_energy": {
        "mean": 0.00360119575635
    },
    "spectral_energyband_high": {
        "mean": 4.12517838413e-05
    },
    "spectral_energyband_low": {
        "mean": 1.19471758353e-06
    },
    "spectral_energyband_middle_high": {
        "mean": 0.00355772976764
    },
    "spectral_energyband_middle_low": {
        "mean": 1.17828244584e-06
    },
    "spectral_flatness_db": {
        "mean": 0.30669271946
    },
    "spectral_flux": {
        "mean": 0.00602930830792
    },
    "spectral_kurtosis": {
        "mean": 0.927366673946
    },
    "spectral_rms": {
        "mean": 0.00133903406095
    },
    "spectral_rolloff": {
        "mean": 3332.18310547
    },
    "spectral_skewness": {
        "mean": 1.16249418259
    },
    "spectral_spread": {
        "mean": 22097740
    },
    "spectral_strongpeak": {
        "mean": 3.21130466461
    },
    "zerocrossingrate": {
        "mean": 0.123651646078
    },
    "barkbands": {
        "mean": [1.46166496506e-06, 2.9057048323e-07, 2.91639956629e-09, 2.54976062486e-09, 6.52342180274e-09, 2.16896189897e-08, 9.43414804055e-08, 6.580464742e-07, 3.72553444095e-07, 7.07649689957e-08, 1.53984700546e-07, 2.44207262767e-06, 4.21123968408e-06, 4.2235451474e-06, 3.58117104042e-05, 0.00350821623579, 9.98071186586e-07, 3.46390919503e-07, 3.96733042862e-07, 1.17630861496e-05, 7.31226180051e-07, 1.69016959717e-06, 2.87016689526e-07, 1.31356296151e-06, 2.16773278225e-05, 2.99328439723e-06, 9.62544618233e-07]
    },
    "mfcc": {
        "mean": [-980.317626953, 2.10426020622, -45.5963287354, -30.844751358, 20.1126041412, 9.90746688843, 2.22207665443, -21.8464012146, 27.8578586578, 20.1990451813, 16.7868881226, 6.86796331406, 28.2048740387]
    },
    "sccoeffs": {
        "mean": [-0.703154981136, -0.798359811306, -0.823578834534, -0.634930491447, -0.846112549305, -0.83021992445]
    },
    "scvalleys": {
        "mean": [-11.169752121, -10.298869133, -10.0838308334, -9.85203742981, -10.4859447479, -10.8071918488]
    }
},
"rhythm": {
    "beats_loudness": {
        "mean": 0.00305576017126
    },
    "bpm": 140.968109131,
    "first_peak_bpm": {
        "mean": 140
    },
    "first_peak_spread": {
        "mean": 0.33333337307
    },
    "first_peak_weight": {
        "mean": 0.444444447756
    },
    "onset_rate": 1.98413300514,
    "second_peak_bpm": {
        "mean": 148
    },
    "second_peak_spread": {
        "mean": 0.33333337307
    },
    "second_peak_weight": {
        "mean": 0.222222223878
    },
    "beats_loudness_band_ratio": {
        "mean": [0.0529662072659, 0.000271705706837, 0.0312828011811, 0.0517178475857, 0.702383458614, 0.161744460464]
    },
    "beats_position": [0.417959183455, 0.847528338432, 1.26548755169, 1.69505667686, 2.12462592125, 2.55419492722, 2.94893407822, 3.36689329147, 3.7732424736, 4.17959165573],
    "bpm_estimates": [139.674835205, 143.554672241, 139.674835205, 139.674804688, 139.674880981, 143.554672241],
    "bpm_intervals": [0.429569154978, 0.417959213257, 0.429569125175, 0.429569244385, 0.429569005966, 0.394739151001, 0.417959213257, 0.406349182129, 0.406349182129],
    "onset_times": [0.0464399084449, 0.359909296036, 0.708208620548, 0.893968224525, 0.986848056316, 1.71827661991, 3.3785033226, 4.1679816246, 4.34213161469]
},
"sfx": {
    "inharmonicity": {
        "mean": 0.0638888329268
    },
    "oddtoevenharmonicenergyratio": {
        "mean": 10200.1621094
    },
    "pitch_after_max_to_before_max_energy_ratio": 0.453879445791,
    "pitch_centroid": 99.7750167847,
    "pitch_max_to_total": 0.908629417419,
    "pitch_min_to_total": 0.0609137043357,
    "tristimulus": {
        "mean": [0.215484544635, 0.64944678545, 0.0781990587711]
    }
},
"tonal": {
    "chords_changes_rate": 0.0202020201832,
    "chords_number_rate": 0.0303030312061,
    "chords_strength": {
        "mean": 0.44260841608
    },
    "key_strength": 0.569275677204,
    "tuning_diatonic_strength": 0.416957169771,
    "tuning_equal_tempered_deviation": 0.201064407825,
    "tuning_frequency": 450.024475098,
    "tuning_nontempered_energy_ratio": 0.774682879448,
    "hpcp": {
        "mean": [0.0328018069267, 0.0343307107687, 0.0396693013608, 0.0383035130799, 0.0479982160032, 0.434193432331, 0.764801263809, 0.374262452126, 0.0350053980947, 0.0528843998909, 0.0955551713705, 0.099775865674, 0.0877363607287, 0.0884744822979, 0.073228277266, 0.0558907538652, 0.0378633327782, 0.0394581630826, 0.045408513397, 0.0369210764766, 0.0279554035515, 0.0874902009964, 0.177316591144, 0.135024160147, 0.0758178383112, 0.106875225902, 0.134595394135, 0.101903252304, 0.0493827387691, 0.043026600033, 0.0489438027143, 0.0499160923064, 0.0523488894105, 0.0461521185935, 0.0384532064199, 0.039998985827]
    },
    "chords_histogram": [80.8080825806, 0, 0, 0, 0, 15.151515007, 0, 0, 0, 0, 0, 0, 0, 0, 0, 0, 0, 4.04040384293, 0, 0, 0, 0, 0, 0],
    "thpcp": [1, 0.489359080791, 0.0457705818117, 0.0691478997469, 0.124941177666, 0.130459859967, 0.11471785605, 0.115682974458, 0.0957481116056, 0.0730787962675, 0.0495074130595, 0.0515927001834, 0.0593729577959, 0.048275385052, 0.0365525074303, 0.114395990968, 0.231846630573, 0.176548033953, 0.0991340354085, 0.139742478728, 0.175987407565, 0.133241474628, 0.0645693764091, 0.0562585368752, 0.0639954507351, 0.0652667507529, 0.068447701633, 0.0603452436626, 0.0502786897123, 0.0522998422384, 0.0428893193603, 0.044888406992, 0.0518687702715, 0.05008296296, 0.0627590715885, 0.567720592022],
    "chords_key": "E",
    "chords_scale": "major",
    "key_key": "E",
    "key_scale": "major",
    "chords_progression": ["A#m", "A#m", "A#m", "A#m", "A#m", "A#m", "A#m", "A#m", "A#m", "A#m", "A#m", "A#m", "A#m", "A#m", "A#m", "E", "E", "E", "E", "E", "E", "E", "E", "E", "E", "E", "E", "E", "E", "E", "E", "E", "E", "E", "E", "E", "E", "E", "E", "E", "E", "E", "E", "E", "E", "E", "E", "E", "E", "E", "E", "E", "E", "E", "E", "E", "E", "E", "E", "E", "E", "E", "E", "E", "E", "E", "E", "E", "E", "E", "E", "E", "E", "E", "E", "E", "E", "E", "E", "E", "E", "E", "E", "E", "E", "E", "E", "E", "E", "E", "E", "E", "E", "E", "E", "Em", "Em", "Em", "Em"]
}
}