{
"metadata": {
    "version": {
        "essentia": "2.1-beta2"
    }
},
"lowLevel": {
    "average_loudness": 0.931206285954,
    "barkbands_kurtosis": {
        "mean": 92.0386199951
    },
    "barkbands_skewness": {
        "mean": 3.94144225121
    },
    "barkbands_spread": {
        "mean": 10.2106895447
    },
    "dissonance": {
        "mean": 0.45214214921
    },
    "hfc": {
        "mean": 21.5232276917
    },
    "pitch": {
        "mean": 1367.80090332
    },
    "pitch_instantaneous_confidence": {
        "mean": 0.847451388836
    },
    "pitch_salience": {
        "mean": 0.128922075033
    },
    "silence_rate_20dB": {
        "mean": 1
    },
    "silence_rate_30dB": {
        "mean": 1
    },
    "silence_rate_60dB": {
        "mean": 0.274111688137
    },
    "spectral_centroid": {
        "mean": 1643.95507812
    },
    "spectral_complexity": {
        "mean": 1.29949235916
    },
    "spectral_crest": {
        "mean": 21.3460273743
    },
    "spectral_decrease": {
        "mean": -3.28852056697e-09
    },
    "spectral_energy": {
        "mean": 0.01436381042
    },
    "spectral_energyband_high": {
        "mean": 2.8580041544e-05
    },
    "spectral_energyband_low": {
        "mean": 8.88622764705e-07
    },
    "spectral_energyband_middle_high": {
        "mean": 0.0143337212503
    },
    "spectral_energyband_middle_low": {
        "mean": 1.52967842837e-07
    },
    "spectral_flatness_db": {
        "mean": 0.482056945562
    },
    "spectral_flux": {
        "mean": 0.00621697120368
    },
    "spectral_kurtosis": {
        "mean": 11.8078069687
    },
    "spectral_rms": {
        "mean": 0.00308255502023
    },
    "spectral_rolloff": {
        "mean": 2109.81591797
    },
    "spectral_skewness": {
        "mean": 3.11571979523
    },
    "spectral_spread": {
        "mean": 11617974
    },
    "spectral_strongpeak": {
        "mean": 5.75055932999
    },
    "zerocrossingrate": {
        "mean": 0.0858581885695
    },
    "barkbands": {
        "mean": [1.19998082937e-06, 1.7969253463e-07, 3.61883678579e-08, 6.5050755893e-08, 4.2011039092e-09, 8.34702973407e-09, 4.20927577238e-08, 2.35201245147e-08, 7.48605000211e-09, 1.71073555322e-08, 3.57991837063e-07, 5.15776896748e-08, 0.00197706464678, 0.0123242111877, 1.7385301021e-07, 4.07605611485e-08, 7.52317603769e-08, 3.16603291139e-05, 5.0850694322e-08, 5.11465572117e-08, 2.58983072854e-05, 1.08610026928e-06, 3.46746105606e-07, 2.63555108404e-07, 5.95610060827e-07, 2.61440106897e-07, 9.50542258238e-08]
    },
    "mfcc": {
        "mean": [-1027.36816406, 6.11491203308, -48.5582809448, -14.8141679764, 9.43733310699, 43.0810165405, 29.0007953644, -19.854473114, -20.7558193207, 6.20895051956, 49.5963134766, 26.9016838074, -27.0197544098]
    },
    "sccoeffs": {
        "mean": [-0.693154871464, -0.856452584267, -0.82867449522, -0.467630833387, -0.741992771626, -0.844400703907]
    },
    "scvalleys": {
        "mean": [-11.3961524963, -11.084602356, -11.0174131393, -10.6568498611, -11.1731262207, -11.8109493256]
    }
},
"rhythm": {
    "beats_loudness": {
        "mean": 0.0172487776726
    },
    "bpm": 130.168807983,
    "first_peak_bpm": {
        "mean": 129
    },
    "first_peak_spread": {
        "mean": 0.571428537369
    },
    "first_peak_weight": {
        "mean": 0.375
    },
    "onset_rate": 1.32275533676,
    "second_peak_bpm": {
        "mean": 136
    },
    "second_peak_spread": {
        "mean": 0
    },
    "second_peak_weight": {
        "mean": 0.125
    },
    "beats_loudness_band_ratio": {
        "mean": [0.11032178998, 8.36508334032e-05, 0.000230810212088, 0.882673025131, 0.00366516201757, 0.00304390396923]
    },
    "beats_position": [0.452789098024, 0.905578196049, 1.35836732388, 1.82276642323, 2.28716540337, 2.76317453384, 3.22757363319, 3.66875267029, 4.12154197693],
    "bpm_estimates": [132.512023926, 132.512008667, 129.19921875, 129.199249268, 126.04800415, 129.19921875, 132.511962891],
    "bpm_intervals": [0.452789098024, 0.452789127827, 0.46439909935, 0.464398980141, 0.476009130478, 0.46439909935, 0.441179037094, 0.452789306641],
    "onset_times": [0.0348299331963, 0.441179126501, 0.545668959618, 0.766258478165, 2.79800462723, 4.33052158356]
},
"sfx": {
    "inharmonicity": {
        "mean": 0.0391983687878
    },
    "oddtoevenharmonicenergyratio": {
        "mean": 110143.195312
    },
    "pitch_after_max_to_before_max_energy_ratio": 0.0363050512969,
    "pitch_centroid": 99.5680923462,
    "pitch_max_to_total": 0.959390878677,
    "pitch_min_to_total": 0.101522840559,
    "tristimulus": {
        "mean": [0.283809036016, 0.46886458993, 0.02866368182]
    }
},
"tonal": {
    "chords_changes_rate": 0.121212124825,
    "chords_number_rate": 0.0505050495267,
    "chords_strength": {
        "mean": 0.304875761271
    },
    "key_strength": 0.55539804697,
    "tuning_diatonic_strength": 0.339322865009,
    "tuning_equal_tempered_deviation": 0.167585894465,
    "tuning_frequency": 442.548919678,
    "tuning_nontempered_energy_ratio": 0.757375359535,
    "hpcp": {
        "mean": [0.0262291263789, 0.0239842776209, 0.0263991747051, 0.0349767021835, 0.0554116293788, 0.0575811974704, 0.0443885028362, 0.0407744944096, 0.0351356677711, 0.0225563477725, 0.0146073605865, 0.0159350316972, 0.0221880450845, 0.0232008434832, 0.0241467133164, 0.0334929302335, 0.0471904352307, 0.0446316301823, 0.032524485141, 0.0293845627457, 0.0228371862322, 0.0176247656345, 0.0804828554392, 0.139563247561, 0.0781407132745, 0.0250160582364, 0.430655151606, 0.848845720291, 0.456126749516, 0.0360299684107, 0.0326129496098, 0.0483467355371, 0.0621341615915, 0.0626414716244, 0.0550719089806, 0.041696768254]
    },
    "chords_histogram": [8.08080768585, 0, 0, 0, 0, 0, 0, 2.02020192146, 42.424243927, 35.3535346985, 0, 0, 0, 0, 0, 0, 0, 0, 0, 0, 0, 0, 12.1212120056, 0],
    "thpcp": [1, 0.537349402905, 0.0424458384514, 0.0384203493595, 0.0569558553398, 0.073198415339, 0.0737960636616, 0.0648785829544, 0.0491217263043, 0.0308997575194, 0.0282551664859, 0.0311000850052, 0.0412050150335, 0.0652787983418, 0.0678347051144, 0.052292779088, 0.048035223037, 0.0413922891021, 0.0265729650855, 0.0172084979713, 0.0187725890428, 0.0261390786618, 0.0273322258145, 0.028446527198, 0.0394570305943, 0.0555936545134, 0.0525792017579, 0.0383161343634, 0.0346170812845, 0.0269038118422, 0.0207632146776, 0.0948144644499, 0.164415329695, 0.0920552611351, 0.0294706765562, 0.507342100143],
    "chords_key": "D#",
    "chords_scale": "minor",
    "key_key": "B",
    "key_scale": "minor",
    "chords_progression": ["Em", "Em", "Em", "Em", "Em", "Em", "Em", "Em", "Em", "Em", "Em", "Em", "D#m", "D#m", "D#m", "D#m", "D#m", "B", "B", "D#m", "D#m", "D#m", "D#m", "D#m", "D#m", "F#", "F#", "F#", "F#", "F#", "F#", "D#m", "D#m", "D#m", "D#m", "D#m", "D#m", "D#m", "D#m", "D#m", "D#m", "D#m", "D#m", "F#", "D#m", "F#", "F#", "F#", "F#", "F#", "F#", "F#", "F#", "F#", "F#", "F#", "F#", "F#", "F#", "F#", "F#", "F#", "F#", "F#", "F#", "F#", "F#", "F#", "F#", "F#", "F#", "F#", "F#", "D#m", "D#m", "D#m", "D#m", "Bm", "Bm", "Bm", "Bm", "Bm", "Bm", "D#m", "D#m", "D#m", "D#m", "D#m", "D#m", "D#m", "D#m", "D#m", "D#m", "D#m", "D#m", "D#m", "D#m", "Bm", "Bm"]
}
}