{
"metadata": {
    "version": {
        "essentia": "2.1-beta2"
    }
},
"lowLevel": {
    "dissonance": {
        "mean": 0.0727323591709
    },
    "hfc": {
        "mean": 10.7514762878
    },
    "spectral_centroid": {
        "mean": 0.0326854102314
    },
    "mfcc": {
        "mean": [-858.481445312, 243.631484985, 13.5616636276, -68.3810348511, -61.613735199, -35.9190635681, -33.2391700745, -35.8559837341, -6.31455087662, 1.81466138363, -5.40118217468, 6.10622310638, 5.08451604843, -0.255664378405, -7.7484331131, -16.6721820831, 1.08079826832, 5.63627529144, -9.27097225189, 2.16163420677, 9.94425010681, -0.0199352484196, -1.46257638931, -3.07923197746, -5.61294841766, -3.83683037758, -0.64179879427, 2.89156460762, -0.37644842267, -2.31166481972, -4.2861700058, -13.2360715866, -8.68143844604, 1.67755818367, -0.916804969311, -0.174566999078, 5.81454467773, 6.47257041931, 2.11496329308, -2.79614257812]
    },
    "spectral_contrast": {
        "mean": [-0.388548761606, -0.570076584816, -0.72948127985, -0.853877425194, -0.856070637703, -0.816456079483]
    }
},
"sfx": {
    "inharmonicity": {
        "mean": 0.164328813553
    },
    "logattacktime": {
        "mean": -5
    }
}
}