{
"metadata": {
    "version": {
        "essentia": "2.1-beta2"
    }
},
"lowLevel": {
    "average_loudness": 0.99068403244,
    "barkbands_kurtosis": {
        "mean": 3.6939163208
    },
    "barkbands_skewness": {
        "mean": 1.32910037041
    },
    "barkbands_spread": {
        "mean": 6.84700775146
    },
    "dissonance": {
        "mean": 0.271209686995
    },
    "hfc": {
        "mean": 5.89139461517
    },
    "pitch": {
        "mean": 547.347290039
    },
    "pitch_instantaneous_confidence": {
        "mean": 0.952886581421
    },
    "pitch_salience": {
        "mean": 0.443900257349
    },
    "silence_rate_20dB": {
        "mean": 1
    },
    "silence_rate_30dB": {
        "mean": 1
    },
    "silence_rate_60dB": {
        "mean": 0.83098590374
    },
    "spectral_centroid": {
        "mean": 1071.44592285
    },
    "spectral_complexity": {
        "mean": 2.38028168678
    },
    "spectral_crest": {
        "mean": 19.5016498566
    },
    "spectral_decrease": {
        "mean": -1.28963562052e-09
    },
    "spectral_energy": {
        "mean": 0.00540174311027
    },
    "spectral_energyband_high": {
        "mean": 0.000230750825722
    },
    "spectral_energyband_low": {
        "mean": 8.24019116408e-06
    },
    "spectral_energyband_middle_high": {
        "mean": 0.00123376166448
    },
    "spectral_energyband_middle_low": {
        "mean": 0.00393637409434
    },
    "spectral_flatness_db": {
        "mean": 0.581057906151
    },
    "spectral_flux": {
        "mean": 0.0130953639746
    },
    "spectral_kurtosis": {
        "mean": 43.5719871521
    },
    "spectral_rms": {
        "mean": 0.00122490210924
    },
    "spectral_rolloff": {
        "mean": 1560.39941406
    },
    "spectral_skewness": {
        "mean": 5.2731180191
    },
    "spectral_spread": {
        "mean": 5462782
    },
    "spectral_strongpeak": {
        "mean": 0.665900409222
    },
    "zerocrossingrate": {
        "mean": 0.0603543147445
    },
    "barkbands": {
        "mean": [2.95089080282e-07, 3.20710427104e-07, 9.81908328868e-07, 5.56573650101e-05, 0.00061260961229, 0.000139612428029, 1.02575158962e-05, 0.00311161438003, 6.51456002743e-06, 2.30503133025e-06, 6.24671383775e-06, 0.000370523805032, 5.63664002584e-07, 0.000111808250949, 1.64093330568e-06, 0.000413476343965, 1.21546861465e-06, 0.000176283123437, 2.01769162231e-05, 0.000131938155391, 0.000147738552187, 1.78130740096e-05, 1.09013462861e-05, 3.7168389099e-05, 1.14209587991e-05, 2.29000420404e-06, 3.78100679654e-07]
    },
    "mfcc": {
        "mean": [-1007.31152344, 43.3823432922, -46.881275177, -27.7906646729, -20.8714542389, -14.4865169525, -5.72232055664, -5.59179067612, 2.24758791924, 1.02788960934, 7.57732200623, 31.3543510437, 27.9940776825]
    },
    "sccoeffs": {
        "mean": [-0.730557322502, -0.379863470793, -0.464179188013, -0.629931747913, -0.597124397755, -0.862615048885]
    },
    "scvalleys": {
        "mean": [-13.2603273392, -12.7494316101, -12.8343715668, -13.5057163239, -13.9622945786, -14.3950147629]
    }
},
"rhythm": {
    "beats_loudness": {
        "mean": 0.000609570415691
    },
    "bpm": 112.347137451,
    "first_peak_bpm": {
        "mean": 112
    },
    "first_peak_spread": {
        "mean": 0
    },
    "first_peak_weight": {
        "mean": 1
    },
    "onset_rate": 0.621897578239,
    "second_peak_bpm": {
        "mean": 0
    },
    "second_peak_spread": {
        "mean": 0
    },
    "second_peak_weight": {
        "mean": 0
    },
    "beats_loudness_band_ratio": {
        "mean": [2.61041113845e-05, 4.75006970646e-07, 0.845707654953, 0.132290065289, 0.0217669103295, 0.000214504805626]
    },
    "beats_position": [0.522448956966, 1.05650794506],
    "bpm_estimates": [112.347137451],
    "bpm_intervals": [0.534058988094],
    "onset_times": [0.0232199542224]
},
"sfx": {
    "inharmonicity": {
        "mean": 0.0251783654094
    },
    "oddtoevenharmonicenergyratio": {
        "mean": 2.05943107605
    },
    "pitch_after_max_to_before_max_energy_ratio": 0.015195264481,
    "pitch_centroid": 35.7156486511,
    "pitch_max_to_total": 0.985915482044,
    "pitch_min_to_total": 0.0281690135598,
    "tristimulus": {
        "mean": [0.358579993248, 0.625702023506, 0.0150599190965]
    }
},
"tonal": {
    "chords_changes_rate": 0.0277777779847,
    "chords_number_rate": 0.0555555559695,
    "chords_strength": {
        "mean": 0.24219481647
    },
    "key_strength": 0.581691861153,
    "tuning_diatonic_strength": 0.369229316711,
    "tuning_equal_tempered_deviation": 0.0574949681759,
    "tuning_frequency": 443.060424805,
    "tuning_nontempered_energy_ratio": 0.671117901802,
    "hpcp": {
        "mean": [0.000213203966268, 0.000161067902809, 0.000153536879225, 0.000221481808694, 0.0021602595225, 0.00436339527369, 0.00267558638006, 0.00216709752567, 0.0126881096512, 0.0284432768822, 0.0220872685313, 0.464012295008, 0.952803492546, 0.494878441095, 0.00160647334997, 5.98144506512e-05, 2.36268169829e-05, 5.72756143811e-05, 0.000422159791924, 0.00102904578671, 0.000776650151238, 0.000137289622216, 0.00119968201034, 0.00735945254564, 0.00774665363133, 0.00161072495393, 0.000129778694827, 0.000259745022049, 0.000225707059144, 0.000334453623509, 0.00465549016371, 0.00661720708013, 0.0100180320442, 0.031781591475, 0.0290256775916, 0.00511784153059]
    },
    "chords_histogram": [0, 0, 61.1111106873, 0, 0, 0, 0, 0, 0, 38.8888893127, 0, 0, 0, 0, 0, 0, 0, 0, 0, 0, 0, 0, 0, 0],
    "thpcp": [1, 0.519391953945, 0.00168604892679, 6.27773188171e-05, 2.47971565841e-05, 6.01127248956e-05, 0.000443071214249, 0.00108001893386, 0.000815120991319, 0.00014409016876, 0.00125910749193, 0.00772399827838, 0.00813037902117, 0.00169051112607, 0.000136207192554, 0.000272611330729, 0.000236887310166, 0.000351020571543, 0.00488609680906, 0.00694498606026, 0.0105142686516, 0.0333558730781, 0.0304634459317, 0.00537135032937, 0.000223764887778, 0.000169046295923, 0.000161142233992, 0.000232452774071, 0.00226726662368, 0.00457953335717, 0.00280811986886, 0.00227444339544, 0.0133166071028, 0.0298521965742, 0.0231813471764, 0.486996859312],
    "chords_key": "C#",
    "chords_scale": "minor",
    "key_key": "F#",
    "key_scale": "minor",
    "chords_progression": ["C#", "C#", "C#", "C#", "C#", "C#", "C#", "C#", "C#", "C#", "C#", "C#", "C#", "C#", "C#m", "C#m", "C#m", "C#m", "C#m", "C#m", "C#m", "C#m", "C#m", "C#m", "C#m", "C#m", "C#m", "C#m", "C#m", "C#m", "C#m", "C#m", "C#m", "C#m", "C#m", "C#m"]
}
}