{"lowlevel.dissonance.mean": [0.1228325366973877], "sfx.inharmonicity.mean": [0.24626725912094116], "lowlevel.spectral_contrast.mean": [[0.599297285079956, 0.8786547183990479, 0.9133470058441162, 0.8340548276901245, 0.5818607807159424, 0.41402649879455566]], "lowlevel.spectral_centroid.mean": [0.359889417886734], "lowlevel.mfcc.mean": [[0.3526054620742798, 0.5501288771629333, 0.42607277631759644, 0.3948970437049866, 0.48107728362083435, 0.3949684798717499, 0.29910796880722046, 0.23657196760177612, 0.3815329074859619, 0.6282081604003906, 0.4125797152519226, 0.34216049313545227, 0.4753754138946533]], "sfx.logattacktime.mean": [0.5404114723205566], "lowlevel.hfc.mean": [0.4657648801803589]}