{"lowlevel.dissonance.mean": [0.5120760202407837], "sfx.inharmonicity.mean": [0.6152749061584473], "lowlevel.spectral_contrast.mean": [[0.4764817953109741, 0.9894993305206299, 0.8598259687423706, 1.020180106163025, 0.7524564266204834, 0.5695188045501709]], "lowlevel.spectral_centroid.mean": [0.4747768044471741], "lowlevel.mfcc.mean": [[0.4343886375427246, 0.3497081995010376, -0.18907824158668518, 0.13355353474617004, 0.2192646563053131, 0.25993117690086365, 0.25789114832878113, 0.25857192277908325, 0.20505014061927795, 0.15466657280921936, 0.34546345472335815, 0.37744835019111633, 0.4648706912994385]], "sfx.logattacktime.mean": [0.46657106280326843], "lowlevel.hfc.mean": [0.46971988677978516]}