{"lowlevel.dissonance.mean": [0.7115292549133301], "sfx.inharmonicity.mean": [0.6362496018409729], "lowlevel.spectral_contrast.mean": [[0.30979371070861816, 0.39809393882751465, 0.34287142753601074, 0.65059494972229, 0.6666016578674316, 0.8014018535614014]], "lowlevel.spectral_centroid.mean": [0.7168763875961304], "lowlevel.mfcc.mean": [[0.4524444341659546, -0.006555661559104919, 0.07751616835594177, 0.4765070676803589, 0.3424479365348816, 0.6646286249160767, 0.5184776186943054, 0.7884812355041504, 0.689195990562439, 0.8069967031478882, 0.914791464805603, 0.5334295630455017, 0.34429681301116943]], "sfx.logattacktime.mean": [0.2294040024280548], "lowlevel.hfc.mean": [0.46633151173591614]}