{
"metadata": {
    "version": {
        "essentia": "2.1-beta2"
    }
},
"lowLevel": {
    "average_loudness": 0.973293125629,
    "barkbands_kurtosis": {
        "mean": 15.3473033905
    },
    "barkbands_skewness": {
        "mean": 1.58084046841
    },
    "barkbands_spread": {
        "mean": 4.22111988068
    },
    "dissonance": {
        "mean": 0.386888355017
    },
    "hfc": {
        "mean": 4.12770557404
    },
    "pitch": {
        "mean": 176.791717529
    },
    "pitch_instantaneous_confidence": {
        "mean": 0.540681838989
    },
    "pitch_salience": {
        "mean": 0.680785238743
    },
    "silence_rate_20dB": {
        "mean": 1
    },
    "silence_rate_30dB": {
        "mean": 1
    },
    "silence_rate_60dB": {
        "mean": 0.376146793365
    },
    "spectral_centroid": {
        "mean": 521.937561035
    },
    "spectral_complexity": {
        "mean": 6.43119287491
    },
    "spectral_crest": {
        "mean": 11.2714548111
    },
    "spectral_decrease": {
        "mean": -2.04431938045e-09
    },
    "spectral_energy": {
        "mean": 0.00809011422098
    },
    "spectral_energyband_high": {
        "mean": 2.65494115581e-08
    },
    "spectral_energyband_low": {
        "mean": 5.77004357183e-05
    },
    "spectral_energyband_middle_high": {
        "mean": 0.000342546671163
    },
    "spectral_energyband_middle_low": {
        "mean": 0.00769586442038
    },
    "spectral_flatness_db": {
        "mean": 0.332161605358
    },
    "spectral_flux": {
        "mean": 0.00391804939136
    },
    "spectral_kurtosis": {
        "mean": 115.682922363
    },
    "spectral_rms": {
        "mean": 0.00226388452575
    },
    "spectral_rolloff": {
        "mean": 646.588745117
    },
    "spectral_skewness": {
        "mean": 8.33823871613
    },
    "spectral_spread": {
        "mean": 10606741
    },
    "spectral_strongpeak": {
        "mean": 0.915717422962
    },
    "zerocrossingrate": {
        "mean": 0.032338552177
    },
    "barkbands": {
        "mean": [5.01380952755e-07, 3.49873480445e-05, 1.94297263079e-05, 5.12427832291e-05, 0.000160146781127, 0.00107263040263, 0.00306156999432, 0.00282098911703, 0.000519243709277, 0.000184333446668, 0.000120659293316, 2.76916343864e-05, 8.10482561064e-06, 6.57596183373e-06, 1.15367276976e-06, 6.04827278039e-07, 1.42593663099e-07, 5.08999100646e-08, 4.09914200361e-08, 9.973709858e-09, 5.73271563553e-09, 2.71549871478e-09, 3.23039417438e-09, 3.39093997326e-09, 3.36747296714e-09, 2.63545207879e-09, 1.83708648294e-09]
    },
    "mfcc": {
        "mean": [-942.985534668, 187.456832886, 34.0967102051, -30.1740722656, -19.0668869019, -10.5080375671, -12.1573505402, -6.16848611832, 1.81263494492, 5.15993118286, 5.09802675247, 4.5458111763, 5.8664765358]
    },
    "sccoeffs": {
        "mean": [-0.690743982792, -0.668412983418, -0.750274717808, -0.786860883236, -0.849043905735, -0.904682993889]
    },
    "scvalleys": {
        "mean": [-8.32164859772, -7.50881528854, -8.63965606689, -10.1913299561, -12.1395483017, -13.1527996063]
    }
},
"rhythm": {
    "beats_loudness": {
        "mean": 0.0104118371382
    },
    "bpm": 184.570358276,
    "first_peak_bpm": {
        "mean": 185
    },
    "first_peak_spread": {
        "mean": 0
    },
    "first_peak_weight": {
        "mean": 0.5
    },
    "onset_rate": 0.797526061535,
    "second_peak_bpm": {
        "mean": 178
    },
    "second_peak_spread": {
        "mean": 0
    },
    "second_peak_weight": {
        "mean": 0.166666671634
    },
    "beats_loudness_band_ratio": {
        "mean": [0.153135329485, 0.137792125344, 0.67882090807, 0.0386927239597, 0.00100524793379, 0.000689938256983]
    },
    "beats_position": [0.301859408617, 0.615328788757, 0.952018141747, 1.25387752056, 1.57895684242, 1.90403628349, 2.22911548615],
    "bpm_estimates": [184.570343018, 184.570266724, 184.570404053],
    "bpm_intervals": [0.31346938014, 0.336689352989, 0.301859378815, 0.325079321861, 0.325079441071, 0.325079202652],
    "onset_times": [0.0464399084449, 0.267029464245]
},
"sfx": {
    "inharmonicity": {
        "mean": 0.0337433032691
    },
    "oddtoevenharmonicenergyratio": {
        "mean": 1.35873901844
    },
    "pitch_after_max_to_before_max_energy_ratio": 1.60477721691,
    "pitch_centroid": 69.6865844727,
    "pitch_max_to_total": 0.880733966827,
    "pitch_min_to_total": 0.0550458729267,
    "tristimulus": {
        "mean": [0.313505530357, 0.663714230061, 0.020809404552]
    }
},
"tonal": {
    "chords_changes_rate": 0,
    "chords_number_rate": 0.0181818176061,
    "chords_strength": {
        "mean": 0.687738537788
    },
    "key_strength": 0.641378760338,
    "tuning_diatonic_strength": 0.506648778915,
    "tuning_equal_tempered_deviation": 0.116291195154,
    "tuning_frequency": 436.708374023,
    "tuning_nontempered_energy_ratio": 0.755329191685,
    "hpcp": {
        "mean": [0.0243416745216, 0.0144287962466, 0.365136682987, 0.690994858742, 0.342057555914, 0.0126829193905, 0.0136969033629, 0.0372224710882, 0.0404498316348, 0.0201782435179, 0.0288759842515, 0.177417606115, 0.596667468548, 0.512213051319, 0.0750766471028, 0.0123782958835, 0.0177687108517, 0.0174700710922, 0.0114565463737, 0.0271282568574, 0.0811673700809, 0.0665221363306, 0.0288908910006, 0.172719299793, 0.230623632669, 0.115226179361, 0.135731101036, 0.333631455898, 0.272189795971, 0.0434496887028, 0.023711387068, 0.0377802811563, 0.0385611243546, 0.0485736988485, 0.0407432131469, 0.0271291546524]
    },
    "chords_histogram": [100, 0, 0, 0, 0, 0, 0, 0, 0, 0, 0, 0, 0, 0, 0, 0, 0, 0, 0, 0, 0, 0, 0, 0],
    "thpcp": [1, 0.495021849871, 0.0183545779437, 0.0198220051825, 0.0538679435849, 0.0585385411978, 0.0292017273605, 0.0417889989913, 0.256756752729, 0.863490462303, 0.741268992424, 0.10865008086, 0.0179137308151, 0.0257146786898, 0.0252824909985, 0.0165797844529, 0.0392597094178, 0.117464505136, 0.0962700918317, 0.0418105721474, 0.249957427382, 0.333755940199, 0.166754037142, 0.196428522468, 0.482827693224, 0.39391002059, 0.0628799051046, 0.0343148522079, 0.0546751990914, 0.0558052249253, 0.0702953115106, 0.0589631199837, 0.0392610095441, 0.0352269969881, 0.0208811927587, 0.528421700001],
    "chords_key": "F#",
    "chords_scale": "major",
    "key_key": "F#",
    "key_scale": "major",
    "chords_progression": ["F#", "F#", "F#", "F#", "F#", "F#", "F#", "F#", "F#", "F#", "F#", "F#", "F#", "F#", "F#", "F#", "F#", "F#", "F#", "F#", "F#", "F#", "F#", "F#", "F#", "F#", "F#", "F#", "F#", "F#", "F#", "F#", "F#", "F#", "F#", "F#", "F#", "F#", "F#", "F#", "F#", "F#", "F#", "F#", "F#", "F#", "F#", "F#", "F#", "F#", "F#", "F#", "F#", "F#", "F#"]
}
}