{"lowlevel.dissonance.mean": [0.5338016748428345], "sfx.inharmonicity.mean": [0.2621693015098572], "lowlevel.spectral_contrast.mean": [[0.37602198123931885, 0.2901942729949951, 1.0524574518203735, 0.9061123132705688, 1.0000889301300049, 0.7699592113494873]], "lowlevel.spectral_centroid.mean": [0.4950215816497803], "lowlevel.mfcc.mean": [[0.4133892059326172, 0.08415227383375168, 0.315665602684021, 0.4451681673526764, 0.4513922333717346, 0.4952995181083679, 0.7542552947998047, 0.9521902799606323, 0.6465002298355103, 0.339652419090271, 0.0727795958518982, -0.15074217319488525, 1.3289272785186768]], "sfx.logattacktime.mean": [0.6185015439987183], "lowlevel.hfc.mean": [0.47279244661331177]}