{
"metadata": {
    "version": {
        "essentia": "2.1-beta2"
    }
},
"lowLevel": {
    "average_loudness": 0.99068403244,
    "barkbands_kurtosis": {
        "mean": 5.1761636734
    },
    "barkbands_skewness": {
        "mean": -1.57560312748
    },
    "barkbands_spread": {
        "mean": 18.5380382538
    },
    "dissonance": {
        "mean": 0.493415623903
    },
    "hfc": {
        "mean": 257.030883789
    },
    "pitch": {
        "mean": 2053.81298828
    },
    "pitch_instantaneous_confidence": {
        "mean": 0.350417912006
    },
    "pitch_salience": {
        "mean": 0.695460021496
    },
    "silence_rate_20dB": {
        "mean": 1
    },
    "silence_rate_30dB": {
        "mean": 0.805555582047
    },
    "silence_rate_60dB": {
        "mean": 0.222222223878
    },
    "spectral_centroid": {
        "mean": 4727.42138672
    },
    "spectral_complexity": {
        "mean": 28.75
    },
    "spectral_crest": {
        "mean": 7.24514007568
    },
    "spectral_decrease": {
        "mean": -6.87722856441e-09
    },
    "spectral_energy": {
        "mean": 0.049269720912
    },
    "spectral_energyband_high": {
        "mean": 0.0299590006471
    },
    "spectral_energyband_low": {
        "mean": 5.88851908105e-05
    },
    "spectral_energyband_middle_high": {
        "mean": 0.018274275586
    },
    "spectral_energyband_middle_low": {
        "mean": 0.000912760617211
    },
    "spectral_flatness_db": {
        "mean": 0.18054074049
    },
    "spectral_flux": {
        "mean": 0.117283597589
    },
    "spectral_kurtosis": {
        "mean": 0.629711866379
    },
    "spectral_rms": {
        "mean": 0.0055306237191
    },
    "spectral_rolloff": {
        "mean": 7114.33056641
    },
    "spectral_skewness": {
        "mean": 0.665450572968
    },
    "spectral_spread": {
        "mean": 9478210
    },
    "spectral_strongpeak": {
        "mean": 4.07570028305
    },
    "zerocrossingrate": {
        "mean": 0.226047098637
    },
    "barkbands": {
        "mean": [0.000147660102812, 1.09325319499e-05, 4.3289779228e-07, 4.96841130371e-06, 0.000124665122712, 0.00012144408538, 6.97014329489e-05, 0.000113832895295, 0.000464223645395, 4.1402548959e-05, 2.67670911853e-05, 0.000169691178598, 0.000270514457952, 0.000537158863153, 0.000641890685074, 0.00200858991593, 0.00155960349366, 0.00465623894706, 0.00742325838655, 0.00187941989861, 0.00460833171383, 0.00703400466591, 0.010352130048, 0.00501604937017, 0.00161140365526, 0.00035498404759, 2.0426527044e-05]
    },
    "mfcc": {
        "mean": [-667.114013672, -62.0986480713, -48.3238449097, 19.5825881958, -1.60180497169, 5.59944725037, -12.9022493362, 8.7439622879, -11.7550678253, 5.15754079819, 10.7691707611, 9.44070911407, 4.33797597885]
    },
    "sccoeffs": {
        "mean": [-0.627829015255, -0.814637839794, -0.816882908344, -0.751946151257, -0.747228264809, -0.73166680336]
    },
    "scvalleys": {
        "mean": [-9.11552619934, -8.41098690033, -8.16443157196, -7.30686950684, -6.80079174042, -7.4963684082]
    }
},
"rhythm": {
    "bpm": 0,
    "first_peak_bpm": {
        "mean": 0
    },
    "first_peak_spread": {
        "mean": 0
    },
    "first_peak_weight": {
        "mean": 0
    },
    "onset_rate": 1.23487901688,
    "second_peak_bpm": {
        "mean": 0
    },
    "second_peak_spread": {
        "mean": 0
    },
    "second_peak_weight": {
        "mean": 0
    },
    "beats_position": [],
    "bpm_estimates": [],
    "bpm_intervals": [],
    "onset_times": [0.0348299331963]
},
"sfx": {
    "inharmonicity": {
        "mean": 0.066945374012
    },
    "oddtoevenharmonicenergyratio": {
        "mean": 10.6746912003
    },
    "pitch_after_max_to_before_max_energy_ratio": 0.232551515102,
    "pitch_centroid": 17.9338226318,
    "pitch_max_to_total": 0.777777791023,
    "pitch_min_to_total": 0.638888895512,
    "tristimulus": {
        "mean": [0.119135938585, 0.48957708478, 0.133915409446]
    }
},
"tonal": {
    "chords_changes_rate": 0,
    "chords_number_rate": 0.0526315793395,
    "chords_strength": {
        "mean": 0.342805862427
    },
    "key_strength": 0.601656496525,
    "tuning_diatonic_strength": 0.393287420273,
    "tuning_equal_tempered_deviation": 0.2197265625,
    "tuning_frequency": 441.017791748,
    "tuning_nontempered_energy_ratio": 0.871435284615,
    "hpcp": {
        "mean": [0.80490988493, 0.511735320091, 0.230911210179, 0.18085719645, 0.176379606128, 0.154795214534, 0.162450730801, 0.205619484186, 0.240094229579, 0.220449879766, 0.226974844933, 0.284350246191, 0.31832459569, 0.316941171885, 0.348684042692, 0.45407345891, 0.455109298229, 0.342738240957, 0.227136433125, 0.166461974382, 0.175782293081, 0.227902337909, 0.427312850952, 0.481799185276, 0.418906927109, 0.404651343822, 0.349231272936, 0.33841073513, 0.268702745438, 0.203681513667, 0.248241603374, 0.381747752428, 0.509827613831, 0.515211224556, 0.455443322659, 0.652997434139]
    },
    "chords_histogram": [0, 0, 0, 0, 0, 0, 0, 0, 0, 0, 0, 100, 0, 0, 0, 0, 0, 0, 0, 0, 0, 0, 0, 0],
    "thpcp": [1, 0.635767221451, 0.286878347397, 0.224692478776, 0.219129636884, 0.192313715816, 0.201824739575, 0.255456537008, 0.298287093639, 0.273881435394, 0.281987905502, 0.353269666433, 0.395478546619, 0.393759816885, 0.433196365833, 0.564129531384, 0.565416455269, 0.425809442997, 0.282188653946, 0.206808209419, 0.218387544155, 0.283140182495, 0.530882835388, 0.598575294018, 0.520439565182, 0.502728760242, 0.433876246214, 0.420433074236, 0.33382961154, 0.253048837185, 0.308409184217, 0.474273890257, 0.633397161961, 0.640085577965, 0.565831422806, 0.811267733574],
    "chords_key": "E",
    "chords_scale": "major",
    "key_key": "D",
    "key_scale": "minor",
    "chords_progression": ["E", "E", "E", "E", "E", "E", "E", "E", "E", "E", "E", "E", "E", "E", "E", "E", "E", "E", "E"]
}
}