{
"metadata": {
    "version": {
        "essentia": "2.1-beta2"
    }
},
"lowLevel": {
    "average_loudness": 0.950488328934,
    "barkbands_kurtosis": {
        "mean": 12.5812244415
    },
    "barkbands_skewness": {
        "mean": 2.45901560783
    },
    "barkbands_spread": {
        "mean": 12.2475261688
    },
    "dissonance": {
        "mean": 0.343960106373
    },
    "hfc": {
        "mean": 2.97751092911
    },
    "pitch": {
        "mean": 327.2421875
    },
    "pitch_instantaneous_confidence": {
        "mean": 0.699864327908
    },
    "pitch_salience": {
        "mean": 0.390252768993
    },
    "silence_rate_20dB": {
        "mean": 1
    },
    "silence_rate_30dB": {
        "mean": 1
    },
    "silence_rate_60dB": {
        "mean": 0.324200898409
    },
    "spectral_centroid": {
        "mean": 469.919616699
    },
    "spectral_complexity": {
        "mean": 5.47488594055
    },
    "spectral_crest": {
        "mean": 15.4557094574
    },
    "spectral_decrease": {
        "mean": -2.87727996984e-09
    },
    "spectral_energy": {
        "mean": 0.0111295711249
    },
    "spectral_energyband_high": {
        "mean": 8.61205990077e-07
    },
    "spectral_energyband_low": {
        "mean": 0.00696961535141
    },
    "spectral_energyband_middle_high": {
        "mean": 0.000712400302291
    },
    "spectral_energyband_middle_low": {
        "mean": 0.00860907416791
    },
    "spectral_flatness_db": {
        "mean": 0.278526574373
    },
    "spectral_flux": {
        "mean": 0.00473615713418
    },
    "spectral_kurtosis": {
        "mean": 35.8612060547
    },
    "spectral_rms": {
        "mean": 0.00273069599643
    },
    "spectral_rolloff": {
        "mean": 805.28302002
    },
    "spectral_skewness": {
        "mean": 4.46458864212
    },
    "spectral_spread": {
        "mean": 5897278
    },
    "spectral_strongpeak": {
        "mean": 0.339196622372
    },
    "zerocrossingrate": {
        "mean": 0.0285521894693
    },
    "barkbands": {
        "mean": [1.19877120142e-06, 1.45458713519e-07, 0.00180606986396, 0.00652959477156, 0.000268695701379, 0.000791014696006, 0.000592118303757, 6.65167099214e-05, 0.000330289331032, 4.46081648988e-05, 0.000500349968206, 8.34373931866e-05, 4.29916981375e-05, 3.76131210942e-05, 6.90915294399e-06, 1.05078311208e-06, 7.66340781411e-06, 1.15727843877e-05, 6.22494235358e-06, 1.00395288882e-06, 2.75460166677e-07, 1.93627414546e-07, 4.37055689417e-08, 5.25657206651e-09, 2.90701129835e-09, 5.78887737746e-09, 1.13723686024e-09]
    },
    "mfcc": {
        "mean": [-890.825866699, 165.488876343, -12.7002096176, 7.54656505585, -4.22256803513, -9.38269138336, 8.75309371948, -0.897546350956, -19.0827255249, -18.8401432037, -1.26066815853, -6.74658823013, -11.444270134]
    },
    "sccoeffs": {
        "mean": [-0.392490535975, -0.568898916245, -0.654236555099, -0.737956941128, -0.794380486012, -0.803110897541]
    },
    "scvalleys": {
        "mean": [-9.70036411285, -9.30801200867, -9.02766513824, -9.65729427338, -10.2798719406, -12.8301906586]
    }
},
"rhythm": {
    "beats_loudness": {
        "mean": 0.0133279133588
    },
    "bpm": 118.151885986,
    "first_peak_bpm": {
        "mean": 117
    },
    "first_peak_spread": {
        "mean": 0.5
    },
    "first_peak_weight": {
        "mean": 0.5
    },
    "onset_rate": 0.793654382229,
    "second_peak_bpm": {
        "mean": 0
    },
    "second_peak_spread": {
        "mean": 0
    },
    "second_peak_weight": {
        "mean": 0
    },
    "beats_loudness_band_ratio": {
        "mean": [0.785966157913, 0.0716829225421, 0.0770737230778, 0.0521269142628, 0.0103796944022, 0.0030542104505]
    },
    "beats_position": [0.487619042397, 0.99845802784, 1.52090704441, 2.03174591064, 2.53097510338, 3.03020405769, 3.54104304314, 4.04027223587, 4.55111122131],
    "bpm_estimates": [117.453842163, 114.843742371, 117.453865051, 120.185279846, 120.185333252, 117.453842163, 120.185279846, 117.453842163],
    "bpm_intervals": [0.510838985443, 0.522449016571, 0.510838866234, 0.499229192734, 0.499228954315, 0.510838985443, 0.499229192734, 0.510838985443],
    "onset_times": [0.0348299331963, 0.661768734455, 0.743038535118, 1.10294783115]
},
"sfx": {
    "inharmonicity": {
        "mean": 0.0160254705697
    },
    "oddtoevenharmonicenergyratio": {
        "mean": 0.53203356266
    },
    "pitch_after_max_to_before_max_energy_ratio": 0.197252959013,
    "pitch_centroid": 77.2323684692,
    "pitch_max_to_total": 0.995433807373,
    "pitch_min_to_total": 0.990867555141,
    "tristimulus": {
        "mean": [0.569646179676, 0.359356641769, 0.0477708876133]
    }
},
"tonal": {
    "chords_changes_rate": 0.0181818176061,
    "chords_number_rate": 0.0181818176061,
    "chords_strength": {
        "mean": 0.362978428602
    },
    "key_strength": 0.553395628929,
    "tuning_diatonic_strength": 0.367181718349,
    "tuning_equal_tempered_deviation": 0.223075419664,
    "tuning_frequency": 449.504882812,
    "tuning_nontempered_energy_ratio": 0.773001551628,
    "hpcp": {
        "mean": [0.0800787508488, 0.0681125223637, 0.0708694532514, 0.0570609234273, 0.0314151495695, 0.0271250400692, 0.0325846076012, 0.0576891973615, 0.082474514842, 0.0923790857196, 0.0891684517264, 0.0668476745486, 0.0560982860625, 0.069315828383, 0.482157796621, 0.83252620697, 0.428490310907, 0.0816683620214, 0.0955156162381, 0.102323286235, 0.0782864540815, 0.0944004133344, 0.166533961892, 0.126018702984, 0.042866460979, 0.0353993624449, 0.0520389787853, 0.0629576146603, 0.0563646666706, 0.0537449344993, 0.0547148063779, 0.0497023165226, 0.038815472275, 0.0378788113594, 0.044698741287, 0.0680221244693]
    },
    "chords_histogram": [0, 0, 0, 0, 22.7272720337, 0, 0, 0, 76.3636398315, 0, 0, 0.909090936184, 0, 0, 0, 0, 0, 0, 0, 0, 0, 0, 0, 0],
    "thpcp": [1, 0.514686882496, 0.0980970486999, 0.114729858935, 0.122906982899, 0.0940348207951, 0.113390319049, 0.200034499168, 0.151369050145, 0.0514896251261, 0.0425204187632, 0.0625073164701, 0.0756223797798, 0.0677031725645, 0.0645564496517, 0.0657214224339, 0.0597006045282, 0.0466237254441, 0.0454986430705, 0.0536904931068, 0.0817056819797, 0.0961876660585, 0.0818142667413, 0.0851257890463, 0.0685394927859, 0.0377347283065, 0.0325816050172, 0.0391394384205, 0.069294154644, 0.0990653708577, 0.110962375998, 0.107105880976, 0.0802949815989, 0.0673832073808, 0.0832596346736, 0.579150319099],
    "chords_key": "B",
    "chords_scale": "minor",
    "key_key": "G",
    "key_scale": "minor",
    "chords_progression": ["Am", "Am", "Am", "Am", "Am", "Am", "Am", "Am", "Am", "Am", "Am", "Am", "Am", "Am", "Am", "Am", "Am", "Am", "Am", "Am", "Am", "Am", "Am", "Am", "Am", "A", "Bm", "Bm", "Bm", "Bm", "Bm", "Bm", "Bm", "Bm", "Bm", "Bm", "Bm", "Bm", "Bm", "Bm", "Bm", "Bm", "Bm", "Bm", "Bm", "Bm", "Bm", "Bm", "Bm", "Bm", "Bm", "Bm", "Bm", "Bm", "Bm", "Bm", "Bm", "Bm", "Bm", "Bm", "Bm", "Bm", "Bm", "Bm", "Bm", "Bm", "Bm", "Bm", "Bm", "Bm", "Bm", "Bm", "Bm", "Bm", "Bm", "Bm", "Bm", "Bm", "Bm", "Bm", "Bm", "Bm", "Bm", "Bm", "Bm", "Bm", "Bm", "Bm", "Bm", "Bm", "Bm", "Bm", "Bm", "Bm", "Bm", "Bm", "Bm", "Bm", "Bm", "Bm", "Bm", "Bm", "Bm", "Bm", "Bm", "Bm", "Bm", "Bm", "Bm", "Bm"]
}
}