{
"metadata": {
    "version": {
        "essentia": "2.1-beta2"
    }
},
"lowLevel": {
    "dissonance": {
        "mean": 0.0273989383131
    },
    "hfc": {
        "mean": 6.75511026382
    },
    "spectral_centroid": {
        "mean": 0.0606156252325
    },
    "mfcc": {
        "mean": [-914.591247559, 102.549819946, -63.8489379883, -42.5090446472, -19.6650810242, -12.0378246307, -22.5129394531, -23.0511112213, -10.8750514984, -3.19932961464, -11.5959863663, 1.14179599285, 28.009469986, 30.4560146332, 24.9610538483, 22.8428955078, 19.7057762146, -18.7299613953, -54.9845733643, -38.0887298584, -15.8168201447, -3.37512469292, 7.33842849731, 19.9869098663, 12.2926149368, -16.3018913269, -26.2188625336, 0.115343406796, 23.9376506805, 9.32401180267, -4.79312849045, -4.4564871788, 3.92278862, 4.74257564545, -6.53225183487, -8.8911190033, -2.74693369865, 1.47868990898, -3.58797931671, -11.502456665]
    },
    "spectral_contrast": {
        "mean": [-0.450232446194, -0.471591740847, -0.515693902969, -0.650513589382, -0.800561249256, -0.87776017189]
    }
},
"sfx": {
    "inharmonicity": {
        "mean": 0.185037791729
    },
    "logattacktime": {
        "mean": -4.93914031982
    }
}
}