{
"metadata": {
    "version": {
        "essentia": "2.1-beta2"
    }
},
"lowLevel": {
    "average_loudness": 0.952855467796,
    "barkbands_kurtosis": {
        "mean": 8.00331497192
    },
    "barkbands_skewness": {
        "mean": 0.528623223305
    },
    "barkbands_spread": {
        "mean": 11.8360834122
    },
    "dissonance": {
        "mean": 0.370547890663
    },
    "hfc": {
        "mean": 0.713109433651
    },
    "pitch": {
        "mean": 228.176254272
    },
    "pitch_instantaneous_confidence": {
        "mean": 0.816891908646
    },
    "pitch_salience": {
        "mean": 0.581759035587
    },
    "silence_rate_20dB": {
        "mean": 1
    },
    "silence_rate_30dB": {
        "mean": 1
    },
    "silence_rate_60dB": {
        "mean": 1
    },
    "spectral_centroid": {
        "mean": 779.226013184
    },
    "spectral_complexity": {
        "mean": 3.3599998951
    },
    "spectral_crest": {
        "mean": 12.7106409073
    },
    "spectral_decrease": {
        "mean": -1.51179624375e-10
    },
    "spectral_energy": {
        "mean": 0.000635266478639
    },
    "spectral_energyband_high": {
        "mean": 1.89690058505e-06
    },
    "spectral_energyband_low": {
        "mean": 5.81932272326e-06
    },
    "spectral_energyband_middle_high": {
        "mean": 0.000385580118746
    },
    "spectral_energyband_middle_low": {
        "mean": 0.00024106852652
    },
    "spectral_flatness_db": {
        "mean": 0.25864943862
    },
    "spectral_flux": {
        "mean": 0.00333036482334
    },
    "spectral_kurtosis": {
        "mean": 19.1336078644
    },
    "spectral_rms": {
        "mean": 0.000630713009741
    },
    "spectral_rolloff": {
        "mean": 1190.49902344
    },
    "spectral_skewness": {
        "mean": 3.6305000782
    },
    "spectral_spread": {
        "mean": 7559810.5
    },
    "spectral_strongpeak": {
        "mean": 0.610803246498
    },
    "zerocrossingrate": {
        "mean": 0.0515755191445
    },
    "barkbands": {
        "mean": [3.09595907311e-06, 2.14327405956e-06, 1.5198543224e-06, 4.0641061787e-06, 0.000129509557155, 2.64281834461e-06, 5.93550503254e-05, 5.96341237724e-07, 4.48517494078e-05, 2.44568527705e-05, 2.86654085357e-07, 4.20571195718e-05, 2.43515796683e-06, 0.000230381294386, 3.82712023566e-05, 2.64310037892e-05, 1.13344894999e-05, 5.30720808456e-06, 2.34391222875e-06, 2.58388217844e-06, 8.51492586662e-07, 4.42930939926e-07, 1.22992972251e-07, 1.44208783581e-07, 3.15922363825e-08, 6.55956622353e-09, 8.75404582157e-10]
    },
    "mfcc": {
        "mean": [-938.395629883, 115.667320251, -12.0797367096, 6.09055280685, 1.72541582584, -3.16848134995, -10.6455974579, -9.43742084503, -3.28989171982, 1.68637669086, -2.6754128933, -9.17899036407, -7.12319326401]
    },
    "sccoeffs": {
        "mean": [-0.666874110699, -0.650794923306, -0.652531504631, -0.707385718822, -0.793113827705, -0.845589876175]
    },
    "scvalleys": {
        "mean": [-8.78618144989, -9.86427116394, -10.6843938828, -10.7285299301, -11.5485696793, -12.6606750488]
    }
},
"rhythm": {
    "beats_loudness": {
        "mean": 0.0009200834902
    },
    "bpm": 137.224395752,
    "first_peak_bpm": {
        "mean": 136
    },
    "first_peak_spread": {
        "mean": 0.333333313465
    },
    "first_peak_weight": {
        "mean": 0.666666686535
    },
    "onset_rate": 2.31482386589,
    "second_peak_bpm": {
        "mean": 0
    },
    "second_peak_spread": {
        "mean": 0
    },
    "second_peak_weight": {
        "mean": 0
    },
    "beats_loudness_band_ratio": {
        "mean": [0.158889979124, 0.232868000865, 0.247933149338, 0.310496389866, 0.0959175825119, 0.00743447290733]
    },
    "beats_position": [0.417959183455, 0.859138309956, 1.30031740665, 1.72988653183, 2.15945577621, 2.60063481331, 3.04181408882],
    "bpm_estimates": [135.999176025, 135.999191284, 139.674835205, 139.674804688, 135.999206543, 135.999130249],
    "bpm_intervals": [0.441179126501, 0.441179096699, 0.429569125175, 0.429569244385, 0.441179037094, 0.441179275513],
    "onset_times": [0.0580498874187, 0.31346938014, 0.359909296036, 2.49614500999, 2.91410422325, 3.05342411995, 3.15791392326, 3.27401351929]
},
"sfx": {
    "inharmonicity": {
        "mean": 0.0145265050232
    },
    "oddtoevenharmonicenergyratio": {
        "mean": 1.43306553364
    },
    "pitch_after_max_to_before_max_energy_ratio": 2.49184560776,
    "pitch_centroid": 73.5918273926,
    "pitch_max_to_total": 0.113333337009,
    "pitch_min_to_total": 0,
    "tristimulus": {
        "mean": [0.463479757309, 0.50091701746, 0.033455863595]
    }
},
"tonal": {
    "chords_changes_rate": 0.0921052619815,
    "chords_number_rate": 0.0526315793395,
    "chords_strength": {
        "mean": 0.432168573141
    },
    "key_strength": 0.565978229046,
    "tuning_diatonic_strength": 0.471398919821,
    "tuning_equal_tempered_deviation": 0.218752413988,
    "tuning_frequency": 432.690917969,
    "tuning_nontempered_energy_ratio": 0.915345311165,
    "hpcp": {
        "mean": [0.419730812311, 0.787354171276, 0.388460636139, 0.0153096094728, 0.00908839982003, 0.00512988632545, 0.0286547299474, 0.0634332969785, 0.0418803580105, 0.011603157036, 0.0113553516567, 0.0310229789466, 0.123646877706, 0.11918554455, 0.026320008561, 0.0142809385434, 0.0259312540293, 0.0386882796884, 0.0264364928007, 0.0060565629974, 0.00530070671812, 0.0633731484413, 0.111539363861, 0.071977160871, 0.0497626625001, 0.0353828258812, 0.0120765939355, 0.0310117378831, 0.0736551508307, 0.318241298199, 0.527418196201, 0.272406578064, 0.0213274043053, 0.0131648117676, 0.0139276655391, 0.0188906323165]
    },
    "chords_histogram": [10.5263156891, 43.4210510254, 39.4736824036, 0, 0, 0, 0, 0, 0, 0, 0, 0, 0, 0, 0, 0, 0, 0, 0, 6.5789475441, 0, 0, 0, 0],
    "thpcp": [1, 0.493374705315, 0.0194443743676, 0.011542962864, 0.00651534786448, 0.0363936983049, 0.0805651396513, 0.0531912557781, 0.0147368963808, 0.0144221652299, 0.0394015535712, 0.157040983438, 0.15137475729, 0.0334284231067, 0.018137883395, 0.0329346768558, 0.0491370745003, 0.0335763655603, 0.00769229792058, 0.00673230271786, 0.0804887413979, 0.141663521528, 0.0914165005088, 0.0632023885846, 0.0449388958514, 0.0153381973505, 0.0393872782588, 0.0935476720333, 0.404190778732, 0.66986143589, 0.345977187157, 0.0270874351263, 0.0167203173041, 0.0176892001182, 0.0239925477654, 0.533090233803],
    "chords_key": "F#",
    "chords_scale": "minor",
    "key_key": "D",
    "key_scale": "major",
    "chords_progression": ["F#m", "F#m", "F#m", "F#m", "F#m", "F#m", "F#m", "F#m", "F#m", "F#m", "F#m", "F#m", "F#m", "F#m", "F#m", "F#m", "F#m", "F#m", "F#m", "F#m", "F#m", "F#m", "F#m", "D", "D", "D", "D", "D", "F#m", "D", "F#m", "F#m", "F#m", "F#m", "F#m", "F#m", "F#m", "F#m", "F#m", "D", "D", "Am", "Am", "Am", "Am", "Am", "A", "A", "A", "A", "A", "A", "A", "A", "A", "A", "A", "A", "A", "A", "A", "A", "A", "A", "A", "A", "A", "A", "A", "A", "A", "A", "A", "A", "A", "A"]
}
}