{
"metadata": {
    "version": {
        "essentia": "2.1-beta2"
    }
},
"lowLevel": {
    "dissonance": {
        "mean": 0.11693559587
    },
    "hfc": {
        "mean": 36.905040741
    },
    "spectral_centroid": {
        "mean": 0.0900776982307
    },
    "mfcc": {
        "mean": [-940.195617676, 3.86459827423, -122.213264465, -28.9848899841, 17.8496246338, 42.5581626892, 50.6348800659, 18.7859954834, -37.0669326782, -47.724647522, 16.7443447113, 85.2503814697, 21.7921237946, -53.4879150391, -16.3702011108, 35.3806686401, 5.39590549469, 6.45343875885, 40.1655006409, -13.9899091721, -38.0609817505, 27.2726211548, 32.1478843689, -10.6786899567, -12.5512008667, -0.312775611877, 13.6663208008, 3.08494353294, -14.3123111725, 16.5335350037, 4.50012540817, -12.2635965347, 5.40255022049, 5.03426456451, -5.10946941376, -8.71103668213, 15.9233236313, 2.54349589348, -8.14152622223, -4.54177904129]
    },
    "spectral_contrast": {
        "mean": [-0.789324879646, -0.223292559385, -0.614425003529, -0.480228662491, -0.849652707577, -0.802717030048]
    }
},
"sfx": {
    "inharmonicity": {
        "mean": 0.359667420387
    },
    "logattacktime": {
        "mean": -4.98348283768
    }
}
}