{"lowlevel.dissonance.mean": [-0.3489575982093811], "sfx.inharmonicity.mean": [0.222852423787117], "lowlevel.spectral_contrast.mean": [[0.669894278049469, 1.1855943202972412, 0.7834068536758423, 0.7012805938720703, 0.3674449920654297, 0.28596019744873047]], "lowlevel.spectral_centroid.mean": [0.3403591215610504], "lowlevel.mfcc.mean": [[0.3651989698410034, 0.8034850358963013, 0.6803190112113953, 0.21334338188171387, 0.25677725672721863, 0.11825671792030334, -0.01830190420150757, -0.15150022506713867, 0.04521384835243225, 0.4719988703727722, 0.6944984197616577, 0.5304288864135742, 0.5150871276855469]], "sfx.logattacktime.mean": [0.4511236548423767], "lowlevel.hfc.mean": [0.4739840626716614]}