{
"metadata": {
    "version": {
        "essentia": "2.1-beta2"
    }
},
"lowLevel": {
    "average_loudness": 0.964360892773,
    "barkbands_kurtosis": {
        "mean": 2.04007911682
    },
    "barkbands_skewness": {
        "mean": 0.555621564388
    },
    "barkbands_spread": {
        "mean": 15.6241807938
    },
    "dissonance": {
        "mean": 0.443205565214
    },
    "hfc": {
        "mean": 25.1561717987
    },
    "pitch": {
        "mean": 663.289550781
    },
    "pitch_instantaneous_confidence": {
        "mean": 0.705848038197
    },
    "pitch_salience": {
        "mean": 0.698113024235
    },
    "silence_rate_20dB": {
        "mean": 1
    },
    "silence_rate_30dB": {
        "mean": 1
    },
    "silence_rate_60dB": {
        "mean": 0.441717803478
    },
    "spectral_centroid": {
        "mean": 1581.60229492
    },
    "spectral_complexity": {
        "mean": 5.00613498688
    },
    "spectral_crest": {
        "mean": 10.0409603119
    },
    "spectral_decrease": {
        "mean": -3.87070553387e-09
    },
    "spectral_energy": {
        "mean": 0.0168906580657
    },
    "spectral_energyband_high": {
        "mean": 0.00029451190494
    },
    "spectral_energyband_low": {
        "mean": 9.81558212487e-09
    },
    "spectral_energyband_middle_high": {
        "mean": 0.011851394549
    },
    "spectral_energyband_middle_low": {
        "mean": 0.00474489945918
    },
    "spectral_flatness_db": {
        "mean": 0.313078016043
    },
    "spectral_flux": {
        "mean": 0.0170432701707
    },
    "spectral_kurtosis": {
        "mean": 8.88503456116
    },
    "spectral_rms": {
        "mean": 0.00299824192189
    },
    "spectral_rolloff": {
        "mean": 2459.01171875
    },
    "spectral_skewness": {
        "mean": 2.2366964817
    },
    "spectral_spread": {
        "mean": 10070113
    },
    "spectral_strongpeak": {
        "mean": 2.02004122734
    },
    "zerocrossingrate": {
        "mean": 0.0745183080435
    },
    "barkbands": {
        "mean": [1.35386182265e-08, 2.79808021197e-09, 1.16721621257e-09, 1.59256074994e-09, 2.6443832013e-08, 1.27290192609e-07, 2.90946360337e-07, 0.00424344744533, 0.000500886759255, 2.60814545072e-07, 1.38177256304e-05, 0.00483870040625, 0.000572769495193, 0.00204591825604, 0.000492869061418, 0.00169777998235, 0.000212145547266, 0.00107894849498, 0.000583645189181, 0.000337836245308, 0.000180323098903, 6.9942267146e-05, 1.52655848069e-05, 4.81771758132e-06, 7.56610234021e-07, 9.54257117769e-08, 1.76191650159e-09]
    },
    "mfcc": {
        "mean": [-911.139770508, -7.46022224426, -102.452835083, -15.0968818665, -31.8527526855, -11.4136257172, -9.22562217712, -3.59462928772, -3.57825636864, 11.5234079361, 21.0736751556, 23.3427658081, 16.537733078]
    },
    "sccoeffs": {
        "mean": [-0.862046897411, -0.510600805283, -0.605185031891, -0.672167420387, -0.703638970852, -0.772518277168]
    },
    "scvalleys": {
        "mean": [-11.5346727371, -10.8115959167, -10.3440008163, -9.98258876801, -10.2563734055, -11.9324102402]
    }
},
"rhythm": {
    "beats_loudness": {
        "mean": 0.0229645837098
    },
    "bpm": 165.666748047,
    "first_peak_bpm": {
        "mean": 167
    },
    "first_peak_spread": {
        "mean": 0
    },
    "first_peak_weight": {
        "mean": 0.5
    },
    "onset_rate": 1.33547329903,
    "second_peak_bpm": {
        "mean": 157
    },
    "second_peak_spread": {
        "mean": 0.333333313465
    },
    "second_peak_weight": {
        "mean": 0.25
    },
    "beats_loudness_band_ratio": {
        "mean": [0.00174793892074, 0.0287220515311, 0.198913291097, 0.322214514017, 0.343726098537, 0.111140340567]
    },
    "beats_position": [0.371519267559, 0.754648506641, 1.13777780533, 1.50929701328, 1.8575963974, 2.21750569344, 2.57741498947, 2.93732428551, 3.29723358154],
    "bpm_estimates": [161.499053955, 166.70866394, 166.70866394, 166.70866394, 166.70866394],
    "bpm_intervals": [0.383129239082, 0.383129298687, 0.371519207954, 0.348299384117, 0.359909296036, 0.359909296036, 0.359909296036, 0.359909296036],
    "onset_times": [1.03328800201, 1.19582772255, 1.47446715832, 1.77632653713, 1.88081634045]
},
"sfx": {
    "inharmonicity": {
        "mean": 0.0443995408714
    },
    "oddtoevenharmonicenergyratio": {
        "mean": 1.7527384758
    },
    "pitch_after_max_to_before_max_energy_ratio": 2.12378740311,
    "pitch_centroid": 68.9464874268,
    "pitch_max_to_total": 0.0920245423913,
    "pitch_min_to_total": 0.165644168854,
    "tristimulus": {
        "mean": [0.279749006033, 0.61065787077, 0.0936281755567]
    }
},
"tonal": {
    "chords_changes_rate": 0,
    "chords_number_rate": 0.0121951214969,
    "chords_strength": {
        "mean": 0.620356321335
    },
    "key_strength": 0.597948253155,
    "tuning_diatonic_strength": 0.479456484318,
    "tuning_equal_tempered_deviation": 0.192765414715,
    "tuning_frequency": 442.293365479,
    "tuning_nontempered_energy_ratio": 0.788585007191,
    "hpcp": {
        "mean": [0.1222948879, 0.105424016714, 0.10192464292, 0.110994398594, 0.116089656949, 0.110095009208, 0.0981409847736, 0.0991662293673, 0.0928313061595, 0.0912721082568, 0.123739801347, 0.411159694195, 0.65752607584, 0.403333514929, 0.153544560075, 0.136960163713, 0.124732099473, 0.126334905624, 0.15248708427, 0.15067653358, 0.124823898077, 0.109331212938, 0.126834943891, 0.167594507337, 0.133414462209, 0.0788754746318, 0.08636379987, 0.113253682852, 0.130216836929, 0.107404485345, 0.0866929590702, 0.103912711143, 0.168651565909, 0.206822931767, 0.158990591764, 0.126688584685]
    },
    "chords_histogram": [0, 0, 0, 0, 0, 0, 0, 100, 0, 0, 0, 0, 0, 0, 0, 0, 0, 0, 0, 0, 0, 0, 0, 0],
    "thpcp": [1, 0.613410651684, 0.233518585563, 0.20829616487, 0.189699098468, 0.192136719823, 0.231910318136, 0.22915674746, 0.189838707447, 0.166276618838, 0.192897200584, 0.254886478186, 0.202903687954, 0.11995793879, 0.131346583366, 0.172242119908, 0.198040559888, 0.163346350193, 0.131847172976, 0.158035874367, 0.256494104862, 0.314547121525, 0.241801202297, 0.19267462194, 0.185992449522, 0.160334348679, 0.155012324452, 0.16880607605, 0.176555216312, 0.167438238859, 0.149257943034, 0.15081718564, 0.14118270576, 0.138811394572, 0.188189953566, 0.625313162804],
    "chords_key": "F#",
    "chords_scale": "major",
    "key_key": "F#",
    "key_scale": "minor",
    "chords_progression": ["F#", "F#", "F#", "F#", "F#", "F#", "F#", "F#", "F#", "F#", "F#", "F#", "F#", "F#", "F#", "F#", "F#", "F#", "F#", "F#", "F#", "F#", "F#", "F#", "F#", "F#", "F#", "F#", "F#", "F#", "F#", "F#", "F#", "F#", "F#", "F#", "F#", "F#", "F#", "F#", "F#", "F#", "F#", "F#", "F#", "F#", "F#", "F#", "F#", "F#", "F#", "F#", "F#", "F#", "F#", "F#", "F#", "F#", "F#", "F#", "F#", "F#", "F#", "F#", "F#", "F#", "F#", "F#", "F#", "F#", "F#", "F#", "F#", "F#", "F#", "F#", "F#", "F#", "F#", "F#", "F#", "F#"]
}
}