{
"metadata": {
    "version": {
        "essentia": "2.1-beta2"
    }
},
"lowLevel": {
    "average_loudness": 0.856372416019,
    "barkbands_kurtosis": {
        "mean": 249.56111145
    },
    "barkbands_skewness": {
        "mean": 9.35887622833
    },
    "barkbands_spread": {
        "mean": 8.84015369415
    },
    "dissonance": {
        "mean": 0.433694213629
    },
    "hfc": {
        "mean": 18.2557830811
    },
    "pitch": {
        "mean": 1308.42687988
    },
    "pitch_instantaneous_confidence": {
        "mean": 0.814692974091
    },
    "pitch_salience": {
        "mean": 0.16199837625
    },
    "silence_rate_20dB": {
        "mean": 1
    },
    "silence_rate_30dB": {
        "mean": 1
    },
    "silence_rate_60dB": {
        "mean": 0.365296810865
    },
    "spectral_centroid": {
        "mean": 1321.55407715
    },
    "spectral_complexity": {
        "mean": 1.18264842033
    },
    "spectral_crest": {
        "mean": 23.1886711121
    },
    "spectral_decrease": {
        "mean": -2.97543478744e-09
    },
    "spectral_energy": {
        "mean": 0.0128857912496
    },
    "spectral_energyband_high": {
        "mean": 3.65367741324e-05
    },
    "spectral_energyband_low": {
        "mean": 5.42162354122e-07
    },
    "spectral_energyband_middle_high": {
        "mean": 0.0128483064473
    },
    "spectral_energyband_middle_low": {
        "mean": 6.929127494e-08
    },
    "spectral_flatness_db": {
        "mean": 0.477830290794
    },
    "spectral_flux": {
        "mean": 0.00407215300947
    },
    "spectral_kurtosis": {
        "mean": 13.9973201752
    },
    "spectral_rms": {
        "mean": 0.00266413390636
    },
    "spectral_rolloff": {
        "mean": 1598.46875
    },
    "spectral_skewness": {
        "mean": 3.28053617477
    },
    "spectral_spread": {
        "mean": 10892993
    },
    "spectral_strongpeak": {
        "mean": 4.82698917389
    },
    "zerocrossingrate": {
        "mean": 0.0697907730937
    },
    "barkbands": {
        "mean": [7.7858021541e-07, 1.35653820621e-07, 2.50621545739e-09, 1.35453381844e-09, 3.97607236025e-09, 1.28097514818e-08, 3.5454313263e-08, 7.85235432232e-09, 5.4821658324e-09, 8.47979464424e-08, 3.2935584926e-08, 9.38613098356e-08, 0.0128238135949, 6.57978560525e-08, 7.64835732525e-08, 1.88965607606e-08, 2.59967887217e-08, 2.40763110924e-05, 2.04543635363e-08, 3.17206067848e-05, 2.11996002975e-08, 2.54093311014e-06, 4.78974413909e-07, 8.62352521835e-07, 7.38669996281e-07, 1.62754616895e-07, 2.24423253314e-08]
    },
    "mfcc": {
        "mean": [-1037.68127441, 6.69928693771, -43.3785171509, -19.1045436859, 8.11568832397, 43.8587112427, 35.7758560181, -13.341012001, -30.7441139221, -1.60400140285, 39.0875282288, 44.5742988586, -14.8289413452]
    },
    "sccoeffs": {
        "mean": [-0.71934401989, -0.871010303497, -0.857591032982, -0.50167119503, -0.741486907005, -0.822962522507]
    },
    "scvalleys": {
        "mean": [-11.3819103241, -11.2768039703, -11.1363620758, -11.0848331451, -11.6797199249, -12.5132045746]
    }
},
"rhythm": {
    "beats_loudness": {
        "mean": 0.0145277744159
    },
    "bpm": 142.692504883,
    "first_peak_bpm": {
        "mean": 144
    },
    "first_peak_spread": {
        "mean": 0.222222208977
    },
    "first_peak_weight": {
        "mean": 0.699999988079
    },
    "onset_rate": 1.58730876446,
    "second_peak_bpm": {
        "mean": 136
    },
    "second_peak_spread": {
        "mean": 0
    },
    "second_peak_weight": {
        "mean": 0.10000000149
    },
    "beats_loudness_band_ratio": {
        "mean": [0.119687885046, 0.00654749386013, 0.0265651512891, 0.823499441147, 0.0166780482978, 0.00838653929532]
    },
    "beats_position": [0.394739210606, 0.812698423862, 1.23065757751, 1.64861679077, 2.06657600403, 2.48453521729, 2.90249419212, 3.34367346764, 3.7732424736, 4.20281171799, 4.62077093124],
    "bpm_estimates": [143.554672241, 143.554702759, 143.554672241, 143.554672241, 143.554672241, 143.554763794, 139.674880981, 139.674804688, 143.554672241],
    "bpm_intervals": [0.417959213257, 0.417959153652, 0.417959213257, 0.417959213257, 0.417959213257, 0.417958974838, 0.441179275513, 0.429569005966, 0.429569244385, 0.417959213257],
    "onset_times": [0.0464399084449, 0.220589563251, 0.626938760281, 1.09133791924, 1.23065757751, 3.55265307426, 4.7833108902, 4.88780021667]
},
"sfx": {
    "inharmonicity": {
        "mean": 0.13903208077
    },
    "oddtoevenharmonicenergyratio": {
        "mean": 47171.1640625
    },
    "pitch_after_max_to_before_max_energy_ratio": 2.54922771454,
    "pitch_centroid": 114.70149231,
    "pitch_max_to_total": 0.214611873031,
    "pitch_min_to_total": 0.109589040279,
    "tristimulus": {
        "mean": [0.15460331738, 0.692820310593, 0.0543726570904]
    }
},
"tonal": {
    "chords_changes_rate": 0.118181817234,
    "chords_number_rate": 0.0454545468092,
    "chords_strength": {
        "mean": 0.482215970755
    },
    "key_strength": 0.595997035503,
    "tuning_diatonic_strength": 0.531080305576,
    "tuning_equal_tempered_deviation": 0.13935495913,
    "tuning_frequency": 442.548919678,
    "tuning_nontempered_energy_ratio": 0.799135148525,
    "hpcp": {
        "mean": [0.0529257915914, 0.0764181762934, 0.0820096284151, 0.0738708153367, 0.0636379048228, 0.042557515204, 0.0312336627394, 0.0311358328909, 0.030584551394, 0.0257344786078, 0.0225193444639, 0.0224133227021, 0.0197914130986, 0.0177031382918, 0.0176061429083, 0.0186086110771, 0.0259898584336, 0.0267890747637, 0.0210333354771, 0.0269521642476, 0.0338259935379, 0.0260399617255, 0.090814486146, 0.529056727886, 0.858959317207, 0.44574868679, 0.0502994805574, 0.0356273427606, 0.037087880075, 0.0407251045108, 0.0493862368166, 0.0586418025196, 0.0718603506684, 0.0745734423399, 0.0692473202944, 0.0562165156007]
    },
    "chords_histogram": [1.81818187237, 50.9090919495, 30, 0, 0, 0, 0, 0, 0.909090936184, 9.09090900421, 7.27272748947, 0, 0, 0, 0, 0, 0, 0, 0, 0, 0, 0, 0, 0],
    "thpcp": [1, 0.518940389156, 0.0585586279631, 0.0414773337543, 0.043177690357, 0.0474121458828, 0.0574954301119, 0.0682707577944, 0.0836597830057, 0.0868183672428, 0.0806176960468, 0.0654472410679, 0.061616178602, 0.0889660045505, 0.0954755693674, 0.0860003679991, 0.0740872174501, 0.0495454370975, 0.0363622158766, 0.0362483225763, 0.0356065183878, 0.0299600660801, 0.0262170098722, 0.0260935779661, 0.0230411533266, 0.0206099841744, 0.0204970631748, 0.0216641351581, 0.0302573796362, 0.0311878267676, 0.0244869980961, 0.0313776955009, 0.0393802039325, 0.0303157102317, 0.10572617501, 0.615927577019],
    "chords_key": "C#",
    "chords_scale": "major",
    "key_key": "A#",
    "key_scale": "minor",
    "chords_progression": ["Fm", "C#", "C#", "Am", "Am", "Am", "Am", "Am", "Am", "Am", "Am", "A#m", "A#m", "C#", "C#", "C#", "C#", "C#", "C#", "C#", "C#", "C#", "C#", "Fm", "Fm", "Fm", "C#", "C#", "C#", "C#", "C#", "C#", "C#", "C#", "C#", "C#", "C#", "C#", "C#", "C#", "C#", "C#", "C#", "C#", "C#", "C#", "C#", "C#", "C#", "C#", "C#", "C#", "C#", "C#", "C#", "C#", "C#", "C#", "C#", "C#", "C#", "C#", "C#", "C#", "C#", "Dm", "C#", "C#", "C#", "C#", "C#", "Fm", "Fm", "Fm", "Fm", "F", "Fm", "Fm", "Fm", "Fm", "Fm", "Fm", "Fm", "Fm", "Fm", "Fm", "Fm", "Fm", "F", "F", "F", "F", "F", "F", "F", "F", "F", "Fm", "Fm", "Fm", "Fm", "Fm", "Fm", "Fm", "Fm", "Fm", "Fm", "Fm", "Fm", "Fm"]
}
}