{
"metadata": {
    "version": {
        "essentia": "2.1-beta2"
    }
},
"lowLevel": {
    "average_loudness": 0.99068403244,
    "barkbands_kurtosis": {
        "mean": 0.464988052845
    },
    "barkbands_skewness": {
        "mean": -0.217500209808
    },
    "barkbands_spread": {
        "mean": 15.8403806686
    },
    "dissonance": {
        "mean": 0.453524291515
    },
    "hfc": {
        "mean": 40.9375457764
    },
    "pitch": {
        "mean": 622.299682617
    },
    "pitch_instantaneous_confidence": {
        "mean": 0.438093662262
    },
    "pitch_salience": {
        "mean": 0.52333086729
    },
    "silence_rate_20dB": {
        "mean": 1
    },
    "silence_rate_30dB": {
        "mean": 0.949999988079
    },
    "silence_rate_60dB": {
        "mean": 0.675000011921
    },
    "spectral_centroid": {
        "mean": 2640.96801758
    },
    "spectral_complexity": {
        "mean": 8.47500038147
    },
    "spectral_crest": {
        "mean": 8.48997879028
    },
    "spectral_decrease": {
        "mean": -2.63454036364e-09
    },
    "spectral_energy": {
        "mean": 0.01365652401
    },
    "spectral_energyband_high": {
        "mean": 0.00324315507896
    },
    "spectral_energyband_low": {
        "mean": 3.89158145708e-07
    },
    "spectral_energyband_middle_high": {
        "mean": 0.00889080855995
    },
    "spectral_energyband_middle_low": {
        "mean": 0.00154091278091
    },
    "spectral_flatness_db": {
        "mean": 0.207973361015
    },
    "spectral_flux": {
        "mean": 0.0390546396375
    },
    "spectral_kurtosis": {
        "mean": 7.48354625702
    },
    "spectral_rms": {
        "mean": 0.00199559191242
    },
    "spectral_rolloff": {
        "mean": 4512.28222656
    },
    "spectral_skewness": {
        "mean": 1.87219595909
    },
    "spectral_spread": {
        "mean": 8188270.5
    },
    "spectral_strongpeak": {
        "mean": 1.59644293785
    },
    "zerocrossingrate": {
        "mean": 0.133459478617
    },
    "barkbands": {
        "mean": [3.75588626866e-07, 2.17294314098e-07, 5.31488186795e-09, 5.02298735938e-09, 6.49858264978e-08, 5.92296942159e-07, 8.47463343234e-06, 0.00151545822155, 1.29480704345e-05, 2.89368508675e-05, 1.51349031512e-05, 0.000440733099822, 3.62114151358e-05, 0.00383959012106, 0.000901869498193, 0.000291737902444, 0.000708398583811, 0.000353774550604, 0.0017251370009, 0.000806217372883, 0.000725307036191, 0.00117686670274, 0.000457068032119, 0.000281825836282, 0.000299331964925, 2.82059136225e-05, 2.04304319595e-06]
    },
    "mfcc": {
        "mean": [-850.534545898, -12.6445703506, -97.1638259888, -17.5530967712, -19.8119831085, 7.32406997681, -5.36731719971, 4.42260980606, 9.32299804688, 15.6517763138, 42.9594764709, 16.7821464539, 2.18507480621]
    },
    "sccoeffs": {
        "mean": [-0.797222197056, -0.586906313896, -0.648865282536, -0.660385847092, -0.735416412354, -0.716117560863]
    },
    "scvalleys": {
        "mean": [-10.912238121, -10.5490760803, -10.5604476929, -9.08216571808, -9.32854366302, -11.1556415558]
    }
},
"rhythm": {
    "bpm": 0,
    "first_peak_bpm": {
        "mean": 0
    },
    "first_peak_spread": {
        "mean": 0
    },
    "first_peak_weight": {
        "mean": 0
    },
    "onset_rate": 1.12591910362,
    "second_peak_bpm": {
        "mean": 0
    },
    "second_peak_spread": {
        "mean": 0
    },
    "second_peak_weight": {
        "mean": 0
    },
    "beats_position": [],
    "bpm_estimates": [],
    "bpm_intervals": [],
    "onset_times": [0.0348299331963]
},
"sfx": {
    "inharmonicity": {
        "mean": 0.0827360153198
    },
    "oddtoevenharmonicenergyratio": {
        "mean": 3.74296998978
    },
    "pitch_after_max_to_before_max_energy_ratio": 0.112321555614,
    "pitch_centroid": 19.3540554047,
    "pitch_max_to_total": 0.975000023842,
    "pitch_min_to_total": 0.22499999404,
    "tristimulus": {
        "mean": [0.155879497528, 0.536756038666, 0.147144749761]
    }
},
"tonal": {
    "chords_changes_rate": 0,
    "chords_number_rate": 0.047619048506,
    "chords_strength": {
        "mean": 0.381235182285
    },
    "key_strength": 0.614253997803,
    "tuning_diatonic_strength": 0.354510098696,
    "tuning_equal_tempered_deviation": 0.18709294498,
    "tuning_frequency": 438.224517822,
    "tuning_nontempered_energy_ratio": 0.948128402233,
    "hpcp": {
        "mean": [0.165837928653, 0.154371902347, 0.0759645998478, 0.0477682240307, 0.0262419916689, 0.017101271078, 0.0249401703477, 0.0368739329278, 0.031154666096, 0.0248194616288, 0.0632176697254, 0.16701798141, 0.17987087369, 0.137381434441, 0.24200963974, 0.436414986849, 0.408868193626, 0.222241535783, 0.143370836973, 0.168082341552, 0.26744350791, 0.17096079886, 0.0198169648647, 0.0400282666087, 0.0448138713837, 0.0373952426016, 0.0742643773556, 0.146785572171, 0.223443031311, 0.246826648712, 0.616308391094, 0.717788219452, 0.299265623093, 0.293376684189, 0.338264673948, 0.179862633348]
    },
    "chords_histogram": [0, 0, 0, 0, 0, 0, 100, 0, 0, 0, 0, 0, 0, 0, 0, 0, 0, 0, 0, 0, 0, 0, 0, 0],
    "thpcp": [1, 0.416927456856, 0.408723175526, 0.471259713173, 0.250578969717, 0.231040194631, 0.215066090226, 0.105831496418, 0.0665491893888, 0.0365595184267, 0.0238249544054, 0.0347458608449, 0.0513716042042, 0.0434037037194, 0.0345776937902, 0.088072873652, 0.232684209943, 0.250590443611, 0.191395506263, 0.337160229683, 0.607999622822, 0.569622337818, 0.309619933367, 0.199739739299, 0.234167039394, 0.3725938797, 0.238177210093, 0.0276083722711, 0.0557661242783, 0.0624332763255, 0.0520978756249, 0.103462800384, 0.204497054219, 0.311293810606, 0.343871146441, 0.858621478081],
    "chords_key": "E",
    "chords_scale": "minor",
    "key_key": "G",
    "key_scale": "minor",
    "chords_progression": ["Em", "Em", "Em", "Em", "Em", "Em", "Em", "Em", "Em", "Em", "Em", "Em", "Em", "Em", "Em", "Em", "Em", "Em", "Em", "Em", "Em"]
}
}