{
"metadata": {
    "version": {
        "essentia": "2.1-beta2"
    }
},
"lowLevel": {
    "average_loudness": 0.891495347023,
    "barkbands_kurtosis": {
        "mean": 115.986320496
    },
    "barkbands_skewness": {
        "mean": 7.40366077423
    },
    "barkbands_spread": {
        "mean": 5.22286272049
    },
    "dissonance": {
        "mean": 0.366698622704
    },
    "hfc": {
        "mean": 7.64230537415
    },
    "pitch": {
        "mean": 1068.31628418
    },
    "pitch_instantaneous_confidence": {
        "mean": 0.853242516518
    },
    "pitch_salience": {
        "mean": 0.127182468772
    },
    "silence_rate_20dB": {
        "mean": 1
    },
    "silence_rate_30dB": {
        "mean": 1
    },
    "silence_rate_60dB": {
        "mean": 0.315068483353
    },
    "spectral_centroid": {
        "mean": 1038.40234375
    },
    "spectral_complexity": {
        "mean": 1.44292235374
    },
    "spectral_crest": {
        "mean": 24.5603733063
    },
    "spectral_decrease": {
        "mean": -1.61615298921e-09
    },
    "spectral_energy": {
        "mean": 0.00679289735854
    },
    "spectral_energyband_high": {
        "mean": 8.23438767839e-06
    },
    "spectral_energyband_low": {
        "mean": 8.67092637691e-07
    },
    "spectral_energyband_middle_high": {
        "mean": 0.00678307749331
    },
    "spectral_energyband_middle_low": {
        "mean": 2.14727975845e-07
    },
    "spectral_flatness_db": {
        "mean": 0.475414305925
    },
    "spectral_flux": {
        "mean": 0.00609875610098
    },
    "spectral_kurtosis": {
        "mean": 7.34650945663
    },
    "spectral_rms": {
        "mean": 0.00215543876402
    },
    "spectral_rolloff": {
        "mean": 1246.26782227
    },
    "spectral_skewness": {
        "mean": 2.63973426819
    },
    "spectral_spread": {
        "mean": 11489488
    },
    "spectral_strongpeak": {
        "mean": 2.67619633675
    },
    "zerocrossingrate": {
        "mean": 0.0547744557261
    },
    "barkbands": {
        "mean": [1.17141485134e-06, 2.16337824099e-07, 2.41573760995e-09, 1.1764466068e-09, 2.7391648949e-09, 6.01993344063e-09, 1.59176476444e-08, 1.80734161859e-07, 6.88226498013e-09, 4.92522111983e-09, 1.75127333932e-05, 0.00669581070542, 9.78045999744e-09, 2.80786139228e-07, 6.86708006015e-08, 1.62189371622e-05, 3.44446213774e-08, 7.72642891889e-08, 5.3028579714e-05, 3.27571711978e-07, 1.13915427846e-06, 4.17818455389e-06, 8.68800782428e-07, 5.13759175647e-07, 9.96214225779e-07, 2.35590476905e-07, 6.99075775046e-09]
    },
    "mfcc": {
        "mean": [-1017.44281006, 1.31946802139, -41.5074501038, -16.7350597382, -10.0511713028, 18.7523097992, 38.4696311951, 24.5265903473, -6.8296084404, -14.9585227966, -3.77416276932, 14.9068956375, 52.5765914917]
    },
    "sccoeffs": {
        "mean": [-0.678131520748, -0.797492444515, -0.412114560604, -0.767771244049, -0.746169805527, -0.821724295616]
    },
    "scvalleys": {
        "mean": [-11.6808414459, -11.399515152, -11.333199501, -11.1583309174, -11.4052295685, -12.0182294846]
    }
},
"rhythm": {
    "beats_loudness": {
        "mean": 0.00840716995299
    },
    "bpm": 107.679382324,
    "first_peak_bpm": {
        "mean": 108
    },
    "first_peak_spread": {
        "mean": 0.285714268684
    },
    "first_peak_weight": {
        "mean": 0.714285731316
    },
    "onset_rate": 0.793654382229,
    "second_peak_bpm": {
        "mean": 0
    },
    "second_peak_spread": {
        "mean": 0
    },
    "second_peak_weight": {
        "mean": 0
    },
    "beats_loudness_band_ratio": {
        "mean": [0.115015730262, 5.24505194335e-05, 0.000505036849063, 0.865822792053, 0.00178918044548, 0.0168356187642]
    },
    "beats_position": [0.557278871536, 1.11455774307, 1.67183673382, 2.21750569344, 2.77478456497, 3.33206343651, 3.88934230804, 4.45823097229],
    "bpm_estimates": [107.666023254, 107.666000366, 109.95677948, 107.666023254, 107.666023254, 107.666023254, 105.468788147],
    "bpm_intervals": [0.557278871536, 0.557278990746, 0.545668959618, 0.557278871536, 0.557278871536, 0.557278871536, 0.568888664246],
    "onset_times": [0.0348299331963, 0.557278931141, 3.62231302261, 4.67882108688]
},
"sfx": {
    "inharmonicity": {
        "mean": 0.0322317369282
    },
    "oddtoevenharmonicenergyratio": {
        "mean": 886.538085938
    },
    "pitch_after_max_to_before_max_energy_ratio": 2.78340053558,
    "pitch_centroid": 103.928779602,
    "pitch_max_to_total": 0.123287670314,
    "pitch_min_to_total": 0.105022832751,
    "tristimulus": {
        "mean": [0.312762081623, 0.658461809158, 0.027276262641]
    }
},
"tonal": {
    "chords_changes_rate": 0,
    "chords_number_rate": 0.00909090880305,
    "chords_strength": {
        "mean": 0.565958023071
    },
    "key_strength": 0.585564136505,
    "tuning_diatonic_strength": 0.394645601511,
    "tuning_equal_tempered_deviation": 0.131826490164,
    "tuning_frequency": 436.456176758,
    "tuning_nontempered_energy_ratio": 0.669161498547,
    "hpcp": {
        "mean": [0.024300403893, 0.0241152308881, 0.0254284702241, 0.0231524016708, 0.0243051033467, 0.0289810150862, 0.0265288837254, 0.0187943857163, 0.0215543471277, 0.0262172520161, 0.0559971518815, 0.535291194916, 0.834733068943, 0.349227458239, 0.0164225939661, 0.0194893144071, 0.0202432293445, 0.0173787605017, 0.01572079584, 0.0170720070601, 0.0157111920416, 0.0191952511668, 0.0283954385668, 0.125522434711, 0.163304746151, 0.0671974048018, 0.0234480164945, 0.0285599324852, 0.0366913452744, 0.0323279947042, 0.0311799291521, 0.0455622635782, 0.0583471693099, 0.0512441806495, 0.0374126248062, 0.0303960032761]
    },
    "chords_histogram": [0, 0, 100, 0, 0, 0, 0, 0, 0, 0, 0, 0, 0, 0, 0, 0, 0, 0, 0, 0, 0, 0, 0, 0],
    "thpcp": [1, 0.418370217085, 0.0196740664542, 0.023347960785, 0.0242511406541, 0.0208195429295, 0.0188333205879, 0.0204520560801, 0.0188218150288, 0.0229956768453, 0.0340173877776, 0.150374338031, 0.195637091994, 0.0805016681552, 0.0280904360116, 0.0342144481838, 0.043955784291, 0.0387285426259, 0.0373531728983, 0.0545830354095, 0.0698991939425, 0.061389900744, 0.0448198653758, 0.0364140383899, 0.0291115865111, 0.0288897510618, 0.0304629951715, 0.027736293152, 0.0291172154248, 0.034718900919, 0.0317812785506, 0.022515444085, 0.0258218441159, 0.0314079485834, 0.067083902657, 0.641272306442],
    "chords_key": "C#",
    "chords_scale": "major",
    "key_key": "F#",
    "key_scale": "major",
    "chords_progression": ["C#", "C#", "C#", "C#", "C#", "C#", "C#", "C#", "C#", "C#", "C#", "C#", "C#", "C#", "C#", "C#", "C#", "C#", "C#", "C#", "C#", "C#", "C#", "C#", "C#", "C#", "C#", "C#", "C#", "C#", "C#", "C#", "C#", "C#", "C#", "C#", "C#", "C#", "C#", "C#", "C#", "C#", "C#", "C#", "C#", "C#", "C#", "C#", "C#", "C#", "C#", "C#", "C#", "C#", "C#", "C#", "C#", "C#", "C#", "C#", "C#", "C#", "C#", "C#", "C#", "C#", "C#", "C#", "C#", "C#", "C#", "C#", "C#", "C#", "C#", "C#", "C#", "C#", "C#", "C#", "C#", "C#", "C#", "C#", "C#", "C#", "C#", "C#", "C#", "C#", "C#", "C#", "C#", "C#", "C#", "C#", "C#", "C#", "C#", "C#", "C#", "C#", "C#", "C#", "C#", "C#", "C#", "C#", "C#", "C#"]
}
}