{"lowlevel.dissonance.mean": [-0.1444416642189026], "sfx.inharmonicity.mean": [1.1043193340301514], "lowlevel.spectral_contrast.mean": [[0.6726183891296387, 1.191636085510254, 0.9620420932769775, 0.867295503616333, 0.4747428894042969, 0.3385453224182129]], "lowlevel.spectral_centroid.mean": [0.3593235909938812], "lowlevel.mfcc.mean": [[0.3971855640411377, 0.8026150465011597, 0.5308141112327576, 0.04330843687057495, 0.24126915633678436, 0.23682957887649536, 0.09466797113418579, 0.05175197124481201, 0.3532560467720032, 0.41366639733314514, 0.42402172088623047, 0.42766761779785156, 0.39595216512680054]], "sfx.logattacktime.mean": [0.4373510181903839], "lowlevel.hfc.mean": [0.46877580881118774]}