{
"metadata": {
    "version": {
        "essentia": "2.1-beta2"
    }
},
"lowLevel": {
    "average_loudness": 0.99068403244,
    "barkbands_kurtosis": {
        "mean": 11.7290687561
    },
    "barkbands_skewness": {
        "mean": -1.23648369312
    },
    "barkbands_spread": {
        "mean": 8.79132461548
    },
    "dissonance": {
        "mean": 0.479472309351
    },
    "hfc": {
        "mean": 0.152618691325
    },
    "pitch": {
        "mean": 1348.7800293
    },
    "pitch_instantaneous_confidence": {
        "mean": 0.591171443462
    },
    "pitch_salience": {
        "mean": 0.607142567635
    },
    "silence_rate_20dB": {
        "mean": 1
    },
    "silence_rate_30dB": {
        "mean": 1
    },
    "silence_rate_60dB": {
        "mean": 1
    },
    "spectral_centroid": {
        "mean": 3127.65869141
    },
    "spectral_complexity": {
        "mean": 0.20000000298
    },
    "spectral_crest": {
        "mean": 12.7722024918
    },
    "spectral_decrease": {
        "mean": -1.78071273005e-11
    },
    "spectral_energy": {
        "mean": 8.10510391602e-05
    },
    "spectral_energyband_high": {
        "mean": 8.78815797023e-07
    },
    "spectral_energyband_low": {
        "mean": 1.94972116674e-07
    },
    "spectral_energyband_middle_high": {
        "mean": 7.97211396275e-05
    },
    "spectral_energyband_middle_low": {
        "mean": 1.07923447956e-07
    },
    "spectral_flatness_db": {
        "mean": 0.221476227045
    },
    "spectral_flux": {
        "mean": 0.00455237785354
    },
    "spectral_kurtosis": {
        "mean": 17.750125885
    },
    "spectral_rms": {
        "mean": 0.000202291688765
    },
    "spectral_rolloff": {
        "mean": 4711.46386719
    },
    "spectral_skewness": {
        "mean": 3.26129841805
    },
    "spectral_spread": {
        "mean": 10612702
    },
    "spectral_strongpeak": {
        "mean": 0.220203354955
    },
    "zerocrossingrate": {
        "mean": 0.144694015384
    },
    "barkbands": {
        "mean": [2.50157029313e-07, 9.53712913088e-08, 2.49011167242e-09, 4.89373519486e-09, 1.57064494744e-08, 1.46152006053e-08, 5.50553380663e-09, 4.4886746764e-08, 2.04066292753e-08, 4.9526757806e-08, 6.26151432925e-08, 1.00941107917e-07, 2.5001830295e-07, 2.58552245214e-05, 4.37838971266e-05, 2.19584899241e-06, 1.82094868251e-06, 1.93009691429e-06, 3.29757017425e-06, 7.57051907385e-07, 3.63622376653e-07, 6.79124880776e-08, 5.39601678895e-08, 4.19995904721e-09, 2.59215293674e-09, 6.90852208773e-10, 4.50310205791e-10]
    },
    "mfcc": {
        "mean": [-1045.46838379, 10.8236885071, -67.3359069824, 17.9474773407, 38.165222168, 7.54504156113, -5.86943864822, -10.1089925766, 4.18453454971, 24.692937851, 13.2870550156, -11.3681201935, -6.42434930801]
    },
    "sccoeffs": {
        "mean": [-0.834235906601, -0.855402290821, -0.906414091587, -0.725916266441, -0.802658259869, -0.828735411167]
    },
    "scvalleys": {
        "mean": [-12.0541858673, -12.6518564224, -12.5141172409, -11.5313663483, -12.0273523331, -14.3164615631]
    }
},
"rhythm": {
    "bpm": 0,
    "first_peak_bpm": {
        "mean": 0
    },
    "first_peak_spread": {
        "mean": 0
    },
    "first_peak_weight": {
        "mean": 0
    },
    "onset_rate": 3.19010424614,
    "second_peak_bpm": {
        "mean": 0
    },
    "second_peak_spread": {
        "mean": 0
    },
    "second_peak_weight": {
        "mean": 0
    },
    "beats_position": [],
    "bpm_estimates": [],
    "bpm_intervals": [],
    "onset_times": [0.0348299331963]
},
"sfx": {
    "inharmonicity": {
        "mean": 0.0639965161681
    },
    "oddtoevenharmonicenergyratio": {
        "mean": 6.95543527603
    },
    "pitch_after_max_to_before_max_energy_ratio": 0.150092795491,
    "pitch_centroid": 7.02979707718,
    "pitch_max_to_total": 0.933333337307,
    "pitch_min_to_total": 0.733333349228,
    "tristimulus": {
        "mean": [0.164697557688, 0.630851507187, 0.0558459237218]
    }
},
"tonal": {
    "chords_changes_rate": 0,
    "chords_number_rate": 0.125,
    "chords_strength": {
        "mean": 0.331517487764
    },
    "key_strength": 0.325784474611,
    "tuning_diatonic_strength": 0.284938961267,
    "tuning_equal_tempered_deviation": 0.216070026159,
    "tuning_frequency": 442.293365479,
    "tuning_nontempered_energy_ratio": 0.853785812855,
    "hpcp": {
        "mean": [0.436851352453, 0.247736901045, 0.131340563297, 0.090824753046, 0.0501626096666, 0.0858401954174, 0.0645589306951, 0.0285599939525, 0.020735360682, 0.0195936225355, 0.0872547253966, 0.126967251301, 0.0597660765052, 0.013184226118, 0.0161885078996, 0.0285779554397, 0.0294029470533, 0.0389140658081, 0.0645110309124, 0.0548313036561, 0.020408924669, 0.00786837004125, 0.0135786440223, 0.0196078158915, 0.0114188389853, 0.0042428560555, 0.00813672412187, 0.0420439690351, 0.122993782163, 0.51523655653, 0.683156430721, 0.294580429792, 0.156146526337, 0.374837845564, 0.44328853488, 0.426452338696]
    },
    "chords_histogram": [0, 0, 0, 0, 0, 100, 0, 0, 0, 0, 0, 0, 0, 0, 0, 0, 0, 0, 0, 0, 0, 0, 0, 0],
    "thpcp": [1, 0.431204944849, 0.228566288948, 0.548685252666, 0.64888292551, 0.624238193035, 0.639460206032, 0.362635672092, 0.192255467176, 0.132948696613, 0.0734277069569, 0.125652328134, 0.0945009514689, 0.0418059341609, 0.0303522869945, 0.0286810193211, 0.127722904086, 0.185853853822, 0.0874852016568, 0.0192989856005, 0.0236966349185, 0.0418322272599, 0.0430398434401, 0.056962158531, 0.0944308340549, 0.0802617073059, 0.0298744533211, 0.0115176700056, 0.0198763310909, 0.0287017952651, 0.0167148225009, 0.00621066568419, 0.0119104841724, 0.0615436919034, 0.180037513375, 0.754199981689],
    "chords_key": "C",
    "chords_scale": "major",
    "key_key": "G",
    "key_scale": "minor",
    "chords_progression": ["C", "C", "C", "C", "C", "C", "C", "C"]
}
}