{
"metadata": {
    "version": {
        "essentia": "2.1-beta2"
    }
},
"lowLevel": {
    "average_loudness": 0.165429875255,
    "barkbands_kurtosis": {
        "mean": 86.0309295654
    },
    "barkbands_skewness": {
        "mean": 5.73097896576
    },
    "barkbands_spread": {
        "mean": 6.30403470993
    },
    "dissonance": {
        "mean": 0.284737586975
    },
    "hfc": {
        "mean": 4.87723016739
    },
    "pitch": {
        "mean": 485.989349365
    },
    "pitch_instantaneous_confidence": {
        "mean": 0.955777347088
    },
    "pitch_salience": {
        "mean": 0.267346650362
    },
    "silence_rate_20dB": {
        "mean": 1
    },
    "silence_rate_30dB": {
        "mean": 1
    },
    "silence_rate_60dB": {
        "mean": 0.927536249161
    },
    "spectral_centroid": {
        "mean": 906.807128906
    },
    "spectral_complexity": {
        "mean": 1.50724637508
    },
    "spectral_crest": {
        "mean": 17.3300228119
    },
    "spectral_decrease": {
        "mean": -4.06632644223e-10
    },
    "spectral_energy": {
        "mean": 0.00197710725479
    },
    "spectral_energyband_high": {
        "mean": 0.000298460188787
    },
    "spectral_energyband_low": {
        "mean": 5.00953283336e-05
    },
    "spectral_energyband_middle_high": {
        "mean": 0.00103845540434
    },
    "spectral_energyband_middle_low": {
        "mean": 0.000605763460044
    },
    "spectral_flatness_db": {
        "mean": 0.427846342325
    },
    "spectral_flux": {
        "mean": 0.00634052744135
    },
    "spectral_kurtosis": {
        "mean": 14.99913311
    },
    "spectral_rms": {
        "mean": 0.00047962271492
    },
    "spectral_rolloff": {
        "mean": 1246.8972168
    },
    "spectral_skewness": {
        "mean": 2.94692158699
    },
    "spectral_spread": {
        "mean": 17743886
    },
    "spectral_strongpeak": {
        "mean": 0.429655283689
    },
    "zerocrossingrate": {
        "mean": 0.0448404960334
    },
    "barkbands": {
        "mean": [2.32383194998e-06, 1.59001501743e-05, 1.98302532226e-05, 5.85717825743e-05, 0.000398417614633, 3.51549533661e-05, 5.59873842576e-05, 2.34252802329e-05, 3.17202066071e-05, 5.32744661541e-06, 9.16267308639e-05, 7.2081752478e-06, 4.24058125645e-05, 0.000218623797991, 0.000130646163598, 4.85548407596e-05, 9.59745957516e-05, 0.000315384124406, 5.50986769667e-05, 3.61756610801e-05, 5.05253192387e-05, 5.66521848668e-05, 3.79825796699e-05, 7.35012363293e-05, 3.70896341337e-05, 2.44302827923e-05, 8.56727911014e-06]
    },
    "mfcc": {
        "mean": [-1055.55114746, 32.5526313782, -17.5031051636, -4.71269845963, -5.90081691742, -18.8159732819, -19.8322086334, -12.1564731598, -3.29191398621, 11.9012718201, 18.3115272522, 15.8843679428, 15.9701547623]
    },
    "sccoeffs": {
        "mean": [-0.826893925667, -0.470077514648, -0.724569916725, -0.653552889824, -0.78902977705, -0.892625153065]
    },
    "scvalleys": {
        "mean": [-14.3269586563, -13.8381309509, -13.615814209, -13.8374090195, -14.1987075806, -14.5157146454]
    }
},
"rhythm": {
    "beats_loudness": {
        "mean": 8.6712439952e-05
    },
    "bpm": 109.956787109,
    "first_peak_bpm": {
        "mean": 110
    },
    "first_peak_spread": {
        "mean": 0
    },
    "first_peak_weight": {
        "mean": 1
    },
    "onset_rate": 0.31565836072,
    "second_peak_bpm": {
        "mean": 0
    },
    "second_peak_spread": {
        "mean": 0
    },
    "second_peak_weight": {
        "mean": 0
    },
    "beats_loudness_band_ratio": {
        "mean": [8.44425376272e-05, 1.45003677972e-05, 0.8504088521, 0.085910782218, 0.0618624687195, 0.00172522978391]
    },
    "beats_position": [0.53405892849, 1.07972788811, 1.62539684772, 2.17106580734, 2.71673464775],
    "bpm_estimates": [109.95677948, 109.95677948, 109.95677948, 109.956802368],
    "bpm_intervals": [0.545668959618, 0.545668959618, 0.545668959618, 0.545668840408],
    "onset_times": [0.0232199542224]
},
"sfx": {
    "inharmonicity": {
        "mean": 0.014650201425
    },
    "oddtoevenharmonicenergyratio": {
        "mean": 4899.67626953
    },
    "pitch_after_max_to_before_max_energy_ratio": 0.00847751740366,
    "pitch_centroid": 69.3964080811,
    "pitch_max_to_total": 0.985507249832,
    "pitch_min_to_total": 0,
    "tristimulus": {
        "mean": [0.594704687595, 0.385376155376, 0.0177127961069]
    }
},
"tonal": {
    "chords_changes_rate": 0.0142857143655,
    "chords_number_rate": 0.0285714287311,
    "chords_strength": {
        "mean": 0.367495685816
    },
    "key_strength": 0.596125245094,
    "tuning_diatonic_strength": 0.409983843565,
    "tuning_equal_tempered_deviation": 0.159051939845,
    "tuning_frequency": 443.316436768,
    "tuning_nontempered_energy_ratio": 0.65997338295,
    "hpcp": {
        "mean": [0.00350227719173, 0.00025185814593, 0.000725753663573, 0.00106901989784, 0.0210152044892, 0.613416910172, 0.943725824356, 0.351461946964, 0.000708299747203, 0.000500501308125, 0.00271573616192, 0.00433985656127, 0.00355451321229, 0.00174888584297, 0.00029817270115, 0.000107244217361, 0.00364632182755, 0.0169756878167, 0.0158434156328, 0.00311113428324, 0.000866095360834, 0.00025931338314, 0.000114641021355, 0.000282898778096, 0.00072403223021, 0.0026880777441, 0.110347181559, 0.186601504683, 0.080026589334, 0.00490370718762, 0.0204777792096, 0.0243726540357, 0.00766257895157, 0.000761044211686, 0.00439933128655, 0.00750134931877]
    },
    "chords_histogram": [0, 0, 47.1428565979, 0, 0, 0, 0, 0, 0, 52.8571434021, 0, 0, 0, 0, 0, 0, 0, 0, 0, 0, 0, 0, 0, 0],
    "thpcp": [1, 0.372419536114, 0.000750535517, 0.000530346122105, 0.00287767499685, 0.00459864130244, 0.00376646802761, 0.00185317150317, 0.000315952667734, 0.000113639165647, 0.00386375118978, 0.0179879441857, 0.0167881548405, 0.00329665048048, 0.000917740457226, 0.000274776190054, 0.000121477038192, 0.000299767969409, 0.000767206132878, 0.00284836720675, 0.116927161813, 0.197728514671, 0.0847985595465, 0.00519611407071, 0.0216988641769, 0.025825990364, 0.00811949651688, 0.000806425116025, 0.00466166250408, 0.00794865284115, 0.00371111719869, 0.000266876391834, 0.000769030186348, 0.0011327653192, 0.0222683362663, 0.649994850159],
    "chords_key": "B",
    "chords_scale": "major",
    "key_key": "E",
    "key_scale": "minor",
    "chords_progression": ["B", "B", "B", "B", "B", "B", "B", "B", "B", "B", "B", "B", "B", "B", "B", "B", "B", "B", "B", "B", "B", "B", "B", "B", "B", "B", "B", "B", "B", "B", "B", "B", "B", "B", "B", "B", "B", "Bm", "Bm", "Bm", "Bm", "Bm", "Bm", "Bm", "Bm", "Bm", "Bm", "Bm", "Bm", "Bm", "Bm", "Bm", "Bm", "Bm", "Bm", "Bm", "Bm", "Bm", "Bm", "Bm", "Bm", "Bm", "Bm", "Bm", "Bm", "Bm", "Bm", "Bm", "Bm", "Bm"]
}
}