{
"metadata": {
    "version": {
        "essentia": "2.1-beta2"
    }
},
"lowLevel": {
    "average_loudness": 0.985214412212,
    "barkbands_kurtosis": {
        "mean": 17.1398868561
    },
    "barkbands_skewness": {
        "mean": 0.955530464649
    },
    "barkbands_spread": {
        "mean": 18.9929084778
    },
    "dissonance": {
        "mean": 0.407848775387
    },
    "hfc": {
        "mean": 2.41247582436
    },
    "pitch": {
        "mean": 361.858093262
    },
    "pitch_instantaneous_confidence": {
        "mean": 0.864766597748
    },
    "pitch_salience": {
        "mean": 0.463245272636
    },
    "silence_rate_20dB": {
        "mean": 1
    },
    "silence_rate_30dB": {
        "mean": 1
    },
    "silence_rate_60dB": {
        "mean": 0.877192974091
    },
    "spectral_centroid": {
        "mean": 1053.3548584
    },
    "spectral_complexity": {
        "mean": 4.90643262863
    },
    "spectral_crest": {
        "mean": 14.8788938522
    },
    "spectral_decrease": {
        "mean": -4.85171236519e-10
    },
    "spectral_energy": {
        "mean": 0.00204996275716
    },
    "spectral_energyband_high": {
        "mean": 8.85037934495e-06
    },
    "spectral_energyband_low": {
        "mean": 2.66188067144e-06
    },
    "spectral_energyband_middle_high": {
        "mean": 0.000939697551075
    },
    "spectral_energyband_middle_low": {
        "mean": 0.00109626806807
    },
    "spectral_flatness_db": {
        "mean": 0.272276252508
    },
    "spectral_flux": {
        "mean": 0.00778337242082
    },
    "spectral_kurtosis": {
        "mean": 14.5969333649
    },
    "spectral_rms": {
        "mean": 0.00126040412579
    },
    "spectral_rolloff": {
        "mean": 1936.97900391
    },
    "spectral_skewness": {
        "mean": 3.16694426537
    },
    "spectral_spread": {
        "mean": 6770836
    },
    "spectral_strongpeak": {
        "mean": 0.540501534939
    },
    "zerocrossingrate": {
        "mean": 0.0629026144743
    },
    "barkbands": {
        "mean": [4.81070264868e-06, 5.51609900867e-07, 1.99642144594e-07, 5.10126589859e-08, 6.35538469851e-07, 0.00105030753184, 7.9991596067e-06, 3.82348929406e-07, 3.59097903129e-05, 1.14748740998e-06, 5.76706042921e-07, 9.37365402933e-05, 2.56465264101e-05, 7.61659321142e-05, 0.000375287490897, 0.000137021299452, 2.64912414423e-05, 0.000161937961821, 2.02343017008e-05, 2.63718848146e-05, 3.55140332431e-06, 4.56139360949e-07, 1.95717561269e-07, 1.72460644876e-07, 9.17538756084e-08, 3.00390752273e-08, 5.54769785666e-09]
    },
    "mfcc": {
        "mean": [-884.013977051, 92.1156234741, -75.2061157227, 18.4251842499, 10.1654987335, -13.2429943085, -14.6821804047, -21.4591693878, -17.4344921112, -10.4499568939, -7.48979377747, -3.53167080879, 13.7564973831]
    },
    "sccoeffs": {
        "mean": [-0.773985385895, -0.474086999893, -0.644967019558, -0.654099524021, -0.718735456467, -0.837145626545]
    },
    "scvalleys": {
        "mean": [-9.31832122803, -10.0918560028, -10.0188560486, -9.9899520874, -10.2010335922, -11.7539405823]
    }
},
"rhythm": {
    "beats_loudness": {
        "mean": 0.00271234265529
    },
    "bpm": 136.918075562,
    "first_peak_bpm": {
        "mean": 136
    },
    "first_peak_spread": {
        "mean": 0.25
    },
    "first_peak_weight": {
        "mean": 0.428571432829
    },
    "onset_rate": 2.79472494125,
    "second_peak_bpm": {
        "mean": 144
    },
    "second_peak_spread": {
        "mean": 0.33333337307
    },
    "second_peak_weight": {
        "mean": 0.285714298487
    },
    "beats_loudness_band_ratio": {
        "mean": [0.00216392893344, 0.52512472868, 0.0373999364674, 0.10858489573, 0.323956668377, 0.0230225268751]
    },
    "beats_position": [0.417959183455, 0.859138309956, 1.27709746361, 1.68344664574, 2.11301589012, 2.55419492722, 2.99537420273, 3.41333317757],
    "bpm_estimates": [135.999176025, 139.674804688, 135.999206543, 135.999130249],
    "bpm_intervals": [0.441179126501, 0.417959153652, 0.406349182129, 0.429569244385, 0.441179037094, 0.441179275513, 0.417958974838],
    "onset_times": [0.0928798168898, 0.301859408617, 0.696598649025, 1.24226760864, 1.55573701859, 1.86920630932, 1.98530614376, 2.14784574509, 2.40326523781, 3.78485250473, 3.90095233917]
},
"sfx": {
    "inharmonicity": {
        "mean": 0.0181948766112
    },
    "oddtoevenharmonicenergyratio": {
        "mean": 4.14192295074
    },
    "pitch_after_max_to_before_max_energy_ratio": 0.356055378914,
    "pitch_centroid": 91.8814315796,
    "pitch_max_to_total": 0.982456147671,
    "pitch_min_to_total": 0.0116959065199,
    "tristimulus": {
        "mean": [0.529243707657, 0.389399707317, 0.0804825052619]
    }
},
"tonal": {
    "chords_changes_rate": 0.0116279069334,
    "chords_number_rate": 0.0232558138669,
    "chords_strength": {
        "mean": 0.575215935707
    },
    "key_strength": 0.598719656467,
    "tuning_diatonic_strength": 0.448948025703,
    "tuning_equal_tempered_deviation": 0.143528670073,
    "tuning_frequency": 439.491973877,
    "tuning_nontempered_energy_ratio": 0.720012545586,
    "hpcp": {
        "mean": [0.0215818528086, 0.0511423274875, 0.192629814148, 0.213077604771, 0.0620382390916, 0.00382349384017, 0.00474469084293, 0.00846755411476, 0.0100064389408, 0.00710117258132, 0.00579396169633, 0.0656781494617, 0.157599359751, 0.119207449257, 0.033133264631, 0.0134760988876, 0.00537664070725, 0.00426911748946, 0.00610092980787, 0.0104280514643, 0.0172164943069, 0.0134866060689, 0.0179393328726, 0.0533403009176, 0.0500167310238, 0.0763896778226, 0.54057598114, 0.858007133007, 0.417844235897, 0.052364077419, 0.0409360490739, 0.0499818585813, 0.0541979782283, 0.0411029718816, 0.0221488829702, 0.0185372661799]
    },
    "chords_histogram": [94.1860427856, 0, 0, 0, 0, 0, 0, 0, 0, 0, 0, 0, 0, 0, 0, 0, 0, 5.81395339966, 0, 0, 0, 0, 0, 0],
    "thpcp": [1, 0.486993908882, 0.0610298849642, 0.0477106161416, 0.0582534298301, 0.0631672814488, 0.0479051619768, 0.0258143339306, 0.0216050259769, 0.025153465569, 0.0596059449017, 0.224508404732, 0.248340129852, 0.0723050385714, 0.00445624953136, 0.00552989682183, 0.0098688621074, 0.0116624189541, 0.00827635638416, 0.00675281276926, 0.0765473246574, 0.183680713177, 0.138935267925, 0.0386165380478, 0.0157062783837, 0.00626642908901, 0.00497562019154, 0.00711058173329, 0.0121538052335, 0.0200656782836, 0.0157185252756, 0.0209081396461, 0.0621676668525, 0.0582940727472, 0.0890315175056, 0.630036711693],
    "chords_key": "F#",
    "chords_scale": "major",
    "key_key": "F#",
    "key_scale": "major",
    "chords_progression": ["F#m", "F#m", "F#m", "F#m", "F#m", "F#", "F#", "F#", "F#", "F#", "F#", "F#", "F#", "F#", "F#", "F#", "F#", "F#", "F#", "F#", "F#", "F#", "F#", "F#", "F#", "F#", "F#", "F#", "F#", "F#", "F#", "F#", "F#", "F#", "F#", "F#", "F#", "F#", "F#", "F#", "F#", "F#", "F#", "F#", "F#", "F#", "F#", "F#", "F#", "F#", "F#", "F#", "F#", "F#", "F#", "F#", "F#", "F#", "F#", "F#", "F#", "F#", "F#", "F#", "F#", "F#", "F#", "F#", "F#", "F#", "F#", "F#", "F#", "F#", "F#", "F#", "F#", "F#", "F#", "F#", "F#", "F#", "F#", "F#", "F#", "F#"]
}
}