{
"metadata": {
    "version": {
        "essentia": "2.1-beta2"
    }
},
"lowLevel": {
    "average_loudness": 0.962469816208,
    "barkbands_kurtosis": {
        "mean": 17.4860057831
    },
    "barkbands_skewness": {
        "mean": 3.49187970161
    },
    "barkbands_spread": {
        "mean": 6.03311014175
    },
    "dissonance": {
        "mean": 0.331980675459
    },
    "hfc": {
        "mean": 32.9562530518
    },
    "pitch": {
        "mean": 281.370697021
    },
    "pitch_instantaneous_confidence": {
        "mean": 0.844869971275
    },
    "pitch_salience": {
        "mean": 0.274943113327
    },
    "silence_rate_20dB": {
        "mean": 1
    },
    "silence_rate_30dB": {
        "mean": 0.904255330563
    },
    "silence_rate_60dB": {
        "mean": 0.170212760568
    },
    "spectral_centroid": {
        "mean": 605.043823242
    },
    "spectral_complexity": {
        "mean": 12.824467659
    },
    "spectral_crest": {
        "mean": 21.0087108612
    },
    "spectral_decrease": {
        "mean": -1.38828184504e-08
    },
    "spectral_energy": {
        "mean": 0.0553860515356
    },
    "spectral_energyband_high": {
        "mean": 0.000117827570648
    },
    "spectral_energyband_low": {
        "mean": 2.27340319725e-06
    },
    "spectral_energyband_middle_high": {
        "mean": 0.00609802966937
    },
    "spectral_energyband_middle_low": {
        "mean": 0.0491869151592
    },
    "spectral_flatness_db": {
        "mean": 0.302302181721
    },
    "spectral_flux": {
        "mean": 0.0193855371326
    },
    "spectral_kurtosis": {
        "mean": 21.8137187958
    },
    "spectral_rms": {
        "mean": 0.00658806692809
    },
    "spectral_rolloff": {
        "mean": 739.459106445
    },
    "spectral_skewness": {
        "mean": 3.70477414131
    },
    "spectral_spread": {
        "mean": 5374273.5
    },
    "spectral_strongpeak": {
        "mean": 3.20005822182
    },
    "zerocrossingrate": {
        "mean": 0.033156376332
    },
    "barkbands": {
        "mean": [3.97595340473e-06, 4.99629379647e-07, 2.40448287059e-07, 1.97582426154e-06, 0.000437073438661, 0.00367749342695, 0.0441122204065, 0.000411465909565, 0.000520472298376, 0.00056716799736, 0.000383837934351, 0.00101542274933, 0.000597117061261, 0.000521851528902, 0.000308237649733, 0.000836437684484, 0.000168653714354, 0.00129480881151, 0.000297456601402, 0.000134044719744, 7.44855278754e-05, 1.47476948769e-05, 4.43675071438e-06, 1.46834679526e-06, 4.49937914482e-07, 1.33538492264e-07, 2.61577710603e-08]
    },
    "mfcc": {
        "mean": [-761.495422363, 132.483444214, -70.3695907593, 1.88683903217, -35.5598754883, -27.0473823547, -27.5147895813, -20.0833683014, -22.5171203613, -15.9125900269, 1.33950090408, 10.9797878265, 2.31956171989]
    },
    "sccoeffs": {
        "mean": [-0.645025730133, -0.321474462748, -0.553524196148, -0.583387374878, -0.662309467793, -0.778414607048]
    },
    "scvalleys": {
        "mean": [-8.64953899384, -8.62664031982, -9.4442024231, -9.11490631104, -9.47738361359, -11.0734853745]
    }
},
"rhythm": {
    "beats_loudness": {
        "mean": 0.0613282509148
    },
    "bpm": 119.404907227,
    "first_peak_bpm": {
        "mean": 120
    },
    "first_peak_spread": {
        "mean": 0.285714268684
    },
    "first_peak_weight": {
        "mean": 0.714285731316
    },
    "onset_rate": 0.231482699513,
    "second_peak_bpm": {
        "mean": 0
    },
    "second_peak_spread": {
        "mean": 0
    },
    "second_peak_weight": {
        "mean": 0
    },
    "beats_loudness_band_ratio": {
        "mean": [0.105569116771, 0.256526887417, 0.795776307583, 0.0378672778606, 0.0312033388764, 0.00482885492966]
    },
    "beats_position": [0.476009070873, 0.975238084793, 1.47446703911, 1.97369611263, 2.47292518616, 2.9837641716, 3.48299312592, 3.99383211136],
    "bpm_estimates": [120.185325623, 120.185333252, 120.185310364, 120.185310364, 117.453842163, 120.185333252, 117.453842163],
    "bpm_intervals": [0.49922901392, 0.499228954315, 0.499229073524, 0.499229073524, 0.510838985443, 0.499228954315, 0.510838985443],
    "onset_times": [0.0928798168898]
},
"sfx": {
    "inharmonicity": {
        "mean": 0.0247452948242
    },
    "oddtoevenharmonicenergyratio": {
        "mean": 45.3880081177
    },
    "pitch_after_max_to_before_max_energy_ratio": 0.319145351648,
    "pitch_centroid": 107.372238159,
    "pitch_max_to_total": 0.994680821896,
    "pitch_min_to_total": 0.952127635479,
    "tristimulus": {
        "mean": [0.13293287158, 0.818995058537, 0.0352756939828]
    }
},
"tonal": {
    "chords_changes_rate": 0,
    "chords_number_rate": 0.0105263162404,
    "chords_strength": {
        "mean": 0.567638456821
    },
    "key_strength": 0.574633538723,
    "tuning_diatonic_strength": 0.544974982738,
    "tuning_equal_tempered_deviation": 0.10981760174,
    "tuning_frequency": 443.316436768,
    "tuning_nontempered_energy_ratio": 0.613039433956,
    "hpcp": {
        "mean": [0.00759945809841, 0.00783875863999, 0.00889753550291, 0.00654109381139, 0.00358368409798, 0.00396683765575, 0.00609993375838, 0.0117930462584, 0.032895270735, 0.0465356335044, 0.0304506924003, 0.0167006198317, 0.0192486941814, 0.0220641922206, 0.0201290138066, 0.0143791483715, 0.0119947977364, 0.0258849915117, 0.0320727154613, 0.0158853791654, 0.00603662710637, 0.0084430957213, 0.0249802116305, 0.0339345596731, 0.021711146459, 0.0264059174806, 0.0318101420999, 0.0196740962565, 0.0303038638085, 0.0349287800491, 0.027688857168, 0.112858735025, 0.627443790436, 0.886242330074, 0.360578685999, 0.00944784842432]
    },
    "chords_histogram": [0, 0, 100, 0, 0, 0, 0, 0, 0, 0, 0, 0, 0, 0, 0, 0, 0, 0, 0, 0, 0, 0, 0, 0],
    "thpcp": [1, 0.406862407923, 0.0106605701149, 0.00857492070645, 0.00884493812919, 0.0100396191701, 0.00738070579246, 0.00404368434101, 0.00447601918131, 0.00688291853294, 0.0133067965508, 0.0371176935732, 0.0525089278817, 0.0343593284488, 0.0188443046063, 0.0217194482684, 0.0248963423073, 0.0227127652615, 0.0162248499691, 0.0135344443843, 0.0292075779289, 0.0361895561218, 0.0179244186729, 0.00681148609146, 0.00952684786171, 0.02818666026, 0.0382903851569, 0.0244979802519, 0.0297953691334, 0.0358932763338, 0.022199453786, 0.0341936536133, 0.0394122228026, 0.031242987141, 0.127345234156, 0.707982182503],
    "chords_key": "G#",
    "chords_scale": "major",
    "key_key": "C#",
    "key_scale": "major",
    "chords_progression": ["G#", "G#", "G#", "G#", "G#", "G#", "G#", "G#", "G#", "G#", "G#", "G#", "G#", "G#", "G#", "G#", "G#", "G#", "G#", "G#", "G#", "G#", "G#", "G#", "G#", "G#", "G#", "G#", "G#", "G#", "G#", "G#", "G#", "G#", "G#", "G#", "G#", "G#", "G#", "G#", "G#", "G#", "G#", "G#", "G#", "G#", "G#", "G#", "G#", "G#", "G#", "G#", "G#", "G#", "G#", "G#", "G#", "G#", "G#", "G#", "G#", "G#", "G#", "G#", "G#", "G#", "G#", "G#", "G#", "G#", "G#", "G#", "G#", "G#", "G#", "G#", "G#", "G#", "G#", "G#", "G#", "G#", "G#", "G#", "G#", "G#", "G#", "G#", "G#", "G#", "G#", "G#", "G#", "G#", "G#"]
}
}