{"lowlevel.dissonance.mean": [0.10824894905090332], "sfx.inharmonicity.mean": [0.2586289644241333], "lowlevel.spectral_contrast.mean": [[0.8096059560775757, 0.41051530838012695, 0.29801511764526367, 0.2964298725128174, 0.29331374168395996, 0.2905285358428955]], "lowlevel.spectral_centroid.mean": [0.37794560194015503], "lowlevel.mfcc.mean": [[0.2599550485610962, 0.22041626274585724, 0.5393611788749695, 0.5253200531005859, 0.521794855594635, 0.43439969420433044, 0.4281894564628601, 0.3113342523574829, 0.27775073051452637, 0.20933663845062256, 0.1428391933441162, 0.1262630820274353, 0.059175342321395874]], "sfx.logattacktime.mean": [0.1752530038356781], "lowlevel.hfc.mean": [0.4710841178894043]}