{"lowlevel.dissonance.mean": [0.10731911659240723], "sfx.inharmonicity.mean": [0.25975391268730164], "lowlevel.spectral_contrast.mean": [[0.8239585161209106, 0.481738805770874, 0.42533957958221436, 0.3216211795806885, 0.31054067611694336, 0.28813719749450684]], "lowlevel.spectral_centroid.mean": [0.3860609531402588], "lowlevel.mfcc.mean": [[0.2578155994415283, 0.2294873595237732, 0.5383615493774414, 0.499432235956192, 0.4842514991760254, 0.3735891878604889, 0.37131017446517944, 0.27661576867103577, 0.26274025440216064, 0.19099155068397522, 0.11382067203521729, 0.09752720594406128, 0.049804359674453735]], "sfx.logattacktime.mean": [0.19186505675315857], "lowlevel.hfc.mean": [0.47206300497055054]}