{"lowlevel.dissonance.mean": [0.1335599422454834], "sfx.inharmonicity.mean": [0.3107496500015259], "lowlevel.spectral_contrast.mean": [[0.5772049427032471, 0.3291497230529785, 0.4264718294143677, 0.2393660545349121, 0.24217486381530762, 0.27039313316345215]], "lowlevel.spectral_centroid.mean": [0.3746829628944397], "lowlevel.mfcc.mean": [[0.19919180870056152, 0.2503436207771301, 0.5426830053329468, 0.46864402294158936, 0.4371759295463562, 0.3845329284667969, 0.4595816135406494, 0.4380219280719757, 0.42484211921691895, 0.2962768077850342, 0.17767006158828735, 0.10560604929924011, 0.07426607608795166]], "sfx.logattacktime.mean": [0.13142958283424377], "lowlevel.hfc.mean": [0.4707437753677368]}