{
"metadata": {
    "version": {
        "essentia": "2.1-beta2"
    }
},
"lowLevel": {
    "dissonance": {
        "mean": 0.0987173691392
    },
    "hfc": {
        "mean": 16.0853385925
    },
    "spectral_centroid": {
        "mean": 0.0279993843287
    },
    "mfcc": {
        "mean": [-862.449523926, 259.267852783, 47.1253738403, -45.3904838562, -44.0304946899, -24.5995140076, -31.8054847717, -40.7230567932, -18.9871616364, 3.20647192001, 8.31688308716, 4.97101211548, 6.05823802948, 2.90844035149, -20.1104183197, -28.6378917694, -12.0993824005, -5.29684782028, -8.37235355377, -5.24829006195, 1.77491748333, 1.96843194962, -1.80359077454, -1.32208693027, -3.47510957718, -4.20504236221, 0.499970942736, -0.186152338982, -3.22351789474, -6.82643318176, -13.364692688, -12.0661392212, -5.43574714661, -4.26613140106, -3.27024006844, 0.197725772858, 0.203389823437, -1.58640289307, -2.17752814293, -2.20408272743]
    },
    "spectral_contrast": {
        "mean": [-0.457260042429, -0.613311707973, -0.770667076111, -0.876570403576, -0.872825860977, -0.817092895508]
    }
},
"sfx": {
    "inharmonicity": {
        "mean": 0.254451781511
    },
    "logattacktime": {
        "mean": -5
    }
}
}