{"lowlevel.dissonance.mean": [0.7107986211776733], "sfx.inharmonicity.mean": [0.7647932767868042], "lowlevel.spectral_contrast.mean": [[0.25103044509887695, 0.3046143054962158, 0.24076294898986816, 0.7967178821563721, 0.6154534816741943, 0.593494176864624]], "lowlevel.spectral_centroid.mean": [0.5295239090919495], "lowlevel.mfcc.mean": [[0.22851955890655518, 0.20004841685295105, 0.02424722909927368, 0.5877333283424377, 1.0075798034667969, 0.581401526927948, 0.39098817110061646, 0.26461896300315857, 0.6054496765136719, 1.1287000179290771, 0.8821612596511841, 0.15400952100753784, 0.30344608426094055]], "sfx.logattacktime.mean": [0.20545238256454468], "lowlevel.hfc.mean": [0.4651537835597992]}