{
"metadata": {
    "version": {
        "essentia": "2.1-beta2"
    }
},
"lowLevel": {
    "average_loudness": 0.99068403244,
    "barkbands_kurtosis": {
        "mean": 4.81410646439
    },
    "barkbands_skewness": {
        "mean": -0.389045804739
    },
    "barkbands_spread": {
        "mean": 10.2828874588
    },
    "dissonance": {
        "mean": 0.468064546585
    },
    "hfc": {
        "mean": 16.6657447815
    },
    "pitch": {
        "mean": 1174.02478027
    },
    "pitch_instantaneous_confidence": {
        "mean": 0.489092230797
    },
    "pitch_salience": {
        "mean": 0.57725083828
    },
    "silence_rate_20dB": {
        "mean": 1
    },
    "silence_rate_30dB": {
        "mean": 1
    },
    "silence_rate_60dB": {
        "mean": 0.714285731316
    },
    "spectral_centroid": {
        "mean": 3658.38623047
    },
    "spectral_complexity": {
        "mean": 8.90476226807
    },
    "spectral_crest": {
        "mean": 7.77661943436
    },
    "spectral_decrease": {
        "mean": -9.04112451572e-10
    },
    "spectral_energy": {
        "mean": 0.00492396019399
    },
    "spectral_energyband_high": {
        "mean": 0.00108959246427
    },
    "spectral_energyband_low": {
        "mean": 2.45850657166e-07
    },
    "spectral_energyband_middle_high": {
        "mean": 0.0037572348956
    },
    "spectral_energyband_middle_low": {
        "mean": 8.88405556907e-05
    },
    "spectral_flatness_db": {
        "mean": 0.2340156883
    },
    "spectral_flux": {
        "mean": 0.028395505622
    },
    "spectral_kurtosis": {
        "mean": 3.20759987831
    },
    "spectral_rms": {
        "mean": 0.00144712475594
    },
    "spectral_rolloff": {
        "mean": 5354.58984375
    },
    "spectral_skewness": {
        "mean": 1.53376746178
    },
    "spectral_spread": {
        "mean": 11946459
    },
    "spectral_strongpeak": {
        "mean": 1.40818095207
    },
    "zerocrossingrate": {
        "mean": 0.173014327884
    },
    "barkbands": {
        "mean": [4.27578072504e-07, 8.56370334645e-08, 5.97271343494e-09, 6.6848078184e-09, 7.06135949713e-08, 4.83213611346e-08, 5.06604806105e-07, 4.08087680626e-06, 8.3923820057e-05, 2.16223725147e-06, 3.40309852618e-05, 7.70307015046e-05, 7.80986520112e-05, 0.000466923287604, 0.000344533269526, 0.000362742226571, 0.000369138957467, 0.000814015744254, 0.0010479236953, 0.000176591100171, 0.000373971706722, 0.000414884998463, 0.000128587329527, 6.29354835837e-05, 6.07305591984e-05, 1.9489783881e-05, 1.01551950138e-06]
    },
    "mfcc": {
        "mean": [-897.103881836, -65.5306015015, -83.0340423584, 28.2812099457, 17.8309192657, 4.53192520142, -17.0436134338, 8.55963993073, 13.1676988602, 14.8589553833, 10.1573390961, -5.99417304993, 6.53597021103]
    },
    "sccoeffs": {
        "mean": [-0.809416353703, -0.818696498871, -0.800919950008, -0.665333092213, -0.719704210758, -0.762837707996]
    },
    "scvalleys": {
        "mean": [-11.7637090683, -11.7486248016, -11.520190239, -10.6272754669, -9.98188972473, -11.1807861328]
    }
},
"rhythm": {
    "bpm": 0,
    "first_peak_bpm": {
        "mean": 0
    },
    "first_peak_spread": {
        "mean": 0
    },
    "first_peak_weight": {
        "mean": 0
    },
    "onset_rate": 2.25183820724,
    "second_peak_bpm": {
        "mean": 0
    },
    "second_peak_spread": {
        "mean": 0
    },
    "second_peak_weight": {
        "mean": 0
    },
    "beats_position": [],
    "bpm_estimates": [],
    "bpm_intervals": [],
    "onset_times": [0.0464399084449]
},
"sfx": {
    "inharmonicity": {
        "mean": 0.124271027744
    },
    "oddtoevenharmonicenergyratio": {
        "mean": 14.5091876984
    },
    "pitch_after_max_to_before_max_energy_ratio": 0.392784178257,
    "pitch_centroid": 10.5039014816,
    "pitch_max_to_total": 0.952380955219,
    "pitch_min_to_total": 0.619047641754,
    "tristimulus": {
        "mean": [0.144369721413, 0.604676485062, 0.173714846373]
    }
},
"tonal": {
    "chords_changes_rate": 0,
    "chords_number_rate": 0.0909090936184,
    "chords_strength": {
        "mean": 0.363527268171
    },
    "key_strength": 0.708215415478,
    "tuning_diatonic_strength": 0.403619647026,
    "tuning_equal_tempered_deviation": 0.233111649752,
    "tuning_frequency": 452.108886719,
    "tuning_nontempered_energy_ratio": 0.959449648857,
    "hpcp": {
        "mean": [0.103654026985, 0.107885248959, 0.13655975461, 0.102140262723, 0.211254402995, 0.538316965103, 0.424204081297, 0.135061010718, 0.197420120239, 0.176747381687, 0.132991328835, 0.148867741227, 0.237746566534, 0.464534252882, 0.444362938404, 0.18807245791, 0.0867355912924, 0.0673015043139, 0.0704002678394, 0.0647986456752, 0.093276232481, 0.138837426901, 0.130231067538, 0.103369407356, 0.0885915756226, 0.107661813498, 0.281957745552, 0.6959836483, 0.621975243092, 0.273975491524, 0.198389813304, 0.156798735261, 0.282067298889, 0.361425161362, 0.282845973969, 0.192886814475]
    },
    "chords_histogram": [0, 0, 0, 0, 0, 0, 0, 0, 0, 100, 0, 0, 0, 0, 0, 0, 0, 0, 0, 0, 0, 0, 0, 0],
    "thpcp": [1, 0.893663585186, 0.393652200699, 0.285049527884, 0.225290834904, 0.405278623104, 0.519301235676, 0.406397432089, 0.277142733335, 0.148931697011, 0.155011177063, 0.196211159229, 0.146756693721, 0.303533583879, 0.773462116718, 0.609502971172, 0.194057732821, 0.283656269312, 0.253953367472, 0.191083982587, 0.213895455003, 0.341597914696, 0.667449951172, 0.638467490673, 0.270225405693, 0.124623030424, 0.0966998338699, 0.101152189076, 0.0931036919355, 0.134020730853, 0.199483752251, 0.187117993832, 0.148522749543, 0.127289742231, 0.154690146446, 0.405121207237],
    "chords_key": "F#",
    "chords_scale": "major",
    "key_key": "B",
    "key_scale": "minor",
    "chords_progression": ["F#", "F#", "F#", "F#", "F#", "F#", "F#", "F#", "F#", "F#", "F#"]
}
}