{
"metadata": {
    "version": {
        "essentia": "2.1-beta2"
    }
},
"lowLevel": {
    "average_loudness": 0.99068403244,
    "barkbands_kurtosis": {
        "mean": 1.82484483719
    },
    "barkbands_skewness": {
        "mean": 0.921793222427
    },
    "barkbands_spread": {
        "mean": 5.3548078537
    },
    "dissonance": {
        "mean": 0.205889225006
    },
    "hfc": {
        "mean": 9.50529384613
    },
    "pitch": {
        "mean": 589.758300781
    },
    "pitch_instantaneous_confidence": {
        "mean": 0.948589920998
    },
    "pitch_salience": {
        "mean": 0.459296047688
    },
    "silence_rate_20dB": {
        "mean": 1
    },
    "silence_rate_30dB": {
        "mean": 0.985915482044
    },
    "silence_rate_60dB": {
        "mean": 0.732394337654
    },
    "spectral_centroid": {
        "mean": 998.104309082
    },
    "spectral_complexity": {
        "mean": 2.61971831322
    },
    "spectral_crest": {
        "mean": 17.966386795
    },
    "spectral_decrease": {
        "mean": -2.75772116254e-09
    },
    "spectral_energy": {
        "mean": 0.0112704336643
    },
    "spectral_energyband_high": {
        "mean": 5.99317936576e-05
    },
    "spectral_energyband_low": {
        "mean": 3.50182235707e-05
    },
    "spectral_energyband_middle_high": {
        "mean": 0.00341462041251
    },
    "spectral_energyband_middle_low": {
        "mean": 0.00778440432623
    },
    "spectral_flatness_db": {
        "mean": 0.67917317152
    },
    "spectral_flux": {
        "mean": 0.016773276031
    },
    "spectral_kurtosis": {
        "mean": 87.0858230591
    },
    "spectral_rms": {
        "mean": 0.00196206523106
    },
    "spectral_rolloff": {
        "mean": 1400.87158203
    },
    "spectral_skewness": {
        "mean": 7.61861515045
    },
    "spectral_spread": {
        "mean": 3609692.75
    },
    "spectral_strongpeak": {
        "mean": 1.32565045357
    },
    "zerocrossingrate": {
        "mean": 0.0525143034756
    },
    "barkbands": {
        "mean": [1.87741761692e-07, 7.62062313697e-07, 1.06248098746e-05, 8.94355980563e-05, 0.000252464378718, 0.000161705087521, 0.000110900946311, 0.00716623105109, 3.18419597534e-06, 9.38418963869e-07, 6.27557528787e-05, 0.00234665512107, 7.80172797477e-07, 0.000130969012389, 3.37751288271e-07, 0.000643674226012, 1.63009451626e-06, 0.000197302622837, 1.84347288723e-06, 2.89798263111e-05, 3.8035599573e-05, 1.1755721971e-05, 3.62974083146e-06, 3.76997491003e-06, 1.52510779117e-06, 2.91799494789e-07, 7.3001793055e-08]
    },
    "mfcc": {
        "mean": [-1012.82330322, 61.3166313171, -41.0537109375, -46.0506439209, -29.7764148712, -14.5833826065, -7.03994703293, 4.06900835037, 6.49113464355, -5.06735467911, 8.17132091522, 47.3524513245, 40.7945709229]
    },
    "sccoeffs": {
        "mean": [-0.840381026268, -0.346651285887, -0.419177055359, -0.722247958183, -0.62177914381, -0.892960906029]
    },
    "scvalleys": {
        "mean": [-12.8421020508, -12.1121177673, -12.2590866089, -13.1500930786, -13.9495325089, -14.456577301]
    }
},
"rhythm": {
    "beats_loudness": {
        "mean": 0.00494203390554
    },
    "bpm": 151.999084473,
    "first_peak_bpm": {
        "mean": 152
    },
    "first_peak_spread": {
        "mean": 0
    },
    "first_peak_weight": {
        "mean": 1
    },
    "onset_rate": 0.621897578239,
    "second_peak_bpm": {
        "mean": 0
    },
    "second_peak_spread": {
        "mean": 0
    },
    "second_peak_weight": {
        "mean": 0
    },
    "beats_loudness_band_ratio": {
        "mean": [6.22228435532e-06, 6.54124676203e-07, 0.568016707897, 0.419572114944, 0.0123703628778, 3.60027988791e-05]
    },
    "beats_position": [0.371519267559, 0.766258478165, 1.16099774837],
    "bpm_estimates": [151.999084473, 151.999069214],
    "bpm_intervals": [0.394739210606, 0.39473927021],
    "onset_times": [0.0232199542224]
},
"sfx": {
    "inharmonicity": {
        "mean": 0.0226751826704
    },
    "oddtoevenharmonicenergyratio": {
        "mean": 1.99333381653
    },
    "pitch_after_max_to_before_max_energy_ratio": 7.34895515442,
    "pitch_centroid": 35.1921691895,
    "pitch_max_to_total": 0,
    "pitch_min_to_total": 0.0140845067799,
    "tristimulus": {
        "mean": [0.37725970149, 0.604603290558, 0.0051444619894]
    }
},
"tonal": {
    "chords_changes_rate": 0,
    "chords_number_rate": 0.0277777779847,
    "chords_strength": {
        "mean": 0.449679911137
    },
    "key_strength": 0.574411153793,
    "tuning_diatonic_strength": 0.401081800461,
    "tuning_equal_tempered_deviation": 0.104349136353,
    "tuning_frequency": 443.060424805,
    "tuning_nontempered_energy_ratio": 0.647804439068,
    "hpcp": {
        "mean": [3.51640373992e-05, 0.000100841200037, 0.000105193401396, 0.000282881839667, 0.00317837274633, 0.0044134054333, 0.00164922128897, 0.000346620945493, 0.00233669439331, 0.016433602199, 0.0205893293023, 0.495920330286, 0.978043675423, 0.491675972939, 0.00351149681956, 0.000329115631757, 0.000121440119983, 0.00399762718007, 0.0134665919468, 0.0105391740799, 0.00105038122274, 0.000192016785149, 0.00111983576789, 0.00431350432336, 0.00397877162322, 0.000653486116789, 0.000165661258507, 0.00225974898785, 0.0232998859137, 0.0300271641463, 0.00946468301117, 0.00131101533771, 0.00225071422756, 0.003046087455, 0.0015207856195, 4.54219261883e-05]
    },
    "chords_histogram": [0, 0, 0, 0, 0, 0, 0, 100, 0, 0, 0, 0, 0, 0, 0, 0, 0, 0, 0, 0, 0, 0, 0, 0],
    "thpcp": [1, 0.502713739872, 0.0035903272219, 0.000336504017469, 0.000124166355818, 0.00408737082034, 0.0137689067051, 0.0107757700607, 0.00107396149542, 0.000196327411686, 0.00114497519098, 0.00441033905372, 0.00406809197739, 0.000668156368192, 0.000169380218722, 0.00231047859415, 0.0238229501992, 0.0307012517005, 0.00967715773731, 0.00134044664446, 0.00230124103837, 0.00311446981505, 0.00155492604245, 4.64416116301e-05, 3.59534424206e-05, 0.00010310500511, 0.000107554915303, 0.000289232324576, 0.00324972486123, 0.00451248278841, 0.0016862450866, 0.000354402320227, 0.00238915137015, 0.0168025232852, 0.0210515446961, 0.507053375244],
    "chords_key": "F#",
    "chords_scale": "major",
    "key_key": "F#",
    "key_scale": "minor",
    "chords_progression": ["F#", "F#", "F#", "F#", "F#", "F#", "F#", "F#", "F#", "F#", "F#", "F#", "F#", "F#", "F#", "F#", "F#", "F#", "F#", "F#", "F#", "F#", "F#", "F#", "F#", "F#", "F#", "F#", "F#", "F#", "F#", "F#", "F#", "F#", "F#", "F#"]
}
}