{
"metadata": {
    "version": {
        "essentia": "2.1-beta2"
    }
},
"lowLevel": {
    "dissonance": {
        "mean": 0.254175126553
    },
    "hfc": {
        "mean": 79.0959854126
    },
    "spectral_centroid": {
        "mean": 0.124989919364
    },
    "mfcc": {
        "mean": [-825.823181152, 73.3983612061, 38.8174095154, 36.6403083801, 7.76876735687, -8.09866046906, -15.2854909897, -18.7294368744, -18.9674186707, -16.8977146149, -21.6476154327, -17.3856525421, -21.2356853485, -15.2270030975, -12.5675268173, -13.6518344879, -12.3672657013, -12.7219438553, -12.8633127213, -11.239279747, -6.66382551193, -2.10096597672, -1.88851237297, 0.807589173317, 2.0775578022, 1.6755027771, 1.05882334709, 0.263916879892, 0.468390613794, 0.405775278807, -1.62312734127, -1.44932389259, -1.66622054577, -0.714290499687, -0.804477393627, -1.90569019318, -3.04012703896, -2.40440225601, -2.24061369896, -0.456077814102]
    },
    "spectral_contrast": {
        "mean": [-0.550340354443, -0.790538132191, -0.840499937534, -0.83430737257, -0.849152207375, -0.771458983421]
    }
},
"sfx": {
    "inharmonicity": {
        "mean": 0.0689303055406
    },
    "logattacktime": {
        "mean": -4.89119720459
    }
}
}