{"lowlevel.dissonance.mean": [0.57927405834198], "sfx.inharmonicity.mean": [0.5768356323242188], "lowlevel.spectral_contrast.mean": [[0.14592885971069336, 0.9051195383071899, 1.0435311794281006, 0.9357160329818726, 0.8442597389221191, 0.6795902252197266]], "lowlevel.spectral_centroid.mean": [0.47072434425354004], "lowlevel.mfcc.mean": [[0.4417322874069214, 0.2617315649986267, -0.2219160497188568, 0.23415474593639374, 0.2122332751750946, 0.3030097484588623, 0.1981474757194519, 0.20158487558364868, 0.23328247666358948, 0.20732975006103516, 0.29977917671203613, 0.4475334882736206, 0.6919311285018921]], "sfx.logattacktime.mean": [0.5025251507759094], "lowlevel.hfc.mean": [0.4729527235031128]}