{
"metadata": {
    "version": {
        "essentia": "2.1-beta2"
    }
},
"lowLevel": {
    "average_loudness": 0.95942568779,
    "barkbands_kurtosis": {
        "mean": 2.02518773079
    },
    "barkbands_skewness": {
        "mean": 0.45466119051
    },
    "barkbands_spread": {
        "mean": 13.907544136
    },
    "dissonance": {
        "mean": 0.455516755581
    },
    "hfc": {
        "mean": 32.4832725525
    },
    "pitch": {
        "mean": 631.596313477
    },
    "pitch_instantaneous_confidence": {
        "mean": 0.724139630795
    },
    "pitch_salience": {
        "mean": 0.751316606998
    },
    "silence_rate_20dB": {
        "mean": 1
    },
    "silence_rate_30dB": {
        "mean": 1
    },
    "silence_rate_60dB": {
        "mean": 0.452229291201
    },
    "spectral_centroid": {
        "mean": 1708.96252441
    },
    "spectral_complexity": {
        "mean": 4.96178340912
    },
    "spectral_crest": {
        "mean": 9.87474155426
    },
    "spectral_decrease": {
        "mean": -4.1413725782e-09
    },
    "spectral_energy": {
        "mean": 0.0185767970979
    },
    "spectral_energyband_high": {
        "mean": 0.000283193192445
    },
    "spectral_energyband_low": {
        "mean": 7.27715532278e-09
    },
    "spectral_energyband_middle_high": {
        "mean": 0.0172264259309
    },
    "spectral_energyband_middle_low": {
        "mean": 0.00106728845276
    },
    "spectral_flatness_db": {
        "mean": 0.312216609716
    },
    "spectral_flux": {
        "mean": 0.0109843248501
    },
    "spectral_kurtosis": {
        "mean": 10.1185770035
    },
    "spectral_rms": {
        "mean": 0.00318613136187
    },
    "spectral_rolloff": {
        "mean": 2503.4777832
    },
    "spectral_skewness": {
        "mean": 2.32317042351
    },
    "spectral_spread": {
        "mean": 10254553
    },
    "spectral_strongpeak": {
        "mean": 2.44435214996
    },
    "zerocrossingrate": {
        "mean": 0.102884277701
    },
    "barkbands": {
        "mean": [1.13540652436e-08, 1.51089718514e-09, 7.45700834415e-10, 9.11457243014e-10, 4.56218486988e-07, 2.74666217592e-05, 0.000177629219252, 0.00084628915647, 1.53512555698e-05, 6.56628628803e-07, 0.00534175476059, 3.55973716069e-05, 4.24166955781e-06, 0.00508389621973, 2.74324315797e-06, 0.00280903768726, 0.00223531504162, 0.00128945196047, 0.000422911456553, 0.000111237284727, 0.000130147382151, 3.68120308849e-05, 3.98017664338e-06, 1.60695367413e-06, 2.1091928204e-07, 3.49349171813e-08, 2.21252771659e-09]
    },
    "mfcc": {
        "mean": [-894.181335449, 1.85710167885, -120.954216003, -11.2273082733, -27.487039566, -13.5403499603, -20.0993518829, -9.04347515106, -7.69075775146, 1.93238532543, 17.6037330627, 25.4077472687, 21.8957386017]
    },
    "sccoeffs": {
        "mean": [-0.852549552917, -0.546627998352, -0.569080114365, -0.614323139191, -0.701410114765, -0.773569464684]
    },
    "scvalleys": {
        "mean": [-11.7876119614, -10.916929245, -10.4247694016, -10.0379457474, -10.2983694077, -11.8305683136]
    }
},
"rhythm": {
    "beats_loudness": {
        "mean": 0.0256179310381
    },
    "bpm": 99.3840179443,
    "first_peak_bpm": {
        "mean": 99
    },
    "first_peak_spread": {
        "mean": 0
    },
    "first_peak_weight": {
        "mean": 0.5
    },
    "onset_rate": 1.66667711735,
    "second_peak_bpm": {
        "mean": 105
    },
    "second_peak_spread": {
        "mean": 0
    },
    "second_peak_weight": {
        "mean": 0.5
    },
    "beats_loudness_band_ratio": {
        "mean": [0.000311930605676, 0.000854463782161, 0.0546112433076, 0.553456485271, 0.343809396029, 0.0607660003006]
    },
    "beats_position": [0.603718817234, 1.20743763447, 1.8111563921, 2.38004541397, 2.94893407822],
    "bpm_estimates": [99.3840179443, 99.3840255737],
    "bpm_intervals": [0.603718817234, 0.603718757629, 0.568889021873, 0.568888664246],
    "onset_times": [0.441179126501, 0.917188227177, 1.14938771725, 1.42802715302, 1.55573701859, 1.764716506]
},
"sfx": {
    "inharmonicity": {
        "mean": 0.0528324954212
    },
    "oddtoevenharmonicenergyratio": {
        "mean": 1.69796442986
    },
    "pitch_after_max_to_before_max_energy_ratio": 0.110920801759,
    "pitch_centroid": 70.2712631226,
    "pitch_max_to_total": 0.993630588055,
    "pitch_min_to_total": 0.191082805395,
    "tristimulus": {
        "mean": [0.214843288064, 0.669172465801, 0.0913536846638]
    }
},
"tonal": {
    "chords_changes_rate": 0.0632911399007,
    "chords_number_rate": 0.0632911399007,
    "chords_strength": {
        "mean": 0.503664016724
    },
    "key_strength": 0.725927650928,
    "tuning_diatonic_strength": 0.416278362274,
    "tuning_equal_tempered_deviation": 0.1621709764,
    "tuning_frequency": 434.695007324,
    "tuning_nontempered_energy_ratio": 0.726359724998,
    "hpcp": {
        "mean": [0.116668589413, 0.120843946934, 0.120156913996, 0.0977232828736, 0.0864684954286, 0.0789856612682, 0.0795117467642, 0.100860014558, 0.369402438402, 0.686866044998, 0.42405834794, 0.0810028165579, 0.0829551145434, 0.0965862125158, 0.0861265063286, 0.0805275440216, 0.0873468592763, 0.103406734765, 0.09359164536, 0.103931188583, 0.207472741604, 0.226903557777, 0.129700765014, 0.117286816239, 0.138649329543, 0.0932931602001, 0.0580980814993, 0.0637458413839, 0.0634116604924, 0.22665822506, 0.440423697233, 0.283050298691, 0.0927464291453, 0.0986246913671, 0.0964120924473, 0.112905390561]
    },
    "chords_histogram": [41.772151947, 0, 0, 0, 0, 0, 5.06329107285, 0, 1.26582276821, 13.9240503311, 0, 0, 0, 0, 0, 0, 0, 0, 0, 0, 0, 0, 0, 37.9746818542],
    "thpcp": [1, 0.617381453514, 0.11793102324, 0.120773352683, 0.140618696809, 0.125390544534, 0.117239080369, 0.127167239785, 0.150548622012, 0.136258944869, 0.151312172413, 0.302057057619, 0.330346167088, 0.188829779625, 0.170756459236, 0.201857894659, 0.135824382305, 0.0845842957497, 0.0928068011999, 0.0923202708364, 0.329988986254, 0.641207575798, 0.412089526653, 0.135028406978, 0.143586501479, 0.140365198255, 0.164377599955, 0.169856399298, 0.175935253501, 0.174934998155, 0.142274156213, 0.125888437033, 0.11499427259, 0.115760192275, 0.146840885282, 0.537808537483],
    "chords_key": "C",
    "chords_scale": "major",
    "key_key": "C",
    "key_scale": "major",
    "chords_progression": ["A", "A", "A", "E", "A", "G#m", "G#m", "G#m", "G#m", "G#m", "G#m", "G#m", "G#m", "G#m", "G#m", "G#m", "Am", "Am", "Am", "Am", "Am", "Am", "Am", "Am", "Am", "Am", "Am", "Am", "Am", "Am", "Am", "Am", "Am", "Am", "Am", "Am", "Am", "Am", "Am", "Am", "Am", "Am", "Am", "Am", "Am", "Am", "C", "C", "C", "C", "C", "C", "C", "C", "C", "C", "C", "C", "C", "C", "C", "C", "C", "C", "C", "C", "C", "C", "C", "C", "C", "C", "C", "C", "C", "C", "C", "C", "C"]
}
}