{
"metadata": {
    "version": {
        "essentia": "2.1-beta2"
    }
},
"lowLevel": {
    "average_loudness": 0.985741019249,
    "barkbands_kurtosis": {
        "mean": 14.4811458588
    },
    "barkbands_skewness": {
        "mean": 1.71793961525
    },
    "barkbands_spread": {
        "mean": 9.23599910736
    },
    "dissonance": {
        "mean": 0.399459719658
    },
    "hfc": {
        "mean": 31.5391159058
    },
    "pitch": {
        "mean": 1295.93237305
    },
    "pitch_instantaneous_confidence": {
        "mean": 0.872484385967
    },
    "pitch_salience": {
        "mean": 0.353646963835
    },
    "silence_rate_20dB": {
        "mean": 1
    },
    "silence_rate_30dB": {
        "mean": 1
    },
    "silence_rate_60dB": {
        "mean": 0.222748816013
    },
    "spectral_centroid": {
        "mean": 1477.48986816
    },
    "spectral_complexity": {
        "mean": 1.61611378193
    },
    "spectral_crest": {
        "mean": 17.0349903107
    },
    "spectral_decrease": {
        "mean": -4.96511498582e-09
    },
    "spectral_energy": {
        "mean": 0.0216001402587
    },
    "spectral_energyband_high": {
        "mean": 1.86932652468e-06
    },
    "spectral_energyband_low": {
        "mean": 2.12678116895e-07
    },
    "spectral_energyband_middle_high": {
        "mean": 0.0215978547931
    },
    "spectral_energyband_middle_low": {
        "mean": 6.95778652471e-08
    },
    "spectral_flatness_db": {
        "mean": 0.520648419857
    },
    "spectral_flux": {
        "mean": 0.0126567734405
    },
    "spectral_kurtosis": {
        "mean": 25.3105068207
    },
    "spectral_rms": {
        "mean": 0.00397714180872
    },
    "spectral_rolloff": {
        "mean": 2013.71240234
    },
    "spectral_skewness": {
        "mean": 4.14412307739
    },
    "spectral_spread": {
        "mean": 7130455.5
    },
    "spectral_strongpeak": {
        "mean": 5.45610713959
    },
    "zerocrossingrate": {
        "mean": 0.0682297870517
    },
    "barkbands": {
        "mean": [3.66273781083e-07, 4.33376854403e-08, 1.5958674382e-09, 1.04276998147e-09, 6.70947297721e-09, 1.07623634449e-08, 5.97185234597e-09, 1.38255273896e-08, 2.74511915421e-08, 2.67924278319e-08, 2.39245441236e-08, 0.00379324471578, 0.0145908258855, 3.69774937781e-07, 2.91519768325e-07, 1.59357185225e-07, 0.00319764832966, 1.51683650529e-07, 1.34780151484e-07, 1.50877376655e-05, 8.60695877236e-07, 2.26469850872e-07, 2.49392400065e-07, 1.86174943906e-07, 1.6512180423e-07, 6.73344473512e-08, 1.36862166045e-08]
    },
    "mfcc": {
        "mean": [-1002.97875977, 5.78186750412, -91.7997741699, -19.9878044128, 17.4491767883, 32.3712654114, 36.2754631042, 11.6704483032, -29.7900810242, -37.4269676208, 16.2804317474, 70.5507965088, 17.0889854431]
    },
    "sccoeffs": {
        "mean": [-0.7611566782, -0.881999254227, -0.891816437244, -0.444698989391, -0.615167558193, -0.867476344109]
    },
    "scvalleys": {
        "mean": [-11.4026985168, -11.3148450851, -10.9852142334, -10.388466835, -10.7360906601, -11.5371084213]
    }
},
"rhythm": {
    "beats_loudness": {
        "mean": 0.0314759351313
    },
    "bpm": 91.745475769,
    "first_peak_bpm": {
        "mean": 92
    },
    "first_peak_spread": {
        "mean": 0
    },
    "first_peak_weight": {
        "mean": 1
    },
    "onset_rate": 0.821018874645,
    "second_peak_bpm": {
        "mean": 0
    },
    "second_peak_spread": {
        "mean": 0
    },
    "second_peak_weight": {
        "mean": 0
    },
    "beats_loudness_band_ratio": {
        "mean": [0.013172917068, 0.000821541063488, 0.00064292276511, 0.857822954655, 0.12522354722, 0.00240336405113]
    },
    "beats_position": [0.626938760281, 1.27709746361, 1.93886613846, 2.60063481331, 3.25079369545, 3.90095233917, 4.55111122131],
    "bpm_estimates": [92.28515625, 90.6661224365, 90.6661224365, 92.2851333618, 92.2851715088, 92.2851333618],
    "bpm_intervals": [0.650158703327, 0.66176867485, 0.66176867485, 0.650158882141, 0.650158643723, 0.650158882141],
    "onset_times": [0.0580498874187, 0.46439909935, 3.48299312592, 3.90095233917]
},
"sfx": {
    "inharmonicity": {
        "mean": 0.0527735352516
    },
    "oddtoevenharmonicenergyratio": {
        "mean": 87.1151199341
    },
    "pitch_after_max_to_before_max_energy_ratio": 0.585701942444,
    "pitch_centroid": 115.076904297,
    "pitch_max_to_total": 0.976303339005,
    "pitch_min_to_total": 0.971563994884,
    "tristimulus": {
        "mean": [0.177776649594, 0.607176721096, 0.0303738582879]
    }
},
"tonal": {
    "chords_changes_rate": 0.0660377368331,
    "chords_number_rate": 0.0377358496189,
    "chords_strength": {
        "mean": 0.252690911293
    },
    "key_strength": 0.580712556839,
    "tuning_diatonic_strength": 0.300914615393,
    "tuning_equal_tempered_deviation": 0.199974507093,
    "tuning_frequency": 448.726654053,
    "tuning_nontempered_energy_ratio": 0.782026410103,
    "hpcp": {
        "mean": [0.0639745444059, 0.0701245442033, 0.0626256391406, 0.0366330631077, 0.0208526235074, 0.0270827468485, 0.0307788457721, 0.0285364817828, 0.0352867543697, 0.0478044264019, 0.0442084483802, 0.0340918265283, 0.0336264446378, 0.0268548429012, 0.0211925618351, 0.0242310501635, 0.0312090795487, 0.447514206171, 0.875104308128, 0.465093106031, 0.0386673510075, 0.0600863583386, 0.110742472112, 0.0913402885199, 0.0419232137501, 0.0355325900018, 0.039745669812, 0.0483642928302, 0.0535678416491, 0.0672759637237, 0.0681005045772, 0.0590534433722, 0.0683954060078, 0.0751341730356, 0.0557095520198, 0.0509578771889]
    },
    "chords_histogram": [8.49056625366, 0, 0, 0, 0, 0, 0, 1.88679242134, 0.94339621067, 63.2075462341, 0, 0, 0, 0, 25.471698761, 0, 0, 0, 0, 0, 0, 0, 0, 0],
    "thpcp": [1, 0.531471610069, 0.0441859923303, 0.0686619356275, 0.12654773891, 0.104376457632, 0.0479065328836, 0.0406038351357, 0.0454182066023, 0.0552668906748, 0.0612130947411, 0.0768776535988, 0.0778198689222, 0.0674816071987, 0.0781568586826, 0.0858573913574, 0.0636604726315, 0.0582306310534, 0.0731050521135, 0.0801327824593, 0.0715636312962, 0.0418613664806, 0.0238287299871, 0.0309480205178, 0.0351716317236, 0.0326092354953, 0.0403229109943, 0.0546271167696, 0.0505179204047, 0.0389574430883, 0.038425642997, 0.030687591061, 0.024217184633, 0.0276893284172, 0.0356632694602, 0.511383831501],
    "chords_key": "D#",
    "chords_scale": "major",
    "key_key": "G#",
    "key_scale": "minor",
    "chords_progression": ["Am", "Am", "Am", "Am", "Am", "Am", "Am", "Am", "Am", "Am", "Am", "Am", "Am", "Am", "Am", "Am", "Am", "Am", "Am", "Am", "Am", "Am", "Am", "Am", "Am", "Am", "Am", "D#", "D#", "D#", "D#", "Cm", "D#", "D#", "D#", "D#", "D#", "D#", "D#", "D#", "D#", "D#", "D#", "D#", "D#", "D#", "D#", "D#", "D#", "D#", "D#", "D#", "D#", "D#", "D#", "D#", "D#", "D#", "D#", "D#", "D#", "D#", "D#", "D#", "D#", "D#", "D#", "D#", "G#m", "G#m", "G#m", "G#m", "G#m", "G#m", "G#m", "G#m", "G#m", "D#", "D#", "D#", "D#", "D#", "D#", "D#", "D#", "D#", "D#", "D#", "D#", "D#", "D#", "D#", "D#", "G#", "G#", "D#", "D#", "D#", "D#", "D#", "D#", "D#", "D#", "D#", "D#", "D#"]
}
}