{
"metadata": {
    "version": {
        "essentia": "2.1-beta2"
    }
},
"lowLevel": {
    "average_loudness": 0.869069457054,
    "barkbands_kurtosis": {
        "mean": 14.5427589417
    },
    "barkbands_skewness": {
        "mean": 0.898858487606
    },
    "barkbands_spread": {
        "mean": 10.2087268829
    },
    "dissonance": {
        "mean": 0.325093179941
    },
    "hfc": {
        "mean": 2.03361153603
    },
    "pitch": {
        "mean": 216.003692627
    },
    "pitch_instantaneous_confidence": {
        "mean": 0.869238555431
    },
    "pitch_salience": {
        "mean": 0.560484409332
    },
    "silence_rate_20dB": {
        "mean": 1
    },
    "silence_rate_30dB": {
        "mean": 1
    },
    "silence_rate_60dB": {
        "mean": 0.731132090092
    },
    "spectral_centroid": {
        "mean": 785.352050781
    },
    "spectral_complexity": {
        "mean": 4.06132078171
    },
    "spectral_crest": {
        "mean": 12.3630428314
    },
    "spectral_decrease": {
        "mean": -4.04704297852e-10
    },
    "spectral_energy": {
        "mean": 0.00171189848334
    },
    "spectral_energyband_high": {
        "mean": 2.62727144218e-06
    },
    "spectral_energyband_low": {
        "mean": 2.92283630188e-06
    },
    "spectral_energyband_middle_high": {
        "mean": 0.000996368005872
    },
    "spectral_energyband_middle_low": {
        "mean": 0.000708423263859
    },
    "spectral_flatness_db": {
        "mean": 0.309079617262
    },
    "spectral_flux": {
        "mean": 0.00244036852382
    },
    "spectral_kurtosis": {
        "mean": 20.5359477997
    },
    "spectral_rms": {
        "mean": 0.000977435731329
    },
    "spectral_rolloff": {
        "mean": 1274.52478027
    },
    "spectral_skewness": {
        "mean": 3.88328933716
    },
    "spectral_spread": {
        "mean": 7721778.5
    },
    "spectral_strongpeak": {
        "mean": 0.980471730232
    },
    "zerocrossingrate": {
        "mean": 0.0507858581841
    },
    "barkbands": {
        "mean": [3.5122357076e-06, 7.55529754315e-07, 2.38233155869e-07, 2.89790136776e-07, 0.000240917754127, 2.94069963047e-07, 0.000172644256963, 6.66304558194e-08, 0.000294201279758, 2.59206117335e-05, 1.26787554677e-07, 7.97468965175e-05, 5.99535997026e-06, 0.000511452322826, 0.000195094995433, 0.000145359532326, 1.61878033396e-05, 2.06242771128e-06, 1.09162056106e-05, 3.74781961909e-06, 8.94436880117e-07, 5.97291716531e-07, 3.33373122885e-07, 4.15123423636e-07, 1.04083241581e-07, 2.75294240737e-08, 1.3686124456e-09]
    },
    "mfcc": {
        "mean": [-923.067871094, 113.166862488, -20.3222408295, -1.92586994171, 1.45889139175, -9.58118152618, -18.6837024689, -10.0485916138, -6.60185050964, 9.02145862579, -4.81698513031, -6.50789833069, 0.482807278633]
    },
    "sccoeffs": {
        "mean": [-0.612267374992, -0.56280040741, -0.590321540833, -0.637845754623, -0.747795879841, -0.835985422134]
    },
    "scvalleys": {
        "mean": [-9.30218982697, -10.4775466919, -11.2977142334, -11.6408205032, -12.2698764801, -13.0247030258]
    }
},
"rhythm": {
    "beats_loudness": {
        "mean": 0.00231642113067
    },
    "bpm": 108.320510864,
    "first_peak_bpm": {
        "mean": 108
    },
    "first_peak_spread": {
        "mean": 0.285714268684
    },
    "first_peak_weight": {
        "mean": 0.714285731316
    },
    "onset_rate": 2.85948514938,
    "second_peak_bpm": {
        "mean": 0
    },
    "second_peak_spread": {
        "mean": 0
    },
    "second_peak_weight": {
        "mean": 0
    },
    "beats_loudness_band_ratio": {
        "mean": [0.16744735837, 0.194460615516, 0.302749365568, 0.229764685035, 0.130469635129, 0.00648877769709]
    },
    "beats_position": [0.53405892849, 1.09133780003, 1.64861679077, 2.19428563118, 2.75156450272, 3.30884337425, 3.86612248421, 4.41179132462],
    "bpm_estimates": [107.666023254, 107.666000366, 109.956802368, 107.666023254, 107.666023254, 107.665977478, 109.956802368],
    "bpm_intervals": [0.557278871536, 0.557278990746, 0.545668840408, 0.557278871536, 0.557278871536, 0.557279109955, 0.545668840408],
    "onset_times": [0.0464399084449, 0.197369620204, 1.46285712719, 3.26240372658, 3.45977330208, 3.62231302261, 3.92417240143, 4.08671188354, 4.21442174911, 4.45823144913, 4.53950119019, 4.57433128357, 4.80653047562, 4.87619066238]
},
"sfx": {
    "inharmonicity": {
        "mean": 0.0114972097799
    },
    "oddtoevenharmonicenergyratio": {
        "mean": 1.54632866383
    },
    "pitch_after_max_to_before_max_energy_ratio": 17.4019451141,
    "pitch_centroid": 107.016822815,
    "pitch_max_to_total": 0,
    "pitch_min_to_total": 0.0330188684165,
    "tristimulus": {
        "mean": [0.428390324116, 0.541161835194, 0.0303115695715]
    }
},
"tonal": {
    "chords_changes_rate": 0.0467289723456,
    "chords_number_rate": 0.0280373822898,
    "chords_strength": {
        "mean": 0.409747600555
    },
    "key_strength": 0.577465891838,
    "tuning_diatonic_strength": 0.430168420076,
    "tuning_equal_tempered_deviation": 0.226818323135,
    "tuning_frequency": 433.441375732,
    "tuning_nontempered_energy_ratio": 0.932457208633,
    "hpcp": {
        "mean": [0.492013812065, 0.857920706272, 0.388705551624, 0.00234246999025, 0.00336552364752, 0.00247509474866, 0.12172344327, 0.257105797529, 0.13707870245, 0.00353816687129, 0.00546886632219, 0.0306864585727, 0.133433029056, 0.12782946229, 0.0229950472713, 0.00176580436528, 0.00296699581668, 0.00862662214786, 0.00772856548429, 0.00234819739126, 0.00611933739856, 0.172590017319, 0.317392498255, 0.167813912034, 0.0398357957602, 0.0228146184236, 0.00661951396614, 0.0194009803236, 0.023298157379, 0.276662409306, 0.513090074062, 0.24754178524, 0.0126525489613, 0.0295044910163, 0.0232631489635, 0.0267837252468]
    },
    "chords_histogram": [4.67289733887, 0, 3.73831772804, 0, 0, 0, 0, 0, 0, 0, 0, 0, 0, 0, 0, 0, 0, 0, 0, 91.5887832642, 0, 0, 0, 0],
    "thpcp": [1, 0.453078657389, 0.00273040379398, 0.00392288435251, 0.00288499239832, 0.141881927848, 0.299684792757, 0.159780159593, 0.00412411894649, 0.00637455936521, 0.0357684083283, 0.155530720949, 0.148999154568, 0.0268032308668, 0.0020582373254, 0.0034583567176, 0.010055267252, 0.00900848489255, 0.00273707974702, 0.00713275419548, 0.201172456145, 0.369955509901, 0.195605382323, 0.0464329570532, 0.0265929214656, 0.0077157644555, 0.0226139556617, 0.0271565392613, 0.322480171919, 0.598062336445, 0.288536906242, 0.0147479232401, 0.0343906953931, 0.0271157324314, 0.0312193483114, 0.573495686054],
    "chords_key": "A",
    "chords_scale": "minor",
    "key_key": "D",
    "key_scale": "major",
    "chords_progression": ["D", "D", "D", "D", "D", "Am", "Am", "Am", "Am", "Am", "Am", "Am", "Am", "Am", "Am", "Am", "Am", "Am", "Am", "Am", "Am", "Am", "Am", "Am", "Am", "Am", "A", "A", "A", "Am", "Am", "Am", "Am", "Am", "Am", "Am", "Am", "Am", "Am", "Am", "Am", "Am", "Am", "Am", "Am", "Am", "Am", "Am", "Am", "Am", "Am", "Am", "Am", "Am", "Am", "Am", "Am", "Am", "Am", "Am", "Am", "Am", "Am", "Am", "Am", "Am", "Am", "Am", "Am", "Am", "Am", "Am", "Am", "Am", "Am", "Am", "Am", "Am", "Am", "Am", "Am", "Am", "Am", "Am", "A", "Am", "Am", "Am", "Am", "Am", "Am", "Am", "Am", "Am", "Am", "Am", "Am", "Am", "Am", "Am", "Am", "Am", "Am", "Am", "Am", "Am", "Am"]
}
}