{"lowlevel.dissonance.mean": [0.1997225284576416], "sfx.inharmonicity.mean": [0.2372119128704071], "lowlevel.spectral_contrast.mean": [[0.599326491355896, 0.8501498699188232, 0.9832258224487305, 0.8753176927566528, 0.6224822998046875, 0.4327249526977539]], "lowlevel.spectral_centroid.mean": [0.3748587965965271], "lowlevel.mfcc.mean": [[0.35973870754241943, 0.6208946704864502, 0.36831802129745483, 0.2892947793006897, 0.49446195363998413, 0.3331989645957947, 0.31439298391342163, 0.24906867742538452, 0.3542606234550476, 0.5299639701843262, 0.6080841422080994, 0.3200756311416626, 0.203240305185318]], "sfx.logattacktime.mean": [0.5348789095878601], "lowlevel.hfc.mean": [0.46536943316459656]}