{
"metadata": {
    "version": {
        "essentia": "2.1-beta2"
    }
},
"lowLevel": {
    "average_loudness": 0.951849400997,
    "barkbands_kurtosis": {
        "mean": 1.32174110413
    },
    "barkbands_skewness": {
        "mean": 0.0228792876005
    },
    "barkbands_spread": {
        "mean": 13.67121315
    },
    "dissonance": {
        "mean": 0.419027686119
    },
    "hfc": {
        "mean": 3.65533804893
    },
    "pitch": {
        "mean": 300.582000732
    },
    "pitch_instantaneous_confidence": {
        "mean": 0.696924984455
    },
    "pitch_salience": {
        "mean": 0.828423500061
    },
    "silence_rate_20dB": {
        "mean": 1
    },
    "silence_rate_30dB": {
        "mean": 1
    },
    "silence_rate_60dB": {
        "mean": 0.419047623873
    },
    "spectral_centroid": {
        "mean": 1486.30004883
    },
    "spectral_complexity": {
        "mean": 7.46190452576
    },
    "spectral_crest": {
        "mean": 7.17629241943
    },
    "spectral_decrease": {
        "mean": -6.42939035345e-10
    },
    "spectral_energy": {
        "mean": 0.00275814626366
    },
    "spectral_energyband_high": {
        "mean": 2.34671347243e-06
    },
    "spectral_energyband_low": {
        "mean": 6.67983846014e-09
    },
    "spectral_energyband_middle_high": {
        "mean": 0.00223566940986
    },
    "spectral_energyband_middle_low": {
        "mean": 0.000520155532286
    },
    "spectral_flatness_db": {
        "mean": 0.260245263577
    },
    "spectral_flux": {
        "mean": 0.00602125842124
    },
    "spectral_kurtosis": {
        "mean": 21.8335819244
    },
    "spectral_rms": {
        "mean": 0.00131534354296
    },
    "spectral_rolloff": {
        "mean": 2223.66235352
    },
    "spectral_skewness": {
        "mean": 3.15031051636
    },
    "spectral_spread": {
        "mean": 8507724
    },
    "spectral_strongpeak": {
        "mean": 0.990814805031
    },
    "zerocrossingrate": {
        "mean": 0.0889834463596
    },
    "barkbands": {
        "mean": [1.0713957721e-08, 1.40989853126e-09, 7.04861780054e-10, 2.23478373584e-08, 4.62638818135e-05, 2.33720260923e-08, 0.000121997349197, 6.37579660179e-08, 0.000351753871655, 0.000300700747175, 2.47843399848e-06, 0.000253868085565, 0.000659479119349, 0.000351771333953, 0.000402358942665, 0.000115984497825, 9.04781627469e-05, 4.04591264669e-05, 1.50301193571e-05, 3.75087256543e-06, 1.21467633107e-06, 3.60688545697e-07, 6.06759584798e-08, 1.40889762079e-08, 4.28433599708e-09, 1.1436926961e-09, 2.84486351143e-10]
    },
    "mfcc": {
        "mean": [-903.292053223, 100.709953308, -100.58694458, -35.9776687622, -19.3080406189, -20.5493087769, -14.9580450058, -16.1951522827, -12.312207222, -12.7954568863, -5.10979223251, -11.3211107254, -14.5686779022]
    },
    "sccoeffs": {
        "mean": [-0.588362336159, -0.585517168045, -0.616918087006, -0.640835344791, -0.741558492184, -0.815938532352]
    },
    "scvalleys": {
        "mean": [-11.5936841965, -10.759262085, -9.92760753632, -9.80061531067, -10.6090679169, -12.6399555206]
    }
},
"rhythm": {
    "beats_loudness": {
        "mean": 0.00324574229307
    },
    "bpm": 95.7365951538,
    "first_peak_bpm": {
        "mean": 96
    },
    "first_peak_spread": {
        "mean": 0.5
    },
    "first_peak_weight": {
        "mean": 0.5
    },
    "onset_rate": 1.65017127991,
    "second_peak_bpm": {
        "mean": 0
    },
    "second_peak_spread": {
        "mean": 0
    },
    "second_peak_weight": {
        "mean": 0
    },
    "beats_loudness_band_ratio": {
        "mean": [0.0134107535705, 0.0648482590914, 0.184488996863, 0.487694889307, 0.224718406796, 0.0390698611736]
    },
    "beats_position": [0.626938760281, 1.26548755169, 1.90403628349, 2.53097510338, 3.15791368484, 3.78485250473, 4.38857126236],
    "bpm_estimates": [93.9630661011, 93.9630737305, 95.7031173706, 95.7031555176, 95.7031173706, 99.3840255737],
    "bpm_intervals": [0.638548791409, 0.638548731804, 0.626938819885, 0.626938581467, 0.626938819885, 0.603718757629],
    "onset_times": [0.53405892849, 0.661768734455, 1.32353746891, 1.49768710136, 1.97369611263, 2.18267583847, 2.55419492722, 3.19274377823]
},
"sfx": {
    "inharmonicity": {
        "mean": 0.0581289827824
    },
    "oddtoevenharmonicenergyratio": {
        "mean": 1.02761530876
    },
    "pitch_after_max_to_before_max_energy_ratio": 0.255730330944,
    "pitch_centroid": 94.1962509155,
    "pitch_max_to_total": 0.957142829895,
    "pitch_min_to_total": 0.190476194024,
    "tristimulus": {
        "mean": [0.177398428321, 0.688613474369, 0.114800050855]
    }
},
"tonal": {
    "chords_changes_rate": 0.0471698120236,
    "chords_number_rate": 0.0377358496189,
    "chords_strength": {
        "mean": 0.536927580833
    },
    "key_strength": 0.734529674053,
    "tuning_diatonic_strength": 0.546871185303,
    "tuning_equal_tempered_deviation": 0.108864575624,
    "tuning_frequency": 440.508575439,
    "tuning_nontempered_energy_ratio": 0.663437664509,
    "hpcp": {
        "mean": [0.576418578625, 0.356514960527, 0.109303638339, 0.104907475412, 0.117961831391, 0.134386599064, 0.146744757891, 0.102835409343, 0.0753594040871, 0.0895302072167, 0.129550144076, 0.25945430994, 0.259701609612, 0.138988956809, 0.142913013697, 0.159185990691, 0.149095252156, 0.122989840806, 0.0897643044591, 0.106220059097, 0.449878156185, 0.755090296268, 0.435428082943, 0.138915419579, 0.130989953876, 0.0961945354939, 0.0693633779883, 0.0858289971948, 0.211795464158, 0.310493797064, 0.202646359801, 0.0985840559006, 0.0983213484287, 0.100074380636, 0.124697163701, 0.359737336636]
    },
    "chords_histogram": [68.8679275513, 0, 0, 0, 0, 0, 0, 0, 0, 0, 0, 0, 0, 0, 15.0943393707, 11.3207550049, 0, 4.71698093414, 0, 0, 0, 0, 0, 0],
    "thpcp": [1, 0.576656997204, 0.18397192657, 0.173475876451, 0.127394750714, 0.0918610394001, 0.113667197526, 0.280490249395, 0.411200881004, 0.268373668194, 0.130559295416, 0.130211383104, 0.132532998919, 0.165142059326, 0.476416319609, 0.763377010822, 0.472148776054, 0.144755721092, 0.138933688402, 0.15622214973, 0.177974209189, 0.194340676069, 0.136189550161, 0.0998018458486, 0.118568874896, 0.171569079161, 0.343607008457, 0.343934506178, 0.18406932056, 0.189266130328, 0.210817158222, 0.197453543544, 0.162880972028, 0.118878901005, 0.140671998262, 0.595793843269],
    "chords_key": "A",
    "chords_scale": "major",
    "key_key": "A",
    "key_scale": "major",
    "chords_progression": ["A#", "A#", "A#", "A#", "A#", "A#", "A#", "A#", "A#", "A#", "A#", "A#", "A#", "A#", "A#", "A#", "Dm", "Dm", "Dm", "Dm", "Dm", "Dm", "Dm", "Dm", "Dm", "Dm", "Dm", "Dm", "Am", "Am", "Am", "Am", "A", "A", "A", "A", "A", "A", "A", "A", "A", "A", "A", "A", "A", "A", "A", "A", "A", "A", "A", "A", "A", "A", "A", "A", "A", "A", "A", "A", "A", "A", "A", "A", "A", "A", "A", "A", "A", "A", "A", "A", "A", "A", "A", "A", "A", "A", "A", "A", "A", "A", "A", "Am", "A", "A", "A", "A", "A", "A", "A", "A", "A", "A", "A", "A", "A", "A", "A", "A", "A", "A", "A", "A", "A", "A"]
}
}