{
"metadata": {
    "version": {
        "essentia": "2.1-beta2"
    }
},
"lowLevel": {
    "average_loudness": 0.0727543085814,
    "barkbands_kurtosis": {
        "mean": 1.85002911091
    },
    "barkbands_skewness": {
        "mean": -0.573087871075
    },
    "barkbands_spread": {
        "mean": 3.15715479851
    },
    "dissonance": {
        "mean": 0.237382739782
    },
    "hfc": {
        "mean": 7.58670568466
    },
    "pitch": {
        "mean": 115.00528717
    },
    "pitch_instantaneous_confidence": {
        "mean": 0.648049592972
    },
    "pitch_salience": {
        "mean": 0.654350101948
    },
    "silence_rate_20dB": {
        "mean": 1
    },
    "silence_rate_30dB": {
        "mean": 0.939560413361
    },
    "silence_rate_60dB": {
        "mean": 0.686813175678
    },
    "spectral_centroid": {
        "mean": 354.658081055
    },
    "spectral_complexity": {
        "mean": 5.13736248016
    },
    "spectral_crest": {
        "mean": 10.4677591324
    },
    "spectral_decrease": {
        "mean": -4.7109636192e-09
    },
    "spectral_energy": {
        "mean": 0.018468407914
    },
    "spectral_energyband_high": {
        "mean": 6.33409799775e-05
    },
    "spectral_energyband_low": {
        "mean": 0.00149567634799
    },
    "spectral_energyband_middle_high": {
        "mean": 0.000988005893305
    },
    "spectral_energyband_middle_low": {
        "mean": 0.0162324905396
    },
    "spectral_flatness_db": {
        "mean": 0.49625647068
    },
    "spectral_flux": {
        "mean": 0.0108977872878
    },
    "spectral_kurtosis": {
        "mean": 186.313568115
    },
    "spectral_rms": {
        "mean": 0.0022954265587
    },
    "spectral_rolloff": {
        "mean": 514.075317383
    },
    "spectral_skewness": {
        "mean": 11.546869278
    },
    "spectral_spread": {
        "mean": 2073841.75
    },
    "spectral_strongpeak": {
        "mean": 0.431610614061
    },
    "zerocrossingrate": {
        "mean": 0.0200490429997
    },
    "barkbands": {
        "mean": [2.75069833151e-05, 0.000669436296448, 0.000500911148265, 0.00339646218345, 0.0060715530999, 0.000843418820295, 0.000813157530501, 0.00324581610039, 0.00183654914144, 0.000192638952285, 0.000242398644332, 4.36480186181e-05, 0.000114844224299, 0.00020236223645, 4.00003955292e-05, 3.44892250723e-05, 2.45446990448e-05, 4.07835686929e-05, 2.46191902988e-05, 5.78329672862e-05, 1.48537046698e-05, 1.61915195349e-05, 8.27830717753e-06, 2.85724877358e-06, 2.30068053497e-06, 8.42669294343e-07, 1.20215020161e-07]
    },
    "mfcc": {
        "mean": [-956.441345215, 180.39515686, 79.1578140259, 22.329574585, -5.05990552902, -13.8920497894, -17.4541320801, -17.4873428345, -14.5187911987, -8.8015832901, -1.54782223701, 8.12140274048, 14.8916053772]
    },
    "sccoeffs": {
        "mean": [-0.574281096458, -0.593914091587, -0.720132410526, -0.828254044056, -0.88494104147, -0.914605200291]
    },
    "scvalleys": {
        "mean": [-7.81611633301, -7.84508657455, -10.1504659653, -12.4277992249, -13.4914684296, -14.0244112015]
    }
},
"rhythm": {
    "beats_loudness": {
        "mean": 0.00643178541213
    },
    "bpm": 116.583808899,
    "first_peak_bpm": {
        "mean": 117
    },
    "first_peak_spread": {
        "mean": 0.333333313465
    },
    "first_peak_weight": {
        "mean": 0.666666686535
    },
    "onset_rate": 0.238096535206,
    "second_peak_bpm": {
        "mean": 0
    },
    "second_peak_spread": {
        "mean": 0
    },
    "second_peak_weight": {
        "mean": 0
    },
    "beats_loudness_band_ratio": {
        "mean": [0.150239065289, 0.565005660057, 0.295721709728, 0.00684921396896, 0.000114239337563, 4.77218554806e-06]
    },
    "beats_position": [0.510838985443, 1.03328800201, 1.54412698746, 2.0549659729, 2.56580495834, 3.08825397491, 3.59909296036],
    "bpm_estimates": [114.843742371, 117.453842163, 117.453842163, 117.453842163, 114.843742371, 117.453842163],
    "bpm_intervals": [0.522449016571, 0.510838985443, 0.510838985443, 0.510838985443, 0.522449016571, 0.510838985443],
    "onset_times": [0.0232199542224]
},
"sfx": {
    "inharmonicity": {
        "mean": 0.0303815621883
    },
    "oddtoevenharmonicenergyratio": {
        "mean": 1.03798544407
    },
    "pitch_after_max_to_before_max_energy_ratio": 0.38427811861,
    "pitch_centroid": 101.020332336,
    "pitch_max_to_total": 0.818681299686,
    "pitch_min_to_total": 0,
    "tristimulus": {
        "mean": [0.430794894695, 0.552188038826, 0.0151940677315]
    }
},
"tonal": {
    "chords_changes_rate": 0,
    "chords_number_rate": 0.0108695654199,
    "chords_strength": {
        "mean": 0.563730359077
    },
    "key_strength": 0.690278172493,
    "tuning_diatonic_strength": 0.499458760023,
    "tuning_equal_tempered_deviation": 0.166782662272,
    "tuning_frequency": 436.960693359,
    "tuning_nontempered_energy_ratio": 0.949336707592,
    "hpcp": {
        "mean": [0.00760528817773, 0.00251293927431, 0.264290720224, 0.515396177769, 0.251488775015, 0.000420590891736, 0.000562384258956, 0.00504482118413, 0.0102796284482, 0.00708841579035, 0.00842475425452, 0.123562037945, 0.780458390713, 0.834411203861, 0.170842215419, 0.000240274806856, 0.000142398755997, 9.65604849625e-05, 0.000258565909462, 0.0102450428531, 0.0463643483818, 0.0420943051577, 0.00624225893989, 0.00151499803178, 0.00139058381319, 0.00756158446893, 0.211692899466, 0.655120015144, 0.507160663605, 0.0578127205372, 0.00233309948817, 0.00175262684934, 0.00139888818376, 0.00236374721862, 0.00238536973484, 0.00608278997242]
    },
    "chords_histogram": [100, 0, 0, 0, 0, 0, 0, 0, 0, 0, 0, 0, 0, 0, 0, 0, 0, 0, 0, 0, 0, 0, 0, 0],
    "thpcp": [1, 0.204745829105, 0.000287957314868, 0.000170657775016, 0.000115722898045, 0.000309878290864, 0.0122781703249, 0.0555653460324, 0.0504479147494, 0.00748103437945, 0.00181564921513, 0.0016665449366, 0.00906218029559, 0.253703325987, 0.785128474236, 0.607806622982, 0.069285646081, 0.00279610278085, 0.00210043531843, 0.00167649739888, 0.00283283251338, 0.00285874609835, 0.0072899190709, 0.00911455694586, 0.00301163177937, 0.316739171743, 0.617676496506, 0.30139669776, 0.000504057097714, 0.000673989357892, 0.00604596547782, 0.0123196197674, 0.00849511101842, 0.010096645914, 0.148082911968, 0.935340285301],
    "chords_key": "F#",
    "chords_scale": "major",
    "key_key": "F#",
    "key_scale": "major",
    "chords_progression": ["F#", "F#", "F#", "F#", "F#", "F#", "F#", "F#", "F#", "F#", "F#", "F#", "F#", "F#", "F#", "F#", "F#", "F#", "F#", "F#", "F#", "F#", "F#", "F#", "F#", "F#", "F#", "F#", "F#", "F#", "F#", "F#", "F#", "F#", "F#", "F#", "F#", "F#", "F#", "F#", "F#", "F#", "F#", "F#", "F#", "F#", "F#", "F#", "F#", "F#", "F#", "F#", "F#", "F#", "F#", "F#", "F#", "F#", "F#", "F#", "F#", "F#", "F#", "F#", "F#", "F#", "F#", "F#", "F#", "F#", "F#", "F#", "F#", "F#", "F#", "F#", "F#", "F#", "F#", "F#", "F#", "F#", "F#", "F#", "F#", "F#", "F#", "F#", "F#", "F#", "F#", "F#"]
}
}