{
"metadata": {
    "version": {
        "essentia": "2.1-beta2"
    }
},
"lowLevel": {
    "dissonance": {
        "mean": 0.209421530366
    },
    "hfc": {
        "mean": 147.859436035
    },
    "spectral_centroid": {
        "mean": 0.138367086649
    },
    "mfcc": {
        "mean": [-892.201904297, -63.3148918152, -89.9946975708, 12.9374837875, 41.0578117371, 12.3572940826, 0.277674764395, -46.4752120972, 19.6901016235, 92.248550415, -28.2134094238, -70.6948394775, 51.4325218201, 50.35313797, -20.0127182007, 13.6637945175, -25.5347976685, 10.6254663467, 55.1098747253, -23.3726081848, -25.021062851, 36.4510116577, 0.344288378954, 2.60594320297, -19.932674408, 26.117017746, -15.0252561569, 16.3819675446, -2.18872976303, 1.29100286961, -0.366789072752, -2.63247966766, 4.62790107727, 4.45272445679, -4.35003566742, -4.32854747772, 0.631685614586, 5.47744083405, 9.17360401154, -21.9061927795]
    },
    "spectral_contrast": {
        "mean": [-0.805787503719, -0.862733483315, -0.259589731693, -0.418523520231, -0.779215812683, -0.673942148685]
    }
},
"sfx": {
    "inharmonicity": {
        "mean": 0.227358818054
    },
    "logattacktime": {
        "mean": -5
    }
}
}