{"lowlevel.dissonance.mean": [0.7385139465332031], "sfx.inharmonicity.mean": [0.8477612733840942], "lowlevel.spectral_contrast.mean": [[0.2847689390182495, 0.434057354927063, 0.3408529758453369, 0.7374429702758789, 0.6058392524719238, 0.865729808807373]], "lowlevel.spectral_centroid.mean": [0.7326869368553162], "lowlevel.mfcc.mean": [[0.46047163009643555, 0.0027196407318115234, 0.09342756867408752, 0.5042925477027893, 0.24912531673908234, 0.6877275109291077, 0.47037971019744873, 0.6642051935195923, 0.7405616044998169, 0.8737845420837402, 1.1080068349838257, 0.35805678367614746, 0.06358808279037476]], "sfx.logattacktime.mean": [0.22377747297286987], "lowlevel.hfc.mean": [0.4661720097064972]}