{
"metadata": {
    "version": {
        "essentia": "2.1-beta2"
    }
},
"lowLevel": {
    "dissonance": {
        "mean": 0.181120634079
    },
    "hfc": {
        "mean": 1.00052964687
    },
    "spectral_centroid": {
        "mean": 0.0729118585587
    },
    "mfcc": {
        "mean": [-826.932861328, 153.039215088, -40.2083358765, -3.90391039848, -4.49875545502, -4.33066511154, -16.1906204224, -15.0822792053, -8.84283542633, 0.0532544106245, -6.920358181, -14.240196228, -12.1474018097, 2.02861499786, -11.5170297623, -0.967347085476, -6.44856739044, -12.2522029877, -0.1637930125, 12.1228151321, 10.7713432312, 0.0275683570653, -4.87959289551, 9.33753681183, 17.165096283, 16.1966514587, 5.53063106537, 2.45081615448, -4.08283281326, 3.75807523727, 5.2297334671, -7.82893228531, -12.4287166595, -0.581456959248, 9.17366409302, 9.18188285828, 6.4192109108, 4.05514526367, -4.14451694489, -4.42624139786]
    },
    "spectral_contrast": {
        "mean": [-0.622645676136, -0.649426162243, -0.653150856495, -0.74739420414, -0.819562315941, -0.781808376312]
    }
},
"sfx": {
    "inharmonicity": {
        "mean": 0.181350514293
    },
    "logattacktime": {
        "mean": -4.98454427719
    }
}
}