{"lowlevel.dissonance.mean": [0.5158693790435791], "sfx.inharmonicity.mean": [0.6478461623191833], "lowlevel.spectral_contrast.mean": [[0.5752100944519043, 0.8754843473434448, 0.9592736959457397, 0.8977590799331665, 0.7761285305023193, 0.6345007419586182]], "lowlevel.spectral_centroid.mean": [0.4746823310852051], "lowlevel.mfcc.mean": [[0.44401872158050537, 0.36759454011917114, -0.16343560814857483, 0.1647791564464569, 0.15966564416885376, 0.28159448504447937, 0.2287447452545166, 0.21350699663162231, 0.20435592532157898, 0.17369985580444336, 0.3112293481826782, 0.23520518839359283, 0.226884126663208]], "sfx.logattacktime.mean": [0.560109555721283], "lowlevel.hfc.mean": [0.46875935792922974]}