{
"metadata": {
    "version": {
        "essentia": "2.1-beta2"
    }
},
"lowLevel": {
    "dissonance": {
        "mean": 0.286812216043
    },
    "hfc": {
        "mean": 0.519724190235
    },
    "spectral_centroid": {
        "mean": 0.133027717471
    },
    "mfcc": {
        "mean": [-909.164428711, 15.3339338303, -102.802223206, -8.11625099182, -1.17383730412, 24.3305473328, -0.347378253937, 17.9101219177, 12.8806362152, 14.0100812912, 37.3002548218, 6.75234746933, -5.43646526337, 15.4551239014, -9.844789505, -3.28317594528, 0.57088726759, -12.3103284836, 2.33145523071, 32.0768699646, 33.8248634338, 0.0125495437533, -16.4059486389, -0.618612408638, -4.53330135345, -10.2336091995, -5.44452667236, 3.85692930222, 14.2856063843, 0.378166913986, -11.6267604828, -5.6783490181, -1.30253338814, 12.6974391937, 2.64507651329, -2.36432266235, -9.34903621674, -4.59276390076, 4.33191156387, -4.0060544014]
    },
    "spectral_contrast": {
        "mean": [-0.741737723351, -0.692173838615, -0.654298484325, -0.727159798145, -0.705463290215, -0.84285056591]
    }
},
"sfx": {
    "inharmonicity": {
        "mean": 0.303046286106
    },
    "logattacktime": {
        "mean": -5
    }
}
}