{"lowlevel.dissonance.mean": [0.7255024909973145], "sfx.inharmonicity.mean": [0.7093364000320435], "lowlevel.spectral_contrast.mean": [[0.471646785736084, 0.3415147066116333, 0.5024560689926147, 1.2692376375198364, 0.39728832244873047, 0.45557641983032227]], "lowlevel.spectral_centroid.mean": [0.5651862621307373], "lowlevel.mfcc.mean": [[0.3507258892059326, 0.1392248123884201, 0.173326313495636, 0.12721365690231323, 0.8987804651260376, 0.7105916142463684, 0.22547227144241333, 0.22584816813468933, 1.0759825706481934, 0.7812870144844055, 0.5541533827781677, 0.9957242608070374, 1.5564531087875366]], "sfx.logattacktime.mean": [0.6227647066116333], "lowlevel.hfc.mean": [0.478511244058609]}