{
"metadata": {
    "version": {
        "essentia": "2.1-beta2"
    }
},
"lowLevel": {
    "average_loudness": 0.840318143368,
    "barkbands_kurtosis": {
        "mean": 38.3964691162
    },
    "barkbands_skewness": {
        "mean": 1.44284200668
    },
    "barkbands_spread": {
        "mean": 8.86554908752
    },
    "dissonance": {
        "mean": 0.322268247604
    },
    "hfc": {
        "mean": 1.49662744999
    },
    "pitch": {
        "mean": 236.837753296
    },
    "pitch_instantaneous_confidence": {
        "mean": 0.852001905441
    },
    "pitch_salience": {
        "mean": 0.524155914783
    },
    "silence_rate_20dB": {
        "mean": 1
    },
    "silence_rate_30dB": {
        "mean": 1
    },
    "silence_rate_60dB": {
        "mean": 0.739130437374
    },
    "spectral_centroid": {
        "mean": 627.340515137
    },
    "spectral_complexity": {
        "mean": 3.30434775352
    },
    "spectral_crest": {
        "mean": 13.9455280304
    },
    "spectral_decrease": {
        "mean": -3.45080714004e-10
    },
    "spectral_energy": {
        "mean": 0.00143815926276
    },
    "spectral_energyband_high": {
        "mean": 1.61048558311e-06
    },
    "spectral_energyband_low": {
        "mean": 2.44158422902e-06
    },
    "spectral_energyband_middle_high": {
        "mean": 0.00074263982242
    },
    "spectral_energyband_middle_low": {
        "mean": 0.000690099957865
    },
    "spectral_flatness_db": {
        "mean": 0.332169950008
    },
    "spectral_flux": {
        "mean": 0.00192404387053
    },
    "spectral_kurtosis": {
        "mean": 22.1018543243
    },
    "spectral_rms": {
        "mean": 0.000839306798298
    },
    "spectral_rolloff": {
        "mean": 936.225891113
    },
    "spectral_skewness": {
        "mean": 3.97712945938
    },
    "spectral_spread": {
        "mean": 9047770
    },
    "spectral_strongpeak": {
        "mean": 0.884843766689
    },
    "zerocrossingrate": {
        "mean": 0.0439689010382
    },
    "barkbands": {
        "mean": [3.05984872284e-06, 6.58513386043e-07, 1.18943717098e-07, 2.86960073481e-07, 0.000283254863461, 2.98632727436e-07, 0.000138242525281, 7.94336472154e-08, 0.000267920229817, 2.67368195637e-05, 1.38030131325e-07, 7.1558089985e-05, 7.48109414417e-06, 0.000487097277073, 6.48289205856e-05, 7.02677425579e-05, 4.679585345e-06, 6.7259475145e-07, 7.09480764272e-06, 2.31777471527e-06, 6.46978833174e-07, 3.5692153233e-07, 1.02640328237e-07, 2.08964166859e-07, 4.42660557098e-08, 9.44096978372e-09, 1.19360499262e-09]
    },
    "mfcc": {
        "mean": [-957.481140137, 109.484283447, -8.47117137909, 0.238128274679, -0.0687848553061, -4.68920278549, -12.1915893555, -12.9588155746, -6.1685962677, 6.43436813354, -3.91677761078, -5.62201452255, -0.878524720669]
    },
    "sccoeffs": {
        "mean": [-0.606635332108, -0.568472504616, -0.621460914612, -0.679841637611, -0.791354835033, -0.863289415836]
    },
    "scvalleys": {
        "mean": [-9.50587272644, -11.0038404465, -11.6786527634, -11.9982757568, -12.5378274918, -13.2081270218]
    }
},
"rhythm": {
    "beats_loudness": {
        "mean": 0.00168206915259
    },
    "bpm": 121.9737854,
    "first_peak_bpm": {
        "mean": 123
    },
    "first_peak_spread": {
        "mean": 0.375
    },
    "first_peak_weight": {
        "mean": 0.625
    },
    "onset_rate": 2.72195076942,
    "second_peak_bpm": {
        "mean": 0
    },
    "second_peak_spread": {
        "mean": 0
    },
    "second_peak_weight": {
        "mean": 0
    },
    "beats_loudness_band_ratio": {
        "mean": [0.249343186617, 0.220378637314, 0.277302384377, 0.234647005796, 0.0530705228448, 0.00412568962201]
    },
    "beats_position": [0.452789098024, 0.940408170223, 1.42802715302, 1.91564619541, 2.41487526894, 2.90249419212, 3.39011335373, 3.88934230804, 4.38857126236],
    "bpm_estimates": [123.046867371, 123.046890259, 123.046875, 120.185310364, 123.046905518, 123.046844482, 120.185333252, 120.185333252],
    "bpm_intervals": [0.487619072199, 0.487618982792, 0.487619042397, 0.499229073524, 0.487618923187, 0.487619161606, 0.499228954315, 0.499228954315],
    "onset_times": [0.0696598663926, 0.18575963378, 0.336689352989, 3.32045340538, 3.54104304314, 3.72680282593, 3.80807256699, 3.93578219414, 4.00544214249, 4.17959165573, 4.31891155243, 4.49306106567, 4.63238096237]
},
"sfx": {
    "inharmonicity": {
        "mean": 0.00741455657408
    },
    "oddtoevenharmonicenergyratio": {
        "mean": 1.9783911705
    },
    "pitch_after_max_to_before_max_energy_ratio": 1.56240105629,
    "pitch_centroid": 97.017326355,
    "pitch_max_to_total": 0,
    "pitch_min_to_total": 0.0386473424733,
    "tristimulus": {
        "mean": [0.474167346954, 0.50521594286, 0.0196517910808]
    }
},
"tonal": {
    "chords_changes_rate": 0.0192307699472,
    "chords_number_rate": 0.0192307699472,
    "chords_strength": {
        "mean": 0.423943251371
    },
    "key_strength": 0.563085436821,
    "tuning_diatonic_strength": 0.436612308025,
    "tuning_equal_tempered_deviation": 0.229624032974,
    "tuning_frequency": 432.940917969,
    "tuning_nontempered_energy_ratio": 0.94776570797,
    "hpcp": {
        "mean": [0.449528664351, 0.870405733585, 0.434419810772, 0.0105762444437, 0.012173707597, 0.00554151553661, 0.0357545651495, 0.0820444449782, 0.0512025095522, 0.01913501136, 0.0227950643748, 0.0255653765053, 0.093489356339, 0.0965156182647, 0.0227400250733, 0.00412061763927, 0.00296243326738, 0.00363546726294, 0.00528457947075, 0.00528154848143, 0.00328439823352, 0.118530899286, 0.250495105982, 0.174167767167, 0.0991878509521, 0.0596423223615, 0.00429847510532, 0.00375626934692, 0.00500602833927, 0.213031902909, 0.445455551147, 0.249519571662, 0.0229178760201, 0.0194141790271, 0.0198097527027, 0.0199215244502]
    },
    "chords_histogram": [0, 0, 5.76923084259, 0, 0, 0, 0, 0, 0, 0, 0, 0, 0, 0, 0, 0, 0, 0, 0, 94.2307662964, 0, 0, 0, 0],
    "thpcp": [1, 0.499100357294, 0.0121509358287, 0.0139862447977, 0.00636658910662, 0.0410780459642, 0.0942599996924, 0.0588260255754, 0.0219840127975, 0.0261890105903, 0.0293717924505, 0.107408940792, 0.110885776579, 0.0261257756501, 0.00473413430154, 0.00340350833721, 0.00417675031349, 0.00607139803469, 0.00606791535392, 0.00377341057174, 0.136178910732, 0.287791192532, 0.200099512935, 0.113955877721, 0.0685224384069, 0.00493847299367, 0.00431553833187, 0.00575137324631, 0.244750112295, 0.51177918911, 0.286670416594, 0.026330107823, 0.022304745391, 0.0227592159063, 0.0228876303881, 0.516458749771],
    "chords_key": "A",
    "chords_scale": "minor",
    "key_key": "D",
    "key_scale": "major",
    "chords_progression": ["Am", "Am", "Am", "Am", "Am", "Am", "Am", "Am", "Am", "Am", "Am", "Am", "Am", "Am", "Am", "Am", "Am", "Am", "Am", "Am", "Am", "Am", "Am", "A", "A", "A", "A", "A", "A", "Am", "Am", "Am", "Am", "Am", "Am", "Am", "Am", "Am", "Am", "Am", "Am", "Am", "Am", "Am", "Am", "Am", "Am", "Am", "Am", "Am", "Am", "Am", "Am", "Am", "Am", "Am", "Am", "Am", "Am", "Am", "Am", "Am", "Am", "Am", "Am", "Am", "Am", "Am", "Am", "Am", "Am", "Am", "Am", "Am", "Am", "Am", "Am", "Am", "Am", "Am", "Am", "Am", "Am", "Am", "Am", "Am", "Am", "Am", "Am", "Am", "Am", "Am", "Am", "Am", "Am", "Am", "Am", "Am", "Am", "Am", "Am", "Am", "Am", "Am"]
}
}