{
"metadata": {
    "version": {
        "essentia": "2.1-beta2"
    }
},
"lowLevel": {
    "average_loudness": 0.99068403244,
    "barkbands_kurtosis": {
        "mean": 214.883483887
    },
    "barkbands_skewness": {
        "mean": 8.57697486877
    },
    "barkbands_spread": {
        "mean": 12.9257936478
    },
    "dissonance": {
        "mean": 0.383572369814
    },
    "hfc": {
        "mean": 17.1176147461
    },
    "pitch": {
        "mean": 574.06829834
    },
    "pitch_instantaneous_confidence": {
        "mean": 0.656707704067
    },
    "pitch_salience": {
        "mean": 0.308524101973
    },
    "silence_rate_20dB": {
        "mean": 1
    },
    "silence_rate_30dB": {
        "mean": 1
    },
    "silence_rate_60dB": {
        "mean": 0.9375
    },
    "spectral_centroid": {
        "mean": 1876.64208984
    },
    "spectral_complexity": {
        "mean": 2.3125
    },
    "spectral_crest": {
        "mean": 18.853395462
    },
    "spectral_decrease": {
        "mean": -4.35191299664e-10
    },
    "spectral_energy": {
        "mean": 0.00319513026625
    },
    "spectral_energyband_high": {
        "mean": 0.00225303065963
    },
    "spectral_energyband_low": {
        "mean": 3.65284540749e-06
    },
    "spectral_energyband_middle_high": {
        "mean": 0.000785941898357
    },
    "spectral_energyband_middle_low": {
        "mean": 0.000172599378857
    },
    "spectral_flatness_db": {
        "mean": 0.281284183264
    },
    "spectral_flux": {
        "mean": 0.0175872240216
    },
    "spectral_kurtosis": {
        "mean": 2.6063272953
    },
    "spectral_rms": {
        "mean": 0.000454174558399
    },
    "spectral_rolloff": {
        "mean": 3145.1940918
    },
    "spectral_skewness": {
        "mean": 1.47912657261
    },
    "spectral_spread": {
        "mean": 27045086
    },
    "spectral_strongpeak": {
        "mean": 0.0780422911048
    },
    "zerocrossingrate": {
        "mean": 0.149495437741
    },
    "barkbands": {
        "mean": [9.18032228014e-09, 2.310329279e-07, 2.46435251938e-06, 1.86600436791e-06, 2.68709263764e-05, 3.05625035253e-05, 4.4757649448e-05, 2.19384837692e-05, 2.92497425107e-05, 5.0973470934e-05, 1.32804698296e-05, 1.43062752613e-05, 9.75770217337e-06, 1.29715708681e-05, 2.13049916056e-05, 2.27490018005e-05, 7.34954810468e-05, 0.000184464151971, 0.000246765877819, 0.000424897647463, 0.000482072820887, 0.000385957449907, 0.000253864447586, 0.000694123737048, 0.00011089497275, 3.04228506138e-05, 4.8799997785e-06]
    },
    "mfcc": {
        "mean": [-1056.28308105, 18.5791568756, 8.72824668884, 6.64698410034, -4.86593914032, -6.29788255692, -4.56233596802, -3.78260540962, -5.09993267059, -6.71627569199, -9.90381526947, -10.2574586868, -12.9699296951]
    },
    "sccoeffs": {
        "mean": [-0.636170089245, -0.856540501118, -0.865103185177, -0.901273012161, -0.904951393604, -0.905806779861]
    },
    "scvalleys": {
        "mean": [-13.6529998779, -13.2836847305, -13.5899896622, -14.0661230087, -14.050570488, -14.3896856308]
    }
},
"rhythm": {
    "beats_loudness": {
        "mean": 8.30357919313e-07
    },
    "bpm": 143.5546875,
    "first_peak_bpm": {
        "mean": 144
    },
    "first_peak_spread": {
        "mean": 0
    },
    "first_peak_weight": {
        "mean": 1
    },
    "onset_rate": 0.925945341587,
    "second_peak_bpm": {
        "mean": 0
    },
    "second_peak_spread": {
        "mean": 0
    },
    "second_peak_weight": {
        "mean": 0
    },
    "beats_loudness_band_ratio": {
        "mean": [0.529376089573, 0.859997987747, 0.00580061227083, 0.00507938815281, 0.0024540903978, 0.00771950278431]
    },
    "beats_position": [0.406349211931, 0.824308395386],
    "bpm_estimates": [143.5546875],
    "bpm_intervals": [0.417959183455],
    "onset_times": [0.0232199542224]
},
"sfx": {
    "inharmonicity": {
        "mean": 0.0197474006563
    },
    "oddtoevenharmonicenergyratio": {
        "mean": 173.050186157
    },
    "pitch_after_max_to_before_max_energy_ratio": 3.96429562569,
    "pitch_centroid": 12.8403921127,
    "pitch_max_to_total": 0.0208333339542,
    "pitch_min_to_total": 0.25,
    "tristimulus": {
        "mean": [0.725478410721, 0.194704771042, 0.0674449875951]
    }
},
"tonal": {
    "chords_changes_rate": 0.0399999991059,
    "chords_number_rate": 0.0799999982119,
    "chords_strength": {
        "mean": 0.363626182079
    },
    "key_strength": 0.483553737402,
    "tuning_diatonic_strength": 0.404771924019,
    "tuning_equal_tempered_deviation": 0.171487569809,
    "tuning_frequency": 451.586883545,
    "tuning_nontempered_energy_ratio": 0.796226918697,
    "hpcp": {
        "mean": [0.197665736079, 0.0846749693155, 0.0405874103308, 0.0457164794207, 0.0508166402578, 0.0436281450093, 0.0445858612657, 0.0460018217564, 0.0665070265532, 0.080925732851, 0.0728076323867, 0.0989128947258, 0.117902956903, 0.0895875543356, 0.133056923747, 0.170707017183, 0.09400074929, 0.0373902358115, 0.0287908595055, 0.0255776308477, 0.0207076445222, 0.0222937017679, 0.0321777574718, 0.0306123048067, 0.0256176013499, 0.0407743230462, 0.060478836298, 0.0461088046432, 0.0339154563844, 0.110482320189, 0.336037039757, 0.398973196745, 0.242877677083, 0.247632294893, 0.280970662832, 0.259504973888]
    },
    "chords_histogram": [0, 0, 4, 0, 0, 0, 0, 0, 0, 96, 0, 0, 0, 0, 0, 0, 0, 0, 0, 0, 0, 0, 0, 0],
    "thpcp": [1, 0.608756899834, 0.620674014091, 0.704234421253, 0.650432109833, 0.495436131954, 0.212232232094, 0.101729668677, 0.114585340023, 0.127368554473, 0.109351068735, 0.111751519144, 0.115300528705, 0.166695475578, 0.202835008502, 0.182487532496, 0.247918650508, 0.295515984297, 0.224545300007, 0.333498388529, 0.427865892649, 0.23560667038, 0.0937161594629, 0.0721623897552, 0.0641086474061, 0.051902346313, 0.0558776929975, 0.0806514248252, 0.0767277255654, 0.0642088279128, 0.102198153734, 0.151586219668, 0.115568675101, 0.0850068554282, 0.276916652918, 0.842254698277],
    "chords_key": "G",
    "chords_scale": "major",
    "key_key": "C",
    "key_scale": "minor",
    "chords_progression": ["Gm", "G", "G", "G", "G", "G", "G", "G", "G", "G", "G", "G", "G", "G", "G", "G", "G", "G", "G", "G", "G", "G", "G", "G", "G"]
}
}