{
"metadata": {
    "version": {
        "essentia": "2.1-beta2"
    }
},
"lowLevel": {
    "dissonance": {
        "mean": 0.467017501593
    },
    "hfc": {
        "mean": 167.570297241
    },
    "spectral_centroid": {
        "mean": 0.212121397257
    },
    "mfcc": {
        "mean": [-653.845947266, -48.5214614868, -70.633354187, 18.2207393646, -8.51554107666, 8.99508666992, -9.50885677338, 25.7776489258, 3.46409654617, 19.7965641022, 16.5190620422, 14.2088546753, 12.8041591644, 14.4124355316, 4.76816797256, 3.19915437698, 12.2412109375, 8.87779998779, 5.23181819916, 12.2772836685, 8.75944423676, 12.9649858475, 8.18985652924, 4.36364173889, 4.38760280609, 3.67867970467, 0.192784041166, 1.04899823666, 5.11609840393, 3.11177277565, -0.469743341208, 1.05871200562, 0.723540782928, -6.01736783981, -5.88735818863, -0.512825965881, 3.43054699898, -0.251088708639, 0.757303953171, 3.20051527023]
    },
    "spectral_contrast": {
        "mean": [-0.638267457485, -0.775302231312, -0.768511235714, -0.741455972195, -0.744642078876, -0.557963490486]
    }
},
"sfx": {
    "inharmonicity": {
        "mean": 0.202404156327
    },
    "logattacktime": {
        "mean": -4.95219278336
    }
}
}