{
"metadata": {
    "version": {
        "essentia": "2.1-beta2"
    }
},
"lowLevel": {
    "dissonance": {
        "mean": 0.0319080427289
    },
    "hfc": {
        "mean": 8.32281303406
    },
    "spectral_centroid": {
        "mean": 0.0658837705851
    },
    "mfcc": {
        "mean": [-953.203552246, 58.0839080811, -58.2619514465, -29.5014419556, -31.4805412292, -27.8149623871, -21.3452510834, 1.88878130913, 17.1794567108, -0.886197328568, 3.17122554779, 46.9956665039, 37.6051521301, -14.0746059418, -63.3391609192, -59.8113746643, -21.353181839, 2.28728413582, 21.8771152496, 40.535900116, 14.9481296539, -21.7445812225, -19.367603302, 6.36214876175, 12.2157306671, -8.80983543396, -22.8789215088, -5.89360380173, 11.3610124588, 1.9093657732, -9.09935665131, 5.04136323929, 14.4312381744, 10.6265363693, 1.82625901699, -8.92623519897, -8.42478847504, -5.58597803116, -4.33682727814, 1.42104887962]
    },
    "spectral_contrast": {
        "mean": [-0.35543730855, -0.381497979164, -0.475306361914, -0.709510922432, -0.756020367146, -0.867695748806]
    }
},
"sfx": {
    "inharmonicity": {
        "mean": 0.244790926576
    },
    "logattacktime": {
        "mean": -4.94873905182
    }
}
}