{
"metadata": {
    "version": {
        "essentia": "2.1-beta2"
    }
},
"lowLevel": {
    "average_loudness": 0.974813699722,
    "barkbands_kurtosis": {
        "mean": 17.8791313171
    },
    "barkbands_skewness": {
        "mean": 1.92199993134
    },
    "barkbands_spread": {
        "mean": 6.55890226364
    },
    "dissonance": {
        "mean": 0.289525449276
    },
    "hfc": {
        "mean": 7.08503913879
    },
    "pitch": {
        "mean": 298.521087646
    },
    "pitch_instantaneous_confidence": {
        "mean": 0.581821620464
    },
    "pitch_salience": {
        "mean": 0.603211045265
    },
    "silence_rate_20dB": {
        "mean": 1
    },
    "silence_rate_30dB": {
        "mean": 1
    },
    "silence_rate_60dB": {
        "mean": 0.401639342308
    },
    "spectral_centroid": {
        "mean": 641.0390625
    },
    "spectral_complexity": {
        "mean": 5.3360657692
    },
    "spectral_crest": {
        "mean": 13.3051376343
    },
    "spectral_decrease": {
        "mean": -3.5311145119e-09
    },
    "spectral_energy": {
        "mean": 0.0139698591083
    },
    "spectral_energyband_high": {
        "mean": 7.90779424165e-08
    },
    "spectral_energyband_low": {
        "mean": 3.22330051858e-05
    },
    "spectral_energyband_middle_high": {
        "mean": 0.000340273138136
    },
    "spectral_energyband_middle_low": {
        "mean": 0.0136149553582
    },
    "spectral_flatness_db": {
        "mean": 0.349048644304
    },
    "spectral_flux": {
        "mean": 0.00430898275226
    },
    "spectral_kurtosis": {
        "mean": 98.8338241577
    },
    "spectral_rms": {
        "mean": 0.00284081022255
    },
    "spectral_rolloff": {
        "mean": 840.147949219
    },
    "spectral_skewness": {
        "mean": 7.5873799324
    },
    "spectral_spread": {
        "mean": 12451149
    },
    "spectral_strongpeak": {
        "mean": 1.37303817272
    },
    "zerocrossingrate": {
        "mean": 0.0387583263218
    },
    "barkbands": {
        "mean": [3.77178736244e-07, 4.32626893598e-06, 2.73935693258e-05, 2.94010078505e-07, 0.000205739037483, 0.000198633322725, 0.00655680708587, 0.00636748177931, 0.000222517366637, 0.000204391486477, 0.000133588633616, 2.71399003395e-05, 1.01244404505e-05, 6.8404187914e-06, 2.49549952969e-06, 1.46822935676e-06, 8.47843182328e-08, 4.48204531267e-08, 4.01700184227e-08, 3.46037865029e-08, 2.40733175616e-08, 1.05199218225e-08, 6.63596111394e-09, 6.1696878717e-09, 6.01676797274e-09, 4.86028461921e-09, 2.76555223166e-09]
    },
    "mfcc": {
        "mean": [-958.952880859, 170.62336731, 30.5670108795, -27.4883117676, -19.5820331573, -11.3786869049, -15.5149383545, -13.8336181641, -0.860208809376, 7.13669252396, 4.28762865067, 3.42494392395, 6.73026323318]
    },
    "sccoeffs": {
        "mean": [-0.646063923836, -0.589440762997, -0.693825781345, -0.762962818146, -0.852832913399, -0.894851326942]
    },
    "scvalleys": {
        "mean": [-9.13956451416, -8.28285980225, -9.77275943756, -10.5956716537, -12.2947902679, -13.0483913422]
    }
},
"rhythm": {
    "beats_loudness": {
        "mean": 0.0181761793792
    },
    "bpm": 178.205810547,
    "first_peak_bpm": {
        "mean": 178
    },
    "first_peak_spread": {
        "mean": 0
    },
    "first_peak_weight": {
        "mean": 0.666666686535
    },
    "onset_rate": 1.43107485771,
    "second_peak_bpm": {
        "mean": 172
    },
    "second_peak_spread": {
        "mean": 0
    },
    "second_peak_weight": {
        "mean": 0.333333343267
    },
    "beats_loudness_band_ratio": {
        "mean": [0.13733240962, 0.0339307822287, 0.809433758259, 0.0210444647819, 0.000723499921151, 0.000705847458448]
    },
    "beats_position": [0.348299324512, 0.684988677502, 1.02167797089, 1.35836732388, 1.70666658878, 2.04335594177, 2.39165520668],
    "bpm_estimates": [178.205810547, 178.205841064, 178.205810547, 178.205810547],
    "bpm_intervals": [0.336689352989, 0.336689293385, 0.336689352989, 0.348299264908, 0.336689352989, 0.348299264908],
    "onset_times": [0.0580498874187, 0.116099774837, 0.336689352989, 2.70512461662]
},
"sfx": {
    "inharmonicity": {
        "mean": 0.0304875615984
    },
    "oddtoevenharmonicenergyratio": {
        "mean": 0.15244820714
    },
    "pitch_after_max_to_before_max_energy_ratio": 0.494913488626,
    "pitch_centroid": 79.0516204834,
    "pitch_max_to_total": 0.975409865379,
    "pitch_min_to_total": 0.0901639312506,
    "tristimulus": {
        "mean": [0.307526141405, 0.66028213501, 0.0237384475768]
    }
},
"tonal": {
    "chords_changes_rate": 0,
    "chords_number_rate": 0.0161290317774,
    "chords_strength": {
        "mean": 0.609750330448
    },
    "key_strength": 0.57007932663,
    "tuning_diatonic_strength": 0.372331649065,
    "tuning_equal_tempered_deviation": 0.140223443508,
    "tuning_frequency": 443.828887939,
    "tuning_nontempered_energy_ratio": 0.723766446114,
    "hpcp": {
        "mean": [0.693301796913, 0.382404774427, 0.0459982156754, 0.0252678971738, 0.0287808217108, 0.0336134657264, 0.0282533373684, 0.0225335713476, 0.0165086407214, 0.0146127399057, 0.0597099736333, 0.449427515268, 0.533404529095, 0.146173730493, 0.0148773845285, 0.0107479644939, 0.0143840182573, 0.0235408674926, 0.0196381565183, 0.018012188375, 0.0881013721228, 0.154117807746, 0.24014224112, 0.262117564678, 0.103382781148, 0.0145386802033, 0.018390301615, 0.00946597475559, 0.00846309401095, 0.0156695060432, 0.0134716471657, 0.00898057315499, 0.00602682866156, 0.0134216174483, 0.0377243123949, 0.365912824869]
    },
    "chords_histogram": [0, 0, 0, 0, 0, 0, 0, 0, 0, 0, 0, 0, 0, 0, 0, 0, 0, 0, 0, 0, 0, 0, 0, 100],
    "thpcp": [1, 0.551570415497, 0.0663466006517, 0.0364457406104, 0.0415126904845, 0.0484831668437, 0.0407518595457, 0.0325018204749, 0.0238116234541, 0.0210770256817, 0.0861240699887, 0.648242235184, 0.769368469715, 0.210837081075, 0.0214587412775, 0.0155025767162, 0.0207471232861, 0.0339547172189, 0.0283255521208, 0.0259802993387, 0.127075061202, 0.222295403481, 0.346374750137, 0.378071367741, 0.149116560817, 0.0209702048451, 0.0265256799757, 0.013653469272, 0.0122069409117, 0.0226012766361, 0.0194311439991, 0.0129533391446, 0.00869293697178, 0.0193589832634, 0.0544125400484, 0.527782917023],
    "chords_key": "A",
    "chords_scale": "major",
    "key_key": "C#",
    "key_scale": "minor",
    "chords_progression": ["A", "A", "A", "A", "A", "A", "A", "A", "A", "A", "A", "A", "A", "A", "A", "A", "A", "A", "A", "A", "A", "A", "A", "A", "A", "A", "A", "A", "A", "A", "A", "A", "A", "A", "A", "A", "A", "A", "A", "A", "A", "A", "A", "A", "A", "A", "A", "A", "A", "A", "A", "A", "A", "A", "A", "A", "A", "A", "A", "A", "A", "A"]
}
}