{
"metadata": {
    "version": {
        "essentia": "2.1-beta2"
    }
},
"lowLevel": {
    "dissonance": {
        "mean": 0.119214229286
    },
    "hfc": {
        "mean": 103.939926147
    },
    "spectral_centroid": {
        "mean": 0.140681892633
    },
    "mfcc": {
        "mean": [-922.683288574, -83.9449310303, -82.8307342529, 10.4091701508, 44.9927825928, 48.7283782959, 2.68344807625, -55.8064002991, -3.67501616478, 73.0806732178, 48.277545929, -75.689414978, -31.1363601685, 92.5184860229, -13.7043638229, 16.5171070099, 8.37006759644, -41.8237800598, 41.4415550232, 25.7910575867, -41.6457672119, 8.62013053894, 14.3241424561, 8.27214813232, 6.90113258362, -29.4370441437, 39.3330421448, -34.7475509644, 32.2214202881, -17.2557220459, 12.0890245438, 3.99729800224, -2.91463184357, -4.80667686462, 4.27592611313, -1.99852013588, 4.43567943573, -7.19526481628, -7.56828451157, 18.0329685211]
    },
    "spectral_contrast": {
        "mean": [-0.769767820835, -0.859239518642, -0.263740837574, -0.46805998683, -0.55007648468, -0.645668745041]
    }
},
"sfx": {
    "inharmonicity": {
        "mean": 0.314924269915
    },
    "logattacktime": {
        "mean": -4.95335960388
    }
}
}