{
"metadata": {
    "version": {
        "essentia": "2.1-beta2"
    }
},
"lowLevel": {
    "average_loudness": 0.99068403244,
    "barkbands_kurtosis": {
        "mean": 156.024169922
    },
    "barkbands_skewness": {
        "mean": 6.97164916992
    },
    "barkbands_spread": {
        "mean": 14.2086725235
    },
    "dissonance": {
        "mean": 0.397858828306
    },
    "hfc": {
        "mean": 16.2921066284
    },
    "pitch": {
        "mean": 435.756256104
    },
    "pitch_instantaneous_confidence": {
        "mean": 0.608002901077
    },
    "pitch_salience": {
        "mean": 0.367830485106
    },
    "silence_rate_20dB": {
        "mean": 1
    },
    "silence_rate_30dB": {
        "mean": 1
    },
    "silence_rate_60dB": {
        "mean": 0.897435903549
    },
    "spectral_centroid": {
        "mean": 1807.64624023
    },
    "spectral_complexity": {
        "mean": 4.69230747223
    },
    "spectral_crest": {
        "mean": 15.963394165
    },
    "spectral_decrease": {
        "mean": -9.14793185647e-10
    },
    "spectral_energy": {
        "mean": 0.00493038492277
    },
    "spectral_energyband_high": {
        "mean": 0.00179313449189
    },
    "spectral_energyband_low": {
        "mean": 4.45717778348e-05
    },
    "spectral_energyband_middle_high": {
        "mean": 0.002492609201
    },
    "spectral_energyband_middle_low": {
        "mean": 0.000687083695084
    },
    "spectral_flatness_db": {
        "mean": 0.255596011877
    },
    "spectral_flux": {
        "mean": 0.0227137673646
    },
    "spectral_kurtosis": {
        "mean": 3.1362388134
    },
    "spectral_rms": {
        "mean": 0.000752438849304
    },
    "spectral_rolloff": {
        "mean": 3095.81201172
    },
    "spectral_skewness": {
        "mean": 1.50248348713
    },
    "spectral_spread": {
        "mean": 26965056
    },
    "spectral_strongpeak": {
        "mean": 0.191653326154
    },
    "zerocrossingrate": {
        "mean": 0.126189395785
    },
    "barkbands": {
        "mean": [5.36641984183e-08, 3.43212582266e-06, 1.82352414413e-05, 5.74231344217e-05, 8.9744629804e-05, 7.19804156688e-05, 0.000104971863038, 9.86664890661e-05, 0.000193042331375, 0.000384866987588, 0.00018788278976, 0.000510542071424, 8.91847957973e-05, 4.43287244707e-05, 0.000132241708343, 0.000157640024554, 0.000118592775834, 0.000268154079095, 0.000307012349367, 0.000640931306407, 0.00070686172694, 0.000189816419152, 0.000184362434084, 0.000182436371688, 0.00013578942162, 3.99244418077e-05, 1.22654291772e-05]
    },
    "mfcc": {
        "mean": [-1021.48986816, 28.8977298737, 6.92939186096, 3.51382756233, -7.9094042778, -6.58413600922, -1.91406011581, -1.98569369316, -4.46166372299, -8.25633716583, -11.6275997162, -9.1577091217, -9.0625038147]
    },
    "sccoeffs": {
        "mean": [-0.62619549036, -0.819675862789, -0.848351180553, -0.891239583492, -0.896123349667, -0.899729192257]
    },
    "scvalleys": {
        "mean": [-13.4214372635, -12.6680660248, -13.0056371689, -13.6360645294, -13.6327056885, -13.9615154266]
    }
},
"rhythm": {
    "bpm": 0,
    "first_peak_bpm": {
        "mean": 0
    },
    "first_peak_spread": {
        "mean": 0
    },
    "first_peak_weight": {
        "mean": 0
    },
    "onset_rate": 1.15741956234,
    "second_peak_bpm": {
        "mean": 0
    },
    "second_peak_spread": {
        "mean": 0
    },
    "second_peak_weight": {
        "mean": 0
    },
    "beats_position": [],
    "bpm_estimates": [],
    "bpm_intervals": [],
    "onset_times": [0.0232199542224]
},
"sfx": {
    "inharmonicity": {
        "mean": 0.0277924407274
    },
    "oddtoevenharmonicenergyratio": {
        "mean": 0.335327506065
    },
    "pitch_after_max_to_before_max_energy_ratio": 0.483019322157,
    "pitch_centroid": 18.6953315735,
    "pitch_max_to_total": 0.974358975887,
    "pitch_min_to_total": 0.17948718369,
    "tristimulus": {
        "mean": [0.724405169487, 0.204078912735, 0.0523810647428]
    }
},
"tonal": {
    "chords_changes_rate": 0,
    "chords_number_rate": 0.0500000007451,
    "chords_strength": {
        "mean": 0.310014665127
    },
    "key_strength": 0.564478754997,
    "tuning_diatonic_strength": 0.366134673357,
    "tuning_equal_tempered_deviation": 0.307580918074,
    "tuning_frequency": 432.191345215,
    "tuning_nontempered_energy_ratio": 0.973003864288,
    "hpcp": {
        "mean": [0.0831267982721, 0.171346455812, 0.187549799681, 0.098465025425, 0.086124882102, 0.0914724841714, 0.0853419750929, 0.0811403542757, 0.0630427896976, 0.0613625459373, 0.157514408231, 0.186910361052, 0.103812620044, 0.118311785161, 0.19583427906, 0.225870966911, 0.173016279936, 0.0961204618216, 0.0701890438795, 0.0841075778008, 0.0796176046133, 0.0569849908352, 0.102212332189, 0.113666474819, 0.0641781315207, 0.037593960762, 0.0203127842396, 0.0195175781846, 0.0408147461712, 0.0470586828887, 0.0420720651746, 0.3013843894, 0.717637956142, 0.480011940002, 0.0652839168906, 0.0663564056158]
    },
    "chords_histogram": [0, 0, 0, 0, 0, 0, 0, 0, 0, 0, 0, 0, 0, 0, 0, 0, 0, 0, 0, 100, 0, 0, 0, 0],
    "thpcp": [1, 0.668877601624, 0.0909705460072, 0.0924650132656, 0.115833893418, 0.238764479756, 0.261343210936, 0.137207105756, 0.120011605322, 0.127463281155, 0.118920654058, 0.113065861166, 0.0878476276994, 0.0855062678456, 0.219490081072, 0.260452181101, 0.144658759236, 0.164862781763, 0.272887289524, 0.314742237329, 0.241091310978, 0.133940041065, 0.0978056490421, 0.117200568318, 0.110943973064, 0.0794063210487, 0.142428830266, 0.15838971734, 0.0894296765327, 0.0523856915534, 0.0283050592989, 0.027196969837, 0.0568737275898, 0.0655744075775, 0.058625753969, 0.41996717453],
    "chords_key": "G",
    "chords_scale": "minor",
    "key_key": "C",
    "key_scale": "major",
    "chords_progression": ["Gm", "Gm", "Gm", "Gm", "Gm", "Gm", "Gm", "Gm", "Gm", "Gm", "Gm", "Gm", "Gm", "Gm", "Gm", "Gm", "Gm", "Gm", "Gm", "Gm"]
}
}