{"lowlevel.dissonance.mean": [-0.05324429273605347], "sfx.inharmonicity.mean": [0.3596820831298828], "lowlevel.spectral_contrast.mean": [[0.6024956703186035, 0.9761347770690918, 0.6996896266937256, 0.6873325109481812, 0.333953857421875, 0.292834997177124]], "lowlevel.spectral_centroid.mean": [0.34393399953842163], "lowlevel.mfcc.mean": [[0.33493781089782715, 0.7427680492401123, 0.6341221332550049, 0.20054598152637482, 0.459988534450531, 0.44810059666633606, 0.09726375341415405, -0.17248553037643433, 0.06561532616615295, 0.4234333336353302, 0.6845986247062683, 0.754914402961731, 0.8126753568649292]], "sfx.logattacktime.mean": [0.4160303771495819], "lowlevel.hfc.mean": [0.4692267179489136]}