{"lowlevel.dissonance.mean": [0.7537425756454468], "sfx.inharmonicity.mean": [1.0803236961364746], "lowlevel.spectral_contrast.mean": [[0.49945855140686035, 0.4422166347503662, 0.4885878562927246, 0.6431503295898438, 0.7011234760284424, 0.899677038192749]], "lowlevel.spectral_centroid.mean": [0.8252882957458496], "lowlevel.mfcc.mean": [[0.875901460647583, -0.06027917563915253, 0.14699918031692505, 0.589469313621521, 0.393878698348999, 0.5142735242843628, 0.2071278691291809, 0.5173546671867371, 0.24429497122764587, 0.5110023617744446, 0.7119598388671875, 0.786048173904419, 0.6834681630134583]], "sfx.logattacktime.mean": [0.3161751329898834], "lowlevel.hfc.mean": [0.5744106769561768]}