{
"metadata": {
    "version": {
        "essentia": "2.1-beta2"
    }
},
"lowLevel": {
    "average_loudness": 0.99068403244,
    "barkbands_kurtosis": {
        "mean": 167.958648682
    },
    "barkbands_skewness": {
        "mean": 5.93218851089
    },
    "barkbands_spread": {
        "mean": 15.7169466019
    },
    "dissonance": {
        "mean": 0.344697475433
    },
    "hfc": {
        "mean": 12.7535152435
    },
    "pitch": {
        "mean": 548.453063965
    },
    "pitch_instantaneous_confidence": {
        "mean": 0.701184749603
    },
    "pitch_salience": {
        "mean": 0.23506975174
    },
    "silence_rate_20dB": {
        "mean": 1
    },
    "silence_rate_30dB": {
        "mean": 0.976190447807
    },
    "silence_rate_60dB": {
        "mean": 0.845238089561
    },
    "spectral_centroid": {
        "mean": 1673.47009277
    },
    "spectral_complexity": {
        "mean": 6.26190471649
    },
    "spectral_crest": {
        "mean": 17.3700828552
    },
    "spectral_decrease": {
        "mean": -2.09699058118e-09
    },
    "spectral_energy": {
        "mean": 0.00907131284475
    },
    "spectral_energyband_high": {
        "mean": 0.00109323055949
    },
    "spectral_energyband_low": {
        "mean": 5.7638178987e-05
    },
    "spectral_energyband_middle_high": {
        "mean": 0.00156713812612
    },
    "spectral_energyband_middle_low": {
        "mean": 0.00645346939564
    },
    "spectral_flatness_db": {
        "mean": 0.357668220997
    },
    "spectral_flux": {
        "mean": 0.0247230492532
    },
    "spectral_kurtosis": {
        "mean": 6.1571264267
    },
    "spectral_rms": {
        "mean": 0.00113553088158
    },
    "spectral_rolloff": {
        "mean": 2920.0534668
    },
    "spectral_skewness": {
        "mean": 1.9012721777
    },
    "spectral_spread": {
        "mean": 24609470
    },
    "spectral_strongpeak": {
        "mean": 0.178423479199
    },
    "zerocrossingrate": {
        "mean": 0.112583704293
    },
    "barkbands": {
        "mean": [3.7708656464e-07, 8.99698648027e-07, 8.55366124597e-06, 0.000312962627504, 0.00360237620771, 0.000267806404736, 0.00115013623144, 0.000331357499817, 0.000724779209122, 0.00026654463727, 7.28341328795e-05, 0.000130141794216, 0.00012574896391, 0.000164209413924, 0.000126803875901, 8.07575052022e-05, 0.000120654382044, 0.00016897401656, 0.000196037552087, 0.000286539492663, 0.000285646558041, 0.000151008571265, 0.00014078541426, 0.00019028915267, 0.00011276263831, 4.14729438489e-05, 1.0851161278e-05]
    },
    "mfcc": {
        "mean": [-1013.56213379, 18.7370758057, 11.1575241089, 14.2247238159, 3.33611416817, -1.66529226303, -4.16534471512, -8.62771511078, -10.9645433426, -11.660984993, -14.6844396591, -13.5773286819, -16.259054184]
    },
    "sccoeffs": {
        "mean": [-0.507704615593, -0.815084159374, -0.886831104755, -0.886904597282, -0.892554223537, -0.901797354221]
    },
    "scvalleys": {
        "mean": [-13.9736347198, -13.4237775803, -13.744392395, -13.7349433899, -13.7491703033, -14.013879776]
    }
},
"rhythm": {
    "beats_loudness": {
        "mean": 0.000646861211862
    },
    "bpm": 156.605102539,
    "first_peak_bpm": {
        "mean": 157
    },
    "first_peak_spread": {
        "mean": 0.333333313465
    },
    "first_peak_weight": {
        "mean": 0.666666686535
    },
    "onset_rate": 0.520839452744,
    "second_peak_bpm": {
        "mean": 0
    },
    "second_peak_spread": {
        "mean": 0
    },
    "second_peak_weight": {
        "mean": 0
    },
    "beats_loudness_band_ratio": {
        "mean": [0.715408444405, 0.488616108894, 0.0203249137849, 0.00479333521798, 0.0305647850037, 0.167650476098]
    },
    "beats_position": [0.359909296036, 0.743038535118, 1.11455774307, 1.49768710136],
    "bpm_estimates": [156.605117798, 156.605072021],
    "bpm_intervals": [0.383129239082, 0.371519207954, 0.383129358292],
    "onset_times": [0.0232199542224]
},
"sfx": {
    "inharmonicity": {
        "mean": 0.0116516109556
    },
    "oddtoevenharmonicenergyratio": {
        "mean": 25576.7734375
    },
    "pitch_after_max_to_before_max_energy_ratio": 1.67120635509,
    "pitch_centroid": 24.4950637817,
    "pitch_max_to_total": 0.130952388048,
    "pitch_min_to_total": 0.369047611952,
    "tristimulus": {
        "mean": [0.771188437939, 0.152728110552, 0.0635664686561]
    }
},
"tonal": {
    "chords_changes_rate": 0.0465116277337,
    "chords_number_rate": 0.0697674453259,
    "chords_strength": {
        "mean": 0.543088138103
    },
    "key_strength": 0.561859369278,
    "tuning_diatonic_strength": 0.506559312344,
    "tuning_equal_tempered_deviation": 0.195137605071,
    "tuning_frequency": 456.570251465,
    "tuning_nontempered_energy_ratio": 0.838431715965,
    "hpcp": {
        "mean": [0.0120054660365, 0.0112565504387, 0.0139453941956, 0.02020518668, 0.021217469126, 0.0148650417104, 0.010803334415, 0.00903214886785, 0.00994393974543, 0.0131635582075, 0.0154044739902, 0.01700633578, 0.0174796674401, 0.0154022863135, 0.0147936465219, 0.0160296484828, 0.0123442355543, 0.00750019168481, 0.00812984351069, 0.0198294296861, 0.0305517837405, 0.0205255318433, 0.0110534587875, 0.0107183614746, 0.0175756067038, 0.027974203229, 0.182354137301, 0.689304888248, 0.664894402027, 0.189469963312, 0.089896902442, 0.0630935803056, 0.0349273830652, 0.0406165607274, 0.0474418029189, 0.0287695452571]
    },
    "chords_histogram": [13.9534883499, 0, 0, 0, 0, 0, 0, 0, 4.65116262436, 81.3953475952, 0, 0, 0, 0, 0, 0, 0, 0, 0, 0, 0, 0, 0, 0],
    "thpcp": [1, 0.964586794376, 0.274871051311, 0.130416750908, 0.0915321782231, 0.0506704412401, 0.0589239411056, 0.0688255727291, 0.0417370386422, 0.0174167715013, 0.0163302924484, 0.0202310979366, 0.0293124094605, 0.0307809635997, 0.0215652640909, 0.0156727954745, 0.0131032709032, 0.0144260395318, 0.0190968587995, 0.0223478376865, 0.0246717184782, 0.0253583975136, 0.0223446637392, 0.0214616879821, 0.0232548024505, 0.0179082378745, 0.0108808046207, 0.011794263497, 0.0287672840059, 0.0443225987256, 0.0297771450132, 0.0160356592387, 0.0155495218933, 0.0254975799471, 0.0405832082033, 0.264547854662],
    "chords_key": "F#",
    "chords_scale": "major",
    "key_key": "B",
    "key_scale": "minor",
    "chords_progression": ["F#", "F#", "F#", "F#", "F#", "F#", "F#", "F#", "F#", "F#", "F#", "F#", "F#", "F#", "F#", "F#", "F#", "F#", "F#", "F#", "F#", "F#", "F#", "F#", "F#", "F#", "F#", "F#", "F#", "F#", "F#", "F#", "F#", "F#", "F#", "D#m", "D#m", "Bm", "Bm", "Bm", "Bm", "Bm", "Bm"]
}
}