{"lowlevel.dissonance.mean": [0.2033681869506836], "sfx.inharmonicity.mean": [0.28626662492752075], "lowlevel.spectral_contrast.mean": [[0.4969210624694824, 0.7527377605438232, 0.8424243927001953, 0.6983879804611206, 0.5381906032562256, 0.4729173183441162]], "lowlevel.spectral_centroid.mean": [0.37373822927474976], "lowlevel.mfcc.mean": [[0.376209020614624, 0.5530627369880676, 0.42269665002822876, 0.4581863284111023, 0.45123913884162903, 0.37252479791641235, 0.2715332806110382, 0.2831820845603943, 0.4386264681816101, 0.598046064376831, 0.44421470165252686, 0.3085569739341736, 0.35324108600616455]], "sfx.logattacktime.mean": [0.3094279170036316], "lowlevel.hfc.mean": [0.46539202332496643]}