{
"metadata": {
    "version": {
        "essentia": "2.1-beta2"
    }
},
"lowLevel": {
    "dissonance": {
        "mean": 0.412321329117
    },
    "hfc": {
        "mean": 1.93239760399
    },
    "spectral_centroid": {
        "mean": 0.195564046502
    },
    "mfcc": {
        "mean": [-866.779968262, -59.0183258057, -73.3242874146, 36.3586997986, 7.69585990906, 17.0463523865, -14.1716880798, -2.24995017052, 1.53655791283, 26.8088912964, 39.95570755, 5.30796670914, -15.7528905869, -8.43940925598, 13.7320785522, 13.7579498291, -17.6291885376, -13.8137435913, 13.3725986481, 29.4611263275, 13.2464504242, -1.52943325043, -2.021235466, -3.62432193756, -9.75583457947, -3.08781027794, 0.831497430801, 6.95045471191, 3.97008466721, 0.131010323763, -3.49552202225, -6.85367441177, -0.401305884123, 8.72227954865, 0.904134631157, -5.51321268082, -7.62815618515, -1.25713646412, 3.94287443161, 3.54508900642]
    },
    "spectral_contrast": {
        "mean": [-0.781925141811, -0.773235678673, -0.648156821728, -0.76410317421, -0.744873821735, -0.702534675598]
    }
},
"sfx": {
    "inharmonicity": {
        "mean": 0.201590359211
    },
    "logattacktime": {
        "mean": -4.79982328415
    }
}
}