{"lowlevel.dissonance.mean": [0.2074376344680786], "sfx.inharmonicity.mean": [0.26756274700164795], "lowlevel.spectral_contrast.mean": [[0.614971399307251, 0.8672010898590088, 0.9971559047698975, 0.9681596755981445, 0.7303321361541748, 0.5470986366271973]], "lowlevel.spectral_centroid.mean": [0.3812408149242401], "lowlevel.mfcc.mean": [[0.45553135871887207, 0.5545730590820312, 0.3644770085811615, 0.43220818042755127, 0.4639643430709839, 0.35066792368888855, 0.23805025219917297, 0.279550164937973, 0.42429888248443604, 0.5784187316894531, 0.339687705039978, 0.256644606590271, 0.2645632028579712]], "sfx.logattacktime.mean": [0.5441838502883911], "lowlevel.hfc.mean": [0.46595391631126404]}