{
"metadata": {
    "version": {
        "essentia": "2.1-beta2"
    }
},
"lowLevel": {
    "average_loudness": 0.963558495045,
    "barkbands_kurtosis": {
        "mean": 42.0497665405
    },
    "barkbands_skewness": {
        "mean": 4.53004264832
    },
    "barkbands_spread": {
        "mean": 8.52756500244
    },
    "dissonance": {
        "mean": 0.487656056881
    },
    "hfc": {
        "mean": 55.3074569702
    },
    "pitch": {
        "mean": 1592.94580078
    },
    "pitch_instantaneous_confidence": {
        "mean": 0.835992336273
    },
    "pitch_salience": {
        "mean": 0.286858558655
    },
    "silence_rate_20dB": {
        "mean": 1
    },
    "silence_rate_30dB": {
        "mean": 0.981395363808
    },
    "silence_rate_60dB": {
        "mean": 0.325581401587
    },
    "spectral_centroid": {
        "mean": 1857.11291504
    },
    "spectral_complexity": {
        "mean": 1.41395354271
    },
    "spectral_crest": {
        "mean": 21.6626739502
    },
    "spectral_decrease": {
        "mean": -6.142051312e-09
    },
    "spectral_energy": {
        "mean": 0.028198024258
    },
    "spectral_energyband_high": {
        "mean": 2.47992047662e-05
    },
    "spectral_energyband_low": {
        "mean": 2.37046062779e-08
    },
    "spectral_energyband_middle_high": {
        "mean": 0.0281730517745
    },
    "spectral_energyband_middle_low": {
        "mean": 1.96493715521e-07
    },
    "spectral_flatness_db": {
        "mean": 0.521407544613
    },
    "spectral_flux": {
        "mean": 0.0245399978012
    },
    "spectral_kurtosis": {
        "mean": 15.1365737915
    },
    "spectral_rms": {
        "mean": 0.00406301999465
    },
    "spectral_rolloff": {
        "mean": 2175.45898438
    },
    "spectral_skewness": {
        "mean": 3.38302850723
    },
    "spectral_spread": {
        "mean": 10886302
    },
    "spectral_strongpeak": {
        "mean": 9.04205226898
    },
    "zerocrossingrate": {
        "mean": 0.0948650985956
    },
    "barkbands": {
        "mean": [4.12591667498e-08, 6.0697384896e-09, 6.40975883481e-10, 5.59916335519e-10, 3.20777981955e-09, 1.19760244388e-07, 4.59969697886e-08, 9.18491416257e-09, 1.25505650317e-08, 2.48007037129e-08, 3.87104762467e-07, 1.15423468117e-07, 0.000100414763438, 1.26219556478e-05, 0.0270608719438, 5.8879476228e-07, 5.48716343474e-08, 1.46733373185e-05, 6.18479361947e-07, 0.000982890138403, 5.07891790846e-08, 1.53412820509e-05, 3.30066563947e-06, 2.56875227933e-06, 1.20673973925e-06, 1.77398010237e-06, 3.56980365268e-07]
    },
    "mfcc": {
        "mean": [-1033.79187012, -24.8619270325, -58.4382095337, 4.34914588928, 24.0668029785, 21.3811855316, -15.9549407959, -32.8525772095, 12.2632513046, 50.7715568542, -20.9783115387, -45.7259674072, 37.8476867676]
    },
    "sccoeffs": {
        "mean": [-0.814141988754, -0.878481209278, -0.874369859695, -0.46076503396, -0.657563149929, -0.789030790329]
    },
    "scvalleys": {
        "mean": [-11.8505954742, -11.5587177277, -11.3493785858, -10.9144668579, -11.5491533279, -12.3565635681]
    }
},
"rhythm": {
    "beats_loudness": {
        "mean": 0.0338634736836
    },
    "bpm": 148.138778687,
    "first_peak_bpm": {
        "mean": 148
    },
    "first_peak_spread": {
        "mean": 0.5
    },
    "first_peak_weight": {
        "mean": 0.5
    },
    "onset_rate": 1.61031186581,
    "second_peak_bpm": {
        "mean": 0
    },
    "second_peak_spread": {
        "mean": 0
    },
    "second_peak_weight": {
        "mean": 0
    },
    "beats_loudness_band_ratio": {
        "mean": [0.00997907109559, 0.00757842697203, 0.00616021407768, 0.106735162437, 0.802574932575, 0.0696732848883]
    },
    "beats_position": [0.394739210606, 0.801088392735, 1.20743763447, 1.62539684772, 2.02013611794, 2.43809509277, 2.8444442749, 3.25079369545, 3.64553284645, 4.04027223587, 4.446621418],
    "bpm_estimates": [147.656265259, 147.656234741, 143.554672241, 151.999069214, 143.554763794, 147.656265259, 147.656173706, 151.99911499, 151.999023438, 147.656265259],
    "bpm_intervals": [0.406349182129, 0.406349241734, 0.417959213257, 0.39473927021, 0.417958974838, 0.406349182129, 0.406349420547, 0.394739151001, 0.39473938942, 0.406349182129],
    "onset_times": [0.545668959618, 0.673378705978, 0.986848056316, 1.09133791924, 2.84444451332, 3.14630389214, 3.64553284645, 4.22603178024]
},
"sfx": {
    "inharmonicity": {
        "mean": 0.0655549019575
    },
    "oddtoevenharmonicenergyratio": {
        "mean": 190538.078125
    },
    "pitch_after_max_to_before_max_energy_ratio": 31.4533252716,
    "pitch_centroid": 117.30859375,
    "pitch_max_to_total": 0,
    "pitch_min_to_total": 0.0511627905071,
    "tristimulus": {
        "mean": [0.15300065279, 0.610727727413, 0.0626345351338]
    }
},
"tonal": {
    "chords_changes_rate": 0.0925925895572,
    "chords_number_rate": 0.0462962947786,
    "chords_strength": {
        "mean": 0.442510485649
    },
    "key_strength": 0.591032326221,
    "tuning_diatonic_strength": 0.430996388197,
    "tuning_equal_tempered_deviation": 0.233056262136,
    "tuning_frequency": 446.142181396,
    "tuning_nontempered_energy_ratio": 0.782413542271,
    "hpcp": {
        "mean": [0.0333616957068, 0.0435837209225, 0.389900058508, 0.807064890862, 0.517092049122, 0.110595688224, 0.0742026418447, 0.0634757652879, 0.0500874780118, 0.0400491170585, 0.0387709401548, 0.0327508337796, 0.0236878246069, 0.028431693092, 0.0348012708127, 0.0349074453115, 0.0319656580687, 0.0316157005727, 0.0323589071631, 0.0284501239657, 0.030848570168, 0.0458105504513, 0.11238539964, 0.128788456321, 0.0823124721646, 0.0682297423482, 0.0578344166279, 0.0493196025491, 0.0601595565677, 0.0728732421994, 0.0492611639202, 0.0316679403186, 0.036865606904, 0.03284913674, 0.0328043960035, 0.038236528635]
    },
    "chords_histogram": [11.1111106873, 0, 55.555557251, 0, 0, 0, 0, 0, 0, 25, 0, 0, 6.48148155212, 0, 0, 0, 0, 0, 0, 1.85185182095, 0, 0, 0, 0],
    "thpcp": [1, 0.640706896782, 0.137034446001, 0.0919413566589, 0.0786501392722, 0.0620612762868, 0.0496231690049, 0.048039432615, 0.040580175817, 0.0293505825102, 0.0352285094559, 0.0431207828224, 0.0432523414493, 0.0396072976291, 0.0391736775637, 0.0400945544243, 0.0352513454854, 0.0382231585681, 0.0567619167268, 0.139251992106, 0.159576326609, 0.101989902556, 0.0845405906439, 0.0716601833701, 0.0611098371446, 0.0745411664248, 0.0902941524982, 0.0610374249518, 0.0392384082079, 0.0456786155701, 0.0407019779086, 0.0406465418637, 0.0473772659898, 0.041337069124, 0.0540027469397, 0.483108699322],
    "chords_key": "A#",
    "chords_scale": "minor",
    "key_key": "D#",
    "key_scale": "minor",
    "chords_progression": ["D#m", "D#m", "D#m", "D#m", "D#m", "D#m", "D#m", "D#m", "D#m", "D#m", "D#m", "D#m", "A#", "A#", "A#", "A#", "A#", "A#", "A#", "A#", "A#", "A#", "A#", "A#m", "A#m", "A#m", "A#m", "A#m", "A#m", "A#", "A#", "A#m", "A#m", "A#m", "A#m", "A#m", "A#m", "A#m", "A#m", "A#m", "A#m", "A#m", "A#m", "Am", "Am", "Am", "Am", "Am", "Am", "A", "A", "A#m", "A#m", "A#m", "A#m", "A#m", "A#m", "A#m", "A#m", "A#m", "A#m", "Am", "A#m", "A#m", "A#m", "A#m", "A#m", "A#m", "A#m", "A#m", "A#m", "A#m", "A#m", "A#m", "A#m", "A#m", "A#m", "A#m", "A#m", "A#m", "A#m", "A#m", "A#m", "A#m", "A#m", "A#m", "A#m", "A#m", "A#m", "A#m", "A#m", "A#m", "A#m", "A#m", "A#", "A#", "A#", "A#", "A#", "A#", "A#", "A#", "A#", "A#", "A#", "A#", "A#", "A#"]
}
}