{"lowlevel.dissonance.mean": [0.6364127397537231], "sfx.inharmonicity.mean": [0.8836157321929932], "lowlevel.spectral_contrast.mean": [[0.3979746103286743, 0.29065263271331787, 0.33988428115844727, 1.2813814878463745, 0.6687674522399902, 0.7843949794769287]], "lowlevel.spectral_centroid.mean": [0.4491778016090393], "lowlevel.mfcc.mean": [[0.3682427406311035, 0.18239586055278778, 0.2960861921310425, 0.33233657479286194, 0.6253584623336792, 0.9403102993965149, 0.42533406615257263, 0.28795742988586426, 0.022154182195663452, 0.9144923686981201, 1.243595838546753, 0.595784604549408, -0.16165590286254883]], "sfx.logattacktime.mean": [0.5308170318603516], "lowlevel.hfc.mean": [0.4764564335346222]}