{
"metadata": {
    "version": {
        "essentia": "2.1-beta2"
    }
},
"lowLevel": {
    "average_loudness": 0.977943718433,
    "barkbands_kurtosis": {
        "mean": 15.178355217
    },
    "barkbands_skewness": {
        "mean": 0.790106534958
    },
    "barkbands_spread": {
        "mean": 3.63459825516
    },
    "dissonance": {
        "mean": 0.287953704596
    },
    "hfc": {
        "mean": 12.110537529
    },
    "pitch": {
        "mean": 436.190307617
    },
    "pitch_instantaneous_confidence": {
        "mean": 0.628195166588
    },
    "pitch_salience": {
        "mean": 0.625844180584
    },
    "silence_rate_20dB": {
        "mean": 1
    },
    "silence_rate_30dB": {
        "mean": 1
    },
    "silence_rate_60dB": {
        "mean": 0.339449554682
    },
    "spectral_centroid": {
        "mean": 525.904174805
    },
    "spectral_complexity": {
        "mean": 5.53211021423
    },
    "spectral_crest": {
        "mean": 14.220202446
    },
    "spectral_decrease": {
        "mean": -6.18824769205e-09
    },
    "spectral_energy": {
        "mean": 0.0244543328881
    },
    "spectral_energyband_high": {
        "mean": 2.66691468909e-08
    },
    "spectral_energyband_low": {
        "mean": 0.000114454967843
    },
    "spectral_energyband_middle_high": {
        "mean": 0.000143490949995
    },
    "spectral_energyband_middle_low": {
        "mean": 0.0241971444339
    },
    "spectral_flatness_db": {
        "mean": 0.400366544724
    },
    "spectral_flux": {
        "mean": 0.00555530982092
    },
    "spectral_kurtosis": {
        "mean": 174.121749878
    },
    "spectral_rms": {
        "mean": 0.00395307643339
    },
    "spectral_rolloff": {
        "mean": 666.344726562
    },
    "spectral_skewness": {
        "mean": 10.4224338531
    },
    "spectral_spread": {
        "mean": 9068422
    },
    "spectral_strongpeak": {
        "mean": 2.03243780136
    },
    "zerocrossingrate": {
        "mean": 0.0317427590489
    },
    "barkbands": {
        "mean": [3.67169207038e-07, 5.13359809702e-05, 6.24260428594e-05, 5.91091411479e-05, 0.000473072257591, 0.00213581137359, 0.0143524426967, 0.00698030041531, 0.000195600659936, 1.35375466925e-05, 6.4431289502e-05, 4.92302024213e-05, 1.34001220431e-05, 1.43472072978e-06, 7.98899066012e-07, 9.69330130829e-07, 4.33079563322e-08, 1.0100679404e-08, 1.40870062282e-08, 5.31417221339e-09, 6.76232048136e-09, 3.41665873371e-09, 2.69016986465e-09, 3.28382609993e-09, 2.98041613611e-09, 2.81291034909e-09, 2.06154737725e-09]
    },
    "mfcc": {
        "mean": [-948.444519043, 195.464431763, 57.6380081177, -18.2535133362, -19.772321701, -12.1326580048, -19.0927696228, -18.6287021637, -5.65913534164, 4.65666723251, 9.55687999725, 14.9844713211, 15.3193569183]
    },
    "sccoeffs": {
        "mean": [-0.653190732002, -0.591234564781, -0.722695589066, -0.781235814095, -0.866991102695, -0.904763579369]
    },
    "scvalleys": {
        "mean": [-8.18544006348, -7.1415810585, -9.5155248642, -10.4839773178, -12.3802995682, -13.118894577]
    }
},
"rhythm": {
    "beats_loudness": {
        "mean": 0.0348565019667
    },
    "bpm": 92.28515625,
    "first_peak_bpm": {
        "mean": 92
    },
    "first_peak_spread": {
        "mean": 0
    },
    "first_peak_weight": {
        "mean": 1
    },
    "onset_rate": 1.1962890625,
    "second_peak_bpm": {
        "mean": 0
    },
    "second_peak_spread": {
        "mean": 0
    },
    "second_peak_weight": {
        "mean": 0
    },
    "beats_loudness_band_ratio": {
        "mean": [0.0218626409769, 0.14292883873, 0.91690582037, 0.0046424549073, 6.50573128951e-05, 3.42216117133e-06]
    },
    "beats_position": [0.626938760281, 1.27709746361, 1.92725622654],
    "bpm_estimates": [92.28515625, 92.2851486206],
    "bpm_intervals": [0.650158703327, 0.650158762932],
    "onset_times": [0.0348299331963, 0.290249437094, 2.40326523781]
},
"sfx": {
    "inharmonicity": {
        "mean": 0.00489484937862
    },
    "oddtoevenharmonicenergyratio": {
        "mean": 0.353778213263
    },
    "pitch_after_max_to_before_max_energy_ratio": 2.86479258537,
    "pitch_centroid": 47.8071212769,
    "pitch_max_to_total": 0,
    "pitch_min_to_total": 0.0825688093901,
    "tristimulus": {
        "mean": [0.828980267048, 0.160984784365, 0.00863931514323]
    }
},
"tonal": {
    "chords_changes_rate": 0,
    "chords_number_rate": 0.0181818176061,
    "chords_strength": {
        "mean": 0.652583479881
    },
    "key_strength": 0.470904767513,
    "tuning_diatonic_strength": 0.421385705471,
    "tuning_equal_tempered_deviation": 0.109548129141,
    "tuning_frequency": 438.984558105,
    "tuning_nontempered_energy_ratio": 0.79340672493,
    "hpcp": {
        "mean": [0.0166956298053, 0.0226258989424, 0.0209809802473, 0.0272494051605, 0.039004702121, 0.37722247839, 0.735595405102, 0.416062474251, 0.075566239655, 0.0638135150075, 0.034198988229, 0.0244445111603, 0.0446993745863, 0.0364172942936, 0.0583922676742, 0.271480947733, 0.273321449757, 0.0558714345098, 0.0171558912843, 0.0385151021183, 0.0347372256219, 0.0173222739249, 0.0593391433358, 0.195210024714, 0.166987270117, 0.0243018642068, 0.0070716063492, 0.0183257609606, 0.0214559901506, 0.0781431719661, 0.247750043869, 0.233791872859, 0.071493960917, 0.0210861116648, 0.00868066120893, 0.0112426802516]
    },
    "chords_histogram": [0, 0, 0, 0, 0, 0, 0, 0, 0, 0, 0, 0, 0, 0, 0, 0, 0, 0, 0, 0, 0, 0, 0, 100],
    "thpcp": [1, 0.565613210201, 0.102727994323, 0.0867508351803, 0.046491574496, 0.0332309193909, 0.0607662498951, 0.0495072342455, 0.0793809592724, 0.369062870741, 0.371564924717, 0.0759540274739, 0.023322455585, 0.05235908553, 0.04722327739, 0.0235486440361, 0.080668181181, 0.265376895666, 0.227009668946, 0.0330369994044, 0.00961344595999, 0.0249128267169, 0.0291681941599, 0.106231182814, 0.336802065372, 0.317826718092, 0.0971919596195, 0.0286653656512, 0.0118008637801, 0.0152837829664, 0.0226967558265, 0.0307586193085, 0.0285224467516, 0.0370440110564, 0.0530246682465, 0.512812435627],
    "chords_key": "G",
    "chords_scale": "major",
    "key_key": "B",
    "key_scale": "minor",
    "chords_progression": ["G", "G", "G", "G", "G", "G", "G", "G", "G", "G", "G", "G", "G", "G", "G", "G", "G", "G", "G", "G", "G", "G", "G", "G", "G", "G", "G", "G", "G", "G", "G", "G", "G", "G", "G", "G", "G", "G", "G", "G", "G", "G", "G", "G", "G", "G", "G", "G", "G", "G", "G", "G", "G", "G", "G"]
}
}