{
"metadata": {
    "version": {
        "essentia": "2.1-beta2"
    }
},
"lowLevel": {
    "dissonance": {
        "mean": 0.386209815741
    },
    "hfc": {
        "mean": 50.5201301575
    },
    "spectral_centroid": {
        "mean": 0.151050850749
    },
    "mfcc": {
        "mean": [-768.454101562, -26.2444038391, -119.074111938, -19.5066146851, -19.2382354736, -4.10159492493, -3.73643064499, 20.8193969727, 23.2723751068, 40.6276817322, 28.2444591522, 14.9141683578, -7.78958368301, -10.406993866, -25.3936977386, -13.9841747284, 5.07251548767, 25.5417060852, 29.6553726196, 18.5566616058, 5.37961149216, -11.7579603195, -13.1329698563, -12.3485765457, -0.854711830616, 8.71436500549, 12.4896831512, 5.46223306656, -4.38632202148, -3.90811181068, -2.41957950592, -3.4316740036, -1.281711936, 1.96267557144, -1.1613959074, -2.2888174057, 0.164526477456, -0.614439606667, 3.94022226334, 5.12970018387]
    },
    "spectral_contrast": {
        "mean": [-0.752683162689, -0.502153813839, -0.776094079018, -0.731993079185, -0.744334697723, -0.699023604393]
    }
},
"sfx": {
    "inharmonicity": {
        "mean": 0.226821035147
    },
    "logattacktime": {
        "mean": -4.84091091156
    }
}
}