{"lowlevel.dissonance.mean": [0.6486353874206543], "sfx.inharmonicity.mean": [0.28407683968544006], "lowlevel.spectral_contrast.mean": [[0.3967381715774536, 0.6465991735458374, 0.7034178972244263, 0.5768475532531738, 0.3155510425567627, 0.2732105255126953]], "lowlevel.spectral_centroid.mean": [0.3535582721233368], "lowlevel.mfcc.mean": [[0.35862839221954346, 0.833915114402771, 0.7706371545791626, 0.2399580180644989, 0.33995431661605835, 0.36646515130996704, 0.17410483956336975, 0.03452029824256897, 0.36370158195495605, 0.7672927975654602, 0.8973606824874878, 0.6246100068092346, 0.4347953796386719]], "sfx.logattacktime.mean": [0.4528178870677948], "lowlevel.hfc.mean": [0.4686354398727417]}