{
"metadata": {
    "version": {
        "essentia": "2.1-beta2"
    }
},
"lowLevel": {
    "average_loudness": 0.954964995384,
    "barkbands_kurtosis": {
        "mean": 1.8103107214
    },
    "barkbands_skewness": {
        "mean": 0.529893040657
    },
    "barkbands_spread": {
        "mean": 18.6532459259
    },
    "dissonance": {
        "mean": 0.44540771842
    },
    "hfc": {
        "mean": 17.1851348877
    },
    "pitch": {
        "mean": 542.825378418
    },
    "pitch_instantaneous_confidence": {
        "mean": 0.636893451214
    },
    "pitch_salience": {
        "mean": 0.683338582516
    },
    "silence_rate_20dB": {
        "mean": 1
    },
    "silence_rate_30dB": {
        "mean": 1
    },
    "silence_rate_60dB": {
        "mean": 0.568750023842
    },
    "spectral_centroid": {
        "mean": 1551.07202148
    },
    "spectral_complexity": {
        "mean": 3.33124995232
    },
    "spectral_crest": {
        "mean": 10.4212284088
    },
    "spectral_decrease": {
        "mean": -2.72643907451e-09
    },
    "spectral_energy": {
        "mean": 0.0118489395827
    },
    "spectral_energyband_high": {
        "mean": 0.000123034085846
    },
    "spectral_energyband_low": {
        "mean": 7.42137729048e-09
    },
    "spectral_energyband_middle_high": {
        "mean": 0.00908696558326
    },
    "spectral_energyband_middle_low": {
        "mean": 0.0026425824035
    },
    "spectral_flatness_db": {
        "mean": 0.275158375502
    },
    "spectral_flux": {
        "mean": 0.00835302378982
    },
    "spectral_kurtosis": {
        "mean": 9.7712469101
    },
    "spectral_rms": {
        "mean": 0.00226630060934
    },
    "spectral_rolloff": {
        "mean": 2431.23388672
    },
    "spectral_skewness": {
        "mean": 2.31521654129
    },
    "spectral_spread": {
        "mean": 13578968
    },
    "spectral_strongpeak": {
        "mean": 2.1640791893
    },
    "zerocrossingrate": {
        "mean": 0.0933868438005
    },
    "barkbands": {
        "mean": [7.8309865259e-09, 2.15961093453e-09, 1.27765564795e-09, 1.33916766565e-09, 5.86968651461e-09, 1.07685436888e-05, 1.30156749947e-05, 0.00244842306711, 0.000165186545928, 6.65293555357e-06, 2.18236934302e-07, 0.00463055726141, 1.59065859862e-06, 4.8809170039e-06, 0.00256646214984, 1.31615183818e-06, 0.00126166944392, 0.000427283754107, 0.000187276455108, 7.0801586844e-05, 3.16790647048e-05, 1.74812812475e-05, 2.64772575065e-06, 8.19810793473e-07, 1.96190669044e-07, 1.68303966319e-08, 1.00234864853e-09]
    },
    "mfcc": {
        "mean": [-968.382141113, 6.20301961899, -82.5807342529, -12.4462060928, -25.0793533325, -12.9636507034, -11.7956991196, -6.24163913727, 3.05015611649, 14.5785522461, 17.3914451599, 18.2136726379, 11.4544401169]
    },
    "sccoeffs": {
        "mean": [-0.876114666462, -0.582051336765, -0.67088830471, -0.695243000984, -0.75673854351, -0.813986957073]
    },
    "scvalleys": {
        "mean": [-11.6758003235, -11.1721973419, -10.8085021973, -10.5813770294, -10.9707393646, -12.4457120895]
    }
},
"rhythm": {
    "beats_loudness": {
        "mean": 0.0147419339046
    },
    "bpm": 152.064880371,
    "first_peak_bpm": {
        "mean": 152
    },
    "first_peak_spread": {
        "mean": 0.333333313465
    },
    "first_peak_weight": {
        "mean": 0.25
    },
    "onset_rate": 1.36165738106,
    "second_peak_bpm": {
        "mean": 161
    },
    "second_peak_spread": {
        "mean": 0.333333313465
    },
    "second_peak_weight": {
        "mean": 0.25
    },
    "beats_loudness_band_ratio": {
        "mean": [0.124185711145, 0.0847660005093, 0.218559116125, 0.320925086737, 0.256809979677, 0.0570496991277]
    },
    "beats_position": [0.406349211931, 0.812698423862, 1.23065757751, 1.62539684772, 2.02013611794, 2.39165520668, 2.76317453384, 3.12308382988, 3.50621318817],
    "bpm_estimates": [147.65625, 151.999069214, 151.999069214, 156.605072021],
    "bpm_intervals": [0.406349211931, 0.417959153652, 0.39473927021, 0.39473927021, 0.371519088745, 0.371519327164, 0.359909296036, 0.383129358292],
    "onset_times": [0.708208620548, 1.2190476656, 1.54412698746, 1.82276642323, 2.03174614906]
},
"sfx": {
    "inharmonicity": {
        "mean": 0.0612987689674
    },
    "oddtoevenharmonicenergyratio": {
        "mean": 1.93438982964
    },
    "pitch_after_max_to_before_max_energy_ratio": 5.67185544968,
    "pitch_centroid": 80.3670425415,
    "pitch_max_to_total": 0.10625000298,
    "pitch_min_to_total": 0.17499999702,
    "tristimulus": {
        "mean": [0.256139338017, 0.627395510674, 0.0943707078695]
    }
},
"tonal": {
    "chords_changes_rate": 0.0864197537303,
    "chords_number_rate": 0.0246913582087,
    "chords_strength": {
        "mean": 0.538606405258
    },
    "key_strength": 0.62155932188,
    "tuning_diatonic_strength": 0.594693958759,
    "tuning_equal_tempered_deviation": 0.219176158309,
    "tuning_frequency": 445.112548828,
    "tuning_nontempered_energy_ratio": 0.775177299976,
    "hpcp": {
        "mean": [0.233905300498, 0.177476495504, 0.104893356562, 0.10863353312, 0.114931680262, 0.103469058871, 0.0971305444837, 0.11924225837, 0.133652374148, 0.119895160198, 0.106999762356, 0.11413628608, 0.120860345662, 0.142438068986, 0.395998716354, 0.675364911556, 0.458992898464, 0.194623500109, 0.17285835743, 0.132542580366, 0.109181307256, 0.112106874585, 0.177102863789, 0.195549041033, 0.128753915429, 0.109226614237, 0.139564052224, 0.15035867691, 0.12107796967, 0.111246392131, 0.136560410261, 0.152218267322, 0.139413356781, 0.111561797559, 0.0994554683566, 0.161243036389]
    },
    "chords_histogram": [74.0740737915, 0, 0, 0, 0, 0, 0, 25.9259262085, 0, 0, 0, 0, 0, 0, 0, 0, 0, 0, 0, 0, 0, 0, 0, 0],
    "thpcp": [1, 0.6796220541, 0.288175314665, 0.255948096514, 0.196253284812, 0.161662682891, 0.165994524956, 0.262232840061, 0.289545744658, 0.19064347446, 0.161729767919, 0.206649839878, 0.222633242607, 0.179277852178, 0.164720416069, 0.202202409506, 0.225386694074, 0.20642670989, 0.165187433362, 0.147261828184, 0.238749504089, 0.346339136362, 0.262786090374, 0.155313596129, 0.160851612687, 0.170177161694, 0.153204664588, 0.143819347024, 0.176559746265, 0.197896525264, 0.1775264889, 0.158432513475, 0.168999433517, 0.178955614567, 0.210905343294, 0.58634775877],
    "chords_key": "G",
    "chords_scale": "minor",
    "key_key": "G",
    "key_scale": "minor",
    "chords_progression": ["G", "G", "G", "G", "Gm", "G", "G", "G", "G", "G", "G", "G", "Gm", "Gm", "Gm", "Gm", "Gm", "Gm", "Gm", "Gm", "Gm", "Gm", "Gm", "Gm", "Gm", "Gm", "Gm", "Gm", "Gm", "Gm", "Gm", "Gm", "Gm", "Gm", "Gm", "Gm", "G", "G", "G", "G", "G", "G", "G", "G", "G", "Gm", "Gm", "Gm", "Gm", "Gm", "Gm", "Gm", "Gm", "Gm", "Gm", "Gm", "Gm", "Gm", "Gm", "Gm", "Gm", "Gm", "Gm", "G", "Gm", "Gm", "Gm", "Gm", "Gm", "Gm", "Gm", "Gm", "Gm", "Gm", "Gm", "Gm", "Gm", "Gm", "Gm", "Gm", "Gm"]
}
}