{
"metadata": {
    "version": {
        "essentia": "2.1-beta2"
    }
},
"lowLevel": {
    "average_loudness": 0.922349691391,
    "barkbands_kurtosis": {
        "mean": 91.33959198
    },
    "barkbands_skewness": {
        "mean": 5.0951666832
    },
    "barkbands_spread": {
        "mean": 13.1077432632
    },
    "dissonance": {
        "mean": 0.481861978769
    },
    "hfc": {
        "mean": 4.19070863724
    },
    "pitch": {
        "mean": 1381.90307617
    },
    "pitch_instantaneous_confidence": {
        "mean": 0.82880961895
    },
    "pitch_salience": {
        "mean": 0.186420157552
    },
    "silence_rate_20dB": {
        "mean": 1
    },
    "silence_rate_30dB": {
        "mean": 1
    },
    "silence_rate_60dB": {
        "mean": 0.689839601517
    },
    "spectral_centroid": {
        "mean": 1953.62634277
    },
    "spectral_complexity": {
        "mean": 0.791443824768
    },
    "spectral_crest": {
        "mean": 23.0406703949
    },
    "spectral_decrease": {
        "mean": -5.13203701757e-10
    },
    "spectral_energy": {
        "mean": 0.00231705699116
    },
    "spectral_energyband_high": {
        "mean": 2.17784709093e-05
    },
    "spectral_energyband_low": {
        "mean": 6.26939481663e-07
    },
    "spectral_energyband_middle_high": {
        "mean": 0.00229399721138
    },
    "spectral_energyband_middle_low": {
        "mean": 3.42561747857e-07
    },
    "spectral_flatness_db": {
        "mean": 0.359949529171
    },
    "spectral_flux": {
        "mean": 0.00466339709237
    },
    "spectral_kurtosis": {
        "mean": 1.76439356804
    },
    "spectral_rms": {
        "mean": 0.00122772506438
    },
    "spectral_rolloff": {
        "mean": 2577.76245117
    },
    "spectral_skewness": {
        "mean": 1.44914567471
    },
    "spectral_spread": {
        "mean": 21396256
    },
    "spectral_strongpeak": {
        "mean": 2.62564849854
    },
    "zerocrossingrate": {
        "mean": 0.0971261933446
    },
    "barkbands": {
        "mean": [7.68438553678e-07, 1.67577795196e-07, 4.01484578916e-09, 1.64252689228e-09, 3.23636673016e-09, 1.07074056288e-08, 1.40781509117e-07, 1.47379196846e-07, 3.14259658296e-08, 3.65489931653e-08, 1.70703503954e-06, 9.93748699329e-07, 0.000128687504912, 1.94137314224e-07, 0.00215106178075, 7.77405034569e-07, 5.45440400401e-07, 5.50157665202e-07, 9.37081676966e-06, 1.61965203915e-07, 3.7835167177e-07, 1.21916027638e-05, 3.44015575138e-07, 8.82359529442e-07, 5.80352707402e-06, 1.5639702724e-06, 5.3497205954e-07]
    },
    "mfcc": {
        "mean": [-1005.92553711, 3.93009090424, -48.3242721558, -22.7079658508, 14.5353965759, 26.8222503662, 10.3325929642, -20.6783866882, 12.4102706909, 22.335439682, 21.8576831818, -9.28592681885, 12.4994859695]
    },
    "sccoeffs": {
        "mean": [-0.707897424698, -0.835528612137, -0.811902105808, -0.571834087372, -0.822189033031, -0.834358930588]
    },
    "scvalleys": {
        "mean": [-11.4535675049, -10.7533893585, -10.6031961441, -10.5437431335, -10.919470787, -11.2150907516]
    }
},
"rhythm": {
    "beats_loudness": {
        "mean": 0.00302731245756
    },
    "bpm": 191.40625,
    "first_peak_bpm": {
        "mean": 191
    },
    "first_peak_spread": {
        "mean": 0
    },
    "first_peak_weight": {
        "mean": 0.5
    },
    "onset_rate": 2.32775402069,
    "second_peak_bpm": {
        "mean": 199
    },
    "second_peak_spread": {
        "mean": 0
    },
    "second_peak_weight": {
        "mean": 0.25
    },
    "beats_loudness_band_ratio": {
        "mean": [0.124716930091, 0.000276117789326, 0.0023255860433, 0.0850545614958, 0.759842216969, 0.0278793964535]
    },
    "beats_position": [0.278639435768, 0.580498874187, 0.870748281479, 1.16099774837, 1.43963718414, 1.75310659409, 2.06657600403, 2.38004541397, 2.69351458549, 3.00698399544, 3.32045340538, 3.62231278419, 3.92417216301],
    "bpm_estimates": [191.406234741, 191.406234741, 191.406234741, 191.406387329, 191.406234741, 191.406234741],
    "bpm_intervals": [0.301859438419, 0.290249407291, 0.290249466896, 0.278639435768, 0.313469409943, 0.313469409943, 0.313469409943, 0.313469171524, 0.313469409943, 0.313469409943, 0.301859378815, 0.301859378815],
    "onset_times": [0.0348299331963, 0.53405892849, 0.673378705978, 0.859138309956, 1.01006805897, 1.31192743778, 1.46285712719, 3.35528349876, 3.92417240143, 4.19120168686]
},
"sfx": {
    "inharmonicity": {
        "mean": 0.0613917633891
    },
    "oddtoevenharmonicenergyratio": {
        "mean": 11783.3876953
    },
    "pitch_after_max_to_before_max_energy_ratio": 0.0423681251705,
    "pitch_centroid": 97.5319671631,
    "pitch_max_to_total": 0.983957231045,
    "pitch_min_to_total": 0.0909090936184,
    "tristimulus": {
        "mean": [0.309591293335, 0.495667934418, 0.0464389510453]
    }
},
"tonal": {
    "chords_changes_rate": 0.0851063802838,
    "chords_number_rate": 0.0531914904714,
    "chords_strength": {
        "mean": 0.366747587919
    },
    "key_strength": 0.559643566608,
    "tuning_diatonic_strength": 0.364846110344,
    "tuning_equal_tempered_deviation": 0.200965762138,
    "tuning_frequency": 443.316436768,
    "tuning_nontempered_energy_ratio": 0.768370211124,
    "hpcp": {
        "mean": [0.738232851028, 0.350044995546, 0.0327125042677, 0.0330716222525, 0.0291188228875, 0.0381310768425, 0.0590766407549, 0.0509966872633, 0.0348668470979, 0.0345706045628, 0.0309844035655, 0.0323491618037, 0.0352780073881, 0.0300716292113, 0.0241999551654, 0.0247664190829, 0.0277249198407, 0.0221329554915, 0.0405651926994, 0.138587489724, 0.150409698486, 0.0525954440236, 0.0634738951921, 0.102303020656, 0.0638382807374, 0.029168099165, 0.0221530627459, 0.0251548942178, 0.040506657213, 0.054694775492, 0.0659960135818, 0.0693419203162, 0.054306756705, 0.0380816347897, 0.0356342792511, 0.423016369343]
    },
    "chords_histogram": [37.2340431213, 10.6382980347, 24.4680843353, 0, 4.2553191185, 0, 0, 0, 0, 0, 0, 23.4042549133, 0, 0, 0, 0, 0, 0, 0, 0, 0, 0, 0, 0],
    "thpcp": [1, 0.474166095257, 0.0443119071424, 0.0447983630002, 0.0394439548254, 0.051651827991, 0.0800243988633, 0.0690794065595, 0.0472301468253, 0.0468288622797, 0.0419710427523, 0.0438197255135, 0.0477871000767, 0.0407346114516, 0.0327809229493, 0.0335482470691, 0.0375557914376, 0.029980994761, 0.0549490489066, 0.187728688121, 0.20374289155, 0.071245059371, 0.0859808623791, 0.138578251004, 0.0864744484425, 0.039510704577, 0.030008232221, 0.0340744704008, 0.0548697561026, 0.0740887820721, 0.0893972888589, 0.0939296036959, 0.0735631808639, 0.051584854722, 0.048269700259, 0.573012113571],
    "chords_key": "D",
    "chords_scale": "minor",
    "key_key": "D",
    "key_scale": "minor",
    "chords_progression": ["Em", "Em", "Em", "Em", "E", "E", "E", "E", "E", "E", "E", "E", "E", "E", "E", "E", "E", "E", "E", "E", "F", "E", "E", "F", "E", "E", "E", "E", "F", "F", "F", "F", "F", "F", "F", "F", "Dm", "Dm", "Dm", "Dm", "Dm", "Dm", "Dm", "Dm", "Dm", "Dm", "Dm", "Dm", "Dm", "Dm", "Dm", "Dm", "Dm", "Dm", "Dm", "Dm", "Dm", "Dm", "Dm", "Dm", "Dm", "Dm", "Dm", "Dm", "Dm", "Dm", "Dm", "Dm", "Dm", "Dm", "Dm", "Am", "Am", "Am", "Am", "Am", "Am", "Am", "Am", "Am", "Am", "Am", "Am", "Am", "Am", "Am", "Am", "Am", "Am", "Am", "Am", "Am", "Am", "Am"]
}
}