{
"metadata": {
    "version": {
        "essentia": "2.1-beta2"
    }
},
"lowLevel": {
    "average_loudness": 0.949658334255,
    "barkbands_kurtosis": {
        "mean": 2.11313438416
    },
    "barkbands_skewness": {
        "mean": 0.0621739178896
    },
    "barkbands_spread": {
        "mean": 14.3214569092
    },
    "dissonance": {
        "mean": 0.451728731394
    },
    "hfc": {
        "mean": 19.2798061371
    },
    "pitch": {
        "mean": 869.520812988
    },
    "pitch_instantaneous_confidence": {
        "mean": 0.705069422722
    },
    "pitch_salience": {
        "mean": 0.778323531151
    },
    "silence_rate_20dB": {
        "mean": 1
    },
    "silence_rate_30dB": {
        "mean": 1
    },
    "silence_rate_60dB": {
        "mean": 0.468926548958
    },
    "spectral_centroid": {
        "mean": 1829.19628906
    },
    "spectral_complexity": {
        "mean": 5.20903968811
    },
    "spectral_crest": {
        "mean": 8.03632164001
    },
    "spectral_decrease": {
        "mean": -2.56702992196e-09
    },
    "spectral_energy": {
        "mean": 0.0114372828975
    },
    "spectral_energyband_high": {
        "mean": 0.000130436266772
    },
    "spectral_energyband_low": {
        "mean": 8.80172468243e-09
    },
    "spectral_energyband_middle_high": {
        "mean": 0.0102628618479
    },
    "spectral_energyband_middle_low": {
        "mean": 0.00104505871423
    },
    "spectral_flatness_db": {
        "mean": 0.281987607479
    },
    "spectral_flux": {
        "mean": 0.0112711200491
    },
    "spectral_kurtosis": {
        "mean": 9.68010997772
    },
    "spectral_rms": {
        "mean": 0.00248023192398
    },
    "spectral_rolloff": {
        "mean": 2651.38305664
    },
    "spectral_skewness": {
        "mean": 2.26072669029
    },
    "spectral_spread": {
        "mean": 9632653
    },
    "spectral_strongpeak": {
        "mean": 2.60743188858
    },
    "zerocrossingrate": {
        "mean": 0.0951955318451
    },
    "barkbands": {
        "mean": [1.37197249117e-08, 2.0576045312e-09, 7.59796281447e-10, 1.01631203453e-09, 3.93762411477e-06, 2.22247035708e-05, 0.00086635327898, 0.000149961502757, 1.22259086766e-06, 1.13177084131e-05, 0.00239359145053, 1.31225888254e-05, 0.00167675409466, 0.00220215367153, 0.00143651920371, 8.38624837343e-05, 0.00112490053289, 0.000781593844295, 0.000390598259401, 0.000150553096319, 8.4051527665e-05, 3.63330182154e-05, 6.81516030454e-06, 1.21633945582e-06, 1.83984553814e-07, 2.17776250366e-08, 1.10364228867e-09]
    },
    "mfcc": {
        "mean": [-903.437927246, 5.28255653381, -112.437797546, -10.6697034836, -31.9755496979, -13.8517389297, -17.6143302917, -8.5225944519, -7.19355249405, 2.47825431824, 10.4050960541, 17.1706638336, 24.2742176056]
    },
    "sccoeffs": {
        "mean": [-0.839083135128, -0.571492016315, -0.603183269501, -0.63159173727, -0.708139777184, -0.779874026775]
    },
    "scvalleys": {
        "mean": [-11.7409954071, -10.6810436249, -10.327372551, -9.93211746216, -10.1976184845, -11.8664703369]
    }
},
"rhythm": {
    "beats_loudness": {
        "mean": 0.0147754037753
    },
    "bpm": 144.419342041,
    "first_peak_bpm": {
        "mean": 144
    },
    "first_peak_spread": {
        "mean": 0.600000023842
    },
    "first_peak_weight": {
        "mean": 0.25
    },
    "onset_rate": 1.47059631348,
    "second_peak_bpm": {
        "mean": 152
    },
    "second_peak_spread": {
        "mean": 0
    },
    "second_peak_weight": {
        "mean": 0.25
    },
    "beats_loudness_band_ratio": {
        "mean": [0.002871761797, 0.0473785810173, 0.0984361618757, 0.42352950573, 0.293396174908, 0.136387765408]
    },
    "beats_position": [0.429569154978, 0.859138309956, 1.27709746361, 1.69505667686, 2.06657600403, 2.46131515503, 2.86766433716, 3.27401351929, 3.66875267029],
    "bpm_estimates": [139.674835205, 143.554702759, 143.554672241, 147.656265259, 147.656265259],
    "bpm_intervals": [0.429569154978, 0.417959153652, 0.417959213257, 0.371519327164, 0.394739151001, 0.406349182129, 0.406349182129, 0.394739151001],
    "onset_times": [0.545668959618, 0.650158703327, 1.28870749474, 1.40480720997, 1.59056687355, 1.67183673382]
},
"sfx": {
    "inharmonicity": {
        "mean": 0.047608088702
    },
    "oddtoevenharmonicenergyratio": {
        "mean": 1.90459775925
    },
    "pitch_after_max_to_before_max_energy_ratio": 0.220366105437,
    "pitch_centroid": 62.8847732544,
    "pitch_max_to_total": 0.265536725521,
    "pitch_min_to_total": 0.0169491525739,
    "tristimulus": {
        "mean": [0.248050794005, 0.638067126274, 0.0972644686699]
    }
},
"tonal": {
    "chords_changes_rate": 0.0337078645825,
    "chords_number_rate": 0.0449438206851,
    "chords_strength": {
        "mean": 0.4846996665
    },
    "key_strength": 0.725643992424,
    "tuning_diatonic_strength": 0.492346018553,
    "tuning_equal_tempered_deviation": 0.111398100853,
    "tuning_frequency": 439.238189697,
    "tuning_nontempered_energy_ratio": 0.673782944679,
    "hpcp": {
        "mean": [0.180902302265, 0.147940427065, 0.125357747078, 0.117649681866, 0.129286304116, 0.415974855423, 0.689832687378, 0.395398288965, 0.0950839519501, 0.102605886757, 0.120594970882, 0.107895113528, 0.106692194939, 0.117145977914, 0.124523609877, 0.138814985752, 0.167512089014, 0.245473384857, 0.236061573029, 0.129465386271, 0.0844877511263, 0.0882353186607, 0.117731146514, 0.161234647036, 0.132265225053, 0.0934831947088, 0.352231264114, 0.628606081009, 0.401668131351, 0.125335410237, 0.103040456772, 0.112645462155, 0.128159433603, 0.147009670734, 0.180115267634, 0.200632080436]
    },
    "chords_histogram": [43.820224762, 0, 0, 0, 0, 0, 0, 0, 0, 0, 0, 0, 0, 0, 0, 0, 0, 13.4831457138, 0, 0, 0, 14.6067419052, 0, 28.089887619],
    "thpcp": [1, 0.573179960251, 0.137836247683, 0.148740246892, 0.174817711115, 0.156407654285, 0.154663875699, 0.169817954302, 0.18051277101, 0.201229929924, 0.24283002317, 0.355844825506, 0.342201203108, 0.187676504254, 0.122475713491, 0.127908289433, 0.170666232705, 0.233730077744, 0.191735222936, 0.135515749454, 0.510603904724, 0.911244273186, 0.582268893719, 0.181689575315, 0.149370208383, 0.163293883204, 0.185783356428, 0.21310916543, 0.261099934578, 0.290841668844, 0.262240827084, 0.214458420873, 0.181721955538, 0.170548141003, 0.187416896224, 0.603008329868],
    "chords_key": "B",
    "chords_scale": "major",
    "key_key": "B",
    "key_scale": "major",
    "chords_progression": ["C#m", "C#m", "C#m", "C#m", "C#m", "C#m", "C#m", "C#m", "C#m", "C#m", "C#m", "C#m", "C#m", "G#m", "G#m", "G#m", "G#m", "G#m", "G#m", "G#m", "G#m", "G#m", "G#m", "G#m", "G#m", "G#m", "G#m", "G#m", "G#m", "G#m", "G#m", "G#m", "G#m", "G#m", "G#m", "G#m", "G#m", "G#m", "Bm", "Bm", "Bm", "Bm", "Bm", "Bm", "Bm", "Bm", "Bm", "Bm", "Bm", "Bm", "B", "B", "B", "B", "B", "B", "B", "B", "B", "B", "B", "B", "B", "B", "B", "B", "B", "B", "B", "B", "B", "B", "B", "B", "B", "B", "B", "B", "B", "B", "B", "B", "B", "B", "B", "B", "B", "B", "B"]
}
}