{
"metadata": {
    "version": {
        "essentia": "2.1-beta2"
    }
},
"lowLevel": {
    "average_loudness": 0.932332217693,
    "barkbands_kurtosis": {
        "mean": 1.92625927925
    },
    "barkbands_skewness": {
        "mean": -0.358712226152
    },
    "barkbands_spread": {
        "mean": 14.218287468
    },
    "dissonance": {
        "mean": 0.452525705099
    },
    "hfc": {
        "mean": 11.9298028946
    },
    "pitch": {
        "mean": 954.211364746
    },
    "pitch_instantaneous_confidence": {
        "mean": 0.688192546368
    },
    "pitch_salience": {
        "mean": 0.815753996372
    },
    "silence_rate_20dB": {
        "mean": 1
    },
    "silence_rate_30dB": {
        "mean": 1
    },
    "silence_rate_60dB": {
        "mean": 0.477528095245
    },
    "spectral_centroid": {
        "mean": 1936.38464355
    },
    "spectral_complexity": {
        "mean": 5.69101142883
    },
    "spectral_crest": {
        "mean": 7.46117973328
    },
    "spectral_decrease": {
        "mean": -1.66672775581e-09
    },
    "spectral_energy": {
        "mean": 0.0073726773262
    },
    "spectral_energyband_high": {
        "mean": 7.74358704803e-05
    },
    "spectral_energyband_low": {
        "mean": 5.87532378304e-09
    },
    "spectral_energyband_middle_high": {
        "mean": 0.00617439951748
    },
    "spectral_energyband_middle_low": {
        "mean": 0.0011267674854
    },
    "spectral_flatness_db": {
        "mean": 0.262313812971
    },
    "spectral_flux": {
        "mean": 0.00677705556154
    },
    "spectral_kurtosis": {
        "mean": 11.0588626862
    },
    "spectral_rms": {
        "mean": 0.0019633511547
    },
    "spectral_rolloff": {
        "mean": 2776.93041992
    },
    "spectral_skewness": {
        "mean": 2.34978175163
    },
    "spectral_spread": {
        "mean": 8662832
    },
    "spectral_strongpeak": {
        "mean": 1.93728363514
    },
    "zerocrossingrate": {
        "mean": 0.108159780502
    },
    "barkbands": {
        "mean": [1.04159214587e-08, 1.43132383723e-09, 4.35039559932e-10, 6.56804721721e-10, 7.21235116075e-09, 0.000470330327516, 1.62753963195e-06, 2.91023791732e-08, 0.000652044953313, 2.83415511149e-06, 9.40327481658e-06, 0.00112970708869, 0.00173894001637, 0.000539603526704, 0.00110724277329, 0.000624710111879, 0.000465891323984, 0.000308432267047, 0.000242330410401, 4.32399392594e-05, 2.54508649959e-05, 9.44369821809e-06, 1.17689739909e-06, 1.81593364346e-07, 4.30764117709e-08, 6.50810383362e-09, 3.92772425695e-10]
    },
    "mfcc": {
        "mean": [-911.044128418, 27.6141834259, -120.925201416, -5.90163993835, -17.6891613007, -10.6937522888, -18.3910732269, -17.6339874268, -16.8529338837, -12.6865491867, -7.26513004303, -8.68390655518, -0.0934175029397]
    },
    "sccoeffs": {
        "mean": [-0.856876015663, -0.608373820782, -0.625136196613, -0.640645384789, -0.712464392185, -0.781927287579]
    },
    "scvalleys": {
        "mean": [-11.8499526978, -10.8906936646, -10.0941953659, -9.96916770935, -10.2500991821, -12.1882667542]
    }
},
"rhythm": {
    "beats_loudness": {
        "mean": 0.00879482645541
    },
    "bpm": 144.238296509,
    "first_peak_bpm": {
        "mean": 144
    },
    "first_peak_spread": {
        "mean": 0.166666686535
    },
    "first_peak_weight": {
        "mean": 0.625
    },
    "onset_rate": 1.21832621098,
    "second_peak_bpm": {
        "mean": 136
    },
    "second_peak_spread": {
        "mean": 0
    },
    "second_peak_weight": {
        "mean": 0.125
    },
    "beats_loudness_band_ratio": {
        "mean": [0.00151390733663, 0.0463781580329, 0.0675524175167, 0.348000764847, 0.411705285311, 0.131186172366]
    },
    "beats_position": [0.406349211931, 0.824308395386, 1.24226760864, 1.64861679077, 2.08979582787, 2.48453521729, 2.90249419212, 3.32045340538, 3.73841261864],
    "bpm_estimates": [143.5546875, 143.554672241, 147.656265259, 143.554763794, 143.554672241, 143.554672241],
    "bpm_intervals": [0.417959183455, 0.417959213257, 0.406349182129, 0.441179037094, 0.39473938942, 0.417958974838, 0.417959213257, 0.417959213257],
    "onset_times": [0.429569154978, 0.568888902664, 1.02167797089, 1.49768710136, 1.99691605568]
},
"sfx": {
    "inharmonicity": {
        "mean": 0.0578809604049
    },
    "oddtoevenharmonicenergyratio": {
        "mean": 1.68715107441
    },
    "pitch_after_max_to_before_max_energy_ratio": 28.9206047058,
    "pitch_centroid": 57.9390563965,
    "pitch_max_to_total": 0.078651688993,
    "pitch_min_to_total": 0.359550565481,
    "tristimulus": {
        "mean": [0.201477587223, 0.662101686001, 0.098268635571]
    }
},
"tonal": {
    "chords_changes_rate": 0.0777777805924,
    "chords_number_rate": 0.0666666701436,
    "chords_strength": {
        "mean": 0.408115267754
    },
    "key_strength": 0.60864007473,
    "tuning_diatonic_strength": 0.40863725543,
    "tuning_equal_tempered_deviation": 0.148451775312,
    "tuning_frequency": 435.952270508,
    "tuning_nontempered_energy_ratio": 0.695659637451,
    "hpcp": {
        "mean": [0.207584574819, 0.196886569262, 0.2698764503, 0.262993097305, 0.154073879123, 0.1170161888, 0.109766460955, 0.101597458124, 0.0958228930831, 0.0995313078165, 0.117835827172, 0.253238528967, 0.372518062592, 0.250349462032, 0.129724994302, 0.144506946206, 0.155883431435, 0.137150406837, 0.117470167577, 0.143325895071, 0.170777827501, 0.151562154293, 0.140455067158, 0.147998705506, 0.133453652263, 0.127619609237, 0.44747620821, 0.782901823521, 0.507859110832, 0.184810996056, 0.166549190879, 0.14175747335, 0.132806435227, 0.169906377792, 0.196327209473, 0.213108569384]
    },
    "chords_histogram": [40, 0, 0, 0, 0, 0, 1.11111116409, 6.66666650772, 0, 0, 0, 0, 0, 0, 7.77777767181, 8.88888931274, 35.555557251, 0, 0, 0, 0, 0, 0, 0],
    "thpcp": [1, 0.648688137531, 0.236058965325, 0.212733179331, 0.181066736579, 0.169633582234, 0.217021301389, 0.250768631697, 0.272203445435, 0.265147656202, 0.251483082771, 0.344713032246, 0.335920929909, 0.196798473597, 0.149464696646, 0.140204623342, 0.129770368338, 0.122394517064, 0.127131283283, 0.150511622429, 0.323461413383, 0.475817084312, 0.319771200418, 0.165697649121, 0.184578627348, 0.199109807611, 0.175182133913, 0.150044575334, 0.183070078492, 0.218134403229, 0.19359023869, 0.179403170943, 0.189038649201, 0.170460268855, 0.163008451462, 0.571561098099],
    "chords_key": "F#",
    "chords_scale": "major",
    "key_key": "F#",
    "key_scale": "major",
    "chords_progression": ["G", "Gm", "Gm", "Gm", "Gm", "Gm", "D#", "Gm", "G", "G", "G", "G", "G", "G", "D", "D", "D", "D", "D", "D", "D", "D", "D", "D", "D", "D", "D", "D", "D", "D", "D", "D", "D", "D", "D", "D", "D", "D", "D", "D", "D", "D", "D", "D", "D", "D", "Bm", "Bm", "Bm", "Bm", "Bm", "Bm", "Bm", "Bm", "F#", "F#", "F#", "F#", "F#", "F#", "F#", "F#", "F#", "F#", "F#", "F#", "F#", "F#", "F#", "F#", "F#", "F#", "F#", "F#", "F#", "F#", "F#", "F#", "F#", "F#", "F#", "F#", "F#", "F#", "F#", "F#", "F#", "F#", "F#", "F#"]
}
}