{
"metadata": {
    "version": {
        "essentia": "2.1-beta2"
    }
},
"lowLevel": {
    "dissonance": {
        "mean": 0.283181369305
    },
    "hfc": {
        "mean": 56.8372535706
    },
    "spectral_centroid": {
        "mean": 0.150128662586
    },
    "mfcc": {
        "mean": [-919.905395508, -47.3678321838, -73.1993637085, 8.3766784668, 29.3869686127, 8.93024730682, 16.1697616577, -34.7726745605, -2.16581273079, 79.5851669312, 15.6780633926, -63.4509277344, 15.2826576233, 57.6674842834, -7.86720275879, 10.4369621277, 1.42190587521, -29.1587924957, 57.7949447632, 18.326461792, -57.2391204834, 24.947265625, 14.9510011673, 11.1298589706, -20.2680797577, 9.89243984222, -1.54840373993, 5.53221845627, 22.3197193146, -29.3170108795, 7.14504480362, 12.474032402, 1.12816464901, -16.4067821503, 13.3452863693, -7.08651018143, 4.78191614151, 1.12434053421, -5.91389751434, 3.42604970932]
    },
    "spectral_contrast": {
        "mean": [-0.778735518456, -0.877505302429, -0.385494410992, -0.418018728495, -0.752483129501, -0.714576244354]
    }
},
"sfx": {
    "inharmonicity": {
        "mean": 0.281022489071
    },
    "logattacktime": {
        "mean": -5
    }
}
}