{
"metadata": {
    "version": {
        "essentia": "2.1-beta2"
    }
},
"lowLevel": {
    "average_loudness": 0.99068403244,
    "barkbands_kurtosis": {
        "mean": 145.543457031
    },
    "barkbands_skewness": {
        "mean": 4.83403396606
    },
    "barkbands_spread": {
        "mean": 12.5572433472
    },
    "dissonance": {
        "mean": 0.294508486986
    },
    "hfc": {
        "mean": 23.510723114
    },
    "pitch": {
        "mean": 301.185394287
    },
    "pitch_instantaneous_confidence": {
        "mean": 0.75347584486
    },
    "pitch_salience": {
        "mean": 0.155753165483
    },
    "silence_rate_20dB": {
        "mean": 1
    },
    "silence_rate_30dB": {
        "mean": 0.928571403027
    },
    "silence_rate_60dB": {
        "mean": 0.845238089561
    },
    "spectral_centroid": {
        "mean": 1034.91662598
    },
    "spectral_complexity": {
        "mean": 7.47619056702
    },
    "spectral_crest": {
        "mean": 18.7582397461
    },
    "spectral_decrease": {
        "mean": -4.44834347135e-09
    },
    "spectral_energy": {
        "mean": 0.0189215689898
    },
    "spectral_energyband_high": {
        "mean": 0.00232716021128
    },
    "spectral_energyband_low": {
        "mean": 0.000293124874588
    },
    "spectral_energyband_middle_high": {
        "mean": 0.00190520414617
    },
    "spectral_energyband_middle_low": {
        "mean": 0.0146484095603
    },
    "spectral_flatness_db": {
        "mean": 0.443967491388
    },
    "spectral_flux": {
        "mean": 0.0292892772704
    },
    "spectral_kurtosis": {
        "mean": 16.2796974182
    },
    "spectral_rms": {
        "mean": 0.00175021903124
    },
    "spectral_rolloff": {
        "mean": 1811.60620117
    },
    "spectral_skewness": {
        "mean": 3.01978373528
    },
    "spectral_spread": {
        "mean": 18886216
    },
    "spectral_strongpeak": {
        "mean": 0.321419298649
    },
    "zerocrossingrate": {
        "mean": 0.0731026753783
    },
    "barkbands": {
        "mean": [2.5561692496e-07, 3.98490647058e-06, 8.16908141132e-05, 0.00102512934245, 0.0116705680266, 0.000451577303465, 0.000889292452484, 0.000385173771065, 0.000178693589987, 0.000161504562129, 8.09692355688e-05, 0.00015593439457, 0.000116911331133, 0.000184988806723, 0.000118012896564, 0.000131346125272, 0.000171280684299, 0.000281344779069, 0.000315816694638, 0.000557491905056, 0.000689073349349, 0.000262026092969, 0.000288320647087, 0.000392365938751, 0.000215972308069, 8.86832494871e-05, 2.31683989114e-05]
    },
    "mfcc": {
        "mean": [-1001.50299072, 29.476108551, 19.1971092224, 20.3371944427, 7.80522441864, 1.13726055622, -3.9989824295, -9.96883487701, -13.0619621277, -14.4687786102, -17.9651947021, -17.4617786407, -20.4631824493]
    },
    "sccoeffs": {
        "mean": [-0.428610265255, -0.802129030228, -0.88081741333, -0.884822845459, -0.889015316963, -0.893076241016]
    },
    "scvalleys": {
        "mean": [-13.1075973511, -12.6293554306, -12.943312645, -13.0752944946, -13.1199445724, -13.4713420868]
    }
},
"rhythm": {
    "beats_loudness": {
        "mean": 0.000748833466787
    },
    "bpm": 156.605102539,
    "first_peak_bpm": {
        "mean": 157
    },
    "first_peak_spread": {
        "mean": 0.333333313465
    },
    "first_peak_weight": {
        "mean": 0.666666686535
    },
    "onset_rate": 0.520839452744,
    "second_peak_bpm": {
        "mean": 0
    },
    "second_peak_spread": {
        "mean": 0
    },
    "second_peak_weight": {
        "mean": 0
    },
    "beats_loudness_band_ratio": {
        "mean": [0.914195656776, 0.590317606926, 0.00205965409987, 0.00103579042479, 0.00306031364016, 0.0138089712709]
    },
    "beats_position": [0.359909296036, 0.731428563595, 1.11455774307, 1.49768710136],
    "bpm_estimates": [156.605148315, 156.605072021],
    "bpm_intervals": [0.371519267559, 0.383129179478, 0.383129358292],
    "onset_times": [0.0232199542224]
},
"sfx": {
    "inharmonicity": {
        "mean": 0.00762097258121
    },
    "oddtoevenharmonicenergyratio": {
        "mean": 22695.4902344
    },
    "pitch_after_max_to_before_max_energy_ratio": 2.08462238312,
    "pitch_centroid": 42.8899040222,
    "pitch_max_to_total": 0.142857149243,
    "pitch_min_to_total": 0.0714285746217,
    "tristimulus": {
        "mean": [0.863178551197, 0.0995860472322, 0.0248911380768]
    }
},
"tonal": {
    "chords_changes_rate": 0.0465116277337,
    "chords_number_rate": 0.0697674453259,
    "chords_strength": {
        "mean": 0.412311077118
    },
    "key_strength": 0.581798911095,
    "tuning_diatonic_strength": 0.466493755579,
    "tuning_equal_tempered_deviation": 0.287342995405,
    "tuning_frequency": 450.805023193,
    "tuning_nontempered_energy_ratio": 0.990943074226,
    "hpcp": {
        "mean": [0.00603468948975, 0.00505331065506, 0.00496009318158, 0.00455049844459, 0.00464923679829, 0.00526519864798, 0.00718205329031, 0.007100190036, 0.00565562304109, 0.00505238445476, 0.00483737839386, 0.00637765834108, 0.00771081121638, 0.00650587817654, 0.00549498479813, 0.00654968013987, 0.00713024940342, 0.00548829184845, 0.00325109553523, 0.00274155056104, 0.00276569509879, 0.00326875271276, 0.00480587035418, 0.00399722717702, 0.00391318509355, 0.00526828179136, 0.0149709647521, 0.430933743715, 0.787764012814, 0.402691543102, 0.0873232036829, 0.0815379321575, 0.0488545671105, 0.0505715347826, 0.0335742607713, 0.00792439561337]
    },
    "chords_histogram": [11.6279067993, 0, 13.9534883499, 0, 0, 0, 0, 0, 0, 74.4186019897, 0, 0, 0, 0, 0, 0, 0, 0, 0, 0, 0, 0, 0, 0],
    "thpcp": [1, 0.511182963848, 0.110849447548, 0.103505529463, 0.0620167553425, 0.0641963034868, 0.0426196940243, 0.0100593520328, 0.00766052957624, 0.0064147519879, 0.00629642000422, 0.00577647425234, 0.00590181397274, 0.0066837258637, 0.00911701098084, 0.00901309307665, 0.00717933662236, 0.00641357619315, 0.00614064419642, 0.00809589959681, 0.0097882244736, 0.00825866404921, 0.00697541981936, 0.00831426680088, 0.00905125029385, 0.00696692382917, 0.00412699161097, 0.00348016736098, 0.00351081672125, 0.00414940621704, 0.00610064715147, 0.00507414294407, 0.00496745854616, 0.00668763974681, 0.0190043784678, 0.547034084797],
    "chords_key": "F#",
    "chords_scale": "major",
    "key_key": "B",
    "key_scale": "minor",
    "chords_progression": ["F#", "F#", "F#", "F#", "F#", "F#", "F#", "F#", "F#", "F#", "F#", "F#", "F#", "F#", "F#", "F#", "F#", "F#", "F#", "F#", "F#", "F#", "F#", "F#", "F#", "F#", "F#", "F#", "F#", "F#", "F#", "F#", "F#m", "F#m", "F#m", "F#m", "F#m", "F#m", "Bm", "Bm", "Bm", "Bm", "Bm"]
}
}