{
"metadata": {
    "version": {
        "essentia": "2.1-beta2"
    }
},
"lowLevel": {
    "average_loudness": 0.96801841259,
    "barkbands_kurtosis": {
        "mean": 26.3696727753
    },
    "barkbands_skewness": {
        "mean": 1.92037451267
    },
    "barkbands_spread": {
        "mean": 23.4261188507
    },
    "dissonance": {
        "mean": 0.48912358284
    },
    "hfc": {
        "mean": 1.94267809391
    },
    "pitch": {
        "mean": 1374.61486816
    },
    "pitch_instantaneous_confidence": {
        "mean": 0.777534365654
    },
    "pitch_salience": {
        "mean": 0.310975253582
    },
    "silence_rate_20dB": {
        "mean": 1
    },
    "silence_rate_30dB": {
        "mean": 1
    },
    "silence_rate_60dB": {
        "mean": 0.944162428379
    },
    "spectral_centroid": {
        "mean": 3169.609375
    },
    "spectral_complexity": {
        "mean": 0.690355300903
    },
    "spectral_crest": {
        "mean": 18.9033718109
    },
    "spectral_decrease": {
        "mean": -1.76884021319e-10
    },
    "spectral_energy": {
        "mean": 0.00084380840417
    },
    "spectral_energyband_high": {
        "mean": 4.09903113905e-05
    },
    "spectral_energyband_low": {
        "mean": 1.04755156372e-06
    },
    "spectral_energyband_middle_high": {
        "mean": 0.000801121233962
    },
    "spectral_energyband_middle_low": {
        "mean": 9.51221409196e-07
    },
    "spectral_flatness_db": {
        "mean": 0.244739547372
    },
    "spectral_flux": {
        "mean": 0.00462953560054
    },
    "spectral_kurtosis": {
        "mean": 0.1051145643
    },
    "spectral_rms": {
        "mean": 0.000669310102239
    },
    "spectral_rolloff": {
        "mean": 4924.65527344
    },
    "spectral_skewness": {
        "mean": 0.769097208977
    },
    "spectral_spread": {
        "mean": 25222740
    },
    "spectral_strongpeak": {
        "mean": 1.54879975319
    },
    "zerocrossingrate": {
        "mean": 0.157102629542
    },
    "barkbands": {
        "mean": [1.3997937458e-06, 2.47037718282e-07, 3.44175732359e-09, 2.33012165118e-09, 7.01558144911e-09, 3.18274437916e-08, 9.57742898322e-08, 5.53376821699e-07, 2.37560087157e-07, 6.58878747117e-08, 1.25874620949e-07, 2.65876337835e-06, 2.75053207588e-06, 2.50085827247e-06, 1.3230706827e-05, 0.000777423323598, 7.68168661125e-07, 2.77303030316e-07, 3.22056251889e-07, 1.77000438271e-05, 3.9711025579e-07, 1.42787814639e-06, 4.28637747518e-07, 1.5454095319e-06, 1.378181787e-05, 4.05662467529e-06, 1.76950015884e-06]
    },
    "mfcc": {
        "mean": [-985.881347656, 2.53205037117, -42.9671783447, -27.5573101044, 16.0963096619, 10.1751756668, 4.57471704483, -17.7431964874, 19.2061958313, 23.8563861847, 13.5256843567, 7.65108108521, 32.3912315369]
    },
    "sccoeffs": {
        "mean": [-0.704294145107, -0.805726706982, -0.816479444504, -0.692435026169, -0.832560479641, -0.840940654278]
    },
    "scvalleys": {
        "mean": [-11.1351490021, -10.2883911133, -10.0683441162, -9.74595165253, -10.442647934, -10.648639679]
    }
},
"rhythm": {
    "beats_loudness": {
        "mean": 0.00133125437424
    },
    "bpm": 117.929321289,
    "first_peak_bpm": {
        "mean": 117
    },
    "first_peak_spread": {
        "mean": 0.5
    },
    "first_peak_weight": {
        "mean": 0.428571432829
    },
    "onset_rate": 1.54321444035,
    "second_peak_bpm": {
        "mean": 123
    },
    "second_peak_spread": {
        "mean": 0
    },
    "second_peak_weight": {
        "mean": 0.142857149243
    },
    "beats_loudness_band_ratio": {
        "mean": [0.0950553119183, 0.000167782884091, 0.0318879634142, 0.0311048068106, 0.675774276257, 0.166333094239]
    },
    "beats_position": [0.49922901392, 1.01006805897, 1.52090704441, 2.04335594177, 2.55419492722, 3.04181408882, 3.54104304314, 4.04027223587],
    "bpm_estimates": [117.453826904, 117.453842163, 114.843765259, 117.453842163, 120.185333252, 120.185279846],
    "bpm_intervals": [0.510839045048, 0.510838985443, 0.522448897362, 0.510838985443, 0.487619161606, 0.499228954315, 0.499229192734],
    "onset_times": [0.0232199542224, 0.394739240408, 0.568888902664, 0.859138309956, 2.71673464775, 4.22603178024, 4.38857126236]
},
"sfx": {
    "inharmonicity": {
        "mean": 0.062714189291
    },
    "oddtoevenharmonicenergyratio": {
        "mean": 2823.54321289
    },
    "pitch_after_max_to_before_max_energy_ratio": 0.613715529442,
    "pitch_centroid": 96.0363769531,
    "pitch_max_to_total": 0.852791905403,
    "pitch_min_to_total": 0.969543159008,
    "tristimulus": {
        "mean": [0.22578805685, 0.614289462566, 0.0900031998754]
    }
},
"tonal": {
    "chords_changes_rate": 0.0202020201832,
    "chords_number_rate": 0.0303030312061,
    "chords_strength": {
        "mean": 0.393634229898
    },
    "key_strength": 0.507978081703,
    "tuning_diatonic_strength": 0.388757497072,
    "tuning_equal_tempered_deviation": 0.210254773498,
    "tuning_frequency": 450.544708252,
    "tuning_nontempered_energy_ratio": 0.753831744194,
    "hpcp": {
        "mean": [0.048650611192, 0.0368029884994, 0.0436535701156, 0.0460945218801, 0.0548099800944, 0.490971148014, 0.755484580994, 0.317579656839, 0.0445257499814, 0.08081484586, 0.135376170278, 0.136564850807, 0.0973473340273, 0.111009791493, 0.132678255439, 0.0949902161956, 0.0631491169333, 0.0625635609031, 0.058278594166, 0.0465673692524, 0.0373544022441, 0.0559583641589, 0.083679407835, 0.0882595553994, 0.0955131575465, 0.117779240012, 0.125923097134, 0.101314224303, 0.0679508596659, 0.0604373477399, 0.0542976334691, 0.0560700967908, 0.0629302933812, 0.06525529176, 0.067426033318, 0.0599957816303]
    },
    "chords_histogram": [0, 0, 0, 0, 0, 91.9191894531, 0, 0, 0, 0, 6.06060600281, 0, 0, 0, 0, 0, 0, 0, 0, 0, 0, 2.02020192146, 0, 0],
    "thpcp": [1, 0.420365512371, 0.0589366778731, 0.106970876455, 0.179191172123, 0.180764570832, 0.128854170442, 0.146938532591, 0.175620064139, 0.12573415041, 0.083587564528, 0.0828124955297, 0.0771406814456, 0.0616390742362, 0.0494442954659, 0.0740694999695, 0.110762558877, 0.116825088859, 0.126426354051, 0.155898928642, 0.166678577662, 0.134104952216, 0.0899434089661, 0.0799981206656, 0.071871265769, 0.0742173939943, 0.0832979157567, 0.0863754153252, 0.0892487242818, 0.0794136449695, 0.0643965676427, 0.0487144142389, 0.0577822104096, 0.0610131882131, 0.0725494325161, 0.649875819683],
    "chords_key": "E",
    "chords_scale": "major",
    "key_key": "B",
    "key_scale": "minor",
    "chords_progression": ["A#m", "A#m", "A#m", "A#m", "A#m", "A#m", "E", "E", "E", "E", "E", "E", "E", "E", "E", "E", "E", "E", "E", "E", "E", "E", "E", "E", "E", "E", "E", "E", "E", "E", "E", "E", "E", "E", "E", "E", "E", "E", "E", "E", "E", "E", "E", "E", "E", "E", "E", "E", "E", "E", "E", "E", "E", "E", "E", "E", "E", "E", "E", "E", "E", "E", "E", "E", "E", "E", "E", "E", "E", "E", "E", "E", "E", "E", "E", "E", "E", "E", "E", "E", "E", "E", "E", "E", "E", "E", "E", "E", "E", "E", "E", "E", "E", "E", "E", "E", "E", "C", "C"]
}
}