{
"metadata": {
    "version": {
        "essentia": "2.1-beta2"
    }
},
"lowLevel": {
    "dissonance": {
        "mean": 0.449073135853
    },
    "hfc": {
        "mean": 2.16420149803
    },
    "spectral_centroid": {
        "mean": 0.194901019335
    },
    "mfcc": {
        "mean": [-877.696716309, -45.0327911377, -66.2720565796, 22.3181476593, -4.65333938599, 12.1265964508, 6.6035785675, 21.2518596649, 1.45902526379, 29.256061554, 22.330783844, 5.66084909439, -14.8450260162, 16.9671401978, -2.13831210136, -1.4150121212, 10.5852041245, 4.09605550766, -14.191078186, 17.9248313904, 26.3637580872, -9.24614143372, -12.1153154373, 8.51677036285, 9.8187713623, -12.4636964798, 1.90651214123, -1.53633832932, 2.51912164688, 3.25571727753, -0.0214349031448, -2.30018377304, -8.6969165802, 5.77741336823, 1.81617736816, -4.9920835495, -1.02087104321, 3.93155217171, 1.90980947018, -5.84885692596]
    },
    "spectral_contrast": {
        "mean": [-0.768162071705, -0.864897310734, -0.744841694832, -0.679408431053, -0.738497614861, -0.747896254063]
    }
},
"sfx": {
    "inharmonicity": {
        "mean": 0.250167787075
    },
    "logattacktime": {
        "mean": -5
    }
}
}