{"lowlevel.dissonance.mean": [0.7298916578292847], "sfx.inharmonicity.mean": [1.1402604579925537], "lowlevel.spectral_contrast.mean": [[0.28347861766815186, 0.41715288162231445, 0.26189398765563965, 0.6362085342407227, 0.7861518859863281, 0.837857723236084]], "lowlevel.spectral_centroid.mean": [0.7025306224822998], "lowlevel.mfcc.mean": [[0.42526471614837646, -0.015493378043174744, 0.11566752195358276, 0.5526716113090515, 0.4301532208919525, 0.5474839806556702, 0.6258577704429626, 0.7643338441848755, 0.4802400767803192, 0.8997939825057983, 1.0331547260284424, 0.7153716683387756, -0.021422386169433594]], "sfx.logattacktime.mean": [0.19718679785728455], "lowlevel.hfc.mean": [0.4666730463504791]}