{
"metadata": {
    "version": {
        "essentia": "2.1-beta2"
    }
},
"lowLevel": {
    "dissonance": {
        "mean": 0.161443129182
    },
    "hfc": {
        "mean": 0.885812878609
    },
    "spectral_centroid": {
        "mean": 0.0661831721663
    },
    "mfcc": {
        "mean": [-841.714233398, 171.286575317, -53.0373649597, -18.4432010651, 5.64712619781, -2.49761390686, -30.7047119141, -24.9478549957, 0.797440052032, 1.21008861065, -8.0765504837, -10.4856414795, -5.65360164642, -7.83302927017, -13.7929105759, -1.79461395741, -9.44421386719, -4.49480628967, 4.43676805496, 6.61767816544, 14.1760730743, 0.0944846048951, -2.10189270973, 3.06260800362, 15.0204582214, 27.9724788666, 9.2819890976, -5.22910451889, 2.27621936798, 8.0999584198, -0.503558933735, -9.77389431, -7.62697601318, -0.678344845772, 7.78173160553, 14.559170723, 8.56956291199, -2.50785326958, -5.5051574707, 3.03520989418]
    },
    "spectral_contrast": {
        "mean": [-0.605058968067, -0.628260672092, -0.582841932774, -0.735627055168, -0.805243015289, -0.810623347759]
    }
},
"sfx": {
    "inharmonicity": {
        "mean": 0.16523732245
    },
    "logattacktime": {
        "mean": -5
    }
}
}