{"lowlevel.dissonance.mean": [-0.11411029100418091], "sfx.inharmonicity.mean": [0.5504766702651978], "lowlevel.spectral_contrast.mean": [[0.3180532455444336, 1.2777259349822998, 1.3652515411376953, 1.3411427736282349, 0.8155708312988281, 0.405994176864624]], "lowlevel.spectral_centroid.mean": [0.37613755464553833], "lowlevel.mfcc.mean": [[0.341396689414978, 0.46439850330352783, 0.2408258467912674, 0.19384874403476715, 0.3085973858833313, 0.16145697236061096, 0.11716905236244202, 0.2878458499908447, 0.44283732771873474, 0.2506999671459198, 0.28015393018722534, 0.7365808486938477, 1.3096375465393066]], "sfx.logattacktime.mean": [0.15390539169311523], "lowlevel.hfc.mean": [0.46792733669281006]}