{"lowlevel.dissonance.mean": [0.4399682283401489], "sfx.inharmonicity.mean": [0.3007029592990875], "lowlevel.spectral_contrast.mean": [[0.314966082572937, 1.074859619140625, 0.8548938035964966, 0.9026051759719849, 0.8077397346496582, 0.5016934871673584]], "lowlevel.spectral_centroid.mean": [0.41135892271995544], "lowlevel.mfcc.mean": [[0.47828590869903564, 0.4865584373474121, 0.04019737243652344, 0.5636817216873169, 0.6020182967185974, 0.2745022773742676, 0.2584802210330963, 0.07780751585960388, 0.15191078186035156, 0.24520796537399292, 0.32643142342567444, 0.39365845918655396, 0.8649791479110718]], "sfx.logattacktime.mean": [0.6592615842819214], "lowlevel.hfc.mean": [0.4661896526813507]}