{
"metadata": {
    "version": {
        "essentia": "2.1-beta2"
    }
},
"lowLevel": {
    "dissonance": {
        "mean": 0.0324006304145
    },
    "hfc": {
        "mean": 4.59120082855
    },
    "spectral_centroid": {
        "mean": 0.0572105720639
    },
    "mfcc": {
        "mean": [-946.996337891, 99.1915664673, -29.5814685822, -31.1096801758, -23.4236812592, -19.9397621155, -21.7096214294, -12.1578598022, -11.1501588821, -7.19426298141, -4.35110092163, 3.13282084465, 32.0819473267, 37.0950012207, 22.9413433075, 26.9877223969, 19.6282978058, -17.4424190521, -49.7444076538, -41.4734344482, -13.8032140732, 2.51050758362, 6.92992115021, 17.3025798798, 9.35535144806, -15.4358682632, -23.7555103302, 0.90037125349, 20.431854248, 8.12136650085, -4.4773979187, -2.55982923508, 5.19572353363, 4.25253009796, -4.33795118332, -9.75674438477, -2.07114315033, 3.17403864861, -4.34765911102, -9.60102653503]
    },
    "spectral_contrast": {
        "mean": [-0.478191107512, -0.510141611099, -0.573044121265, -0.683087766171, -0.83770686388, -0.874777197838]
    }
},
"sfx": {
    "inharmonicity": {
        "mean": 0.2767098248
    },
    "logattacktime": {
        "mean": -4.95304918289
    }
}
}