{
"metadata": {
    "version": {
        "essentia": "2.1-beta2"
    }
},
"lowLevel": {
    "dissonance": {
        "mean": 0.152127996087
    },
    "hfc": {
        "mean": 51.6742591858
    },
    "spectral_centroid": {
        "mean": 0.0731392204762
    },
    "mfcc": {
        "mean": [-922.095092773, 83.3292922974, 56.4207839966, 53.4699897766, 32.1347846985, 13.0593681335, 0.189102441072, -12.1135911942, -20.6811275482, -24.1240234375, -28.5064563751, -26.8861732483, -28.832036972, -25.0826282501, -20.6697101593, -16.7165622711, -13.8869199753, -12.1549024582, -8.37107849121, -5.44961643219, -3.86267471313, -1.28913354874, -2.41157317162, -1.0346186161, -0.605606734753, -0.0310725569725, 0.61978662014, 0.444368183613, -1.17765533924, -1.11852371693, -1.78260028362, -2.68836927414, -2.88799476624, -2.4012401104, -0.866470396519, -0.615165650845, -1.13293981552, -0.186218798161, 0.96676582098, 1.50309181213]
    },
    "spectral_contrast": {
        "mean": [-0.430698722601, -0.84392875433, -0.8426836133, -0.863241910934, -0.869639456272, -0.813924193382]
    }
},
"sfx": {
    "inharmonicity": {
        "mean": 0.0189096946269
    },
    "logattacktime": {
        "mean": -4.93454742432
    }
}
}