{
"metadata": {
    "version": {
        "essentia": "2.1-beta2"
    }
},
"lowLevel": {
    "average_loudness": 0.261245757341,
    "barkbands_kurtosis": {
        "mean": 1.52869915962
    },
    "barkbands_skewness": {
        "mean": 0.400769859552
    },
    "barkbands_spread": {
        "mean": 3.42689108849
    },
    "dissonance": {
        "mean": 0.196338564157
    },
    "hfc": {
        "mean": 25.564037323
    },
    "pitch": {
        "mean": 341.244293213
    },
    "pitch_instantaneous_confidence": {
        "mean": 0.946199476719
    },
    "pitch_salience": {
        "mean": 0.539668023586
    },
    "silence_rate_20dB": {
        "mean": 0.96376812458
    },
    "silence_rate_30dB": {
        "mean": 0.913043498993
    },
    "silence_rate_60dB": {
        "mean": 0.586956501007
    },
    "spectral_centroid": {
        "mean": 676.453063965
    },
    "spectral_complexity": {
        "mean": 3.81884050369
    },
    "spectral_crest": {
        "mean": 14.9321517944
    },
    "spectral_decrease": {
        "mean": -8.38125924219e-09
    },
    "spectral_energy": {
        "mean": 0.0339515283704
    },
    "spectral_energyband_high": {
        "mean": 7.10552267265e-05
    },
    "spectral_energyband_low": {
        "mean": 0.00012173907453
    },
    "spectral_energyband_middle_high": {
        "mean": 0.00972337089479
    },
    "spectral_energyband_middle_low": {
        "mean": 0.0240532569587
    },
    "spectral_flatness_db": {
        "mean": 0.498701184988
    },
    "spectral_flux": {
        "mean": 0.0161823146045
    },
    "spectral_kurtosis": {
        "mean": 108.090072632
    },
    "spectral_rms": {
        "mean": 0.00326387421228
    },
    "spectral_rolloff": {
        "mean": 885.357788086
    },
    "spectral_skewness": {
        "mean": 8.67302322388
    },
    "spectral_spread": {
        "mean": 2894366.25
    },
    "spectral_strongpeak": {
        "mean": 1.9798694849
    },
    "zerocrossingrate": {
        "mean": 0.0379125624895
    },
    "barkbands": {
        "mean": [2.05682608794e-05, 2.59564076259e-05, 5.8095134591e-05, 9.96608141577e-05, 0.000911298848223, 0.00586502300575, 2.9430799259e-05, 0.0042523406446, 0.0128946229815, 0.000427704973845, 0.00571985915303, 7.3097202403e-05, 1.92030747712e-05, 0.00141668249853, 0.00126232136972, 0.000522330752574, 9.7653195553e-05, 0.000161421092344, 1.67584221344e-05, 1.02820195025e-05, 3.35433833243e-05, 1.13757168947e-05, 5.90986155657e-06, 9.06502009457e-06, 4.91332957608e-06, 1.91434082808e-06, 5.33939839897e-07]
    },
    "mfcc": {
        "mean": [-967.368896484, 129.45161438, -12.2731952667, -54.8465270996, -40.3580932617, -28.668756485, -26.4248657227, -13.7453937531, -0.542568147182, -4.87703561783, -15.4414806366, -16.5443000793, -5.43185138702]
    },
    "sccoeffs": {
        "mean": [-0.589269816875, -0.304683148861, -0.465792655945, -0.614452004433, -0.832849442959, -0.900309801102]
    },
    "scvalleys": {
        "mean": [-10.6180820465, -10.530415535, -11.3130664825, -11.8897600174, -12.8933639526, -13.499379158]
    }
},
"rhythm": {
    "beats_loudness": {
        "mean": 0.00835935026407
    },
    "bpm": 107.666015625,
    "first_peak_bpm": {
        "mean": 108
    },
    "first_peak_spread": {
        "mean": 0
    },
    "first_peak_weight": {
        "mean": 1
    },
    "onset_rate": 0.31565836072,
    "second_peak_bpm": {
        "mean": 0
    },
    "second_peak_spread": {
        "mean": 0
    },
    "second_peak_weight": {
        "mean": 0
    },
    "beats_loudness_band_ratio": {
        "mean": [0.000541430548765, 0.369204491377, 0.429312050343, 0.195418283343, 0.00553435273468, 6.40879306957e-06]
    },
    "beats_position": [0.545668900013, 1.10294783115, 1.66022670269, 2.21750569344, 2.77478456497],
    "bpm_estimates": [107.666015625, 107.666023254, 107.666000366, 107.666023254],
    "bpm_intervals": [0.557278931141, 0.557278871536, 0.557278990746, 0.557278871536],
    "onset_times": [0.0232199542224]
},
"sfx": {
    "inharmonicity": {
        "mean": 0.014429518953
    },
    "oddtoevenharmonicenergyratio": {
        "mean": 3.90989613533
    },
    "pitch_after_max_to_before_max_energy_ratio": 1.90260994434,
    "pitch_centroid": 64.0344619751,
    "pitch_max_to_total": 0,
    "pitch_min_to_total": 0.681159436703,
    "tristimulus": {
        "mean": [0.37269577384, 0.616887629032, 0.00165457255207]
    }
},
"tonal": {
    "chords_changes_rate": 0.142857149243,
    "chords_number_rate": 0.0571428574622,
    "chords_strength": {
        "mean": 0.401330411434
    },
    "key_strength": 0.611467421055,
    "tuning_diatonic_strength": 0.408024191856,
    "tuning_equal_tempered_deviation": 0.00601184554398,
    "tuning_frequency": 440.254241943,
    "tuning_nontempered_energy_ratio": 0.625198125839,
    "hpcp": {
        "mean": [4.79751397506e-05, 0.000298346683849, 0.0829469189048, 0.178477853537, 0.0965257138014, 0.00075640657451, 8.2745711552e-05, 0.0002878261148, 0.000563770649023, 0.00049426802434, 0.00143716973253, 0.00739392405376, 0.0162049680948, 0.0111134741455, 0.00106650707312, 9.19539816095e-05, 0.00431222608313, 0.509453773499, 0.962960064411, 0.45809969306, 0.000835754675791, 0.00108519860078, 0.00063213519752, 0.00100455991924, 0.00222403230146, 0.00136924255639, 0.000291961128823, 0.00109571171924, 0.0029755118303, 0.0144399851561, 0.0204257387668, 0.0150306532159, 0.00737081933767, 0.00046626717085, 0.00010716234101, 5.21409747307e-05]
    },
    "chords_histogram": [50, 0, 5.71428585052, 0, 0, 0, 0, 1.42857146263, 0, 42.8571434021, 0, 0, 0, 0, 0, 0, 0, 0, 0, 0, 0, 0, 0, 0],
    "thpcp": [1, 0.475720345974, 0.000867901719175, 0.00112694036216, 0.000656450050883, 0.0010432000272, 0.00230957893655, 0.00142191001214, 0.000303191307466, 0.00113785790745, 0.00308996392414, 0.0149954147637, 0.0212114080787, 0.0156088024378, 0.0076543353498, 0.000484201969812, 0.000111284301965, 5.41465597053e-05, 4.98204863106e-05, 0.000309822498821, 0.0861374437809, 0.185342937708, 0.100238539279, 0.000785501499195, 8.59284991748e-05, 0.000298897241009, 0.000585455913097, 0.000513279868755, 0.00149245001376, 0.00767832901329, 0.0168282873929, 0.011540950276, 0.00110752985347, 9.5490962849e-05, 0.00447809463367, 0.529049754143],
    "chords_key": "G#",
    "chords_scale": "minor",
    "key_key": "G#",
    "key_scale": "minor",
    "chords_progression": ["D#", "D#", "D#", "D#", "D#", "D#", "D#", "D#", "D#", "D#", "D#", "D#", "D#", "D#", "D#", "D#", "D#", "D#", "D#", "D#", "D#", "D#", "D#", "D#m", "D#", "D#m", "D#", "D#", "D#m", "D#", "D#", "D#", "D#", "D#m", "G#m", "G#m", "G#m", "G#m", "G#m", "G#m", "G#m", "G#m", "G#m", "G#m", "G#m", "G#m", "G#m", "G#m", "G#m", "G#m", "G#", "G#m", "G#m", "G#m", "G#m", "G#m", "G#m", "G#m", "G#m", "G#m", "G#m", "G#m", "G#m", "G#m", "G#m", "G#m", "G#m", "G#m", "G#m", "G#m"]
}
}