{
"metadata": {
    "version": {
        "essentia": "2.1-beta2"
    }
},
"lowLevel": {
    "average_loudness": 0.932626128197,
    "barkbands_kurtosis": {
        "mean": 397.629638672
    },
    "barkbands_skewness": {
        "mean": 10.6866893768
    },
    "barkbands_spread": {
        "mean": 10.7493934631
    },
    "dissonance": {
        "mean": 0.46902230382
    },
    "hfc": {
        "mean": 25.2930393219
    },
    "pitch": {
        "mean": 1486.78710938
    },
    "pitch_instantaneous_confidence": {
        "mean": 0.838682055473
    },
    "pitch_salience": {
        "mean": 0.134176507592
    },
    "silence_rate_20dB": {
        "mean": 1
    },
    "silence_rate_30dB": {
        "mean": 1
    },
    "silence_rate_60dB": {
        "mean": 0.292237430811
    },
    "spectral_centroid": {
        "mean": 1699.01379395
    },
    "spectral_complexity": {
        "mean": 1.14155256748
    },
    "spectral_crest": {
        "mean": 23.8073387146
    },
    "spectral_decrease": {
        "mean": -3.61370466884e-09
    },
    "spectral_energy": {
        "mean": 0.0159330647439
    },
    "spectral_energyband_high": {
        "mean": 2.74753874692e-05
    },
    "spectral_energyband_low": {
        "mean": 8.83545510533e-07
    },
    "spectral_energyband_middle_high": {
        "mean": 0.015904083848
    },
    "spectral_energyband_middle_low": {
        "mean": 1.41350483318e-07
    },
    "spectral_flatness_db": {
        "mean": 0.492825001478
    },
    "spectral_flux": {
        "mean": 0.00577052822337
    },
    "spectral_kurtosis": {
        "mean": 11.5358934402
    },
    "spectral_rms": {
        "mean": 0.00330199161544
    },
    "spectral_rolloff": {
        "mean": 2231.49389648
    },
    "spectral_skewness": {
        "mean": 3.08924174309
    },
    "spectral_spread": {
        "mean": 11238047
    },
    "spectral_strongpeak": {
        "mean": 6.40790271759
    },
    "zerocrossingrate": {
        "mean": 0.0868449434638
    },
    "barkbands": {
        "mean": [1.16885360057e-06, 2.46428271566e-07, 3.07961856016e-09, 1.69477565315e-09, 3.40683925515e-09, 8.60103543943e-09, 5.33158974747e-08, 5.82285295536e-08, 1.30589530301e-08, 1.63771520789e-08, 4.1848136334e-07, 5.76479351366e-07, 7.09764194085e-08, 0.0158780496567, 1.00222003141e-07, 5.53554606597e-08, 5.81497161534e-08, 7.39933000204e-07, 2.39793625951e-05, 5.57292416659e-08, 2.41752295551e-05, 5.14813962127e-07, 4.37984581936e-08, 1.12049758627e-06, 8.91602780939e-07, 6.18215210579e-07, 8.06169850875e-08]
    },
    "mfcc": {
        "mean": [-1022.04742432, 7.73080587387, -50.4908943176, -18.1342201233, 14.4617357254, 41.3402900696, 20.37358284, -22.3856582642, -16.3803138733, 28.5800895691, 40.4449157715, 13.287361145, -31.8540687561]
    },
    "sccoeffs": {
        "mean": [-0.700641155243, -0.853090286255, -0.813405275345, -0.467525988817, -0.789904236794, -0.803963720798]
    },
    "scvalleys": {
        "mean": [-11.3590593338, -10.9952201843, -10.982755661, -10.697675705, -11.255399704, -11.8630027771]
    }
},
"rhythm": {
    "beats_loudness": {
        "mean": 0.0170370303094
    },
    "bpm": 88.0960922241,
    "first_peak_bpm": {
        "mean": 88
    },
    "first_peak_spread": {
        "mean": 0
    },
    "first_peak_weight": {
        "mean": 1
    },
    "onset_rate": 1.19048154354,
    "second_peak_bpm": {
        "mean": 0
    },
    "second_peak_spread": {
        "mean": 0
    },
    "second_peak_weight": {
        "mean": 0
    },
    "beats_loudness_band_ratio": {
        "mean": [0.11140088737, 0.00115503894631, 0.00345967523754, 0.866185367107, 0.155694916844, 0.00364625500515]
    },
    "beats_position": [0.66176867485, 1.34675729275, 2.02013611794, 2.70512461662, 3.39011335373, 4.07510185242, 4.74848079681],
    "bpm_estimates": [87.5926971436, 89.1028900146, 87.5927124023, 87.5926818848, 87.5927124023, 89.1028747559],
    "bpm_intervals": [0.684988617897, 0.673378825188, 0.684988498688, 0.684988737106, 0.684988498688, 0.673378944397],
    "onset_times": [0.0348299331963, 0.150929704309, 0.46439909935, 0.893968224525, 0.99845802784, 2.48453521729]
},
"sfx": {
    "inharmonicity": {
        "mean": 0.0658855885267
    },
    "oddtoevenharmonicenergyratio": {
        "mean": 152183.59375
    },
    "pitch_after_max_to_before_max_energy_ratio": 3.03200411797,
    "pitch_centroid": 110.996414185,
    "pitch_max_to_total": 0.182648405433,
    "pitch_min_to_total": 0.168949767947,
    "tristimulus": {
        "mean": [0.165585264564, 0.532230854034, 0.0389460064471]
    }
},
"tonal": {
    "chords_changes_rate": 0.0181818176061,
    "chords_number_rate": 0.0181818176061,
    "chords_strength": {
        "mean": 0.409569054842
    },
    "key_strength": 0.575668036938,
    "tuning_diatonic_strength": 0.373032599688,
    "tuning_equal_tempered_deviation": 0.208378449082,
    "tuning_frequency": 443.572570801,
    "tuning_nontempered_energy_ratio": 0.760885596275,
    "hpcp": {
        "mean": [0.0235890634358, 0.0227042827755, 0.0227361824363, 0.0351915359497, 0.0615033060312, 0.0595577992499, 0.0439375713468, 0.052807405591, 0.0463577546179, 0.0263184588403, 0.023051418364, 0.0252052508295, 0.0239222142845, 0.0207774247974, 0.0230527799577, 0.0342657081783, 0.0375822633505, 0.0310816280544, 0.0276149399579, 0.0230368226767, 0.0177564620972, 0.0200372301042, 0.0899100378156, 0.138462990522, 0.0760152637959, 0.027351109311, 0.0289917308837, 0.0422194190323, 0.0670590996742, 0.500207006931, 0.850042581558, 0.432244122028, 0.0563740506768, 0.0343971811235, 0.0336387082934, 0.0272698923945]
    },
    "chords_histogram": [0, 96.3636398315, 0, 0, 0, 0, 0, 0, 0, 0, 0, 0, 0, 0, 0, 0, 0, 0, 0, 3.63636374474, 0, 0, 0, 0],
    "thpcp": [1, 0.508496999741, 0.0663190931082, 0.0404652431607, 0.039572969079, 0.0320806205273, 0.0277504492551, 0.0267095826566, 0.0267471093684, 0.0413997322321, 0.0723532065749, 0.0700644925237, 0.0516886711121, 0.062123246491, 0.0545358024538, 0.0309613421559, 0.0271179564297, 0.0296517517418, 0.0281423721462, 0.0244428049773, 0.0271195583045, 0.0403105802834, 0.0442122109234, 0.0365647897124, 0.0324865356088, 0.0271007865667, 0.0208889096975, 0.0235720314085, 0.10577121377, 0.162889480591, 0.0894252434373, 0.0321761630476, 0.0341062098742, 0.0496674180031, 0.0788891091943, 0.58844935894],
    "chords_key": "E",
    "chords_scale": "minor",
    "key_key": "C",
    "key_scale": "major",
    "chords_progression": ["Em", "Em", "Em", "Em", "Em", "Em", "Em", "Em", "Em", "Em", "Em", "Em", "Em", "Em", "Em", "Em", "Em", "Em", "Em", "Em", "Em", "Em", "Em", "Em", "Em", "Em", "Em", "Em", "Em", "Em", "Em", "Em", "Em", "Em", "Em", "Em", "Em", "Em", "Em", "Em", "Em", "Em", "Em", "Em", "Em", "Em", "Em", "Gm", "Gm", "Gm", "Gm", "Em", "Em", "Em", "Em", "Em", "Em", "Em", "Em", "Em", "Em", "Em", "Em", "Em", "Em", "Em", "Em", "Em", "Em", "Em", "Em", "Em", "Em", "Em", "Em", "Em", "Em", "Em", "Em", "Em", "Em", "Em", "Em", "Em", "Em", "Em", "Em", "Em", "Em", "Em", "Em", "Em", "Em", "Em", "Em", "Em", "Em", "Em", "Em", "Em", "Em", "Em", "Em", "Em", "Em", "Em", "Em", "Em", "Em", "Em"]
}
}