{
"metadata": {
    "version": {
        "essentia": "2.1-beta2"
    }
},
"lowLevel": {
    "average_loudness": 0.99068403244,
    "barkbands_kurtosis": {
        "mean": 2.97327804565
    },
    "barkbands_skewness": {
        "mean": -1.16525709629
    },
    "barkbands_spread": {
        "mean": 15.4755735397
    },
    "dissonance": {
        "mean": 0.449658036232
    },
    "hfc": {
        "mean": 2.02228927612
    },
    "pitch": {
        "mean": 1167.04296875
    },
    "pitch_instantaneous_confidence": {
        "mean": 0.442335516214
    },
    "pitch_salience": {
        "mean": 0.620652019978
    },
    "silence_rate_20dB": {
        "mean": 1
    },
    "silence_rate_30dB": {
        "mean": 1
    },
    "silence_rate_60dB": {
        "mean": 1
    },
    "spectral_centroid": {
        "mean": 4211.32763672
    },
    "spectral_complexity": {
        "mean": 2
    },
    "spectral_crest": {
        "mean": 6.83887147903
    },
    "spectral_decrease": {
        "mean": -1.20741083798e-10
    },
    "spectral_energy": {
        "mean": 0.00063913181657
    },
    "spectral_energyband_high": {
        "mean": 0.000209869074752
    },
    "spectral_energyband_low": {
        "mean": 2.21764665298e-07
    },
    "spectral_energyband_middle_high": {
        "mean": 0.000409089872846
    },
    "spectral_energyband_middle_low": {
        "mean": 2.12239738175e-05
    },
    "spectral_flatness_db": {
        "mean": 0.163861379027
    },
    "spectral_flux": {
        "mean": 0.0148399248719
    },
    "spectral_kurtosis": {
        "mean": 2.48355603218
    },
    "spectral_rms": {
        "mean": 0.000556077051442
    },
    "spectral_rolloff": {
        "mean": 6506.61669922
    },
    "spectral_skewness": {
        "mean": 1.18534648418
    },
    "spectral_spread": {
        "mean": 11159576
    },
    "spectral_strongpeak": {
        "mean": 0.581326603889
    },
    "zerocrossingrate": {
        "mean": 0.186442062259
    },
    "barkbands": {
        "mean": [2.09008632623e-07, 1.61761519735e-07, 4.51875248331e-09, 3.90466992073e-09, 5.64852626894e-08, 2.72767177734e-08, 9.50724583504e-08, 3.66714630218e-06, 1.56160040206e-05, 9.0293606263e-06, 2.68121511908e-05, 1.21607672554e-05, 1.07633895823e-05, 8.65196416271e-05, 0.000113169830001, 9.56722033152e-06, 1.995034836e-05, 6.38924248051e-05, 4.91864448122e-05, 3.09501883748e-05, 0.000110729743028, 5.02487673657e-05, 1.31099186547e-05, 9.41644611885e-06, 2.9896812066e-06, 7.81203823408e-07, 1.38839908459e-08]
    },
    "mfcc": {
        "mean": [-933.334472656, -34.6431922913, -56.063457489, 9.43937587738, -16.9083328247, 13.570599556, -1.68944609165, 8.5552778244, 9.52280426025, 14.6820402145, 21.0237522125, -4.18438673019, -13.4893903732]
    },
    "sccoeffs": {
        "mean": [-0.81773775816, -0.808057844639, -0.876163482666, -0.749717175961, -0.807562530041, -0.760175168514]
    },
    "scvalleys": {
        "mean": [-12.1376333237, -12.1957559586, -11.1201705933, -11.2818832397, -10.8551740646, -12.0788545609]
    }
},
"rhythm": {
    "bpm": 0,
    "first_peak_bpm": {
        "mean": 0
    },
    "first_peak_spread": {
        "mean": 0
    },
    "first_peak_weight": {
        "mean": 0
    },
    "onset_rate": 4.25347232819,
    "second_peak_bpm": {
        "mean": 0
    },
    "second_peak_spread": {
        "mean": 0
    },
    "second_peak_weight": {
        "mean": 0
    },
    "beats_position": [],
    "bpm_estimates": [],
    "bpm_intervals": [],
    "onset_times": [0.0232199542224]
},
"sfx": {
    "inharmonicity": {
        "mean": 0.0985453799367
    },
    "oddtoevenharmonicenergyratio": {
        "mean": 4.99934387207
    },
    "pitch_after_max_to_before_max_energy_ratio": 0.380369931459,
    "pitch_centroid": 6.0665678978,
    "pitch_max_to_total": 0.916666686535,
    "pitch_min_to_total": 0.75,
    "tristimulus": {
        "mean": [0.19264061749, 0.480074882507, 0.247444048524]
    }
},
"tonal": {
    "chords_changes_rate": 0,
    "chords_number_rate": 0.142857149243,
    "chords_strength": {
        "mean": 0.339762747288
    },
    "key_strength": 0.507429897785,
    "tuning_diatonic_strength": 0.366014361382,
    "tuning_equal_tempered_deviation": 0.149846598506,
    "tuning_frequency": 438.224517822,
    "tuning_nontempered_energy_ratio": 0.821978092194,
    "hpcp": {
        "mean": [0.462949901819, 0.350086390972, 0.241645425558, 0.230110004544, 0.134828552604, 0.0924433097243, 0.0462334044278, 0.0881023481488, 0.13941308856, 0.157618656754, 0.216982215643, 0.189161345363, 0.106547527015, 0.0918192714453, 0.138207361102, 0.208277389407, 0.217453882098, 0.220292881131, 0.322491645813, 0.300186693668, 0.123664274812, 0.0563862882555, 0.0937005281448, 0.161629676819, 0.140709891915, 0.0622570216656, 0.0276958234608, 0.0434184111655, 0.184029191732, 0.467435777187, 0.721436083317, 0.534727990627, 0.376580089331, 0.476660877466, 0.384449660778, 0.348404020071]
    },
    "chords_histogram": [0, 0, 0, 0, 0, 0, 0, 0, 0, 0, 0, 0, 0, 0, 0, 0, 0, 0, 0, 0, 100, 0, 0, 0],
    "thpcp": [1, 0.741199374199, 0.521986782551, 0.660711169243, 0.532894968987, 0.482931226492, 0.641706049442, 0.485263198614, 0.334950566292, 0.318961054087, 0.186889111996, 0.128137901425, 0.0640852376819, 0.122120797634, 0.193243846297, 0.218479037285, 0.300764292479, 0.262201100588, 0.147688105702, 0.12727291882, 0.19157256186, 0.28869831562, 0.301418095827, 0.305353283882, 0.44701346755, 0.416096031666, 0.17141404748, 0.0781584009528, 0.129880562425, 0.224038809538, 0.195041388273, 0.0862959623337, 0.0383898504078, 0.0601833090186, 0.255087316036, 0.647924005985],
    "chords_key": "F",
    "chords_scale": "major",
    "key_key": "G",
    "key_scale": "major",
    "chords_progression": ["F", "F", "F", "F", "F", "F", "F"]
}
}