{
"metadata": {
    "version": {
        "essentia": "2.1-beta2"
    }
},
"lowLevel": {
    "dissonance": {
        "mean": 0.0954504311085
    },
    "hfc": {
        "mean": 53.784072876
    },
    "spectral_centroid": {
        "mean": 0.104588545859
    },
    "mfcc": {
        "mean": [-958.299804688, 4.11135482788, -89.0289077759, -24.1623001099, 32.0575714111, 65.363494873, 8.94097709656, -50.4079437256, -3.19824910164, 56.5656700134, 56.9853973389, -20.1604957581, -22.5518913269, 53.1266937256, 34.8412246704, -32.3335647583, -5.01791286469, -22.042552948, 25.0844669342, 61.674243927, -27.0649337769, -16.3540916443, 9.04726409912, 12.1031589508, 15.0769681931, -14.1013202667, 9.73139667511, -7.65823173523, -2.21424436569, 12.8853540421, -3.75614953041, -2.38239049911, 3.31459140778, -3.81590628624, 2.95163178444, 9.95187664032, -12.7489671707, -8.67974758148, 7.73005819321, 14.7624740601]
    },
    "spectral_contrast": {
        "mean": [-0.714727222919, -0.773572444916, -0.264926046133, -0.746973276138, -0.773387432098, -0.788780987263]
    }
},
"sfx": {
    "inharmonicity": {
        "mean": 0.052288684994
    },
    "logattacktime": {
        "mean": -4.96017169952
    }
}
}