{
"metadata": {
    "version": {
        "essentia": "2.1-beta2"
    }
},
"lowLevel": {
    "dissonance": {
        "mean": 0.235626637936
    },
    "hfc": {
        "mean": 3.36715602875
    },
    "spectral_centroid": {
        "mean": 0.0959858819842
    },
    "mfcc": {
        "mean": [-795.22064209, 67.6005783081, -88.5255813599, 21.7925243378, -18.2720031738, -21.5955238342, -14.6037769318, -27.3252754211, -12.1111307144, 20.791721344, 17.0937347412, 47.0162849426, 38.8379554749, 19.773021698, -4.24464654922, -25.3508396149, -52.3034362793, -27.8317394257, 23.7814064026, 45.1405982971, 23.5797252655, 2.21112799644, -15.8659982681, 1.84453725815, 13.4249105453, 16.6988067627, -4.99207210541, -20.1630096436, -5.52738332748, 9.98999595642, -3.75002861023, -3.28340649605, 0.732955157757, -1.39520037174, -5.68299531937, -5.01226568222, 9.78194713593, 9.72760677338, 3.38504076004, 7.0622215271]
    },
    "spectral_contrast": {
        "mean": [-0.457056462765, -0.509302794933, -0.622140705585, -0.614270687103, -0.768028020859, -0.749732673168]
    }
},
"sfx": {
    "inharmonicity": {
        "mean": 0.180317744613
    },
    "logattacktime": {
        "mean": -5
    }
}
}