{
"metadata": {
    "version": {
        "essentia": "2.1-beta2"
    }
},
"lowLevel": {
    "average_loudness": 0.879315435886,
    "barkbands_kurtosis": {
        "mean": 3.74924182892
    },
    "barkbands_skewness": {
        "mean": 0.279953896999
    },
    "barkbands_spread": {
        "mean": 13.7304878235
    },
    "dissonance": {
        "mean": 0.431290388107
    },
    "hfc": {
        "mean": 7.96565675735
    },
    "pitch": {
        "mean": 504.05380249
    },
    "pitch_instantaneous_confidence": {
        "mean": 0.682802140713
    },
    "pitch_salience": {
        "mean": 0.773507475853
    },
    "silence_rate_20dB": {
        "mean": 1
    },
    "silence_rate_30dB": {
        "mean": 1
    },
    "silence_rate_60dB": {
        "mean": 0.504672884941
    },
    "spectral_centroid": {
        "mean": 1584.17236328
    },
    "spectral_complexity": {
        "mean": 6.27570104599
    },
    "spectral_crest": {
        "mean": 8.56009197235
    },
    "spectral_decrease": {
        "mean": -1.25839549892e-09
    },
    "spectral_energy": {
        "mean": 0.00547197693959
    },
    "spectral_energyband_high": {
        "mean": 2.71110475296e-05
    },
    "spectral_energyband_low": {
        "mean": 6.80665035446e-09
    },
    "spectral_energyband_middle_high": {
        "mean": 0.00470864260569
    },
    "spectral_energyband_middle_low": {
        "mean": 0.00073674984742
    },
    "spectral_flatness_db": {
        "mean": 0.247162684798
    },
    "spectral_flux": {
        "mean": 0.00722368201241
    },
    "spectral_kurtosis": {
        "mean": 12.7515287399
    },
    "spectral_rms": {
        "mean": 0.00171425682493
    },
    "spectral_rolloff": {
        "mean": 2388.77709961
    },
    "spectral_skewness": {
        "mean": 2.53168606758
    },
    "spectral_spread": {
        "mean": 9266364
    },
    "spectral_strongpeak": {
        "mean": 1.34046149254
    },
    "zerocrossingrate": {
        "mean": 0.0860789641738
    },
    "barkbands": {
        "mean": [1.00564525596e-08, 1.65503555305e-09, 8.04027400214e-10, 1.93669991155e-09, 0.000105299557617, 0.000168294121977, 3.50668969418e-08, 0.000437467999291, 2.51035417023e-05, 0.000606075278483, 3.98515148845e-05, 0.00136731611565, 0.000702637422364, 0.000341083505191, 0.000555245496798, 0.00030574252014, 0.000502032635268, 0.000145978570799, 0.000119567594083, 3.24359752994e-05, 1.2404078916e-05, 4.56181123809e-06, 7.15397561635e-07, 9.84296164575e-08, 2.2709583547e-08, 4.09683220681e-09, 4.47354930877e-10]
    },
    "mfcc": {
        "mean": [-903.754516602, 59.4808235168, -110.28237915, -24.5696430206, -27.0668354034, -12.7748394012, -16.4334640503, -14.2450056076, -14.860490799, -13.7310562134, -8.15883636475, -9.78968429565, -10.3012809753]
    },
    "sccoeffs": {
        "mean": [-0.618777453899, -0.570183813572, -0.60214972496, -0.655945658684, -0.7283847332, -0.798407018185]
    },
    "scvalleys": {
        "mean": [-11.6026144028, -10.821269989, -10.2419910431, -9.96458435059, -10.4370412827, -12.1932859421]
    }
},
"rhythm": {
    "beats_loudness": {
        "mean": 0.00641885166988
    },
    "bpm": 135.301727295,
    "first_peak_bpm": {
        "mean": 136
    },
    "first_peak_spread": {
        "mean": 0.200000047684
    },
    "first_peak_weight": {
        "mean": 0.444444447756
    },
    "onset_rate": 1.82039165497,
    "second_peak_bpm": {
        "mean": 129
    },
    "second_peak_spread": {
        "mean": 0.25
    },
    "second_peak_weight": {
        "mean": 0.333333343267
    },
    "beats_loudness_band_ratio": {
        "mean": [0.0899977535009, 0.0548566393554, 0.0828193500638, 0.445905357599, 0.261640101671, 0.0690192133188]
    },
    "beats_position": [0.417959183455, 0.859138309956, 1.30031740665, 1.74149656296, 2.18267560005, 2.6470746994, 3.12308382988, 3.58748292923, 4.04027223587, 4.5046710968],
    "bpm_estimates": [135.999176025, 135.999191284, 135.999176025, 135.999206543, 132.511962891],
    "bpm_intervals": [0.441179126501, 0.441179096699, 0.441179156303, 0.441179037094, 0.46439909935, 0.476009130478, 0.46439909935, 0.452789306641, 0.464398860931],
    "onset_times": [0.615328788757, 0.952018141747, 1.70666670799, 1.93886625767, 1.99691605568, 2.13623571396, 2.18267583847, 2.35682535172, 2.41487526894]
},
"sfx": {
    "inharmonicity": {
        "mean": 0.0593740902841
    },
    "oddtoevenharmonicenergyratio": {
        "mean": 1.04529380798
    },
    "pitch_after_max_to_before_max_energy_ratio": 10.3110895157,
    "pitch_centroid": 78.8238677979,
    "pitch_max_to_total": 0.107476636767,
    "pitch_min_to_total": 0.177570089698,
    "tristimulus": {
        "mean": [0.225076675415, 0.660477042198, 0.0990973338485]
    }
},
"tonal": {
    "chords_changes_rate": 0.0462962947786,
    "chords_number_rate": 0.0462962947786,
    "chords_strength": {
        "mean": 0.446179270744
    },
    "key_strength": 0.627974867821,
    "tuning_diatonic_strength": 0.416157305241,
    "tuning_equal_tempered_deviation": 0.164157301188,
    "tuning_frequency": 439.491973877,
    "tuning_nontempered_energy_ratio": 0.695819914341,
    "hpcp": {
        "mean": [0.390217989683, 0.291915386915, 0.131631016731, 0.126784801483, 0.124246031046, 0.110917143524, 0.0951322466135, 0.129055649042, 0.206452548504, 0.189261123538, 0.120364516973, 0.112907320261, 0.131046652794, 0.157220825553, 0.387577444315, 0.677441775799, 0.482106655836, 0.190162405372, 0.152648538351, 0.115276508033, 0.104727476835, 0.141246199608, 0.172107487917, 0.195365220308, 0.160829097033, 0.130511105061, 0.320721656084, 0.374512910843, 0.177877530456, 0.0901260674, 0.0882890149951, 0.108060203493, 0.142503991723, 0.165917858481, 0.172201648355, 0.253999590874]
    },
    "chords_histogram": [40.7407417297, 0, 0, 33.3333320618, 0, 0, 0, 0, 0, 0, 0, 0, 4.62962961197, 0, 0, 0, 9.25925922394, 12.0370368958, 0, 0, 0, 0, 0, 0],
    "thpcp": [1, 0.711657702923, 0.280706644058, 0.225330859423, 0.170164451003, 0.154592588544, 0.208499386907, 0.254055023193, 0.28838673234, 0.237406522036, 0.192652881145, 0.47343057394, 0.552834093571, 0.262572437525, 0.133038833737, 0.130327090621, 0.159512162209, 0.210356071591, 0.244918256998, 0.254194021225, 0.374939382076, 0.576017022133, 0.430908441544, 0.194306015968, 0.187152326107, 0.183404743671, 0.163729414344, 0.1404286623, 0.190504416823, 0.304753214121, 0.279376208782, 0.177675068378, 0.166667193174, 0.193443417549, 0.232080206275, 0.572119176388],
    "chords_key": "D",
    "chords_scale": "major",
    "key_key": "D",
    "key_scale": "major",
    "chords_progression": ["C#m", "C#m", "C#m", "C#m", "C#m", "C#m", "C#m", "C#m", "C#m", "C#m", "C#m", "C#m", "C#m", "C#m", "G#", "G#", "G#", "G#", "G#", "C#m", "C#m", "C#m", "C#m", "C#m", "C#m", "C#m", "C#m", "C#m", "C#m", "C#m", "C#m", "C#m", "C#m", "C#m", "C#m", "C#m", "C#m", "C#m", "C#m", "C#m", "C#m", "A#", "A#", "A#", "A#", "A#", "A#", "A#", "A#", "A#", "A#", "Dm", "Dm", "Dm", "Dm", "Dm", "Dm", "Dm", "Dm", "Dm", "Dm", "Dm", "Dm", "Dm", "D", "D", "D", "D", "D", "D", "D", "D", "D", "D", "D", "D", "D", "D", "D", "D", "D", "D", "D", "D", "D", "D", "D", "D", "D", "D", "D", "D", "D", "D", "D", "D", "D", "D", "D", "D", "D", "D", "D", "D", "D", "D", "D", "D"]
}
}