{
"metadata": {
    "version": {
        "essentia": "2.1-beta2"
    }
},
"lowLevel": {
    "dissonance": {
        "mean": 0.172742173076
    },
    "hfc": {
        "mean": 1.55755233765
    },
    "spectral_centroid": {
        "mean": 0.0663646906614
    },
    "mfcc": {
        "mean": [-819.933410645, 163.94241333, -53.5584068298, -11.0297269821, -2.17445588112, -17.4597053528, -27.3594093323, -26.3092021942, -7.87584686279, 7.49783563614, -11.3973293304, -11.3401708603, -8.24819946289, -9.30544662476, -16.8615703583, -4.49384975433, -8.61182594299, -5.54622364044, 5.41409635544, 14.303937912, 11.3522529602, -0.799289047718, -7.15170526505, 4.87835788727, 19.8558044434, 25.7375679016, 12.0879297256, -0.050343144685, 0.16987515986, 6.60318183899, 2.64093661308, -6.64463376999, -9.6781167984, 0.420299768448, 9.45340442657, 13.285984993, 10.4643726349, -0.344048380852, -5.28834104538, 0.248111277819]
    },
    "spectral_contrast": {
        "mean": [-0.572162032127, -0.580616056919, -0.578802287579, -0.722657322884, -0.824437499046, -0.779347538948]
    }
},
"sfx": {
    "inharmonicity": {
        "mean": 0.176507890224
    },
    "logattacktime": {
        "mean": -4.95599412918
    }
}
}