{"lowlevel.dissonance.mean": [0.7031856775283813], "sfx.inharmonicity.mean": [1.0301629304885864], "lowlevel.spectral_contrast.mean": [[0.32019996643066406, 0.3379148244857788, 0.24466180801391602, 0.886284589767456, 0.7406795024871826, 0.7511887550354004]], "lowlevel.spectral_centroid.mean": [0.5545377731323242], "lowlevel.mfcc.mean": [[0.2673518657684326, 0.13760575652122498, 0.003580540418624878, 0.7778376340866089, 0.9436783790588379, 0.6325269341468811, 0.37245500087738037, 0.2971913516521454, 0.7308176159858704, 1.0471758842468262, 1.0081948041915894, 0.4127311706542969, 0.1892741620540619]], "sfx.logattacktime.mean": [0.20461487770080566], "lowlevel.hfc.mean": [0.46523186564445496]}