{
"metadata": {
    "version": {
        "essentia": "2.1-beta2"
    }
},
"lowLevel": {
    "average_loudness": 0.857797443867,
    "barkbands_kurtosis": {
        "mean": 2.81996321678
    },
    "barkbands_skewness": {
        "mean": 0.112154453993
    },
    "barkbands_spread": {
        "mean": 13.1665077209
    },
    "dissonance": {
        "mean": 0.456356495619
    },
    "hfc": {
        "mean": 16.7811393738
    },
    "pitch": {
        "mean": 628.610107422
    },
    "pitch_instantaneous_confidence": {
        "mean": 0.660407960415
    },
    "pitch_salience": {
        "mean": 0.754017353058
    },
    "silence_rate_20dB": {
        "mean": 1
    },
    "silence_rate_30dB": {
        "mean": 1
    },
    "silence_rate_60dB": {
        "mean": 0.478468894958
    },
    "spectral_centroid": {
        "mean": 1770.01733398
    },
    "spectral_complexity": {
        "mean": 4.92344474792
    },
    "spectral_crest": {
        "mean": 10.5504808426
    },
    "spectral_decrease": {
        "mean": -2.6260267294e-09
    },
    "spectral_energy": {
        "mean": 0.0114333163947
    },
    "spectral_energyband_high": {
        "mean": 5.75818376092e-05
    },
    "spectral_energyband_low": {
        "mean": 6.40953379261e-09
    },
    "spectral_energyband_middle_high": {
        "mean": 0.0105594154447
    },
    "spectral_energyband_middle_low": {
        "mean": 0.00105682422873
    },
    "spectral_flatness_db": {
        "mean": 0.285279452801
    },
    "spectral_flux": {
        "mean": 0.0110192904249
    },
    "spectral_kurtosis": {
        "mean": 13.0241327286
    },
    "spectral_rms": {
        "mean": 0.00240824697539
    },
    "spectral_rolloff": {
        "mean": 2528.55615234
    },
    "spectral_skewness": {
        "mean": 2.60590171814
    },
    "spectral_spread": {
        "mean": 9637339
    },
    "spectral_strongpeak": {
        "mean": 2.3426887989
    },
    "zerocrossingrate": {
        "mean": 0.099532276392
    },
    "barkbands": {
        "mean": [8.7039371266e-09, 1.65529778773e-09, 9.3413154989e-10, 9.17547704482e-10, 4.21491330727e-09, 0.000175654582563, 0.000570177042391, 2.33046739595e-06, 9.58191048994e-06, 0.000916262331884, 8.37107145344e-05, 0.00490886066109, 4.69659098599e-05, 0.00244005676359, 3.53508767148e-05, 0.000992375193164, 0.000656717689708, 0.000332095951308, 0.000186150617083, 4.41463344032e-05, 2.45590254053e-05, 7.11031634637e-06, 9.56961457632e-07, 1.99964361514e-07, 4.8923734397e-08, 9.49834966235e-09, 7.76464503804e-10]
    },
    "mfcc": {
        "mean": [-925.078918457, 26.9146060944, -117.989822388, -16.0860176086, -20.6582241058, -10.8387727737, -15.2384109497, -13.7163877487, -10.6921443939, -7.78126096725, -0.881948173046, 5.39767313004, 12.6278934479]
    },
    "sccoeffs": {
        "mean": [-0.87244874239, -0.603016257286, -0.651434719563, -0.615956842899, -0.733040928841, -0.804390013218]
    },
    "scvalleys": {
        "mean": [-11.6902637482, -10.7822589874, -10.3149518967, -10.0350379944, -10.3473443985, -12.0876092911]
    }
},
"rhythm": {
    "beats_loudness": {
        "mean": 0.0152708794922
    },
    "bpm": 112.364845276,
    "first_peak_bpm": {
        "mean": 112
    },
    "first_peak_spread": {
        "mean": 0.333333313465
    },
    "first_peak_weight": {
        "mean": 0.571428596973
    },
    "onset_rate": 1.86567509174,
    "second_peak_bpm": {
        "mean": 117
    },
    "second_peak_spread": {
        "mean": 0
    },
    "second_peak_weight": {
        "mean": 0.142857149243
    },
    "beats_loudness_band_ratio": {
        "mean": [0.00352104683407, 0.0242831055075, 0.0658604949713, 0.394499599934, 0.405716270208, 0.151877775788]
    },
    "beats_position": [0.53405892849, 1.06811785698, 1.60217678547, 2.13623571396, 2.67029476166, 3.1811337471, 3.72680258751, 4.2492518425],
    "bpm_estimates": [112.34715271, 112.34715271, 112.34715271, 112.347129822, 109.956802368, 114.843688965],
    "bpm_intervals": [0.53405892849, 0.53405892849, 0.53405892849, 0.534059047699, 0.510838985443, 0.545668840408, 0.52244925499],
    "onset_times": [0.638548731804, 0.882358253002, 1.04489791393, 1.16099774837, 1.74149656296, 2.03174614906, 2.14784574509, 2.70512461662, 3.09986400604]
},
"sfx": {
    "inharmonicity": {
        "mean": 0.0597153566778
    },
    "oddtoevenharmonicenergyratio": {
        "mean": 1.18244314194
    },
    "pitch_after_max_to_before_max_energy_ratio": 0.101939104497,
    "pitch_centroid": 83.0962142944,
    "pitch_max_to_total": 0.961722493172,
    "pitch_min_to_total": 0.0622009560466,
    "tristimulus": {
        "mean": [0.218554630876, 0.648721158504, 0.101579189301]
    }
},
"tonal": {
    "chords_changes_rate": 0.0666666701436,
    "chords_number_rate": 0.0571428574622,
    "chords_strength": {
        "mean": 0.513564825058
    },
    "key_strength": 0.725647270679,
    "tuning_diatonic_strength": 0.503826022148,
    "tuning_equal_tempered_deviation": 0.222560450435,
    "tuning_frequency": 435.952270508,
    "tuning_nontempered_energy_ratio": 0.845438063145,
    "hpcp": {
        "mean": [0.196370825171, 0.192755684257, 0.181315302849, 0.164200663567, 0.155490860343, 0.159815520048, 0.180658772588, 0.208553925157, 0.235978975892, 0.185718372464, 0.126987040043, 0.123619116843, 0.143873527646, 0.173590838909, 0.17564176023, 0.175804063678, 0.26835539937, 0.547486841679, 0.579655408859, 0.266055166721, 0.119260288775, 0.147201061249, 0.156971588731, 0.149224743247, 0.151330977678, 0.146379813552, 0.148983925581, 0.155472949147, 0.152367174625, 0.157047078013, 0.171646118164, 0.209461793303, 0.431663483381, 0.530223309994, 0.327237397432, 0.21117772162]
    },
    "chords_histogram": [33.3333320618, 0, 0, 23.8095245361, 0, 3.80952382088, 0, 0, 0, 0, 7.61904764175, 0, 6.66666650772, 0, 24.7619056702, 0, 0, 0, 0, 0, 0, 0, 0, 0],
    "thpcp": [1, 0.45898848772, 0.205743417144, 0.253945797682, 0.270801573992, 0.257436990738, 0.26107057929, 0.252529025078, 0.257021546364, 0.26821616292, 0.262858182192, 0.270931780338, 0.296117514372, 0.361355721951, 0.744689822197, 0.914721548557, 0.5645378232, 0.364315956831, 0.338771671057, 0.332534939051, 0.312798440456, 0.283272892237, 0.268247067928, 0.275707811117, 0.311665803194, 0.3597894907, 0.407102167606, 0.320394456387, 0.219073325396, 0.213263109326, 0.248205274343, 0.299472481012, 0.303010642529, 0.303290635347, 0.462956786156, 0.944503962994],
    "chords_key": "G#",
    "chords_scale": "major",
    "key_key": "G#",
    "key_scale": "major",
    "chords_progression": ["Dm", "Dm", "Dm", "Dm", "A", "A", "A", "A", "A", "A", "D", "D", "A", "A", "A", "A", "A", "A", "A", "A", "A", "A", "A", "A", "A", "A", "A", "A", "A", "A", "A", "A", "D", "D", "D", "D", "D", "Gm", "Gm", "Gm", "Gm", "Gm", "Gm", "Gm", "Gm", "Gm", "Gm", "Gm", "Gm", "Gm", "Gm", "Gm", "Gm", "Gm", "Gm", "Gm", "Gm", "Gm", "Gm", "Gm", "Gm", "Gm", "G", "G", "G", "G", "G", "G", "G", "G", "G#", "G#", "G#", "G#", "G#", "G#", "G#", "G#", "G#", "G#", "G#", "G#", "G#", "G#", "G#", "G#", "G#", "G#", "G#", "G#", "G#", "G#", "G#", "G#", "G#", "G#", "G#", "G#", "G#", "G#", "G#", "G#", "G#", "G#", "G#"]
}
}