{
"metadata": {
    "version": {
        "essentia": "2.1-beta2"
    }
},
"lowLevel": {
    "average_loudness": 0.980386734009,
    "barkbands_kurtosis": {
        "mean": 18.1778392792
    },
    "barkbands_skewness": {
        "mean": 1.44432663918
    },
    "barkbands_spread": {
        "mean": 10.3069505692
    },
    "dissonance": {
        "mean": 0.387580275536
    },
    "hfc": {
        "mean": 0.890711843967
    },
    "pitch": {
        "mean": 256.56652832
    },
    "pitch_instantaneous_confidence": {
        "mean": 0.830258131027
    },
    "pitch_salience": {
        "mean": 0.648381173611
    },
    "silence_rate_20dB": {
        "mean": 1
    },
    "silence_rate_30dB": {
        "mean": 1
    },
    "silence_rate_60dB": {
        "mean": 1
    },
    "spectral_centroid": {
        "mean": 860.157714844
    },
    "spectral_complexity": {
        "mean": 4.40952396393
    },
    "spectral_crest": {
        "mean": 13.3307514191
    },
    "spectral_decrease": {
        "mean": -2.15272896731e-10
    },
    "spectral_energy": {
        "mean": 0.000893278338481
    },
    "spectral_energyband_high": {
        "mean": 7.65350705478e-06
    },
    "spectral_energyband_low": {
        "mean": 2.40098279392e-06
    },
    "spectral_energyband_middle_high": {
        "mean": 0.00033197843004
    },
    "spectral_energyband_middle_low": {
        "mean": 0.000548854062799
    },
    "spectral_flatness_db": {
        "mean": 0.23631824553
    },
    "spectral_flux": {
        "mean": 0.00425655115396
    },
    "spectral_kurtosis": {
        "mean": 12.7095537186
    },
    "spectral_rms": {
        "mean": 0.000837465864606
    },
    "spectral_rolloff": {
        "mean": 1349.00720215
    },
    "spectral_skewness": {
        "mean": 2.98207139969
    },
    "spectral_spread": {
        "mean": 6888518.5
    },
    "spectral_strongpeak": {
        "mean": 0.505399823189
    },
    "zerocrossingrate": {
        "mean": 0.0470493845642
    },
    "barkbands": {
        "mean": [4.34984031017e-06, 5.38485039669e-07, 2.3839810126e-07, 6.14849966496e-08, 0.000106571438664, 3.11666639163e-07, 4.42525815743e-05, 2.75632203284e-07, 0.00039732712321, 2.06312847695e-06, 7.66909579397e-05, 0.000102412595879, 3.09258325615e-06, 6.63106402499e-05, 5.84110421187e-06, 1.95704760699e-05, 2.33945575019e-05, 1.30304215418e-05, 9.04193620954e-06, 1.18716843645e-05, 4.68030020784e-06, 1.09096322376e-06, 1.52709915824e-07, 4.27821333915e-08, 4.93062373152e-08, 1.47707259757e-08, 2.85162293778e-09]
    },
    "mfcc": {
        "mean": [-883.387939453, 112.329498291, -54.321559906, 7.78490400314, -23.7358493805, -6.60534954071, 1.46703290939, 0.372675746679, 2.42775559425, -10.2855138779, -7.91340780258, -15.4387302399, -7.05176591873]
    },
    "sccoeffs": {
        "mean": [-0.634548485279, -0.679767489433, -0.601217925549, -0.735839486122, -0.774933636189, -0.81093776226]
    },
    "scvalleys": {
        "mean": [-8.88803672791, -9.74541759491, -9.51011562347, -9.83412265778, -10.2099552155, -11.8881349564]
    }
},
"rhythm": {
    "beats_loudness": {
        "mean": 0.0010015090229
    },
    "bpm": 150.370513916,
    "first_peak_bpm": {
        "mean": 152
    },
    "first_peak_spread": {
        "mean": 0.375
    },
    "first_peak_weight": {
        "mean": 0.5
    },
    "onset_rate": 0.825085639954,
    "second_peak_bpm": {
        "mean": 144
    },
    "second_peak_spread": {
        "mean": 0
    },
    "second_peak_weight": {
        "mean": 0.20000000298
    },
    "beats_loudness_band_ratio": {
        "mean": [0.0946127697825, 0.181784451008, 0.397432625294, 0.18324418366, 0.12041823566, 0.0264618694782]
    },
    "beats_position": [0.417959183455, 0.835918366909, 1.25387752056, 1.64861679077, 2.04335594177, 2.43809509277, 2.83283448219, 3.23918366432, 3.63392281532, 4.04027223587, 4.446621418],
    "bpm_estimates": [151.999069214, 151.99911499, 151.99911499, 151.999023438, 147.656265259, 151.99911499, 147.656173706, 147.656265259],
    "bpm_intervals": [0.417959183455, 0.417959153652, 0.39473927021, 0.394739151001, 0.394739151001, 0.39473938942, 0.406349182129, 0.394739151001, 0.406349420547, 0.406349182129],
    "onset_times": [0.0696598663926, 0.371519267559, 0.452789127827, 0.545668959618]
},
"sfx": {
    "inharmonicity": {
        "mean": 0.00730259809643
    },
    "oddtoevenharmonicenergyratio": {
        "mean": 1.10056734085
    },
    "pitch_after_max_to_before_max_energy_ratio": 1.89430642128,
    "pitch_centroid": 95.8743591309,
    "pitch_max_to_total": 0,
    "pitch_min_to_total": 0.0142857143655,
    "tristimulus": {
        "mean": [0.434709310532, 0.467270106077, 0.096355676651]
    }
},
"tonal": {
    "chords_changes_rate": 0.0377358496189,
    "chords_number_rate": 0.0188679248095,
    "chords_strength": {
        "mean": 0.561493098736
    },
    "key_strength": 0.766564011574,
    "tuning_diatonic_strength": 0.553990185261,
    "tuning_equal_tempered_deviation": 0.0674230754375,
    "tuning_frequency": 443.316436768,
    "tuning_nontempered_energy_ratio": 0.580881118774,
    "hpcp": {
        "mean": [0.0274366866797, 0.025022232905, 0.33550208807, 0.604729533195, 0.289779573679, 0.00933259353042, 0.0099695334211, 0.0166017208248, 0.0273928567767, 0.044722802937, 0.042695492506, 0.0238286051899, 0.0175654813647, 0.0507869459689, 0.220349311829, 0.23448009789, 0.072741292417, 0.0285247918218, 0.0163668300956, 0.0228822361678, 0.0250388961285, 0.00933630950749, 0.0475244112313, 0.44610875845, 0.804353833199, 0.420837581158, 0.0206373166293, 0.0160616580397, 0.0339913181961, 0.0311643425375, 0.0251860935241, 0.0802864208817, 0.146329045296, 0.096596583724, 0.0249106679112, 0.0264673195779]
    },
    "chords_histogram": [47.1698112488, 0, 0, 0, 0, 0, 0, 0, 0, 0, 0, 0, 0, 0, 0, 0, 0, 52.8301887512, 0, 0, 0, 0, 0, 0],
    "thpcp": [1, 0.523199558258, 0.0256570130587, 0.0199683979154, 0.0422591604292, 0.0387445688248, 0.0313122048974, 0.0998148024082, 0.181921243668, 0.120092153549, 0.030969787389, 0.0329050719738, 0.0341102220118, 0.0311084892601, 0.417107582092, 0.751820266247, 0.360263794661, 0.0116025973111, 0.0123944627121, 0.0206398237497, 0.0340557284653, 0.0556009076536, 0.0530804879963, 0.0296245310456, 0.0218380037695, 0.0631400570273, 0.273945748806, 0.291513621807, 0.0904344469309, 0.0354629904032, 0.0203477982432, 0.0284479726106, 0.0311292055994, 0.0116072166711, 0.0590839609504, 0.554617583752],
    "chords_key": "A#",
    "chords_scale": "minor",
    "key_key": "A#",
    "key_scale": "major",
    "chords_progression": ["A#m", "A#m", "A#m", "A#m", "A#m", "A#m", "A#m", "A#m", "A#m", "A#m", "A#m", "A#m", "A#m", "A#m", "A#m", "A#m", "A#m", "A#m", "A#m", "A#m", "A#m", "A#m", "A#m", "A#", "A#", "A#", "A#", "A#m", "A#m", "A#m", "A#m", "A#m", "A#m", "A#", "A#", "A#", "A#", "A#", "A#", "A#", "A#", "A#", "A#", "A#", "A#", "A#", "A#", "A#", "A#", "A#", "A#", "A#", "A#", "A#", "A#", "A#", "A#", "A#", "A#", "A#", "A#", "A#", "A#", "A#", "A#", "A#", "A#", "A#", "A#", "A#", "A#", "A#", "A#", "A#", "A#", "A#", "A#", "A#", "A#", "A#m", "A#m", "A#m", "A#m", "A#m", "A#m", "A#m", "A#m", "A#m", "A#m", "A#m", "A#m", "A#m", "A#m", "A#m", "A#m", "A#m", "A#m", "A#m", "A#m", "A#m", "A#m", "A#m", "A#m", "A#m", "A#m", "A#m"]
}
}