{
"metadata": {
    "version": {
        "essentia": "2.1-beta2"
    }
},
"lowLevel": {
    "average_loudness": 0.99068403244,
    "barkbands_kurtosis": {
        "mean": 0.28740683198
    },
    "barkbands_skewness": {
        "mean": 0.668664455414
    },
    "barkbands_spread": {
        "mean": 14.9164657593
    },
    "dissonance": {
        "mean": 0.437606722116
    },
    "hfc": {
        "mean": 51.6034088135
    },
    "pitch": {
        "mean": 884.997497559
    },
    "pitch_instantaneous_confidence": {
        "mean": 0.585285365582
    },
    "pitch_salience": {
        "mean": 0.446262091398
    },
    "silence_rate_20dB": {
        "mean": 1
    },
    "silence_rate_30dB": {
        "mean": 0.958333313465
    },
    "silence_rate_60dB": {
        "mean": 0.625
    },
    "spectral_centroid": {
        "mean": 2225.5144043
    },
    "spectral_complexity": {
        "mean": 12.5416669846
    },
    "spectral_crest": {
        "mean": 13.7857904434
    },
    "spectral_decrease": {
        "mean": -3.09607184334e-09
    },
    "spectral_energy": {
        "mean": 0.0163658764213
    },
    "spectral_energyband_high": {
        "mean": 0.00392354093492
    },
    "spectral_energyband_low": {
        "mean": 3.52864503839e-07
    },
    "spectral_energyband_middle_high": {
        "mean": 0.0116845667362
    },
    "spectral_energyband_middle_low": {
        "mean": 0.000848307739943
    },
    "spectral_flatness_db": {
        "mean": 0.259819239378
    },
    "spectral_flux": {
        "mean": 0.0428116805851
    },
    "spectral_kurtosis": {
        "mean": 6.87042379379
    },
    "spectral_rms": {
        "mean": 0.00249982695095
    },
    "spectral_rolloff": {
        "mean": 3810.92871094
    },
    "spectral_skewness": {
        "mean": 1.81278610229
    },
    "spectral_spread": {
        "mean": 7759110
    },
    "spectral_strongpeak": {
        "mean": 1.46654284
    },
    "zerocrossingrate": {
        "mean": 0.115549720824
    },
    "barkbands": {
        "mean": [3.73255261366e-07, 1.9656236816e-07, 7.77291209175e-09, 7.00922120345e-09, 5.00457417729e-08, 3.47428994019e-07, 5.24894676346e-06, 0.000131688211695, 0.000709782121703, 1.27820649141e-05, 0.000106897139631, 0.000147077676957, 0.00023925070127, 0.00445959949866, 0.000894282537047, 0.000873655313626, 0.000465872726636, 0.00211011827923, 0.00173186312895, 0.000809886667412, 0.0010437744204, 0.00140942458529, 0.000522115791682, 0.000474183558254, 0.000166990372236, 4.82145696878e-05, 2.19105913857e-06]
    },
    "mfcc": {
        "mean": [-827.328063965, -31.1143741608, -111.32244873, -14.4338026047, -9.2825460434, 1.30543029308, -1.97565364838, 15.9755516052, 16.2742557526, 32.4341697693, 25.207452774, 14.492732048, -5.21065092087]
    },
    "sccoeffs": {
        "mean": [-0.788750886917, -0.510729849339, -0.552502930164, -0.711560547352, -0.741243302822, -0.733145534992]
    },
    "scvalleys": {
        "mean": [-10.939368248, -10.7871255875, -10.6296110153, -8.36060810089, -8.65451717377, -10.6505279541]
    }
},
"rhythm": {
    "bpm": 0,
    "first_peak_bpm": {
        "mean": 0
    },
    "first_peak_spread": {
        "mean": 0
    },
    "first_peak_weight": {
        "mean": 0
    },
    "onset_rate": 0.933689057827,
    "second_peak_bpm": {
        "mean": 0
    },
    "second_peak_spread": {
        "mean": 0
    },
    "second_peak_weight": {
        "mean": 0
    },
    "beats_position": [],
    "bpm_estimates": [],
    "bpm_intervals": [],
    "onset_times": [0.0464399084449]
},
"sfx": {
    "inharmonicity": {
        "mean": 0.0574968457222
    },
    "oddtoevenharmonicenergyratio": {
        "mean": 22.7553024292
    },
    "pitch_after_max_to_before_max_energy_ratio": 1.06440496445,
    "pitch_centroid": 19.7309589386,
    "pitch_max_to_total": 0.229166671634,
    "pitch_min_to_total": 0.354166656733,
    "tristimulus": {
        "mean": [0.330214619637, 0.528877735138, 0.0824184715748]
    }
},
"tonal": {
    "chords_changes_rate": 0.0399999991059,
    "chords_number_rate": 0.0799999982119,
    "chords_strength": {
        "mean": 0.44196459651
    },
    "key_strength": 0.508147716522,
    "tuning_diatonic_strength": 0.381065964699,
    "tuning_equal_tempered_deviation": 0.19092400372,
    "tuning_frequency": 431.941772461,
    "tuning_nontempered_energy_ratio": 0.861261367798,
    "hpcp": {
        "mean": [0.125014901161, 0.10318416357, 0.0634194165468, 0.0753854513168, 0.149992749095, 0.195084303617, 0.137127414346, 0.113601028919, 0.100611582398, 0.0426583923399, 0.0521506816149, 0.0767992287874, 0.0701456665993, 0.0593814142048, 0.0800656378269, 0.109614573419, 0.0930066853762, 0.0491829253733, 0.0451539121568, 0.0577367916703, 0.10099427402, 0.534285902977, 0.729781210423, 0.284117162228, 0.0365124493837, 0.0396727249026, 0.0365065708756, 0.0342293791473, 0.0628253743052, 0.203096181154, 0.286298453808, 0.196841463447, 0.175120279193, 0.16194164753, 0.0991133153439, 0.107027880847]
    },
    "chords_histogram": [92, 0, 0, 0, 0, 0, 0, 8, 0, 0, 0, 0, 0, 0, 0, 0, 0, 0, 0, 0, 0, 0, 0, 0],
    "thpcp": [1, 0.389318287373, 0.0500320494175, 0.0543624907732, 0.0500239953399, 0.0469036176801, 0.0860879570246, 0.278297364712, 0.392307251692, 0.26972669363, 0.23996271193, 0.22190438211, 0.135812371969, 0.146657496691, 0.171304628253, 0.141390547156, 0.0869019553065, 0.103298701346, 0.2055311203, 0.2673189044, 0.187902092934, 0.155664503574, 0.137865409255, 0.0584536716342, 0.0714607089758, 0.10523596406, 0.0961187630892, 0.0813687890768, 0.109711840749, 0.150201961398, 0.12744461, 0.0673940703273, 0.0618732199073, 0.0791152045131, 0.138389796019, 0.732117950916],
    "chords_key": "E",
    "chords_scale": "minor",
    "key_key": "E",
    "key_scale": "minor",
    "chords_progression": ["Em", "Em", "Em", "Em", "Em", "Em", "Em", "Em", "Em", "Em", "Em", "Em", "Em", "Em", "Em", "Em", "Em", "Em", "Em", "Em", "Em", "Em", "Em", "E", "E"]
}
}