{
"metadata": {
    "version": {
        "essentia": "2.1-beta2"
    }
},
"lowLevel": {
    "average_loudness": 0.912995219231,
    "barkbands_kurtosis": {
        "mean": 4.76486301422
    },
    "barkbands_skewness": {
        "mean": 0.391596734524
    },
    "barkbands_spread": {
        "mean": 11.8213796616
    },
    "dissonance": {
        "mean": 0.345272213221
    },
    "hfc": {
        "mean": 1.90545666218
    },
    "pitch": {
        "mean": 224.273895264
    },
    "pitch_instantaneous_confidence": {
        "mean": 0.874527990818
    },
    "pitch_salience": {
        "mean": 0.579181730747
    },
    "silence_rate_20dB": {
        "mean": 1
    },
    "silence_rate_30dB": {
        "mean": 1
    },
    "silence_rate_60dB": {
        "mean": 0.80660378933
    },
    "spectral_centroid": {
        "mean": 796.254760742
    },
    "spectral_complexity": {
        "mean": 4.53773593903
    },
    "spectral_crest": {
        "mean": 12.339384079
    },
    "spectral_decrease": {
        "mean": -4.10143224938e-10
    },
    "spectral_energy": {
        "mean": 0.00172080297489
    },
    "spectral_energyband_high": {
        "mean": 8.04810315458e-06
    },
    "spectral_energyband_low": {
        "mean": 6.93424635756e-06
    },
    "spectral_energyband_middle_high": {
        "mean": 0.000928622728679
    },
    "spectral_energyband_middle_low": {
        "mean": 0.000778169080149
    },
    "spectral_flatness_db": {
        "mean": 0.286746948957
    },
    "spectral_flux": {
        "mean": 0.00320557830855
    },
    "spectral_kurtosis": {
        "mean": 19.7617702484
    },
    "spectral_rms": {
        "mean": 0.00104047672357
    },
    "spectral_rolloff": {
        "mean": 1234.50134277
    },
    "spectral_skewness": {
        "mean": 3.71765995026
    },
    "spectral_spread": {
        "mean": 7107086
    },
    "spectral_strongpeak": {
        "mean": 0.960955917835
    },
    "zerocrossingrate": {
        "mean": 0.0515643432736
    },
    "barkbands": {
        "mean": [3.00103374684e-06, 1.57409328949e-06, 1.48314575199e-06, 1.19263941087e-05, 0.00036802428076, 3.06155538965e-06, 0.000138274190249, 7.40943960409e-07, 0.00025600916706, 3.12850716e-05, 8.40884695208e-07, 9.46149084484e-05, 3.72958197659e-06, 0.000543382659089, 0.000101499455923, 0.000102552156022, 2.30745135923e-05, 7.37424898034e-06, 9.18484693102e-06, 1.34736928885e-05, 1.53705786943e-06, 2.69512884188e-06, 3.9166278043e-07, 7.74816783178e-07, 2.66223537437e-07, 3.23164890403e-08, 2.48008458215e-09]
    },
    "mfcc": {
        "mean": [-896.917663574, 110.779251099, -19.1551303864, 4.38090848923, -1.52146589756, -7.75719642639, -15.9701337814, -10.6196393967, -4.12404108047, 4.23982334137, -6.99836778641, -8.91826057434, -8.84175014496]
    },
    "sccoeffs": {
        "mean": [-0.597441673279, -0.574430942535, -0.586011350155, -0.630360662937, -0.744266271591, -0.823903799057]
    },
    "scvalleys": {
        "mean": [-9.00105285645, -10.1929721832, -10.8128013611, -11.2677869797, -11.7152767181, -12.6037340164]
    }
},
"rhythm": {
    "beats_loudness": {
        "mean": 0.00203099148348
    },
    "bpm": 109.97101593,
    "first_peak_bpm": {
        "mean": 110
    },
    "first_peak_spread": {
        "mean": 0.285714268684
    },
    "first_peak_weight": {
        "mean": 0.714285731316
    },
    "onset_rate": 1.02124464512,
    "second_peak_bpm": {
        "mean": 0
    },
    "second_peak_spread": {
        "mean": 0
    },
    "second_peak_weight": {
        "mean": 0
    },
    "beats_loudness_band_ratio": {
        "mean": [0.153759181499, 0.250001341105, 0.271962404251, 0.266090780497, 0.0924873426557, 0.011519331485]
    },
    "beats_position": [0.545668900013, 1.10294783115, 1.64861679077, 2.19428563118, 2.73995471001, 3.28562355042, 3.8196823597, 4.3653512001],
    "bpm_estimates": [107.666015625, 109.95677948, 109.956802368, 109.956756592, 109.956802368, 112.347175598, 109.956802368],
    "bpm_intervals": [0.557278931141, 0.545668959618, 0.545668840408, 0.545669078827, 0.545668840408, 0.53405880928, 0.545668840408],
    "onset_times": [0.116099774837, 0.18575963378, 3.55265307426, 3.81968259811, 4.86458063126]
},
"sfx": {
    "inharmonicity": {
        "mean": 0.00951103307307
    },
    "oddtoevenharmonicenergyratio": {
        "mean": 2.19535064697
    },
    "pitch_after_max_to_before_max_energy_ratio": 27.2024745941,
    "pitch_centroid": 105.876152039,
    "pitch_max_to_total": 0,
    "pitch_min_to_total": 0.0424528308213,
    "tristimulus": {
        "mean": [0.48656475544, 0.483262717724, 0.0242077186704]
    }
},
"tonal": {
    "chords_changes_rate": 0.0280373822898,
    "chords_number_rate": 0.0186915881932,
    "chords_strength": {
        "mean": 0.407645881176
    },
    "key_strength": 0.571232378483,
    "tuning_diatonic_strength": 0.418310403824,
    "tuning_equal_tempered_deviation": 0.0982777252793,
    "tuning_frequency": 440.763122559,
    "tuning_nontempered_energy_ratio": 0.685531973839,
    "hpcp": {
        "mean": [0.8677546978, 0.46271571517, 0.0114024616778, 0.0133157623932, 0.00823782291263, 0.0443680584431, 0.110727481544, 0.0707292556763, 0.00684361532331, 0.0112934801728, 0.0300272218883, 0.141379147768, 0.154408141971, 0.0366488397121, 0.00409470964223, 0.00734144356102, 0.0162552110851, 0.0155273322016, 0.00481364550069, 0.00237778993323, 0.128354415298, 0.277241110802, 0.174385279417, 0.0575856082141, 0.0395434387028, 0.0115964403376, 0.0351670943201, 0.0631193891168, 0.294109582901, 0.568176805973, 0.3140232265, 0.0096771363169, 0.0123026734218, 0.0149308517575, 0.0150958588347, 0.419522643089]
    },
    "chords_histogram": [50.4672889709, 0, 0.934579432011, 0, 0, 0, 0, 0, 0, 0, 0, 0, 0, 0, 0, 0, 0, 0, 0, 48.5981292725, 0, 0, 0, 0],
    "thpcp": [1, 0.533233344555, 0.0131401903927, 0.0153450770304, 0.00949326250702, 0.0511297248304, 0.127602279186, 0.0815083533525, 0.00788657832891, 0.0130145996809, 0.0346033535898, 0.162925243378, 0.177939847112, 0.0422341004014, 0.00471874093637, 0.00846027489752, 0.0187324956059, 0.0178936887532, 0.00554724223912, 0.00274016382173, 0.147915557027, 0.3194924891, 0.200961485505, 0.0663616210222, 0.0455698370934, 0.0133637310937, 0.0405265390873, 0.0727387443185, 0.338931709528, 0.654766619205, 0.36188018322, 0.011151926592, 0.0141775934026, 0.017206305638, 0.017396459356, 0.483457654715],
    "chords_key": "D",
    "chords_scale": "major",
    "key_key": "D",
    "key_scale": "major",
    "chords_progression": ["D", "D", "D", "D", "D", "D", "D", "D", "D", "D", "D", "D", "D", "D", "D", "D", "D", "D", "D", "D", "D", "D", "D", "D", "D", "D", "D", "D", "D", "D", "D", "D", "D", "D", "D", "D", "D", "D", "D", "D", "D", "D", "D", "D", "D", "D", "D", "D", "D", "D", "D", "D", "D", "D", "Am", "Am", "Am", "Am", "Am", "Am", "Am", "Am", "Am", "Am", "Am", "Am", "Am", "Am", "Am", "Am", "Am", "Am", "Am", "Am", "Am", "Am", "Am", "Am", "Am", "Am", "Am", "A", "Am", "Am", "Am", "Am", "Am", "Am", "Am", "Am", "Am", "Am", "Am", "Am", "Am", "Am", "Am", "Am", "Am", "Am", "Am", "Am", "Am", "Am", "Am", "Am", "Am"]
}
}