{
"metadata": {
    "version": {
        "essentia": "2.1-beta2"
    }
},
"lowLevel": {
    "dissonance": {
        "mean": 0.386641919613
    },
    "hfc": {
        "mean": 62.542098999
    },
    "spectral_centroid": {
        "mean": 0.241723418236
    },
    "mfcc": {
        "mean": [-659.325500488, 22.2004013062, -21.9961948395, -11.0713310242, -34.31798172, -28.5964279175, -9.17568206787, -5.59794092178, -8.40918159485, -8.66920852661, -14.3548870087, -4.32527112961, -12.7616214752, -3.41908884048, -3.47711038589, -9.00434780121, -8.34533977509, -6.25528860092, -6.93442201614, -7.58112001419, -5.9920425415, -2.48921561241, -4.39072799683, -4.62886238098, -3.70888185501, -3.42841100693, -3.51269197464, -4.255818367, -1.82239496708, -1.38872230053, -1.74366855621, -2.72699213028, -4.36894035339, -1.73256444931, -0.983617663383, -0.961579442024, -1.66779458523, -1.71915471554, -0.246729195118, 1.0589505434]
    },
    "spectral_contrast": {
        "mean": [-0.719288408756, -0.772047579288, -0.83562964201, -0.81670409441, -0.818317234516, -0.684900999069]
    }
},
"sfx": {
    "inharmonicity": {
        "mean": 0.234506934881
    },
    "logattacktime": {
        "mean": -4.69965028763
    }
}
}