{
"metadata": {
    "version": {
        "essentia": "2.1-beta2"
    }
},
"lowLevel": {
    "dissonance": {
        "mean": 0.183110192418
    },
    "hfc": {
        "mean": 29.794719696
    },
    "spectral_centroid": {
        "mean": 0.0865222662687
    },
    "mfcc": {
        "mean": [-740.834289551, 46.0874519348, -195.370132446, -30.3772907257, -52.2707481384, -26.0203876495, -32.9770088196, -16.4565429688, -21.1099662781, -15.6942863464, 1.86994206905, 15.4262809753, 30.1182918549, 42.3918304443, 40.79347229, 30.9256420135, 6.94669532776, -20.4722137451, -47.7735099792, -42.6624565125, -14.0685892105, 24.0185966492, 35.8413009644, 10.7002048492, -17.1967124939, -15.9188613892, 5.59012937546, 16.85014534, 9.22822761536, -8.46873569489, -9.40065383911, 13.5624780655, 21.5579414368, 2.00199866295, -16.2156486511, -13.9647083282, -5.05129814148, 0.802076518536, -0.200176656246, -1.12187540531]
    },
    "spectral_contrast": {
        "mean": [-0.331849008799, -0.335055530071, -0.421319723129, -0.526788294315, -0.727742791176, -0.729632198811]
    }
},
"sfx": {
    "inharmonicity": {
        "mean": 0.281409561634
    },
    "logattacktime": {
        "mean": -5
    }
}
}