{
"metadata": {
    "version": {
        "essentia": "2.1-beta2"
    }
},
"lowLevel": {
    "average_loudness": 0.846526324749,
    "barkbands_kurtosis": {
        "mean": 11.5338592529
    },
    "barkbands_skewness": {
        "mean": 0.663712263107
    },
    "barkbands_spread": {
        "mean": 11.5515937805
    },
    "dissonance": {
        "mean": 0.358193039894
    },
    "hfc": {
        "mean": 0.816757202148
    },
    "pitch": {
        "mean": 219.963363647
    },
    "pitch_instantaneous_confidence": {
        "mean": 0.873433470726
    },
    "pitch_salience": {
        "mean": 0.518921017647
    },
    "silence_rate_20dB": {
        "mean": 1
    },
    "silence_rate_30dB": {
        "mean": 1
    },
    "silence_rate_60dB": {
        "mean": 1
    },
    "spectral_centroid": {
        "mean": 834.18927002
    },
    "spectral_complexity": {
        "mean": 2.87150835991
    },
    "spectral_crest": {
        "mean": 13.2428312302
    },
    "spectral_decrease": {
        "mean": -1.75853429041e-10
    },
    "spectral_energy": {
        "mean": 0.000737792113796
    },
    "spectral_energyband_high": {
        "mean": 1.61151649536e-06
    },
    "spectral_energyband_low": {
        "mean": 3.0953467558e-06
    },
    "spectral_energyband_middle_high": {
        "mean": 0.000425174453994
    },
    "spectral_energyband_middle_low": {
        "mean": 0.000306152243866
    },
    "spectral_flatness_db": {
        "mean": 0.289165824652
    },
    "spectral_flux": {
        "mean": 0.00238095037639
    },
    "spectral_kurtosis": {
        "mean": 18.2491569519
    },
    "spectral_rms": {
        "mean": 0.000680118275341
    },
    "spectral_rolloff": {
        "mean": 1224.26477051
    },
    "spectral_skewness": {
        "mean": 3.68770623207
    },
    "spectral_spread": {
        "mean": 7511188
    },
    "spectral_strongpeak": {
        "mean": 0.840270996094
    },
    "zerocrossingrate": {
        "mean": 0.0559204779565
    },
    "barkbands": {
        "mean": [3.88551370634e-06, 8.61875150804e-07, 1.27086309476e-07, 2.0783691923e-07, 0.000136788759846, 1.69196624711e-07, 3.57828721462e-05, 5.40487867795e-08, 0.000133142792038, 1.17014715215e-05, 6.10618684505e-08, 3.42688399542e-05, 4.06600719316e-07, 0.000314356089802, 3.29967624566e-05, 1.84151540452e-05, 6.00990188104e-06, 2.27956911658e-06, 2.55160966844e-06, 2.35928700931e-06, 8.03809257377e-07, 3.5925256725e-07, 6.27255403174e-08, 1.03055782574e-07, 3.21618358612e-08, 5.95949201099e-09, 8.65164440089e-10]
    },
    "mfcc": {
        "mean": [-939.485168457, 116.60874939, -24.3379554749, 0.41408842802, 3.84135556221, -3.07175421715, -10.3017473221, -12.2869157791, -0.206166058779, 7.70177125931, 0.24985191226, -9.46867847443, -10.7552347183]
    },
    "sccoeffs": {
        "mean": [-0.632317125797, -0.626686930656, -0.611554384232, -0.673206865788, -0.778875946999, -0.8505641222]
    },
    "scvalleys": {
        "mean": [-9.19906902313, -10.3130931854, -11.1601057053, -11.0390672684, -11.8603143692, -12.8724451065]
    }
},
"rhythm": {
    "beats_loudness": {
        "mean": 0.000844856142066
    },
    "bpm": 110.753562927,
    "first_peak_bpm": {
        "mean": 110
    },
    "first_peak_spread": {
        "mean": 0.333333313465
    },
    "first_peak_weight": {
        "mean": 0.666666686535
    },
    "onset_rate": 2.66474032402,
    "second_peak_bpm": {
        "mean": 0
    },
    "second_peak_spread": {
        "mean": 0
    },
    "second_peak_weight": {
        "mean": 0
    },
    "beats_loudness_band_ratio": {
        "mean": [0.283515691757, 0.1455437392, 0.196325391531, 0.346930414438, 0.0496579818428, 0.00411146180704]
    },
    "beats_position": [0.510838985443, 1.04489791393, 1.57895684242, 2.12462592125, 2.67029476166, 3.21596360207, 3.76163268089],
    "bpm_estimates": [112.34715271, 112.34715271, 109.956756592, 109.956802368, 109.956802368, 109.956756592],
    "bpm_intervals": [0.53405892849, 0.53405892849, 0.545669078827, 0.545668840408, 0.545668840408, 0.545669078827],
    "onset_times": [0.0348299331963, 0.127709746361, 0.208979591727, 0.53405892849, 3.11147403717, 3.22757363319, 3.48299312592, 3.61070299149, 3.76163268089, 3.88934230804, 3.94739222527]
},
"sfx": {
    "inharmonicity": {
        "mean": 0.0104716336355
    },
    "oddtoevenharmonicenergyratio": {
        "mean": 1.17570602894
    },
    "pitch_after_max_to_before_max_energy_ratio": 21.5119667053,
    "pitch_centroid": 88.6749954224,
    "pitch_max_to_total": 0,
    "pitch_min_to_total": 0.994413435459,
    "tristimulus": {
        "mean": [0.482146829367, 0.489594101906, 0.0282591059804]
    }
},
"tonal": {
    "chords_changes_rate": 0.0111111113802,
    "chords_number_rate": 0.0222222227603,
    "chords_strength": {
        "mean": 0.377305656672
    },
    "key_strength": 0.506419360638,
    "tuning_diatonic_strength": 0.399573296309,
    "tuning_equal_tempered_deviation": 0.201309323311,
    "tuning_frequency": 433.191070557,
    "tuning_nontempered_energy_ratio": 0.890681505203,
    "hpcp": {
        "mean": [0.382605731487, 0.692453026772, 0.326803714037, 0.00566675420851, 0.00396990962327, 0.00223524472676, 0.0292921233922, 0.0628445222974, 0.0345391705632, 0.001607444603, 0.00157642748673, 0.0135888652876, 0.0749168246984, 0.0762883648276, 0.0163706876338, 0.0031093985308, 0.00411047786474, 0.0110382540151, 0.00944502465427, 0.00179831101559, 0.00180853111669, 0.145255029202, 0.277631849051, 0.172847136855, 0.0923034250736, 0.0549636222422, 0.00635622348636, 0.0215065982193, 0.036898098886, 0.355648040771, 0.650031208992, 0.319536119699, 0.010345749557, 0.0107462946326, 0.00852221995592, 0.0163944680244]
    },
    "chords_histogram": [57.7777786255, 0, 0, 0, 0, 0, 0, 0, 0, 0, 0, 0, 0, 0, 0, 0, 0, 0, 0, 42.2222213745, 0, 0, 0, 0],
    "thpcp": [1, 0.471950739622, 0.00818359386176, 0.00573311047629, 0.00322800921276, 0.0423019640148, 0.0907563716173, 0.0498794429004, 0.00232137716375, 0.00227658404037, 0.0196242406964, 0.108190476894, 0.110171176493, 0.0236415863037, 0.00449041090906, 0.00593611085787, 0.0159407984465, 0.0136399501935, 0.00259701511823, 0.00261177448556, 0.209768787026, 0.400939613581, 0.249615684152, 0.133299186826, 0.0793752372265, 0.00917928479612, 0.0310585666448, 0.0532860681415, 0.513606011868, 0.938736915588, 0.461455315351, 0.0149407237768, 0.0155191672966, 0.0123072899878, 0.0236759278923, 0.552536725998],
    "chords_key": "D",
    "chords_scale": "major",
    "key_key": "D",
    "key_scale": "major",
    "chords_progression": ["D", "D", "D", "D", "D", "D", "D", "D", "D", "D", "D", "D", "D", "D", "D", "D", "D", "D", "D", "D", "D", "D", "D", "D", "D", "D", "D", "D", "D", "D", "D", "D", "D", "D", "D", "D", "D", "D", "D", "D", "D", "D", "D", "D", "D", "D", "D", "D", "D", "D", "D", "D", "Am", "Am", "Am", "Am", "Am", "Am", "Am", "Am", "Am", "Am", "Am", "Am", "Am", "Am", "Am", "Am", "Am", "Am", "Am", "Am", "Am", "Am", "Am", "Am", "Am", "Am", "Am", "Am", "Am", "Am", "Am", "Am", "Am", "Am", "Am", "Am", "Am", "Am"]
}
}