{
"metadata": {
    "version": {
        "essentia": "2.1-beta2"
    }
},
"lowLevel": {
    "average_loudness": 0.937748670578,
    "barkbands_kurtosis": {
        "mean": 2.56624078751
    },
    "barkbands_skewness": {
        "mean": 0.0532027594745
    },
    "barkbands_spread": {
        "mean": 13.8224954605
    },
    "dissonance": {
        "mean": 0.40729701519
    },
    "hfc": {
        "mean": 2.72101640701
    },
    "pitch": {
        "mean": 656.661621094
    },
    "pitch_instantaneous_confidence": {
        "mean": 0.685314714909
    },
    "pitch_salience": {
        "mean": 0.780556619167
    },
    "silence_rate_20dB": {
        "mean": 1
    },
    "silence_rate_30dB": {
        "mean": 1
    },
    "silence_rate_60dB": {
        "mean": 0.485714286566
    },
    "spectral_centroid": {
        "mean": 1424.42749023
    },
    "spectral_complexity": {
        "mean": 5.14761924744
    },
    "spectral_crest": {
        "mean": 7.39817810059
    },
    "spectral_decrease": {
        "mean": -5.95281268723e-10
    },
    "spectral_energy": {
        "mean": 0.00249352958053
    },
    "spectral_energyband_high": {
        "mean": 1.80948245543e-06
    },
    "spectral_energyband_low": {
        "mean": 1.12911058281e-08
    },
    "spectral_energyband_middle_high": {
        "mean": 0.00180785055272
    },
    "spectral_energyband_middle_low": {
        "mean": 0.00093130255118
    },
    "spectral_flatness_db": {
        "mean": 0.241557553411
    },
    "spectral_flux": {
        "mean": 0.00523281143978
    },
    "spectral_kurtosis": {
        "mean": 19.4853286743
    },
    "spectral_rms": {
        "mean": 0.00120141077787
    },
    "spectral_rolloff": {
        "mean": 2100.00463867
    },
    "spectral_skewness": {
        "mean": 3.15754389763
    },
    "spectral_spread": {
        "mean": 8743245
    },
    "spectral_strongpeak": {
        "mean": 0.652616143227
    },
    "zerocrossingrate": {
        "mean": 0.0762300044298
    },
    "barkbands": {
        "mean": [9.09742858823e-09, 1.70391400989e-09, 7.17609249801e-10, 3.26049942601e-08, 0.000259812892182, 3.62375112672e-06, 9.41498092288e-06, 0.000283113273326, 6.11130371908e-06, 0.000419483199948, 0.000400648161303, 0.000121082513942, 0.000497142027598, 0.000214108731598, 0.00011689276289, 6.76012277836e-05, 6.65958941681e-05, 1.48496492329e-05, 9.8836444522e-06, 1.83784561614e-06, 8.44377325393e-07, 3.22071997516e-07, 8.22601506911e-08, 2.82917600458e-08, 1.00076560372e-08, 1.93240912161e-09, 3.05752118068e-10]
    },
    "mfcc": {
        "mean": [-928.79119873, 87.877166748, -92.7644882202, -39.4147758484, -21.6097278595, -19.4859104156, -17.0855617523, -15.6195259094, -15.4537477493, -18.6028289795, -8.22705841064, -9.18601322174, -11.4145393372]
    },
    "sccoeffs": {
        "mean": [-0.541682779789, -0.60682785511, -0.618424355984, -0.668733477592, -0.783383309841, -0.829399704933]
    },
    "scvalleys": {
        "mean": [-11.5515460968, -10.8745346069, -10.2744903564, -10.0567569733, -10.5408172607, -12.4613075256]
    }
},
"rhythm": {
    "beats_loudness": {
        "mean": 0.00284601864405
    },
    "bpm": 172.265625,
    "first_peak_bpm": {
        "mean": 172
    },
    "first_peak_spread": {
        "mean": 0
    },
    "first_peak_weight": {
        "mean": 0.5
    },
    "onset_rate": 1.03135693073,
    "second_peak_bpm": {
        "mean": 178
    },
    "second_peak_spread": {
        "mean": 0
    },
    "second_peak_weight": {
        "mean": 0.25
    },
    "beats_loudness_band_ratio": {
        "mean": [0.0668866932392, 0.0994731709361, 0.212296307087, 0.449430316687, 0.191981226206, 0.0763690546155]
    },
    "beats_position": [0.348299324512, 0.708208620548, 1.06811785698, 1.4164172411, 1.764716506, 2.11301589012, 2.4497051239, 2.77478456497, 3.11147379875, 3.45977306366, 3.80807256699, 4.15637159348, 4.49306106567],
    "bpm_estimates": [172.265594482, 172.265655518, 172.265594482, 172.265655518, 172.265533447, 172.265777588],
    "bpm_intervals": [0.359909296036, 0.359909236431, 0.348299384117, 0.348299264908, 0.348299384117, 0.33668923378, 0.325079441071, 0.33668923378, 0.348299264908, 0.348299503326, 0.348299026489, 0.336689472198],
    "onset_times": [0.510838985443, 1.53251695633, 1.764716506, 1.97369611263, 2.08979582787]
},
"sfx": {
    "inharmonicity": {
        "mean": 0.0527285523713
    },
    "oddtoevenharmonicenergyratio": {
        "mean": 0.978010416031
    },
    "pitch_after_max_to_before_max_energy_ratio": 2.83562493324,
    "pitch_centroid": 63.4291763306,
    "pitch_max_to_total": 0.109523810446,
    "pitch_min_to_total": 0.047619048506,
    "tristimulus": {
        "mean": [0.255112320185, 0.603843033314, 0.100542075932]
    }
},
"tonal": {
    "chords_changes_rate": 0.0754716992378,
    "chords_number_rate": 0.0566037744284,
    "chords_strength": {
        "mean": 0.410945415497
    },
    "key_strength": 0.694038748741,
    "tuning_diatonic_strength": 0.385689049959,
    "tuning_equal_tempered_deviation": 0.165748089552,
    "tuning_frequency": 444.085327148,
    "tuning_nontempered_energy_ratio": 0.69550216198,
    "hpcp": {
        "mean": [0.12241499126, 0.12860609591, 0.165659144521, 0.14684560895, 0.106104411185, 0.0977908968925, 0.100185595453, 0.127525091171, 0.409439712763, 0.704761505127, 0.439707785845, 0.124587349594, 0.120756097138, 0.113586977124, 0.10478901118, 0.126041203737, 0.132841140032, 0.105672806501, 0.0920253396034, 0.142005324364, 0.310916244984, 0.312607854605, 0.175476431847, 0.148513659835, 0.107632376254, 0.103295341134, 0.128404781222, 0.13160456717, 0.150612220168, 0.264735817909, 0.417919516563, 0.299985706806, 0.130107209086, 0.143911376595, 0.162756115198, 0.15567086637]
    },
    "chords_histogram": [47.1698112488, 0, 0, 0, 10.3773584366, 16.0377349854, 0, 0, 0, 4.71698093414, 0, 0, 0, 0, 0, 0, 9.43396186829, 12.2641506195, 0, 0, 0, 0, 0, 0],
    "thpcp": [1, 0.623910069466, 0.176779448986, 0.171343207359, 0.16117079556, 0.148687198758, 0.178842350841, 0.188490912318, 0.149941235781, 0.130576565862, 0.201494157314, 0.441165179014, 0.443565458059, 0.248986974359, 0.210728958249, 0.152721703053, 0.1465677917, 0.182196080685, 0.186736315489, 0.213706642389, 0.375638872385, 0.592994272709, 0.425655633211, 0.184611678123, 0.204198688269, 0.230937868357, 0.220884457231, 0.173697039485, 0.182481721044, 0.235057026148, 0.208362132311, 0.150553643703, 0.138757437468, 0.142155319452, 0.180947870016, 0.580962061882],
    "chords_key": "C",
    "chords_scale": "major",
    "key_key": "C",
    "key_scale": "major",
    "chords_progression": ["F#m", "F#m", "F#m", "F#m", "F#m", "F#m", "F#m", "F#m", "F#m", "F#m", "F#m", "F#m", "F#m", "D", "D", "D", "D", "D", "D", "D", "D", "D", "D", "F#m", "F#m", "D", "F#m", "F#m", "G#m", "G#m", "G#m", "G#m", "G#m", "G#", "G#", "G#", "G#", "G#", "G#", "G#", "G#", "G#", "G#", "Cm", "Cm", "Cm", "Cm", "Cm", "Cm", "Cm", "Cm", "Cm", "Cm", "Cm", "Cm", "Cm", "C", "C", "C", "C", "C", "C", "C", "C", "C", "C", "C", "C", "C", "C", "C", "C", "C", "C", "C", "C", "C", "C", "C", "C", "C", "C", "C", "C", "C", "C", "C", "C", "C", "C", "C", "C", "C", "C", "C", "C", "C", "C", "C", "C", "C", "C", "C", "C", "C", "C"]
}
}