{"lowlevel.dissonance.mean": [-0.26043301820755005], "sfx.inharmonicity.mean": [0.4983157217502594], "lowlevel.spectral_contrast.mean": [[0.4909893274307251, 1.0524227619171143, 0.825039267539978, 0.6701323986053467, 0.3913710117340088, 0.30803990364074707]], "lowlevel.spectral_centroid.mean": [0.36017030477523804], "lowlevel.mfcc.mean": [[0.33457159996032715, 0.717900276184082, 0.5685881972312927, 0.008697271347045898, 0.05273929238319397, 0.18685272336006165, 0.19213613867759705, 0.12112617492675781, 0.48717963695526123, 0.6052916646003723, 0.5628016591072083, 0.6842799186706543, 0.6882688403129578]], "sfx.logattacktime.mean": [0.44243377447128296], "lowlevel.hfc.mean": [0.4685651361942291]}