{
"metadata": {
    "version": {
        "essentia": "2.1-beta2"
    }
},
"lowLevel": {
    "dissonance": {
        "mean": 0.157352015376
    },
    "hfc": {
        "mean": 6.537504673
    },
    "spectral_centroid": {
        "mean": 0.0748675912619
    },
    "mfcc": {
        "mean": [-764.022277832, 146.111434937, -144.557952881, -37.7331008911, -34.4100227356, -24.2856044769, -26.9526481628, -29.8247032166, -23.9141101837, -26.307050705, -16.6148643494, -18.5344409943, -15.9702968597, -15.516617775, -9.98347377777, -3.47598481178, -0.135582968593, 2.83674073219, 3.2874712944, 5.51101064682, 7.21955776215, 9.07762527466, 12.1070423126, 15.2399902344, 14.0995512009, 7.55832147598, -0.789967596531, -7.07005691528, -12.0393896103, -13.694694519, -8.51989364624, 0.0450358651578, 7.05721855164, 6.89324474335, -0.231827378273, -7.82369565964, -8.81757068634, -2.70730543137, 5.37062883377, 7.26575565338]
    },
    "spectral_contrast": {
        "mean": [-0.463528096676, -0.495643228292, -0.553550004959, -0.67000246048, -0.780818641186, -0.795553326607]
    }
},
"sfx": {
    "inharmonicity": {
        "mean": 0.129506364465
    },
    "logattacktime": {
        "mean": -5
    }
}
}