{
"metadata": {
    "version": {
        "essentia": "2.1-beta2"
    }
},
"lowLevel": {
    "dissonance": {
        "mean": 0.469697326422
    },
    "hfc": {
        "mean": 66.8333129883
    },
    "spectral_centroid": {
        "mean": 0.226571068168
    },
    "mfcc": {
        "mean": [-683.13269043, -42.3396072388, -52.7182884216, 17.9930229187, -8.03605937958, -0.695318996906, -16.1427192688, 10.7882623672, -0.690734326839, 14.4956512451, 17.8096103668, 17.0303077698, 12.2899074554, 11.0740270615, 5.9621014595, 7.29421949387, 11.9808502197, 11.7780017853, 8.26209068298, 10.2757978439, 10.8778209686, 11.4256734848, -1.25330817699, -6.01819038391, 3.28752875328, 8.12163066864, 2.38770985603, 2.1128475666, 4.05677652359, 5.25912904739, -1.77028107643, -0.343370884657, 0.335757762194, 0.458191663027, 2.12138223648, 2.18604111671, -1.38013160229, -3.54637384415, 0.58189868927, -0.809437811375]
    },
    "spectral_contrast": {
        "mean": [-0.665375292301, -0.806698083878, -0.77654582262, -0.772614777088, -0.77732282877, -0.638916969299]
    }
},
"sfx": {
    "inharmonicity": {
        "mean": 0.199993729591
    },
    "logattacktime": {
        "mean": -4.87991905212
    }
}
}