{
"metadata": {
    "version": {
        "essentia": "2.1-beta2"
    }
},
"lowLevel": {
    "average_loudness": 0.99068403244,
    "barkbands_kurtosis": {
        "mean": 8.23688411713
    },
    "barkbands_skewness": {
        "mean": 1.21130490303
    },
    "barkbands_spread": {
        "mean": 28.5559215546
    },
    "dissonance": {
        "mean": 0.45991563797
    },
    "hfc": {
        "mean": 14.9350337982
    },
    "pitch": {
        "mean": 653.420898438
    },
    "pitch_instantaneous_confidence": {
        "mean": 0.360929697752
    },
    "pitch_salience": {
        "mean": 0.632258951664
    },
    "silence_rate_20dB": {
        "mean": 1
    },
    "silence_rate_30dB": {
        "mean": 1
    },
    "silence_rate_60dB": {
        "mean": 0.897435903549
    },
    "spectral_centroid": {
        "mean": 3657.15869141
    },
    "spectral_complexity": {
        "mean": 5.02564096451
    },
    "spectral_crest": {
        "mean": 8.96585941315
    },
    "spectral_decrease": {
        "mean": -9.65077795456e-10
    },
    "spectral_energy": {
        "mean": 0.00499708391726
    },
    "spectral_energyband_high": {
        "mean": 0.00155451020692
    },
    "spectral_energyband_low": {
        "mean": 5.65878181078e-05
    },
    "spectral_energyband_middle_high": {
        "mean": 0.00248122098856
    },
    "spectral_energyband_middle_low": {
        "mean": 0.000978534226306
    },
    "spectral_flatness_db": {
        "mean": 0.135243713856
    },
    "spectral_flux": {
        "mean": 0.0232497025281
    },
    "spectral_kurtosis": {
        "mean": 1.33890259266
    },
    "spectral_rms": {
        "mean": 0.000713528366759
    },
    "spectral_rolloff": {
        "mean": 6536.70654297
    },
    "spectral_skewness": {
        "mean": 1.02216959
    },
    "spectral_spread": {
        "mean": 28052886
    },
    "spectral_strongpeak": {
        "mean": 0.0653514638543
    },
    "zerocrossingrate": {
        "mean": 0.246632114053
    },
    "barkbands": {
        "mean": [1.60872009047e-08, 3.60392277798e-06, 3.11963522108e-05, 4.18328636442e-05, 9.26470893319e-05, 8.99153892533e-05, 0.000130477186758, 0.000177435300429, 0.000357904966222, 0.000493908417411, 0.000334059965098, 0.000169701001141, 9.85141305136e-05, 8.69475843501e-05, 8.09875054983e-05, 0.000102571320895, 0.000204260984901, 0.000594279437792, 0.000249134784099, 0.000518832704984, 0.000531675352249, 0.00012377256644, 0.000128341911477, 0.000175633700565, 0.000127294770209, 4.34963112639e-05, 8.63984041644e-06]
    },
    "mfcc": {
        "mean": [-1027.87841797, 17.2972221375, -0.983039259911, -3.0363202095, -12.9112472534, -13.0638113022, -7.23843622208, -4.05139684677, -2.32814621925, -1.72105443478, -3.00413322449, -0.593406260014, -2.3400452137]
    },
    "sccoeffs": {
        "mean": [-0.761058926582, -0.835371553898, -0.865128815174, -0.882707357407, -0.891039609909, -0.903455495834]
    },
    "scvalleys": {
        "mean": [-14.2492361069, -12.9124383926, -13.5138568878, -14.1242551804, -14.1654005051, -14.5193719864]
    }
},
"rhythm": {
    "beats_loudness": {
        "mean": 1.1274762528e-06
    },
    "bpm": 184.5703125,
    "first_peak_bpm": {
        "mean": 185
    },
    "first_peak_spread": {
        "mean": 0
    },
    "first_peak_weight": {
        "mean": 1
    },
    "onset_rate": 1.15741956234,
    "second_peak_bpm": {
        "mean": 0
    },
    "second_peak_spread": {
        "mean": 0
    },
    "second_peak_weight": {
        "mean": 0
    },
    "beats_loudness_band_ratio": {
        "mean": [0.337816566229, 0.486959397793, 0.388654053211, 0.0455155968666, 0.0105001330376, 0.0655118525028]
    },
    "beats_position": [0.301859408617, 0.626938760281],
    "bpm_estimates": [184.5703125],
    "bpm_intervals": [0.325079351664],
    "onset_times": [0.0232199542224]
},
"sfx": {
    "inharmonicity": {
        "mean": 0.0284191574901
    },
    "oddtoevenharmonicenergyratio": {
        "mean": 1.10051393509
    },
    "pitch_after_max_to_before_max_energy_ratio": 2.44719362259,
    "pitch_centroid": 14.2371301651,
    "pitch_max_to_total": 0.102564103901,
    "pitch_min_to_total": 0.538461565971,
    "tristimulus": {
        "mean": [0.501315772533, 0.307795852423, 0.102749615908]
    }
},
"tonal": {
    "chords_changes_rate": 0,
    "chords_number_rate": 0.0500000007451,
    "chords_strength": {
        "mean": 0.485297262669
    },
    "key_strength": 0.739199459553,
    "tuning_diatonic_strength": 0.609032154083,
    "tuning_equal_tempered_deviation": 0.222472026944,
    "tuning_frequency": 441.017791748,
    "tuning_nontempered_energy_ratio": 0.91757941246,
    "hpcp": {
        "mean": [0.0848971605301, 0.0908863097429, 0.152068406343, 0.175803825259, 0.104373417795, 0.0826842486858, 0.0930357128382, 0.13598176837, 0.292277932167, 0.272333204746, 0.109838560224, 0.0787460803986, 0.100312873721, 0.180046632886, 0.223932668567, 0.155645310879, 0.113786756992, 0.112891435623, 0.0946697443724, 0.0714747607708, 0.0556978806853, 0.074399009347, 0.0804928019643, 0.0901047959924, 0.112151801586, 0.0919531732798, 0.0682266429067, 0.0809949859977, 0.123844087124, 0.357397943735, 0.531566441059, 0.433403342962, 0.287319481373, 0.1987015903, 0.175753623247, 0.120797492564]
    },
    "chords_histogram": [100, 0, 0, 0, 0, 0, 0, 0, 0, 0, 0, 0, 0, 0, 0, 0, 0, 0, 0, 0, 0, 0, 0, 0],
    "thpcp": [1, 0.81533241272, 0.540514707565, 0.373803853989, 0.330633401871, 0.22724814713, 0.159711286426, 0.170978263021, 0.286076009274, 0.33072784543, 0.196350648999, 0.155548289418, 0.175021797419, 0.25581330061, 0.549842715263, 0.512322068214, 0.206631854177, 0.148139670491, 0.188711822033, 0.338709563017, 0.421269387007, 0.292804986238, 0.214059337974, 0.212375029922, 0.178095787764, 0.134460628033, 0.10478065908, 0.139961823821, 0.151425659657, 0.169508054852, 0.210983604193, 0.172985285521, 0.128350168467, 0.152370393276, 0.232979506254, 0.672348558903],
    "chords_key": "C",
    "chords_scale": "minor",
    "key_key": "C",
    "key_scale": "minor",
    "chords_progression": ["Cm", "Cm", "Cm", "Cm", "Cm", "Cm", "Cm", "Cm", "Cm", "Cm", "Cm", "Cm", "Cm", "Cm", "Cm", "Cm", "Cm", "Cm", "Cm", "Cm"]
}
}