{
"metadata": {
    "version": {
        "essentia": "2.1-beta2"
    }
},
"lowLevel": {
    "dissonance": {
        "mean": 0.0704075321555
    },
    "hfc": {
        "mean": 10.1248130798
    },
    "spectral_centroid": {
        "mean": 0.0346645079553
    },
    "mfcc": {
        "mean": [-834.15447998, 252.546920776, 7.30281543732, -50.2477760315, -26.6061496735, -19.1593647003, -28.6835136414, -27.0474739075, -5.34918260574, -1.93670594692, -3.08151817322, 0.438399165869, -3.20629477501, -3.14868116379, -15.1240215302, -21.6075267792, -11.9808607101, -20.0657939911, -22.5278148651, -2.36179709435, 3.42881011963, -1.54250919819, 0.230895206332, -0.907883107662, -9.98727607727, -16.3977127075, -12.2614955902, -0.0648495182395, 10.4453678131, 11.6991357803, 2.76562047005, -4.26843118668, -0.920568704605, 2.49351549149, 0.165899321437, -4.35115766525, -6.35718584061, -4.23604011536, -1.13207924366, 0.0478662028909]
    },
    "spectral_contrast": {
        "mean": [-0.380787938833, -0.665675938129, -0.731648683548, -0.808883547783, -0.856100320816, -0.795640051365]
    }
},
"sfx": {
    "inharmonicity": {
        "mean": 0.140649706125
    },
    "logattacktime": {
        "mean": -5
    }
}
}