{
"metadata": {
    "version": {
        "essentia": "2.1-beta2"
    }
},
"lowLevel": {
    "average_loudness": 0.99068403244,
    "barkbands_kurtosis": {
        "mean": 165.923858643
    },
    "barkbands_skewness": {
        "mean": 6.25854206085
    },
    "barkbands_spread": {
        "mean": 15.0215539932
    },
    "dissonance": {
        "mean": 0.34592333436
    },
    "hfc": {
        "mean": 24.1006698608
    },
    "pitch": {
        "mean": 546.254760742
    },
    "pitch_instantaneous_confidence": {
        "mean": 0.705480337143
    },
    "pitch_salience": {
        "mean": 0.241678416729
    },
    "silence_rate_20dB": {
        "mean": 1
    },
    "silence_rate_30dB": {
        "mean": 0.952380955219
    },
    "silence_rate_60dB": {
        "mean": 0.833333313465
    },
    "spectral_centroid": {
        "mean": 1585.16088867
    },
    "spectral_complexity": {
        "mean": 6.02380943298
    },
    "spectral_crest": {
        "mean": 17.6723518372
    },
    "spectral_decrease": {
        "mean": -2.1636021863e-09
    },
    "spectral_energy": {
        "mean": 0.0103519400582
    },
    "spectral_energyband_high": {
        "mean": 0.00232831924222
    },
    "spectral_energyband_low": {
        "mean": 2.51610708801e-05
    },
    "spectral_energyband_middle_high": {
        "mean": 0.00357060064562
    },
    "spectral_energyband_middle_low": {
        "mean": 0.0045786476694
    },
    "spectral_flatness_db": {
        "mean": 0.350474774837
    },
    "spectral_flux": {
        "mean": 0.0258254632354
    },
    "spectral_kurtosis": {
        "mean": 9.91094112396
    },
    "spectral_rms": {
        "mean": 0.00120674504433
    },
    "spectral_rolloff": {
        "mean": 2687.80249023
    },
    "spectral_skewness": {
        "mean": 2.2338116169
    },
    "spectral_spread": {
        "mean": 23468498
    },
    "spectral_strongpeak": {
        "mean": 0.227664470673
    },
    "zerocrossingrate": {
        "mean": 0.115245997906
    },
    "barkbands": {
        "mean": [7.34564196136e-08, 1.15482157526e-06, 7.09456662662e-06, 0.000213654493564, 0.00201306003146, 0.000441293639597, 0.000646767497528, 0.000273521465715, 0.000810974743217, 0.000814913364593, 0.000440934672952, 0.000310219591483, 0.000186431294424, 0.000229931145441, 0.000173040869413, 0.000146429505548, 0.000201534770895, 0.000370348134311, 0.00048192567192, 0.00058588112006, 0.000722580123693, 0.000249452830758, 0.000339803373208, 0.00037979404442, 0.000210900252569, 7.76578526711e-05, 2.25678340939e-05]
    },
    "mfcc": {
        "mean": [-1014.55200195, 25.1910400391, 12.578119278, 12.3849411011, 0.903208971024, -3.5590903759, -5.85668134689, -9.3959941864, -10.4399003983, -10.9398765564, -14.3710069656, -13.7469434738, -16.5527114868]
    },
    "sccoeffs": {
        "mean": [-0.506094157696, -0.794042229652, -0.857777118683, -0.877307415009, -0.8839148283, -0.896200537682]
    },
    "scvalleys": {
        "mean": [-13.935749054, -13.4106416702, -13.5065441132, -13.6455583572, -13.7346601486, -14.1621894836]
    }
},
"rhythm": {
    "beats_loudness": {
        "mean": 2.24290979531e-05
    },
    "bpm": 87.5926895142,
    "first_peak_bpm": {
        "mean": 88
    },
    "first_peak_spread": {
        "mean": 0
    },
    "first_peak_weight": {
        "mean": 1
    },
    "onset_rate": 0.520839452744,
    "second_peak_bpm": {
        "mean": 0
    },
    "second_peak_spread": {
        "mean": 0
    },
    "second_peak_weight": {
        "mean": 0
    },
    "beats_loudness_band_ratio": {
        "mean": [0.903841018677, 0.658925354481, 0.00259233708493, 0.000586638983805, 0.000117983785458, 0.000816203071736]
    },
    "beats_position": [0.673378646374, 1.35836732388],
    "bpm_estimates": [87.5926895142],
    "bpm_intervals": [0.684988677502],
    "onset_times": [0.0232199542224]
},
"sfx": {
    "inharmonicity": {
        "mean": 0.0219167098403
    },
    "oddtoevenharmonicenergyratio": {
        "mean": 66657.4140625
    },
    "pitch_after_max_to_before_max_energy_ratio": 0.178813412786,
    "pitch_centroid": 22.0107250214,
    "pitch_max_to_total": 0.142857149243,
    "pitch_min_to_total": 0.023809524253,
    "tristimulus": {
        "mean": [0.734495103359, 0.189211010933, 0.050066370517]
    }
},
"tonal": {
    "chords_changes_rate": 0.0930232554674,
    "chords_number_rate": 0.0697674453259,
    "chords_strength": {
        "mean": 0.4153893888
    },
    "key_strength": 0.588506042957,
    "tuning_diatonic_strength": 0.484152525663,
    "tuning_equal_tempered_deviation": 0.239687681198,
    "tuning_frequency": 453.940612793,
    "tuning_nontempered_energy_ratio": 0.955068588257,
    "hpcp": {
        "mean": [0.0296740140766, 0.0281335301697, 0.0290695074946, 0.0224763248116, 0.0234578382224, 0.0260127279907, 0.0221752934158, 0.025363015011, 0.023974571377, 0.0164866968989, 0.0161788985133, 0.0186246447265, 0.0261837523431, 0.0280930027366, 0.0231124404818, 0.0296554267406, 0.0296330284327, 0.0175640340894, 0.0136365769431, 0.0148913096637, 0.01232948713, 0.00970313604921, 0.0270615927875, 0.0526648834348, 0.0504872836173, 0.0543897636235, 0.0762301012874, 0.460241049528, 0.759887337685, 0.421958655119, 0.146278619766, 0.0768423080444, 0.0266854017973, 0.0470388047397, 0.0489465296268, 0.0348629839718]
    },
    "chords_histogram": [25.5813961029, 0, 65.1162796021, 0, 0, 0, 0, 0, 0, 9.30232524872, 0, 0, 0, 0, 0, 0, 0, 0, 0, 0, 0, 0, 0, 0],
    "thpcp": [1, 0.555291056633, 0.192500397563, 0.101123288274, 0.0351175777614, 0.0619023405015, 0.0644128769636, 0.0458791479468, 0.0390505455434, 0.0370232909918, 0.0382550247014, 0.0295784957707, 0.0308701526374, 0.0342323482037, 0.0291823428124, 0.0333773344755, 0.0315501652658, 0.0216962378472, 0.0212911814451, 0.0245097447187, 0.0344574153423, 0.0369699560106, 0.0304156150669, 0.0390260852873, 0.0389966070652, 0.0231139976531, 0.0179455243051, 0.0195967331529, 0.0162254143506, 0.012769177556, 0.0356126390398, 0.0693061724305, 0.0664404854178, 0.0715760886669, 0.100317634642, 0.60567009449],
    "chords_key": "F#",
    "chords_scale": "minor",
    "key_key": "B",
    "key_scale": "minor",
    "chords_progression": ["F#m", "F#m", "F#m", "F#m", "F#m", "F#m", "F#m", "F#m", "F#m", "F#m", "F#m", "F#m", "F#m", "F#m", "F#m", "F#m", "F#m", "F#m", "F#m", "F#m", "F#m", "F#m", "F#m", "F#", "F#", "F#m", "F#m", "F#m", "F#m", "F#m", "F#", "F#", "Bm", "Bm", "Bm", "Bm", "Bm", "Bm", "Bm", "Bm", "Bm", "Bm", "Bm"]
}
}