{
"metadata": {
    "version": {
        "essentia": "2.1-beta2"
    }
},
"lowLevel": {
    "dissonance": {
        "mean": 0.440511792898
    },
    "hfc": {
        "mean": 0.641278922558
    },
    "spectral_centroid": {
        "mean": 0.143371075392
    },
    "mfcc": {
        "mean": [-929.620727539, -17.1669960022, -106.710494995, 58.4630012512, 29.9216003418, 22.199174881, -11.7713375092, -16.8895359039, 11.1462678909, 33.8638572693, 25.2787399292, -3.04510235786, -12.9412975311, 14.851313591, 11.6962480545, 0.815002799034, 1.37968075275, -2.91548275948, 10.7297992706, 21.7906990051, 9.22277164459, -3.38138079643, -5.0961933136, 0.323484808207, -2.35606813431, -6.46573162079, 1.15784549713, -1.19150364399, -0.196342080832, 0.403339296579, 3.87789416313, -2.9374165535, -8.3610868454, 0.699894964695, 0.0116494651884, -2.41199374199, -1.42476081848, 0.387606292963, 3.12610173225, -1.05107367039]
    },
    "spectral_contrast": {
        "mean": [-0.781119465828, -0.835220694542, -0.712463200092, -0.76190328598, -0.740753054619, -0.840844035149]
    }
},
"sfx": {
    "inharmonicity": {
        "mean": 0.245469659567
    },
    "logattacktime": {
        "mean": -4.69062280655
    }
}
}