{
"metadata": {
    "version": {
        "essentia": "2.1-beta2"
    }
},
"lowLevel": {
    "dissonance": {
        "mean": 0.0909548178315
    },
    "hfc": {
        "mean": 150.052307129
    },
    "spectral_centroid": {
        "mean": 0.0699356794357
    },
    "mfcc": {
        "mean": [-848.988098145, 68.7709655762, -167.215942383, -58.8100471497, -18.43217659, -2.65484714508, 11.1007728577, 51.7858390808, 56.0984802246, 17.5967655182, -30.2455005646, -61.1478538513, -31.1920623779, 36.1785202026, 74.9912033081, 39.5140304565, -41.1614456177, -20.8784809113, 41.3104057312, 5.59504270554, -29.6832561493, 14.3939590454, 48.2825088501, -4.7065577507, -32.6197128296, 6.87668991089, 11.5210142136, -12.5805578232, 2.68091011047, 7.51099252701, -7.85700511932, 9.74625682831, 4.9281001091, -5.65033578873, -1.71170473099, -15.145655632, -3.38964104652, 10.4429779053, -3.04882216454, 10.6048326492]
    },
    "spectral_contrast": {
        "mean": [-0.81115925312, -0.21215519309, -0.326198607683, -0.489379584789, -0.816908299923, -0.794284462929]
    }
},
"sfx": {
    "inharmonicity": {
        "mean": 0.273721575737
    },
    "logattacktime": {
        "mean": -4.96678495407
    }
}
}