{
"metadata": {
    "version": {
        "essentia": "2.1-beta2"
    }
},
"lowLevel": {
    "average_loudness": 0.99068403244,
    "barkbands_kurtosis": {
        "mean": 5.67894554138
    },
    "barkbands_skewness": {
        "mean": -0.281230330467
    },
    "barkbands_spread": {
        "mean": 7.85990858078
    },
    "dissonance": {
        "mean": 0.426844328642
    },
    "hfc": {
        "mean": 0.652114570141
    },
    "pitch": {
        "mean": 550.955322266
    },
    "pitch_instantaneous_confidence": {
        "mean": 0.69962221384
    },
    "pitch_salience": {
        "mean": 0.508816659451
    },
    "silence_rate_20dB": {
        "mean": 1
    },
    "silence_rate_30dB": {
        "mean": 1
    },
    "silence_rate_60dB": {
        "mean": 1
    },
    "spectral_centroid": {
        "mean": 2353.99462891
    },
    "spectral_complexity": {
        "mean": 1.20000004768
    },
    "spectral_crest": {
        "mean": 15.8901882172
    },
    "spectral_decrease": {
        "mean": -5.75079636689e-11
    },
    "spectral_energy": {
        "mean": 0.000276196515188
    },
    "spectral_energyband_high": {
        "mean": 2.90140233119e-05
    },
    "spectral_energyband_low": {
        "mean": 4.41416744934e-07
    },
    "spectral_energyband_middle_high": {
        "mean": 0.00024339283118
    },
    "spectral_energyband_middle_low": {
        "mean": 3.0052854072e-06
    },
    "spectral_flatness_db": {
        "mean": 0.235482126474
    },
    "spectral_flux": {
        "mean": 0.00586237432435
    },
    "spectral_kurtosis": {
        "mean": 11.4056482315
    },
    "spectral_rms": {
        "mean": 0.000444663717644
    },
    "spectral_rolloff": {
        "mean": 3335.06225586
    },
    "spectral_skewness": {
        "mean": 2.51752495766
    },
    "spectral_spread": {
        "mean": 7053311.5
    },
    "spectral_strongpeak": {
        "mean": 0.538910925388
    },
    "zerocrossingrate": {
        "mean": 0.107207030058
    },
    "barkbands": {
        "mean": [7.00694215539e-07, 1.92487775053e-07, 3.45468986751e-09, 4.08163280952e-09, 1.31581625595e-08, 6.56619913997e-09, 1.00527133284e-08, 2.24322775466e-06, 6.33915306025e-07, 4.56939318383e-07, 5.6507356021e-06, 1.36651726734e-06, 3.34830133397e-06, 0.00014530592307, 1.52387542585e-06, 2.33784685406e-05, 9.89221462078e-06, 3.4689950553e-05, 1.6927579054e-05, 1.98892689696e-06, 6.24721906206e-06, 1.69995764736e-05, 2.49086315307e-06, 1.95982124751e-06, 1.16517959725e-07, 4.42053895711e-08, 2.02231054125e-09]
    },
    "mfcc": {
        "mean": [-950.726379395, 7.17451715469, -91.4345245361, -12.1744203568, 4.69468069077, 22.2645111084, 2.40946269035, 15.7636108398, 9.68081283569, 9.99126815796, 29.3953800201, 3.35785675049, -5.74144554138]
    },
    "sccoeffs": {
        "mean": [-0.773332595825, -0.708922445774, -0.705976188183, -0.628425896168, -0.742194831371, -0.724562227726]
    },
    "scvalleys": {
        "mean": [-11.235159874, -11.7290658951, -11.3103084564, -10.6716146469, -10.86302948, -12.9033060074]
    }
},
"rhythm": {
    "bpm": 0,
    "first_peak_bpm": {
        "mean": 0
    },
    "first_peak_spread": {
        "mean": 0
    },
    "first_peak_weight": {
        "mean": 0
    },
    "onset_rate": 1.82291662693,
    "second_peak_bpm": {
        "mean": 0
    },
    "second_peak_spread": {
        "mean": 0
    },
    "second_peak_weight": {
        "mean": 0
    },
    "beats_position": [],
    "bpm_estimates": [],
    "bpm_intervals": [],
    "onset_times": [0.0348299331963]
},
"sfx": {
    "inharmonicity": {
        "mean": 0.0931535065174
    },
    "oddtoevenharmonicenergyratio": {
        "mean": 1825.28625488
    },
    "pitch_after_max_to_before_max_energy_ratio": 3.89035058022,
    "pitch_centroid": 9.53616428375,
    "pitch_max_to_total": 0.0399999991059,
    "pitch_min_to_total": 0,
    "tristimulus": {
        "mean": [0.129851311445, 0.495294481516, 0.11706135422]
    }
},
"tonal": {
    "chords_changes_rate": 0,
    "chords_number_rate": 0.0769230797887,
    "chords_strength": {
        "mean": 0.346212416887
    },
    "key_strength": 0.581585586071,
    "tuning_diatonic_strength": 0.397273153067,
    "tuning_equal_tempered_deviation": 0.172512724996,
    "tuning_frequency": 440.508575439,
    "tuning_nontempered_energy_ratio": 0.751277506351,
    "hpcp": {
        "mean": [0.0392115116119, 0.0392902120948, 0.0184524040669, 0.00527300452814, 0.0255677215755, 0.0636558830738, 0.0444707199931, 0.00693888915703, 0.00389101263136, 0.014544589445, 0.0763931125402, 0.146951243281, 0.0941812098026, 0.0386693105102, 0.0457212664187, 0.0442171543837, 0.04959525913, 0.0460204929113, 0.0278979260474, 0.0383985862136, 0.063086822629, 0.0321978069842, 0.00809701252729, 0.0254473909736, 0.0256503112614, 0.0126332696527, 0.00836128555238, 0.0283212661743, 0.126943260431, 0.582492768764, 0.988855600357, 0.602528691292, 0.126345619559, 0.0599700063467, 0.042449157685, 0.0276207495481]
    },
    "chords_histogram": [0, 0, 0, 0, 0, 0, 0, 100, 0, 0, 0, 0, 0, 0, 0, 0, 0, 0, 0, 0, 0, 0, 0, 0],
    "thpcp": [1, 0.609319210052, 0.127769529819, 0.0606458671391, 0.0429275594652, 0.0279320348054, 0.0396534241736, 0.0397330112755, 0.0186603628099, 0.0053324312903, 0.0258558690548, 0.0643732845783, 0.0449719056487, 0.00701709045097, 0.00393486442044, 0.0147085068747, 0.0772540643811, 0.148607388139, 0.0952426344156, 0.0391051135957, 0.0462365448475, 0.0447154827416, 0.0501541979611, 0.0465391427279, 0.0282123349607, 0.0388313382864, 0.0637978091836, 0.0325606763363, 0.00818826537579, 0.0257341824472, 0.0259393900633, 0.0127756465226, 0.00845551677048, 0.0286404471844, 0.128373906016, 0.589057445526],
    "chords_key": "C",
    "chords_scale": "major",
    "key_key": "C",
    "key_scale": "minor",
    "chords_progression": ["C", "C", "C", "C", "C", "C", "C", "C", "C", "C", "C", "C", "C"]
}
}