{"lowlevel.dissonance.mean": [0.6949889659881592], "sfx.inharmonicity.mean": [0.7152760028839111], "lowlevel.spectral_contrast.mean": [[0.42855751514434814, 0.32526254653930664, 0.4535101652145386, 1.130954623222351, 0.48604774475097656, 0.5112535953521729]], "lowlevel.spectral_centroid.mean": [0.5174157619476318], "lowlevel.mfcc.mean": [[0.27324461936950684, 0.16555659472942352, 0.19259688258171082, 0.17799600958824158, 0.6545759439468384, 0.8422304391860962, 0.6745779514312744, 0.08993726968765259, 0.765349268913269, 0.9931209683418274, 1.0385079383850098, 0.251773476600647, 0.837969183921814]], "sfx.logattacktime.mean": [0.5987653732299805], "lowlevel.hfc.mean": [0.46702346205711365]}