{
"metadata": {
    "version": {
        "essentia": "2.1-beta2"
    }
},
"lowLevel": {
    "average_loudness": 0.970724225044,
    "barkbands_kurtosis": {
        "mean": 14.6016969681
    },
    "barkbands_skewness": {
        "mean": 2.21552944183
    },
    "barkbands_spread": {
        "mean": 7.63403463364
    },
    "dissonance": {
        "mean": 0.270596206188
    },
    "hfc": {
        "mean": 8.86222267151
    },
    "pitch": {
        "mean": 200.76083374
    },
    "pitch_instantaneous_confidence": {
        "mean": 0.593403041363
    },
    "pitch_salience": {
        "mean": 0.561605632305
    },
    "silence_rate_20dB": {
        "mean": 1
    },
    "silence_rate_30dB": {
        "mean": 1
    },
    "silence_rate_60dB": {
        "mean": 0.434782594442
    },
    "spectral_centroid": {
        "mean": 601.545471191
    },
    "spectral_complexity": {
        "mean": 4
    },
    "spectral_crest": {
        "mean": 11.9526071548
    },
    "spectral_decrease": {
        "mean": -4.88568607793e-09
    },
    "spectral_energy": {
        "mean": 0.0192435085773
    },
    "spectral_energyband_high": {
        "mean": 6.18639575123e-08
    },
    "spectral_energyband_low": {
        "mean": 6.92220855854e-05
    },
    "spectral_energyband_middle_high": {
        "mean": 0.000249446602538
    },
    "spectral_energyband_middle_low": {
        "mean": 0.0189418569207
    },
    "spectral_flatness_db": {
        "mean": 0.341072261333
    },
    "spectral_flux": {
        "mean": 0.0060952748172
    },
    "spectral_kurtosis": {
        "mean": 84.844078064
    },
    "spectral_rms": {
        "mean": 0.00321975792758
    },
    "spectral_rolloff": {
        "mean": 715.088928223
    },
    "spectral_skewness": {
        "mean": 6.79234790802
    },
    "spectral_spread": {
        "mean": 14829242
    },
    "spectral_strongpeak": {
        "mean": 1.17202317715
    },
    "zerocrossingrate": {
        "mean": 0.0425399132073
    },
    "barkbands": {
        "mean": [3.25664473166e-07, 4.13923629594e-07, 5.17920816492e-05, 1.71560768649e-05, 0.000592717842665, 0.0058666379191, 0.00419935164973, 0.00819725543261, 6.81879100739e-05, 1.52630855155e-06, 2.56738730968e-05, 0.000169064413058, 2.86697850242e-05, 1.40134052344e-05, 8.39074346004e-06, 2.19253161049e-06, 1.57603423645e-08, 6.82207854652e-08, 2.60519836814e-08, 1.56800936679e-08, 1.02241060063e-08, 1.05347170987e-08, 9.77645520095e-09, 6.20403506346e-09, 6.19391782308e-09, 6.37154995431e-09, 4.02142630307e-09]
    },
    "mfcc": {
        "mean": [-969.694763184, 160.157653809, 27.5817756653, -20.3741016388, -2.08729052544, -0.835364162922, -24.1920566559, -34.4279747009, -21.3093242645, -2.51840472221, 7.3278169632, 10.3881921768, 11.6467561722]
    },
    "sccoeffs": {
        "mean": [-0.607967913151, -0.525968074799, -0.710969686508, -0.736713945866, -0.871790230274, -0.898800134659]
    },
    "scvalleys": {
        "mean": [-9.22273159027, -9.23977279663, -10.4170837402, -10.8193616867, -12.2579555511, -12.8813209534]
    }
},
"rhythm": {
    "beats_loudness": {
        "mean": 0.029035108164
    },
    "bpm": 116.583808899,
    "first_peak_bpm": {
        "mean": 117
    },
    "first_peak_spread": {
        "mean": 0.333333313465
    },
    "first_peak_weight": {
        "mean": 0.666666686535
    },
    "onset_rate": 1.51608908176,
    "second_peak_bpm": {
        "mean": 0
    },
    "second_peak_spread": {
        "mean": 0
    },
    "second_peak_weight": {
        "mean": 0
    },
    "beats_loudness_band_ratio": {
        "mean": [0.0110464673489, 0.56881082058, 0.739615678787, 0.0128894355148, 0.00350376917049, 0.0044513004832]
    },
    "beats_position": [0.49922901392, 1.01006805897, 1.53251695633, 2.04335594177],
    "bpm_estimates": [117.453826904, 114.843765259, 117.453842163],
    "bpm_intervals": [0.510839045048, 0.522448897362, 0.510838985443],
    "onset_times": [0.0580498874187, 0.371519267559, 2.0549659729, 2.54258513451]
},
"sfx": {
    "inharmonicity": {
        "mean": 0.0188586227596
    },
    "oddtoevenharmonicenergyratio": {
        "mean": 2.08283090591
    },
    "pitch_after_max_to_before_max_energy_ratio": 2.09259080887,
    "pitch_centroid": 49.6994056702,
    "pitch_max_to_total": 0.0434782616794,
    "pitch_min_to_total": 0.130434781313,
    "tristimulus": {
        "mean": [0.318676203489, 0.638444185257, 0.0233856830746]
    }
},
"tonal": {
    "chords_changes_rate": 0.0172413792461,
    "chords_number_rate": 0.0344827584922,
    "chords_strength": {
        "mean": 0.546402871609
    },
    "key_strength": 0.782794177532,
    "tuning_diatonic_strength": 0.59496486187,
    "tuning_equal_tempered_deviation": 0.130747810006,
    "tuning_frequency": 443.572570801,
    "tuning_nontempered_energy_ratio": 0.658802390099,
    "hpcp": {
        "mean": [0.00790917687118, 0.00969338044524, 0.00657064141706, 0.0133628277108, 0.024535048753, 0.0243818182498, 0.0234306100756, 0.0510326065123, 0.377466857433, 0.612169265747, 0.290099591017, 0.0253460966051, 0.014276877977, 0.0135738486424, 0.0181058254093, 0.02325566113, 0.0164944063872, 0.0166066065431, 0.0229038204998, 0.0164234880358, 0.019794518128, 0.024846740067, 0.213029265404, 0.342737883329, 0.144424393773, 0.00573344063014, 0.00301263900474, 0.00173301121686, 0.00364391831681, 0.29213064909, 0.626426517963, 0.35382682085, 0.0198950096965, 0.00482897367328, 0.00371733284555, 0.00405343296006]
    },
    "chords_histogram": [50, 0, 0, 0, 0, 0, 0, 0, 0, 0, 0, 0, 0, 0, 0, 0, 0, 50, 0, 0, 0, 0, 0, 0],
    "thpcp": [1, 0.564833700657, 0.0317595265806, 0.00770876323804, 0.00593418814242, 0.00647072354332, 0.0126258656383, 0.0154740903527, 0.0104890856892, 0.0213318355381, 0.0391666814685, 0.0389220714569, 0.0374036058784, 0.0814662277699, 0.602571666241, 0.97724032402, 0.463102340698, 0.0404614061117, 0.0227909851819, 0.0216687005013, 0.028903350234, 0.03712432459, 0.0263309516013, 0.0265100635588, 0.0365626625717, 0.0262177400291, 0.0315991081297, 0.0396642535925, 0.34007063508, 0.547131836414, 0.23055280745, 0.00915261451155, 0.00480924546719, 0.00276650348678, 0.00581699237227, 0.46634465456],
    "chords_key": "C",
    "chords_scale": "major",
    "key_key": "C",
    "key_scale": "major",
    "chords_progression": ["Cm", "Cm", "Cm", "Cm", "Cm", "Cm", "Cm", "Cm", "Cm", "Cm", "Cm", "Cm", "Cm", "Cm", "Cm", "Cm", "Cm", "Cm", "Cm", "Cm", "Cm", "Cm", "Cm", "Cm", "Cm", "Cm", "Cm", "Cm", "Cm", "C", "C", "C", "C", "C", "C", "C", "C", "C", "C", "C", "C", "C", "C", "C", "C", "C", "C", "C", "C", "C", "C", "C", "C", "C", "C", "C", "C", "C"]
}
}