{
"metadata": {
    "version": {
        "essentia": "2.1-beta2"
    }
},
"lowLevel": {
    "average_loudness": 0.862222075462,
    "barkbands_kurtosis": {
        "mean": 12.2162647247
    },
    "barkbands_skewness": {
        "mean": 0.563714623451
    },
    "barkbands_spread": {
        "mean": 10.3102302551
    },
    "dissonance": {
        "mean": 0.331287741661
    },
    "hfc": {
        "mean": 1.11351001263
    },
    "pitch": {
        "mean": 217.43862915
    },
    "pitch_instantaneous_confidence": {
        "mean": 0.888457477093
    },
    "pitch_salience": {
        "mean": 0.577287375927
    },
    "silence_rate_20dB": {
        "mean": 1
    },
    "silence_rate_30dB": {
        "mean": 1
    },
    "silence_rate_60dB": {
        "mean": 1
    },
    "spectral_centroid": {
        "mean": 766.097595215
    },
    "spectral_complexity": {
        "mean": 3.59239125252
    },
    "spectral_crest": {
        "mean": 11.8794736862
    },
    "spectral_decrease": {
        "mean": -2.5403762427e-10
    },
    "spectral_energy": {
        "mean": 0.0010597925866
    },
    "spectral_energyband_high": {
        "mean": 1.17652484732e-06
    },
    "spectral_energyband_low": {
        "mean": 2.01971033675e-06
    },
    "spectral_energyband_middle_high": {
        "mean": 0.000509228964802
    },
    "spectral_energyband_middle_low": {
        "mean": 0.000546428083908
    },
    "spectral_flatness_db": {
        "mean": 0.318189173937
    },
    "spectral_flux": {
        "mean": 0.00186525611207
    },
    "spectral_kurtosis": {
        "mean": 22.5390071869
    },
    "spectral_rms": {
        "mean": 0.000802689115517
    },
    "spectral_rolloff": {
        "mean": 1233.59460449
    },
    "spectral_skewness": {
        "mean": 4.02886915207
    },
    "spectral_spread": {
        "mean": 6924593.5
    },
    "spectral_strongpeak": {
        "mean": 0.781864404678
    },
    "zerocrossingrate": {
        "mean": 0.0517631210387
    },
    "barkbands": {
        "mean": [2.35625770983e-06, 5.32071624093e-07, 9.34718471512e-08, 2.04947497195e-07, 0.000172720348928, 1.74706286771e-07, 0.000113268011773, 3.81319864573e-08, 0.000260017201072, 9.18153637031e-06, 6.40283701614e-08, 4.68137659482e-05, 1.15812053991e-06, 0.000300258252537, 7.36430447432e-05, 6.02825784881e-05, 1.08926678877e-05, 1.57828901592e-06, 2.83364920506e-06, 2.86033241537e-06, 3.8872056507e-07, 1.97964766357e-07, 7.99172426014e-08, 1.15160695202e-07, 3.56182034977e-08, 6.24559515217e-09, 6.49405418329e-10]
    },
    "mfcc": {
        "mean": [-934.856384277, 121.136039734, -22.3936233521, -0.236165151, 2.55997157097, -12.320939064, -18.4265384674, -17.4716911316, -3.30228018761, 5.83189582825, -5.748462677, -6.68202495575, -3.72307991982]
    },
    "sccoeffs": {
        "mean": [-0.603186428547, -0.552803397179, -0.584912896156, -0.640962660313, -0.765172064304, -0.855104506016]
    },
    "scvalleys": {
        "mean": [-9.40814876556, -10.6710338593, -11.3723659515, -11.6468877792, -12.1086826324, -12.9987344742]
    }
},
"rhythm": {
    "beats_loudness": {
        "mean": 0.00139513635077
    },
    "bpm": 113.345787048,
    "first_peak_bpm": {
        "mean": 112
    },
    "first_peak_spread": {
        "mean": 0.400000035763
    },
    "first_peak_weight": {
        "mean": 0.5
    },
    "onset_rate": 1.64784121513,
    "second_peak_bpm": {
        "mean": 117
    },
    "second_peak_spread": {
        "mean": 0
    },
    "second_peak_weight": {
        "mean": 0.166666671634
    },
    "beats_loudness_band_ratio": {
        "mean": [0.149421840906, 0.182576283813, 0.363051742315, 0.238027766347, 0.0940288305283, 0.00366718578152]
    },
    "beats_position": [0.487619042397, 0.99845802784, 1.52090704441, 2.04335594177, 2.57741498947, 3.11147379875, 3.64553284645],
    "bpm_estimates": [114.843742371, 114.843765259, 112.347129822, 112.347175598, 112.347129822],
    "bpm_intervals": [0.510838985443, 0.522449016571, 0.522448897362, 0.534059047699, 0.53405880928, 0.534059047699],
    "onset_times": [0.0464399084449, 3.28562355042, 3.56426310539, 3.68036270142, 3.86612248421, 4.04027223587, 4.23764181137]
},
"sfx": {
    "inharmonicity": {
        "mean": 0.0087025295943
    },
    "oddtoevenharmonicenergyratio": {
        "mean": 1.73821902275
    },
    "pitch_after_max_to_before_max_energy_ratio": 44.9914016724,
    "pitch_centroid": 92.9557876587,
    "pitch_max_to_total": 0.0326086953282,
    "pitch_min_to_total": 0.0217391308397,
    "tristimulus": {
        "mean": [0.466634720564, 0.512818336487, 0.0200430527329]
    }
},
"tonal": {
    "chords_changes_rate": 0.010752688162,
    "chords_number_rate": 0.0215053763241,
    "chords_strength": {
        "mean": 0.442214131355
    },
    "key_strength": 0.575567603111,
    "tuning_diatonic_strength": 0.446885854006,
    "tuning_equal_tempered_deviation": 0.0756968259811,
    "tuning_frequency": 441.782684326,
    "tuning_nontempered_energy_ratio": 0.645416021347,
    "hpcp": {
        "mean": [0.920775651932, 0.43649315834, 0.010291332379, 0.00687789870426, 0.008710058406, 0.0849025920033, 0.174654170871, 0.095137372613, 0.00208031432703, 0.002616395941, 0.022862970829, 0.123375676572, 0.124932363629, 0.023153571412, 0.000593118660618, 0.00438335072249, 0.0167327765375, 0.0149681400508, 0.00288175418973, 0.00151885452215, 0.240556970239, 0.47226369381, 0.257857441902, 0.0584532469511, 0.0368803702295, 0.00665713008493, 0.00529947364703, 0.00556442700326, 0.281259566545, 0.553156256676, 0.27732872963, 0.00371508882381, 0.00577992992476, 0.00519915856421, 0.009326569736, 0.500367462635]
    },
    "chords_histogram": [0, 0, 29.0322589874, 0, 0, 0, 0, 0, 0, 0, 0, 0, 0, 0, 0, 0, 0, 0, 0, 70.9677429199, 0, 0, 0, 0],
    "thpcp": [1, 0.474049419165, 0.0111768078059, 0.00746967922896, 0.00945947971195, 0.092207685113, 0.189681574702, 0.103323079646, 0.0022593063768, 0.00284151290543, 0.024830121547, 0.133991032839, 0.135681658983, 0.0251457244158, 0.000644151121378, 0.00476049818099, 0.018172480166, 0.0162560120225, 0.00312970275991, 0.00164953805506, 0.261254698038, 0.512897670269, 0.280043721199, 0.0634826123714, 0.0400535911322, 0.0072299153544, 0.00575544498861, 0.00604319525883, 0.30545938015, 0.60075032711, 0.301190346479, 0.00403473852202, 0.00627724034712, 0.00564649887383, 0.0101290363818, 0.543419539928],
    "chords_key": "A",
    "chords_scale": "minor",
    "key_key": "D",
    "key_scale": "major",
    "chords_progression": ["A", "A", "A", "A", "A", "A", "A", "A", "A", "A", "A", "A", "A", "A", "A", "A", "A", "A", "A", "A", "A", "A", "A", "A", "A", "A", "A", "Am", "Am", "Am", "Am", "Am", "Am", "Am", "Am", "Am", "Am", "Am", "Am", "Am", "Am", "Am", "Am", "Am", "Am", "Am", "Am", "Am", "Am", "Am", "Am", "Am", "Am", "Am", "Am", "Am", "Am", "Am", "Am", "Am", "Am", "Am", "Am", "Am", "Am", "Am", "Am", "Am", "Am", "Am", "Am", "Am", "Am", "Am", "Am", "Am", "Am", "Am", "Am", "Am", "Am", "Am", "Am", "Am", "Am", "Am", "Am", "Am", "Am", "Am", "Am", "Am", "Am"]
}
}