{
"metadata": {
    "version": {
        "essentia": "2.1-beta2"
    }
},
"lowLevel": {
    "dissonance": {
        "mean": 0.131125167012
    },
    "hfc": {
        "mean": 15.860458374
    },
    "spectral_centroid": {
        "mean": 0.026166094467
    },
    "mfcc": {
        "mean": [-864.569946289, 272.09161377, 63.3693733215, -39.5436325073, -33.3211708069, -22.2054176331, -32.1594161987, -28.4707069397, -9.97392177582, 2.0777721405, 8.2586555481, 15.812582016, 16.199005127, -0.360598266125, -20.7944869995, -21.8944282532, -8.54621982574, -2.8507938385, -4.70531606674, -2.2861700058, 1.44243383408, -1.54831326008, -7.38646602631, -7.49119281769, -1.91823470592, 3.36827278137, 3.93037629128, 1.94588446617, 3.0419447422, 2.74120688438, -4.11933374405, -7.22462892532, -0.633926212788, 4.26575469971, 0.658112883568, -4.0370016098, -4.48864173889, -3.68983983994, -2.50836348534, -0.505545556545]
    },
    "spectral_contrast": {
        "mean": [-0.511300981045, -0.575451135635, -0.795751452446, -0.854738771915, -0.892648816109, -0.841442763805]
    }
},
"sfx": {
    "inharmonicity": {
        "mean": 0.280257254839
    },
    "logattacktime": {
        "mean": -5
    }
}
}