{
"metadata": {
    "version": {
        "essentia": "2.1-beta2"
    }
},
"lowLevel": {
    "dissonance": {
        "mean": 0.050354257226
    },
    "hfc": {
        "mean": 11.8321485519
    },
    "spectral_centroid": {
        "mean": 0.0305409338325
    },
    "mfcc": {
        "mean": [-855.507568359, 258.548370361, 33.9299507141, -52.5326766968, -44.5279083252, -32.1077384949, -42.4129562378, -36.661026001, 0.490120530128, 10.8970413208, 0.0868281275034, -1.29886674881, -7.90943145752, -9.69379043579, -8.36980056763, -12.5245094299, -6.68982505798, -7.27679347992, -15.4070415497, -7.2393155098, -2.13626909256, -9.56447601318, -8.22843456268, -1.9123698473, -4.10910129547, -9.86220836639, -7.9261431694, -0.718822181225, -1.14469635487, -8.61129188538, -12.429145813, -7.68086338043, 2.31366825104, 8.4250202179, 6.87483787537, 0.625054776669, -2.80109643936, 3.65530014038, 9.17773628235, 4.79873609543]
    },
    "spectral_contrast": {
        "mean": [-0.421046584845, -0.471772789955, -0.774115264416, -0.857288122177, -0.867277264595, -0.814114332199]
    }
},
"sfx": {
    "inharmonicity": {
        "mean": 0.0560424253345
    },
    "logattacktime": {
        "mean": -5
    }
}
}