{
"metadata": {
    "version": {
        "essentia": "2.1-beta2"
    }
},
"lowLevel": {
    "average_loudness": 0.898852229118,
    "barkbands_kurtosis": {
        "mean": 124.247772217
    },
    "barkbands_skewness": {
        "mean": 6.27672386169
    },
    "barkbands_spread": {
        "mean": 5.87366056442
    },
    "dissonance": {
        "mean": 0.406290024519
    },
    "hfc": {
        "mean": 19.0246372223
    },
    "pitch": {
        "mean": 1177.11193848
    },
    "pitch_instantaneous_confidence": {
        "mean": 0.831022977829
    },
    "pitch_salience": {
        "mean": 0.124305732548
    },
    "silence_rate_20dB": {
        "mean": 1
    },
    "silence_rate_30dB": {
        "mean": 1
    },
    "silence_rate_60dB": {
        "mean": 0.333333343267
    },
    "spectral_centroid": {
        "mean": 1145.80090332
    },
    "spectral_complexity": {
        "mean": 1.18721461296
    },
    "spectral_crest": {
        "mean": 20.8397502899
    },
    "spectral_decrease": {
        "mean": -3.54845952621e-09
    },
    "spectral_energy": {
        "mean": 0.0151182562113
    },
    "spectral_energyband_high": {
        "mean": 6.51631853543e-06
    },
    "spectral_energyband_low": {
        "mean": 1.07734501853e-06
    },
    "spectral_energyband_middle_high": {
        "mean": 0.0151098668575
    },
    "spectral_energyband_middle_low": {
        "mean": 6.53161151831e-08
    },
    "spectral_flatness_db": {
        "mean": 0.499314546585
    },
    "spectral_flux": {
        "mean": 0.00521418265998
    },
    "spectral_kurtosis": {
        "mean": 10.189084053
    },
    "spectral_rms": {
        "mean": 0.00313462154008
    },
    "spectral_rolloff": {
        "mean": 1324.5357666
    },
    "spectral_skewness": {
        "mean": 3.04618525505
    },
    "spectral_spread": {
        "mean": 10793140
    },
    "spectral_strongpeak": {
        "mean": 4.0339589119
    },
    "zerocrossingrate": {
        "mean": 0.061026237905
    },
    "barkbands": {
        "mean": [1.59193211857e-06, 2.55207197597e-07, 3.06563019414e-09, 1.05618946922e-09, 3.00787550422e-09, 1.90119049392e-08, 1.56589265998e-08, 4.77265205134e-09, 8.183730138e-09, 2.60437786892e-08, 3.653635261e-08, 0.0123783005401, 0.0026838502381, 5.91373456871e-08, 2.69517617113e-08, 2.82102128324e-08, 6.5414042183e-06, 4.3693393792e-08, 6.35935251125e-08, 4.09323074564e-05, 8.48973741086e-07, 2.89503009299e-06, 9.80781962312e-08, 3.83252825031e-07, 1.66494771747e-06, 5.89242972637e-07, 1.27881962797e-08]
    },
    "mfcc": {
        "mean": [-1031.84545898, 7.84058570862, -37.3097877502, -22.116235733, -2.85524153709, 41.0407981873, 54.7133636475, 10.6424722672, -36.3508453369, -24.7118167877, 26.0879077911, 40.5992126465, 40.7326622009]
    },
    "sccoeffs": {
        "mean": [-0.6733314991, -0.870509445667, -0.874538660049, -0.452844917774, -0.752579092979, -0.82525742054]
    },
    "scvalleys": {
        "mean": [-11.5506887436, -11.4356565475, -11.3330278397, -11.2694149017, -11.674041748, -12.2513570786]
    }
},
"rhythm": {
    "beats_loudness": {
        "mean": 0.0189288873225
    },
    "bpm": 143.5546875,
    "first_peak_bpm": {
        "mean": 144
    },
    "first_peak_spread": {
        "mean": 0
    },
    "first_peak_weight": {
        "mean": 0.800000011921
    },
    "onset_rate": 2.18254947662,
    "second_peak_bpm": {
        "mean": 129
    },
    "second_peak_spread": {
        "mean": 0
    },
    "second_peak_weight": {
        "mean": 0.10000000149
    },
    "beats_loudness_band_ratio": {
        "mean": [0.114432573318, 0.00176353799179, 0.000770039914642, 0.867603719234, 0.00340558122844, 0.0122779170051]
    },
    "beats_position": [0.441179126501, 0.905578196049, 1.30031740665, 1.71827661991, 2.13623571396, 2.55419492722, 2.97215414047, 3.39011335373, 3.80807256699, 4.22603178024, 4.6439909935],
    "bpm_estimates": [143.554672241, 143.554718018, 143.554672241, 143.554672241, 143.554672241, 143.554672241, 143.554672241, 143.554672241],
    "bpm_intervals": [0.464399069548, 0.394739210606, 0.417959213257, 0.417959094048, 0.417959213257, 0.417959213257, 0.417959213257, 0.417959213257, 0.417959213257, 0.417959213257],
    "onset_times": [0.0464399084449, 0.301859408617, 0.429569154978, 0.650158703327, 0.743038535118, 0.870748281479, 1.10294783115, 2.5890250206, 2.94893431664, 4.62077093124, 4.82975053787]
},
"sfx": {
    "inharmonicity": {
        "mean": 0.0365802422166
    },
    "oddtoevenharmonicenergyratio": {
        "mean": 30469.4960938
    },
    "pitch_after_max_to_before_max_energy_ratio": 2.18037557602,
    "pitch_centroid": 106.162528992,
    "pitch_max_to_total": 0.155251145363,
    "pitch_min_to_total": 0.127853885293,
    "tristimulus": {
        "mean": [0.429705411196, 0.536547958851, 0.0209423657507]
    }
},
"tonal": {
    "chords_changes_rate": 0.0272727273405,
    "chords_number_rate": 0.0363636352122,
    "chords_strength": {
        "mean": 0.361165523529
    },
    "key_strength": 0.566763162613,
    "tuning_diatonic_strength": 0.402645498514,
    "tuning_equal_tempered_deviation": 0.146462634206,
    "tuning_frequency": 441.272583008,
    "tuning_nontempered_energy_ratio": 0.717928886414,
    "hpcp": {
        "mean": [0.0266420226544, 0.0272652208805, 0.0230420026928, 0.0165407154709, 0.0174208171666, 0.0154724521562, 0.0143651189283, 0.0265192333609, 0.0327071622014, 0.0244619566947, 0.0175705291331, 0.0132922418416, 0.0188118536025, 0.026104144752, 0.0232857093215, 0.0213688388467, 0.0306947492063, 0.430748999119, 0.802326798439, 0.407791435719, 0.0313362963498, 0.0300955157727, 0.07803491503, 0.155747175217, 0.127465844154, 0.0598251372576, 0.0585006773472, 0.0627334788442, 0.0574359036982, 0.0653566122055, 0.0777644664049, 0.0743902847171, 0.0604487545788, 0.0423206798732, 0.0290153380483, 0.0268348269165]
    },
    "chords_histogram": [0, 0, 36.3636360168, 0, 0, 0, 0, 0, 0, 20, 0, 0, 0, 0, 0, 0, 0, 37.2727279663, 6.36363649368, 0, 0, 0, 0, 0],
    "thpcp": [1, 0.508261024952, 0.0390567742288, 0.0375102944672, 0.0972607582808, 0.194119378924, 0.158870235085, 0.0745645537972, 0.0729137808084, 0.078189432621, 0.0715866684914, 0.0814588442445, 0.0969236791134, 0.0927181839943, 0.0753418132663, 0.0527474358678, 0.0361639894545, 0.0334462560713, 0.03320594877, 0.0339826866984, 0.0287189744413, 0.020615933463, 0.0217128694057, 0.0192844755948, 0.017904324457, 0.033052906394, 0.0407653860748, 0.0304887685925, 0.0218994673342, 0.0165671166033, 0.0234466232359, 0.0325355529785, 0.0290227234364, 0.0266335848719, 0.0382571667433, 0.536874771118],
    "chords_key": "G#",
    "chords_scale": "minor",
    "key_key": "G#",
    "key_scale": "major",
    "chords_progression": ["Em", "Em", "Em", "Em", "Em", "Em", "Em", "Em", "Em", "Em", "Em", "Em", "Em", "Em", "Em", "Em", "Em", "Em", "Em", "Em", "Em", "Em", "B", "B", "B", "B", "B", "B", "B", "G#m", "G#m", "G#m", "G#m", "G#m", "G#m", "G#m", "G#m", "G#m", "G#m", "G#m", "G#m", "G#m", "G#m", "G#m", "G#m", "G#m", "G#m", "G#m", "G#m", "G#m", "G#m", "G#m", "G#m", "G#m", "G#m", "G#m", "G#m", "G#m", "G#m", "G#m", "G#m", "G#m", "G#m", "G#m", "G#m", "G#m", "G#m", "G#m", "G#m", "G#m", "D#", "D#", "D#", "D#", "D#", "D#", "D#", "D#", "D#", "D#", "D#", "D#", "D#", "D#", "D#", "D#", "D#", "D#", "D#", "D#", "D#", "D#", "D#", "D#", "D#", "D#", "D#", "D#", "D#", "D#", "D#", "D#", "D#", "D#", "D#", "D#", "D#", "D#", "D#", "D#"]
}
}