{
"metadata": {
    "version": {
        "essentia": "2.1-beta2"
    }
},
"lowLevel": {
    "dissonance": {
        "mean": 0.170781031251
    },
    "hfc": {
        "mean": 0.445322215557
    },
    "spectral_centroid": {
        "mean": 0.0611849427223
    },
    "mfcc": {
        "mean": [-858.37109375, 178.920135498, -47.0216255188, -18.3816585541, 6.4677863121, -12.2755203247, -18.9560165405, -14.2347106934, -4.61610984802, -2.26738142967, -10.9588298798, -16.9366970062, -3.57759308815, -7.62940502167, -19.1350135803, -4.15517425537, -6.24564313889, -3.54917550087, 11.1823120117, 10.7121887207, 12.3903026581, 4.9024887085, -1.09429991245, 6.5357093811, 19.2843990326, 25.6143817902, 10.053021431, -0.2178696841, 4.73602199554, 6.73430395126, 1.46908605099, -8.39834308624, -6.59528398514, 2.39649128914, 7.92226791382, 15.5058879852, 12.7299079895, -1.31274962425, -4.02516937256, 4.95801019669]
    },
    "spectral_contrast": {
        "mean": [-0.582989573479, -0.630639851093, -0.628623366356, -0.741742134094, -0.834121644497, -0.820971727371]
    }
},
"sfx": {
    "inharmonicity": {
        "mean": 0.178369536996
    },
    "logattacktime": {
        "mean": -5
    }
}
}