{
"metadata": {
    "version": {
        "essentia": "2.1-beta2"
    }
},
"lowLevel": {
    "average_loudness": 0.969048261642,
    "barkbands_kurtosis": {
        "mean": 31.6900100708
    },
    "barkbands_skewness": {
        "mean": 2.12010359764
    },
    "barkbands_spread": {
        "mean": 10.234834671
    },
    "dissonance": {
        "mean": 0.458976596594
    },
    "hfc": {
        "mean": 8.15517807007
    },
    "pitch": {
        "mean": 1128.640625
    },
    "pitch_instantaneous_confidence": {
        "mean": 0.834476292133
    },
    "pitch_salience": {
        "mean": 0.634783804417
    },
    "silence_rate_20dB": {
        "mean": 1
    },
    "silence_rate_30dB": {
        "mean": 1
    },
    "silence_rate_60dB": {
        "mean": 0.527607381344
    },
    "spectral_centroid": {
        "mean": 2188.03173828
    },
    "spectral_complexity": {
        "mean": 2.19631910324
    },
    "spectral_crest": {
        "mean": 13.2140464783
    },
    "spectral_decrease": {
        "mean": -5.69506219961e-10
    },
    "spectral_energy": {
        "mean": 0.00288914237171
    },
    "spectral_energyband_high": {
        "mean": 0.000729118823074
    },
    "spectral_energyband_low": {
        "mean": 7.81187964094e-07
    },
    "spectral_energyband_middle_high": {
        "mean": 0.00215750443749
    },
    "spectral_energyband_middle_low": {
        "mean": 1.07107905478e-06
    },
    "spectral_flatness_db": {
        "mean": 0.319184601307
    },
    "spectral_flux": {
        "mean": 0.00622108578682
    },
    "spectral_kurtosis": {
        "mean": 3.08853435516
    },
    "spectral_rms": {
        "mean": 0.00142276985571
    },
    "spectral_rolloff": {
        "mean": 3227.7331543
    },
    "spectral_skewness": {
        "mean": 1.70331370831
    },
    "spectral_spread": {
        "mean": 14850554
    },
    "spectral_strongpeak": {
        "mean": 1.8098334074
    },
    "zerocrossingrate": {
        "mean": 0.121045820415
    },
    "barkbands": {
        "mean": [1.23430061194e-06, 2.12298743918e-07, 5.56129329254e-08, 1.87439530563e-09, 1.61855311376e-07, 1.98769726012e-07, 4.35444320601e-07, 1.81291184731e-07, 6.49473435033e-08, 2.12110194298e-07, 3.62176422186e-07, 3.19001202342e-07, 0.00111265329178, 1.64517402368e-07, 1.39683137945e-07, 1.22981236927e-06, 8.35572677715e-07, 0.0010409707902, 3.93771216523e-07, 0.000484937452711, 2.77240502555e-07, 0.00013163172116, 3.36377634085e-05, 7.2518538218e-05, 4.6845630095e-06, 1.39110090913e-06, 2.41854166916e-07]
    },
    "mfcc": {
        "mean": [-932.926696777, -21.9436359406, -27.0516700745, 5.16038894653, 4.48301076889, 18.3180828094, 15.3621969223, 0.220295578241, -22.8833904266, -16.0342254639, 23.7240428925, 49.6328735352, -12.6899251938]
    },
    "sccoeffs": {
        "mean": [-0.751164019108, -0.853144705296, -0.868378698826, -0.619999110699, -0.657095909119, -0.747963726521]
    },
    "scvalleys": {
        "mean": [-10.4003782272, -10.2391338348, -10.5117063522, -10.6045675278, -10.7330560684, -11.5081758499]
    }
},
"rhythm": {
    "beats_loudness": {
        "mean": 0.00334772700444
    },
    "bpm": 86.8627548218,
    "first_peak_bpm": {
        "mean": 86
    },
    "first_peak_spread": {
        "mean": 0.5
    },
    "first_peak_weight": {
        "mean": 0.5
    },
    "onset_rate": 0.534189343452,
    "second_peak_bpm": {
        "mean": 0
    },
    "second_peak_spread": {
        "mean": 0
    },
    "second_peak_weight": {
        "mean": 0
    },
    "beats_loudness_band_ratio": {
        "mean": [0.198318630457, 0.0013793053804, 0.000554469763301, 0.295697629452, 0.306444942951, 0.198185071349]
    },
    "beats_position": [0.66176867485, 1.34675729275, 2.04335594177, 2.73995471001, 3.42494320869],
    "bpm_estimates": [87.5926971436, 86.1328125, 86.1327972412, 87.5927124023],
    "bpm_intervals": [0.684988617897, 0.696598649025, 0.696598768234, 0.684988498688],
    "onset_times": [0.301859408617, 1.02167797089]
},
"sfx": {
    "inharmonicity": {
        "mean": 0.119863815606
    },
    "oddtoevenharmonicenergyratio": {
        "mean": 131.017547607
    },
    "pitch_after_max_to_before_max_energy_ratio": 0.075472690165,
    "pitch_centroid": 77.1669998169,
    "pitch_max_to_total": 0.815950930119,
    "pitch_min_to_total": 0.932515323162,
    "tristimulus": {
        "mean": [0.235881060362, 0.395090013742, 0.0497501641512]
    }
},
"tonal": {
    "chords_changes_rate": 0.0609756112099,
    "chords_number_rate": 0.0365853644907,
    "chords_strength": {
        "mean": 0.603537678719
    },
    "key_strength": 0.608489155769,
    "tuning_diatonic_strength": 0.460725396872,
    "tuning_equal_tempered_deviation": 0.172068953514,
    "tuning_frequency": 440.254241943,
    "tuning_nontempered_energy_ratio": 0.764831423759,
    "hpcp": {
        "mean": [0.00170679297298, 0.00213039643131, 0.0015962338075, 0.0012657350162, 0.00113002001308, 0.00202070409432, 0.00309109152295, 0.00300815794617, 0.0798959583044, 0.163168728352, 0.0875639244914, 0.0042891218327, 0.00278139184229, 0.00351275363937, 0.00698358751833, 0.00746407592669, 0.00411847000942, 0.00212971051224, 0.00143202615436, 0.00233319681138, 0.00227946508676, 0.00559532782063, 0.0719318911433, 0.593682289124, 0.896818220615, 0.371957242489, 0.0024046250619, 0.000843407528009, 0.00213028490543, 0.029622586444, 0.111197225749, 0.152532666922, 0.084312133491, 0.0175470653921, 0.00258854939602, 0.000858796993271]
    },
    "chords_histogram": [2.43902444839, 0, 0, 0, 0, 0, 0, 0, 0, 18.2926826477, 0, 0, 0, 0, 0, 0, 0, 0, 0, 0, 0, 0, 0, 79.2682952881],
    "thpcp": [1, 0.414752095938, 0.00268128491007, 0.00094044423895, 0.00237538083456, 0.0330307595432, 0.123990818858, 0.170082032681, 0.0940125137568, 0.0195659101009, 0.00288637029007, 0.000957604323048, 0.00190316489898, 0.00237550539896, 0.00177988561336, 0.00141136185266, 0.00126003241166, 0.00225319247693, 0.00344673148356, 0.00335425604135, 0.0890882387757, 0.18194180727, 0.0976384282112, 0.00478259893134, 0.00310139986686, 0.00391690712422, 0.00778707163408, 0.00832284148782, 0.00459231296554, 0.00237474055029, 0.00159678526688, 0.00260163843632, 0.00254172482528, 0.00623908825219, 0.0802078843117, 0.661987304688],
    "chords_key": "C#",
    "chords_scale": "major",
    "key_key": "F",
    "key_scale": "minor",
    "chords_progression": ["C", "C", "C", "C", "C", "C#", "C#", "C#", "C#", "C#", "C#", "C#", "C#", "C#", "C#", "C#", "C#", "C#", "C#", "C#", "C#", "C#", "C#", "C#", "C#", "C#", "C#", "C#", "C#", "C#", "C#", "C#", "C#", "C#", "C#", "C#", "C#", "C#", "C#", "C#", "C#", "C#", "C#", "C#", "C#", "C#", "C#", "C#", "C#", "C#", "C#", "C#", "C#", "C#", "C#", "C#", "C#", "C#", "C#", "Fm", "C#", "C#", "C#", "C#", "C#", "C#", "C#", "C#", "C#", "C#", "C#", "Fm", "C", "C", "C", "C", "C", "C", "C", "C", "C", "C"]
}
}