{
"metadata": {
    "version": {
        "essentia": "2.1-beta2"
    }
},
"lowLevel": {
    "average_loudness": 0.99068403244,
    "barkbands_kurtosis": {
        "mean": 5.41833114624
    },
    "barkbands_skewness": {
        "mean": -1.65327656269
    },
    "barkbands_spread": {
        "mean": 13.5598011017
    },
    "dissonance": {
        "mean": 0.492548644543
    },
    "hfc": {
        "mean": 167.764968872
    },
    "pitch": {
        "mean": 1427.40917969
    },
    "pitch_instantaneous_confidence": {
        "mean": 0.318561673164
    },
    "pitch_salience": {
        "mean": 0.706521570683
    },
    "silence_rate_20dB": {
        "mean": 1
    },
    "silence_rate_30dB": {
        "mean": 0.897959172726
    },
    "silence_rate_60dB": {
        "mean": 0.367346942425
    },
    "spectral_centroid": {
        "mean": 4686.83203125
    },
    "spectral_complexity": {
        "mean": 22.4897956848
    },
    "spectral_crest": {
        "mean": 6.3680434227
    },
    "spectral_decrease": {
        "mean": -4.19603551904e-09
    },
    "spectral_energy": {
        "mean": 0.0310535971075
    },
    "spectral_energyband_high": {
        "mean": 0.0206760577857
    },
    "spectral_energyband_low": {
        "mean": 2.08983365155e-05
    },
    "spectral_energyband_middle_high": {
        "mean": 0.00941874925047
    },
    "spectral_energyband_middle_low": {
        "mean": 0.000938977231272
    },
    "spectral_flatness_db": {
        "mean": 0.191435113549
    },
    "spectral_flux": {
        "mean": 0.081530623138
    },
    "spectral_kurtosis": {
        "mean": 0.764403581619
    },
    "spectral_rms": {
        "mean": 0.00404055370018
    },
    "spectral_rolloff": {
        "mean": 6920.50976562
    },
    "spectral_skewness": {
        "mean": 0.715872704983
    },
    "spectral_spread": {
        "mean": 9088198
    },
    "spectral_strongpeak": {
        "mean": 3.64432859421
    },
    "zerocrossingrate": {
        "mean": 0.228266507387
    },
    "barkbands": {
        "mean": [5.01146023453e-05, 3.39944313055e-06, 4.13935822507e-07, 5.0419504305e-07, 2.84593461402e-05, 0.000115006390843, 0.000151086802362, 0.000438491755631, 0.000200324793695, 2.39949295064e-05, 2.87788934656e-05, 0.000178636240889, 0.000150787673192, 0.000257901701843, 0.000237536296481, 0.0015838915715, 0.00073703029193, 0.00210334942676, 0.00336150825024, 0.00149479252286, 0.00393377477303, 0.0045175193809, 0.00625493191183, 0.0033234898001, 0.00155217712745, 0.000300799234537, 2.48956475843e-05]
    },
    "mfcc": {
        "mean": [-705.199829102, -68.0003967285, -63.1032066345, 16.7367210388, -8.58319187164, 7.21496725082, -11.4088430405, 11.9099617004, -4.423432827, 5.3626742363, 8.60792732239, 16.0477371216, 11.5900030136]
    },
    "sccoeffs": {
        "mean": [-0.66351467371, -0.790209650993, -0.781110465527, -0.754919469357, -0.764764428139, -0.730210959911]
    },
    "scvalleys": {
        "mean": [-9.7093296051, -8.94510555267, -8.55963516235, -7.52151966095, -7.00604820251, -7.97662830353]
    }
},
"rhythm": {
    "beats_loudness": {
        "mean": 0.0185704585165
    },
    "bpm": 172.265609741,
    "first_peak_bpm": {
        "mean": 172
    },
    "first_peak_spread": {
        "mean": 0
    },
    "first_peak_weight": {
        "mean": 1
    },
    "onset_rate": 0.911458313465,
    "second_peak_bpm": {
        "mean": 0
    },
    "second_peak_spread": {
        "mean": 0
    },
    "second_peak_weight": {
        "mean": 0
    },
    "beats_loudness_band_ratio": {
        "mean": [0.0013042432256, 7.91642523836e-05, 0.00060649367515, 0.016123874113, 0.229723080993, 0.758469581604]
    },
    "beats_position": [0.336689323187, 0.684988677502],
    "bpm_estimates": [172.265609741],
    "bpm_intervals": [0.348299354315],
    "onset_times": [0.0348299331963]
},
"sfx": {
    "inharmonicity": {
        "mean": 0.0985455587506
    },
    "oddtoevenharmonicenergyratio": {
        "mean": 1.90241229534
    },
    "pitch_after_max_to_before_max_energy_ratio": 1.03881335258,
    "pitch_centroid": 26.6560745239,
    "pitch_max_to_total": 0.632653057575,
    "pitch_min_to_total": 0.102040819824,
    "tristimulus": {
        "mean": [0.092283397913, 0.515215575695, 0.220453590155]
    }
},
"tonal": {
    "chords_changes_rate": 0.0799999982119,
    "chords_number_rate": 0.0799999982119,
    "chords_strength": {
        "mean": 0.492446452379
    },
    "key_strength": 0.741043031216,
    "tuning_diatonic_strength": 0.583337187767,
    "tuning_equal_tempered_deviation": 0.252520948648,
    "tuning_frequency": 447.432556152,
    "tuning_nontempered_energy_ratio": 0.920623540878,
    "hpcp": {
        "mean": [0.465931713581, 0.294174551964, 0.282119452953, 0.254889070988, 0.185681432486, 0.189584165812, 0.243444398046, 0.302506744862, 0.359561353922, 0.559484064579, 0.66814416647, 0.53039342165, 0.380769431591, 0.363210111856, 0.443011254072, 0.41431710124, 0.342271894217, 0.276587307453, 0.194696307182, 0.141376689076, 0.136407807469, 0.296497583389, 0.422349274158, 0.49932205677, 0.626085877419, 0.57214641571, 0.377629458904, 0.234062999487, 0.168897300959, 0.215794861317, 0.368187129498, 0.402099519968, 0.33652472496, 0.285847246647, 0.390626907349, 0.560045719147]
    },
    "chords_histogram": [0, 0, 0, 0, 0, 0, 0, 96, 4, 0, 0, 0, 0, 0, 0, 0, 0, 0, 0, 0, 0, 0, 0, 0],
    "thpcp": [1, 0.793830811977, 0.569891154766, 0.543610394001, 0.663047373295, 0.620101332664, 0.512272536755, 0.413963526487, 0.291398644447, 0.211596086621, 0.204159244895, 0.443762898445, 0.632122993469, 0.747326850891, 0.937052071095, 0.856321811676, 0.565191566944, 0.350318104029, 0.252785712481, 0.322976499796, 0.551059424877, 0.601815521717, 0.503670811653, 0.427822709084, 0.58464461565, 0.838210880756, 0.697352051735, 0.440286040306, 0.422243386507, 0.381488144398, 0.277906239033, 0.283747404814, 0.364359080791, 0.4527567029, 0.538149356842, 0.837370276451],
    "chords_key": "F",
    "chords_scale": "major",
    "key_key": "F",
    "key_scale": "minor",
    "chords_progression": ["F", "F", "F", "F", "F", "F", "F", "F", "F", "F", "F", "F", "F", "F", "F", "F", "F", "F", "F", "F", "F", "F", "F", "Am", "F"]
}
}