{
"metadata": {
    "version": {
        "essentia": "2.1-beta2"
    }
},
"lowLevel": {
    "dissonance": {
        "mean": 0.176407814026
    },
    "hfc": {
        "mean": 1.16824233532
    },
    "spectral_centroid": {
        "mean": 0.0733104348183
    },
    "mfcc": {
        "mean": [-820.873352051, 159.831481934, -60.0158042908, -9.02547454834, 0.091543532908, -4.52826738358, -17.3697967529, -22.733625412, -6.31132316589, 7.67738866806, -3.87118434906, -16.9782981873, -20.5059719086, -6.73962640762, -15.5145845413, -3.12399148941, -5.89488220215, -10.0141963959, 7.87807178497, 17.6788311005, 14.5426626205, -0.737534046173, -7.84687662125, 1.87760984898, 22.590089798, 22.4154701233, 9.19489192963, 3.20544219017, -4.09455537796, 5.31448316574, 4.54478263855, -8.50874710083, -11.9034261703, -0.977742552757, 8.73571491241, 13.2222337723, 12.3612260818, 3.78600645065, -4.78832483292, -2.77314329147]
    },
    "spectral_contrast": {
        "mean": [-0.605449914932, -0.602433621883, -0.587371826172, -0.728298544884, -0.808662235737, -0.785408198833]
    }
},
"sfx": {
    "inharmonicity": {
        "mean": 0.164773464203
    },
    "logattacktime": {
        "mean": -5
    }
}
}