{
"metadata": {
    "version": {
        "essentia": "2.1-beta2"
    }
},
"lowLevel": {
    "dissonance": {
        "mean": 0.182130143046
    },
    "hfc": {
        "mean": 1.52435898781
    },
    "spectral_centroid": {
        "mean": 0.070393987
    },
    "mfcc": {
        "mean": [-808.750427246, 169.182418823, -65.8772659302, -12.33385849, 7.06615877151, -11.32421875, -30.7518196106, -23.568353653, -6.33651828766, 9.24081611633, -8.89786052704, -13.4863452911, -3.9780292511, -5.46165418625, -18.3722000122, -3.72032284737, -6.35340642929, -5.9354596138, 1.3299164772, 9.1466255188, 11.6492862701, -2.81540632248, -0.264617472887, -1.19619822502, 15.438416481, 27.5434265137, 8.42673778534, -3.82977199554, -0.413367986679, 9.17868232727, -2.10843729973, -9.86674785614, -8.71812152863, -0.5869795084, 6.52003765106, 14.4083051682, 9.23203468323, -4.53564691544, -5.71377849579, 3.58639383316]
    },
    "spectral_contrast": {
        "mean": [-0.600716352463, -0.608569443226, -0.562276184559, -0.690391004086, -0.797013700008, -0.782293438911]
    }
},
"sfx": {
    "inharmonicity": {
        "mean": 0.170048058033
    },
    "logattacktime": {
        "mean": -5
    }
}
}