{"lowlevel.dissonance.mean": [0.23572897911071777], "sfx.inharmonicity.mean": [0.24346208572387695], "lowlevel.spectral_contrast.mean": [[0.5827904939651489, 0.76481032371521, 0.9034215211868286, 0.7701194286346436, 0.5926797389984131, 0.40909671783447266]], "lowlevel.spectral_centroid.mean": [0.35861432552337646], "lowlevel.mfcc.mean": [[0.3390611410140991, 0.5986026525497437, 0.3767821192741394, 0.3143799304962158, 0.5673478245735168, 0.34772974252700806, 0.295554518699646, 0.33728188276290894, 0.48542577028274536, 0.5046294927597046, 0.3851054608821869, 0.2618522644042969, 0.4999430477619171]], "sfx.logattacktime.mean": [0.5427341461181641], "lowlevel.hfc.mean": [0.465215265750885]}