{
"metadata": {
    "version": {
        "essentia": "2.1-beta2"
    }
},
"lowLevel": {
    "dissonance": {
        "mean": 0.206535696983
    },
    "hfc": {
        "mean": 20.5945358276
    },
    "spectral_centroid": {
        "mean": 0.0922253057361
    },
    "mfcc": {
        "mean": [-723.485656738, 63.6052894592, -181.965988159, -11.6552619934, -34.0902442932, -12.4579019547, -36.862487793, -33.4059562683, -36.733543396, -25.6012592316, -13.986905098, -13.6790781021, -1.90967595577, 11.9983205795, 24.5350170135, 35.0834465027, 27.7392959595, 23.8429260254, 11.0914373398, -8.22739887238, -26.9313659668, -34.3370628357, -26.1573104858, 6.32968473434, 32.7702522278, 36.4204597473, 15.2679634094, -14.7850103378, -28.88256073, -17.7203655243, 10.4390525818, 19.83867836, 6.88384819031, -6.86563920975, -5.30315828323, -0.549574434757, 0.981704175472, 0.472359746695, 1.90174663067, 0.517684221268]
    },
    "spectral_contrast": {
        "mean": [-0.40446510911, -0.392460823059, -0.409163236618, -0.53579890728, -0.712932884693, -0.733181655407]
    }
},
"sfx": {
    "inharmonicity": {
        "mean": 0.18091763556
    },
    "logattacktime": {
        "mean": -5
    }
}
}