{
"metadata": {
    "version": {
        "essentia": "2.1-beta2"
    }
},
"lowLevel": {
    "dissonance": {
        "mean": 0.462006002665
    },
    "hfc": {
        "mean": 148.400665283
    },
    "spectral_centroid": {
        "mean": 0.235870823264
    },
    "mfcc": {
        "mean": [-650.07623291, -53.2233390808, -54.496055603, 11.2486553192, -10.8145837784, 0.612524032593, -21.0050468445, 5.28644323349, -6.63847208023, 9.84858322144, 22.1531505585, 19.5454826355, 11.6550359726, 11.3136558533, 7.09687137604, 5.48804664612, 10.4332332611, 10.3730039597, 9.89656257629, 12.5700817108, 6.59047222137, 7.81721639633, -3.62604570389, -4.10751771927, 6.86151599884, 10.6875247955, -1.36994254589, -1.92166411877, 4.01518630981, 4.07759523392, -3.03185319901, -1.53140735626, 1.54730832577, 2.36836028099, 0.298828810453, -1.71423685551, -1.58652746677, -2.51600980759, 0.372440069914, 3.63060092926]
    },
    "spectral_contrast": {
        "mean": [-0.668688356876, -0.775260090828, -0.777729928493, -0.753048479557, -0.763164639473, -0.598191618919]
    }
},
"sfx": {
    "inharmonicity": {
        "mean": 0.212119802833
    },
    "logattacktime": {
        "mean": -4.98017215729
    }
}
}