{
"metadata": {
    "version": {
        "essentia": "2.1-beta2"
    }
},
"lowLevel": {
    "average_loudness": 0.777892231941,
    "barkbands_kurtosis": {
        "mean": 15.911854744
    },
    "barkbands_skewness": {
        "mean": 1.75766158104
    },
    "barkbands_spread": {
        "mean": 7.99456357956
    },
    "dissonance": {
        "mean": 0.483048379421
    },
    "hfc": {
        "mean": 4.58855009079
    },
    "pitch": {
        "mean": 436.367736816
    },
    "pitch_instantaneous_confidence": {
        "mean": 0.442352354527
    },
    "pitch_salience": {
        "mean": 0.57087635994
    },
    "silence_rate_20dB": {
        "mean": 1
    },
    "silence_rate_30dB": {
        "mean": 1
    },
    "silence_rate_60dB": {
        "mean": 0.46376812458
    },
    "spectral_centroid": {
        "mean": 517.791870117
    },
    "spectral_complexity": {
        "mean": 6.73188400269
    },
    "spectral_crest": {
        "mean": 11.3272418976
    },
    "spectral_decrease": {
        "mean": -2.52101584053e-09
    },
    "spectral_energy": {
        "mean": 0.0099310586229
    },
    "spectral_energyband_high": {
        "mean": 7.54090905275e-08
    },
    "spectral_energyband_low": {
        "mean": 0.000251197227044
    },
    "spectral_energyband_middle_high": {
        "mean": 0.000212170940358
    },
    "spectral_energyband_middle_low": {
        "mean": 0.009566324763
    },
    "spectral_flatness_db": {
        "mean": 0.301183283329
    },
    "spectral_flux": {
        "mean": 0.0114001166075
    },
    "spectral_kurtosis": {
        "mean": 80.013343811
    },
    "spectral_rms": {
        "mean": 0.00229798047803
    },
    "spectral_rolloff": {
        "mean": 704.041503906
    },
    "spectral_skewness": {
        "mean": 6.60728406906
    },
    "spectral_spread": {
        "mean": 12923678
    },
    "spectral_strongpeak": {
        "mean": 0.66137444973
    },
    "zerocrossingrate": {
        "mean": 0.0348413437605
    },
    "barkbands": {
        "mean": [6.21635308562e-07, 2.68193452939e-05, 0.000173174717929, 6.80664743413e-05, 0.0005212983815, 0.00194152537733, 0.00374240288511, 0.0029753332492, 0.000214376646909, 0.000182547490112, 2.87430502794e-05, 8.02133854449e-06, 2.40160188696e-05, 1.61486550496e-05, 6.25850407232e-06, 1.5803060478e-06, 3.78264246592e-08, 2.19966018733e-08, 2.21303562142e-08, 1.12673168573e-08, 1.68190616989e-08, 9.20258802495e-09, 8.91148932425e-09, 9.03914898487e-09, 8.17435097389e-09, 1.10321067837e-08, 5.12476194814e-09]
    },
    "mfcc": {
        "mean": [-965.340026855, 168.38760376, 36.1907463074, -18.1251583099, -2.52987217903, 2.85326075554, -14.9768314362, -17.2898960114, 1.07272326946, 11.9921808243, 6.30241012573, 0.911510825157, 3.6882352829]
    },
    "sccoeffs": {
        "mean": [-0.73085129261, -0.721258163452, -0.795051634312, -0.835933506489, -0.874423861504, -0.903291761875]
    },
    "scvalleys": {
        "mean": [-7.91395282745, -7.72972726822, -9.11979389191, -9.69453716278, -12.1430606842, -12.8795585632]
    }
},
"rhythm": {
    "beats_loudness": {
        "mean": 0.0104553792626
    },
    "bpm": 87.1060562134,
    "first_peak_bpm": {
        "mean": 88
    },
    "first_peak_spread": {
        "mean": 0.333333313465
    },
    "first_peak_weight": {
        "mean": 0.666666686535
    },
    "onset_rate": 2.52526688576,
    "second_peak_bpm": {
        "mean": 0
    },
    "second_peak_spread": {
        "mean": 0
    },
    "second_peak_weight": {
        "mean": 0
    },
    "beats_loudness_band_ratio": {
        "mean": [0.247879356146, 0.301861345768, 0.556021094322, 0.0272480752319, 0.0116398781538, 0.000897165155038]
    },
    "beats_position": [0.673378646374, 1.35836732388, 2.04335594177, 2.73995471001],
    "bpm_estimates": [87.5926895142, 87.5926971436, 86.1327972412],
    "bpm_intervals": [0.684988677502, 0.684988617897, 0.696598768234],
    "onset_times": [0.0464399084449, 0.174149662256, 0.255419492722, 2.5890250206, 2.65868473053, 2.85605430603, 3.05342411995, 3.12308382988]
},
"sfx": {
    "inharmonicity": {
        "mean": 0.00776225002483
    },
    "oddtoevenharmonicenergyratio": {
        "mean": 1.18090188503
    },
    "pitch_after_max_to_before_max_energy_ratio": 0.164731949568,
    "pitch_centroid": 67.1235427856,
    "pitch_max_to_total": 0.847826063633,
    "pitch_min_to_total": 0.775362312794,
    "tristimulus": {
        "mean": [0.750284612179, 0.22353208065, 0.0193835850805]
    }
},
"tonal": {
    "chords_changes_rate": 0.0142857143655,
    "chords_number_rate": 0.0285714287311,
    "chords_strength": {
        "mean": 0.47432616353
    },
    "key_strength": 0.715288162231,
    "tuning_diatonic_strength": 0.542191803455,
    "tuning_equal_tempered_deviation": 0.128503710032,
    "tuning_frequency": 440.508575439,
    "tuning_nontempered_energy_ratio": 0.688230395317,
    "hpcp": {
        "mean": [0.0299366209656, 0.264076977968, 0.464165538549, 0.24733415246, 0.0501161850989, 0.0441039502621, 0.0481924451888, 0.0541896335781, 0.342974126339, 0.589346408844, 0.294626176357, 0.0409826301038, 0.0442533008754, 0.0340618230402, 0.0609952509403, 0.120923139155, 0.0852183774114, 0.023098282516, 0.0122286742553, 0.0219386778772, 0.0959227159619, 0.125073611736, 0.162898078561, 0.349513292313, 0.254854410887, 0.0391092263162, 0.0256460625678, 0.0189766697586, 0.0271120034158, 0.308425247669, 0.55884718895, 0.286903381348, 0.0266628805548, 0.0217564497143, 0.0355705209076, 0.0304067675024]
    },
    "chords_histogram": [0, 0, 84.2857131958, 15.7142858505, 0, 0, 0, 0, 0, 0, 0, 0, 0, 0, 0, 0, 0, 0, 0, 0, 0, 0, 0, 0],
    "thpcp": [1, 0.499920189381, 0.0695391222835, 0.075088776648, 0.0577959269285, 0.103496432304, 0.205181762576, 0.14459811151, 0.0391930490732, 0.0207495521754, 0.0372254364192, 0.162761181593, 0.212224274874, 0.276404649019, 0.593052387238, 0.432435661554, 0.0663603395224, 0.0435161106288, 0.0321995168924, 0.0460035093129, 0.523334383965, 0.948249101639, 0.486816197634, 0.0452414415777, 0.0369162335992, 0.0603558793664, 0.0515940487385, 0.0507963076234, 0.44808447361, 0.787593722343, 0.419675350189, 0.0850368887186, 0.0748353600502, 0.0817726999521, 0.0919486954808, 0.581956744194],
    "chords_key": "C",
    "chords_scale": "major",
    "key_key": "F",
    "key_scale": "major",
    "chords_progression": ["C", "C", "C", "C", "C", "C", "C", "C", "C", "C", "C", "C", "C", "C", "C", "C", "C", "C", "C", "C", "C", "C", "C", "C", "C", "C", "C", "C", "C", "C", "C", "C", "C", "C", "C", "C", "C", "C", "C", "C", "C", "C", "C", "C", "C", "C", "C", "C", "C", "C", "C", "C", "C", "C", "C", "C", "C", "C", "C", "Em", "Em", "Em", "Em", "Em", "Em", "Em", "Em", "Em", "Em", "Em"]
}
}