{"lowlevel.dissonance.mean": [0.7095751762390137], "sfx.inharmonicity.mean": [1.1225979328155518], "lowlevel.spectral_contrast.mean": [[0.2710222005844116, 0.3939838409423828, 0.5261551141738892, 0.955003023147583, 0.889732837677002, 0.8139312267303467]], "lowlevel.spectral_centroid.mean": [0.6648077964782715], "lowlevel.mfcc.mean": [[0.4968383312225342, -0.10732248425483704, -0.052304595708847046, 0.6775283217430115, 0.7143034934997559, 0.5354772806167603, 0.19452732801437378, 0.6679550409317017, 0.8015215396881104, 0.8495473265647888, 0.7749976515769958, 0.3023642599582672, 0.6930627822875977]], "sfx.logattacktime.mean": [0.23679202795028687], "lowlevel.hfc.mean": [0.4737400710582733]}