{
"metadata": {
    "version": {
        "essentia": "2.1-beta2"
    }
},
"lowLevel": {
    "dissonance": {
        "mean": 0.166337192059
    },
    "hfc": {
        "mean": 2.93234562874
    },
    "spectral_centroid": {
        "mean": 0.0704496577382
    },
    "mfcc": {
        "mean": [-792.777648926, 154.534393311, -51.2250366211, -14.6850128174, -2.84901452065, -14.2710466385, -28.8658409119, -17.209028244, -14.4241895676, 9.90949344635, -12.448756218, -14.212515831, -2.3331246376, -6.99778699875, -15.4957208633, -6.37418174744, -4.66419410706, -7.65460586548, 0.899936258793, 9.86821556091, 11.8458442688, -3.80002164841, 0.707831799984, -0.34008616209, 18.698513031, 24.5086078644, 8.51525974274, -1.64865601063, 1.5146368742, 6.53305196762, 0.659238219261, -8.31218624115, -9.35929012299, -0.230997681618, 7.79032754898, 13.0049209595, 9.83368301392, -4.11199426651, -4.89320850372, 2.29479551315]
    },
    "spectral_contrast": {
        "mean": [-0.568754374981, -0.599440515041, -0.569745957851, -0.692635834217, -0.796969354153, -0.756458640099]
    }
},
"sfx": {
    "inharmonicity": {
        "mean": 0.174307852983
    },
    "logattacktime": {
        "mean": -5
    }
}
}