{
"metadata": {
    "version": {
        "essentia": "2.1-beta2"
    }
},
"lowLevel": {
    "average_loudness": 0.982329487801,
    "barkbands_kurtosis": {
        "mean": 10.1748352051
    },
    "barkbands_skewness": {
        "mean": 1.69394254684
    },
    "barkbands_spread": {
        "mean": 12.051659584
    },
    "dissonance": {
        "mean": 0.433571815491
    },
    "hfc": {
        "mean": 32.9453086853
    },
    "pitch": {
        "mean": 448.624847412
    },
    "pitch_instantaneous_confidence": {
        "mean": 0.363264918327
    },
    "pitch_salience": {
        "mean": 0.602183222771
    },
    "silence_rate_20dB": {
        "mean": 0.959349572659
    },
    "silence_rate_30dB": {
        "mean": 0.642276406288
    },
    "silence_rate_60dB": {
        "mean": 0.308943092823
    },
    "spectral_centroid": {
        "mean": 544.271728516
    },
    "spectral_complexity": {
        "mean": 10.1219511032
    },
    "spectral_crest": {
        "mean": 10.1975288391
    },
    "spectral_decrease": {
        "mean": -2.36693669109e-08
    },
    "spectral_energy": {
        "mean": 0.0923217386007
    },
    "spectral_energyband_high": {
        "mean": 3.57103181159e-06
    },
    "spectral_energyband_low": {
        "mean": 0.0393097288907
    },
    "spectral_energyband_middle_high": {
        "mean": 0.0112167121843
    },
    "spectral_energyband_middle_low": {
        "mean": 0.0490262396634
    },
    "spectral_flatness_db": {
        "mean": 0.296651124954
    },
    "spectral_flux": {
        "mean": 0.164043813944
    },
    "spectral_kurtosis": {
        "mean": 90.8290328979
    },
    "spectral_rms": {
        "mean": 0.00705842208117
    },
    "spectral_rolloff": {
        "mean": 991.927856445
    },
    "spectral_skewness": {
        "mean": 6.85884904861
    },
    "spectral_spread": {
        "mean": 7252099.5
    },
    "spectral_strongpeak": {
        "mean": 1.17476940155
    },
    "zerocrossingrate": {
        "mean": 0.0378279015422
    },
    "barkbands": {
        "mean": [0.000565108086448, 0.0163611192256, 0.0153871439397, 0.0121479425579, 0.0156153459102, 0.00789473950863, 0.0060169310309, 0.00374584249221, 0.00311217899434, 0.00151617848314, 0.000792471284512, 0.000564395566471, 0.00825607869774, 0.000171470877831, 0.000101800193079, 3.72545691789e-05, 1.7135456801e-05, 1.09219290607e-05, 3.30618195221e-06, 1.92794982468e-06, 1.24087478071e-06, 6.29453381862e-07, 3.24314612499e-07, 2.19187185735e-07, 1.50355404571e-07, 7.33303906486e-08, 2.69175846057e-08]
    },
    "mfcc": {
        "mean": [-839.397033691, 227.341033936, 20.598815918, -2.17894649506, 17.8379554749, 15.7653455734, 6.21608877182, -3.22556805611, -6.78015947342, 2.83963871002, 10.7123937607, 6.06037998199, -8.64934253693]
    },
    "sccoeffs": {
        "mean": [-0.664155304432, -0.766557753086, -0.804237604141, -0.691978931427, -0.82516348362, -0.886430025101]
    },
    "scvalleys": {
        "mean": [-5.53180456161, -6.29925489426, -7.29900741577, -8.55894470215, -10.4607162476, -11.7673549652]
    }
},
"rhythm": {
    "beats_loudness": {
        "mean": 0.0950910672545
    },
    "bpm": 154.302108765,
    "first_peak_bpm": {
        "mean": 152
    },
    "first_peak_spread": {
        "mean": 0
    },
    "first_peak_weight": {
        "mean": 0.40000000596
    },
    "onset_rate": 5.31684017181,
    "second_peak_bpm": {
        "mean": 157
    },
    "second_peak_spread": {
        "mean": 0
    },
    "second_peak_weight": {
        "mean": 0.40000000596
    },
    "beats_loudness_band_ratio": {
        "mean": [0.59511834383, 0.231228247285, 0.0923812612891, 0.130987301469, 0.00314531871118, 7.78711910243e-05]
    },
    "beats_position": [0.429569154978, 0.812698423862, 1.20743763447, 1.62539684772, 2.02013611794, 2.40326523781],
    "bpm_estimates": [156.605102539, 151.999084473, 151.999069214, 156.605163574],
    "bpm_intervals": [0.383129268885, 0.394739210606, 0.417959213257, 0.39473927021, 0.383129119873],
    "onset_times": [0.0464399084449, 0.127709746361, 0.429569154978, 0.568888902664, 0.650158703327, 0.905578255653, 0.986848056316, 1.07972788811, 1.19582772255, 1.47446715832, 1.50929701328, 1.54412698746, 1.66022670269, 1.93886625767, 2.06657600403]
},
"sfx": {
    "inharmonicity": {
        "mean": 0.0201007109135
    },
    "oddtoevenharmonicenergyratio": {
        "mean": 7.15768718719
    },
    "pitch_after_max_to_before_max_energy_ratio": 4.91321992874,
    "pitch_centroid": 32.5342216492,
    "pitch_max_to_total": 0.0162601619959,
    "pitch_min_to_total": 0.593495905399,
    "tristimulus": {
        "mean": [0.673548161983, 0.286669045687, 0.00991728063673]
    }
},
"tonal": {
    "chords_changes_rate": 0.306451618671,
    "chords_number_rate": 0.129032254219,
    "chords_strength": {
        "mean": 0.475049257278
    },
    "key_strength": 0.614496052265,
    "tuning_diatonic_strength": 0.525610804558,
    "tuning_equal_tempered_deviation": 0.253669083118,
    "tuning_frequency": 449.245300293,
    "tuning_nontempered_energy_ratio": 0.874121129513,
    "hpcp": {
        "mean": [0.191392824054, 0.225369885564, 0.211122050881, 0.194282248616, 0.179141178727, 0.177658483386, 0.186915397644, 0.168959587812, 0.136574238539, 0.13251465559, 0.150154009461, 0.157233387232, 0.13729724288, 0.118608273566, 0.1577770859, 0.193839415908, 0.181289210916, 0.149637982249, 0.123158916831, 0.122018873692, 0.145958960056, 0.18987749517, 0.270570635796, 0.320178955793, 0.272865414619, 0.172947496176, 0.126856043935, 0.151291698217, 0.162459895015, 0.173568144441, 0.198888912797, 0.207855045795, 0.205892145634, 0.187156379223, 0.170577809215, 0.165893942118]
    },
    "chords_histogram": [11.2903223038, 0, 0, 0, 0, 0, 0, 0, 0, 17.74193573, 0, 0, 0, 0, 19.354839325, 8.0645160675, 3.22580647469, 20.9677410126, 14.5161294937, 4.83870983124, 0, 0, 0, 0],
    "thpcp": [1, 0.852227807045, 0.540158867836, 0.396203577518, 0.472522318363, 0.507403433323, 0.542097270489, 0.621180474758, 0.649183988571, 0.643053352833, 0.584536790848, 0.53275769949, 0.518128812313, 0.597768306732, 0.703887224197, 0.659387648106, 0.60679268837, 0.559503316879, 0.554872453213, 0.583784162998, 0.527703583241, 0.42655596137, 0.413876831532, 0.468969017267, 0.491079717875, 0.428814083338, 0.370443701744, 0.492777824402, 0.605409622192, 0.566212117672, 0.467357337475, 0.384656488895, 0.381095856428, 0.45586681366, 0.593035519123, 0.845060646534],
    "chords_key": "A",
    "chords_scale": "minor",
    "key_key": "A",
    "key_scale": "major",
    "chords_progression": ["Em", "A", "A", "A", "Am", "Am", "Am", "Am", "Am", "Am", "Am", "Am", "Am", "Am", "A", "A", "A", "A#", "A", "A#", "A#", "A#", "A#", "A#", "A#", "C", "A#", "A#", "A#", "Am", "Am", "A#", "Am", "A#", "Dm", "Dm", "Dm", "Dm", "F", "Dm", "F", "Fm", "Fm", "Fm", "Fm", "Fm", "Fm", "Fm", "Fm", "Fm", "Fm", "Fm", "Em", "Em", "C", "C", "C", "C", "C", "C", "C", "C"]
}
}