{
"metadata": {
    "version": {
        "essentia": "2.1-beta2"
    }
},
"lowLevel": {
    "dissonance": {
        "mean": 0.246962249279
    },
    "hfc": {
        "mean": 2.68375134468
    },
    "spectral_centroid": {
        "mean": 0.0893426761031
    },
    "mfcc": {
        "mean": [-805.254516602, 107.569244385, -96.4109725952, 16.6814250946, 6.76127672195, -19.447769165, -21.3857841492, -27.6818733215, -21.1153335571, -10.8797359467, -6.61646604538, -2.81222367287, 16.4047985077, 32.0587654114, 24.7153244019, 19.6450862885, 24.113653183, 23.79895401, 6.16801118851, -8.87263393402, -29.3087787628, -18.0065250397, -17.1717185974, 3.6349234581, 27.3612289429, 12.5231494904, 3.83112764359, 5.4673409462, -13.1139039993, -12.6438512802, 7.0190448761, 14.1399536133, -0.574110031128, -9.00220775604, -0.774244725704, 1.21558725834, 0.733208239079, -0.180640846491, -0.650906085968, 4.57211303711]
    },
    "spectral_contrast": {
        "mean": [-0.503915071487, -0.616075873375, -0.592589795589, -0.680175840855, -0.793708145618, -0.786010980606]
    }
},
"sfx": {
    "inharmonicity": {
        "mean": 0.286143094301
    },
    "logattacktime": {
        "mean": -5
    }
}
}