{
"metadata": {
    "version": {
        "essentia": "2.1-beta2"
    }
},
"lowLevel": {
    "dissonance": {
        "mean": 0.125625774264
    },
    "hfc": {
        "mean": 19.4230995178
    },
    "spectral_centroid": {
        "mean": 0.165864303708
    },
    "mfcc": {
        "mean": [-911.997131348, 3.79647779465, -83.3940048218, -36.4322967529, 35.6415939331, 29.8553791046, -1.81603288651, -37.3534126282, 27.6290836334, 46.3435821533, 19.3797473907, -18.133436203, 39.852191925, 39.8299407959, -8.91306209564, -14.6606378555, -12.090836525, 18.6113033295, 31.5250263214, -11.4342708588, -0.475334107876, 19.3624401093, 8.2365655899, -8.60120773315, -9.78207397461, 13.3012313843, 3.1154987812, 4.62557172775, -7.49546194077, -6.54145431519, 7.35864162445, 5.7635345459, -2.62446880341, 8.68153476715, -10.5268239975, -7.1875834465, 7.51717567444, 7.25788164139, -1.52115154266, -9.99163818359]
    },
    "spectral_contrast": {
        "mean": [-0.717894375324, -0.783420622349, -0.437088400126, -0.789149880409, -0.846549093723, -0.713530421257]
    }
},
"sfx": {
    "inharmonicity": {
        "mean": 0.260815054178
    },
    "logattacktime": {
        "mean": -4.94017410278
    }
}
}