{
"metadata": {
    "version": {
        "essentia": "2.1-beta2"
    }
},
"lowLevel": {
    "average_loudness": 0.99068403244,
    "barkbands_kurtosis": {
        "mean": 59.7156333923
    },
    "barkbands_skewness": {
        "mean": 4.21957683563
    },
    "barkbands_spread": {
        "mean": 17.9157581329
    },
    "dissonance": {
        "mean": 0.400383621454
    },
    "hfc": {
        "mean": 14.2966089249
    },
    "pitch": {
        "mean": 418.100830078
    },
    "pitch_instantaneous_confidence": {
        "mean": 0.518313169479
    },
    "pitch_salience": {
        "mean": 0.447623670101
    },
    "silence_rate_20dB": {
        "mean": 1
    },
    "silence_rate_30dB": {
        "mean": 1
    },
    "silence_rate_60dB": {
        "mean": 0.897435903549
    },
    "spectral_centroid": {
        "mean": 2214.16674805
    },
    "spectral_complexity": {
        "mean": 4.33333349228
    },
    "spectral_crest": {
        "mean": 14.879784584
    },
    "spectral_decrease": {
        "mean": -1.22283327908e-09
    },
    "spectral_energy": {
        "mean": 0.00591200590134
    },
    "spectral_energyband_high": {
        "mean": 0.00136530993041
    },
    "spectral_energyband_low": {
        "mean": 0.000134128073114
    },
    "spectral_energyband_middle_high": {
        "mean": 0.00315840914845
    },
    "spectral_energyband_middle_low": {
        "mean": 0.0014022559626
    },
    "spectral_flatness_db": {
        "mean": 0.210716098547
    },
    "spectral_flux": {
        "mean": 0.0255296770483
    },
    "spectral_kurtosis": {
        "mean": 2.0605506897
    },
    "spectral_rms": {
        "mean": 0.000747538288124
    },
    "spectral_rolloff": {
        "mean": 3820.76293945
    },
    "spectral_skewness": {
        "mean": 1.32173836231
    },
    "spectral_spread": {
        "mean": 27198138
    },
    "spectral_strongpeak": {
        "mean": 0.138174071908
    },
    "zerocrossingrate": {
        "mean": 0.155361071229
    },
    "barkbands": {
        "mean": [2.38052404455e-08, 4.29848887507e-06, 6.01181745878e-05, 0.00012734819029, 0.000143337427289, 0.000139256400871, 0.000243434536969, 0.000193876941921, 0.000438785849838, 0.000695933878887, 0.000509466510266, 0.000669160974212, 0.000207321121707, 0.000115244125482, 7.91159400251e-05, 0.000123685851577, 0.000115846763947, 0.000368980079656, 0.000228201868595, 0.000246593670454, 0.000544999726117, 0.000224978663027, 0.000139180963743, 0.000159131930559, 8.64727626322e-05, 3.85932398785e-05, 8.61148237163e-06]
    },
    "mfcc": {
        "mean": [-1022.7532959, 24.1622848511, 6.51361608505, 4.17438745499, -7.20229578018, -8.51126289368, -6.30419445038, -4.76882553101, -6.28191232681, -6.91363286972, -7.50486707687, -5.25202894211, -7.49670505524]
    },
    "sccoeffs": {
        "mean": [-0.658040106297, -0.814847826958, -0.867234349251, -0.888278782368, -0.896076023579, -0.902300238609]
    },
    "scvalleys": {
        "mean": [-13.694062233, -12.6323843002, -13.2653150558, -13.7929153442, -13.8559007645, -14.203122139]
    }
},
"rhythm": {
    "bpm": 0,
    "first_peak_bpm": {
        "mean": 0
    },
    "first_peak_spread": {
        "mean": 0
    },
    "first_peak_weight": {
        "mean": 0
    },
    "onset_rate": 1.15741956234,
    "second_peak_bpm": {
        "mean": 0
    },
    "second_peak_spread": {
        "mean": 0
    },
    "second_peak_weight": {
        "mean": 0
    },
    "beats_position": [],
    "bpm_estimates": [],
    "bpm_intervals": [],
    "onset_times": [0.0232199542224]
},
"sfx": {
    "inharmonicity": {
        "mean": 0.0365498661995
    },
    "oddtoevenharmonicenergyratio": {
        "mean": 0.745940744877
    },
    "pitch_after_max_to_before_max_energy_ratio": 1.09778404236,
    "pitch_centroid": 15.4368982315,
    "pitch_max_to_total": 0.128205135465,
    "pitch_min_to_total": 0.0769230797887,
    "tristimulus": {
        "mean": [0.590666353703, 0.308143138885, 0.0635924711823]
    }
},
"tonal": {
    "chords_changes_rate": 0,
    "chords_number_rate": 0.0500000007451,
    "chords_strength": {
        "mean": 0.48646441102
    },
    "key_strength": 0.60039293766,
    "tuning_diatonic_strength": 0.482287883759,
    "tuning_equal_tempered_deviation": 0.238833889365,
    "tuning_frequency": 432.441040039,
    "tuning_nontempered_energy_ratio": 0.869161069393,
    "hpcp": {
        "mean": [0.135564923286, 0.140872508287, 0.0998870134354, 0.0763248354197, 0.0844318419695, 0.0685605555773, 0.0564215071499, 0.0728487968445, 0.116784140468, 0.163944467902, 0.149906784296, 0.0818091183901, 0.0481353029609, 0.0809923410416, 0.158789679408, 0.163394123316, 0.0934074223042, 0.12400893122, 0.18220551312, 0.145026966929, 0.0775878950953, 0.0457091145217, 0.0510937459767, 0.0584584996104, 0.0625758171082, 0.0605017058551, 0.0454824641347, 0.0522580258548, 0.0826759338379, 0.093169502914, 0.129601895809, 0.472513526678, 0.723129332066, 0.378236472607, 0.0790495276451, 0.0981012135744]
    },
    "chords_histogram": [0, 0, 0, 0, 0, 0, 0, 0, 0, 100, 0, 0, 0, 0, 0, 0, 0, 0, 0, 0, 0, 0, 0, 0],
    "thpcp": [1, 0.523055076599, 0.109315894544, 0.135662063956, 0.187469810247, 0.194809556007, 0.138131603599, 0.105547972023, 0.116758979857, 0.0948109179735, 0.0780240893364, 0.100741036236, 0.161498278379, 0.226715281606, 0.207302868366, 0.113132067025, 0.0665652751923, 0.112002566457, 0.219586834311, 0.225954219699, 0.12917111814, 0.171489283442, 0.251968085766, 0.200554668903, 0.107294633985, 0.0632101520896, 0.0706564411521, 0.0808410048485, 0.0865347534418, 0.08366651088, 0.062896721065, 0.0722664967179, 0.114330768585, 0.128842100501, 0.179223671556, 0.653428792953],
    "chords_key": "G",
    "chords_scale": "major",
    "key_key": "C",
    "key_scale": "minor",
    "chords_progression": ["G", "G", "G", "G", "G", "G", "G", "G", "G", "G", "G", "G", "G", "G", "G", "G", "G", "G", "G", "G"]
}
}