{
"metadata": {
    "version": {
        "essentia": "2.1-beta2"
    }
},
"lowLevel": {
    "average_loudness": 0.962177276611,
    "barkbands_kurtosis": {
        "mean": 7.04397916794
    },
    "barkbands_skewness": {
        "mean": 2.14735198021
    },
    "barkbands_spread": {
        "mean": 8.56224441528
    },
    "dissonance": {
        "mean": 0.365404516459
    },
    "hfc": {
        "mean": 4.78520965576
    },
    "pitch": {
        "mean": 401.415008545
    },
    "pitch_instantaneous_confidence": {
        "mean": 0.917272031307
    },
    "pitch_salience": {
        "mean": 0.353141993284
    },
    "silence_rate_20dB": {
        "mean": 1
    },
    "silence_rate_30dB": {
        "mean": 1
    },
    "silence_rate_60dB": {
        "mean": 0.213114753366
    },
    "spectral_centroid": {
        "mean": 709.054870605
    },
    "spectral_complexity": {
        "mean": 4.53005456924
    },
    "spectral_crest": {
        "mean": 18.4611568451
    },
    "spectral_decrease": {
        "mean": -1.51456669428e-09
    },
    "spectral_energy": {
        "mean": 0.00615034345537
    },
    "spectral_energyband_high": {
        "mean": 3.27866655425e-05
    },
    "spectral_energyband_low": {
        "mean": 2.55991471931e-06
    },
    "spectral_energyband_middle_high": {
        "mean": 0.00185637944378
    },
    "spectral_energyband_middle_low": {
        "mean": 0.00425980752334
    },
    "spectral_flatness_db": {
        "mean": 0.314767926931
    },
    "spectral_flux": {
        "mean": 0.0115265678614
    },
    "spectral_kurtosis": {
        "mean": 14.9924478531
    },
    "spectral_rms": {
        "mean": 0.00221558730118
    },
    "spectral_rolloff": {
        "mean": 949.34185791
    },
    "spectral_skewness": {
        "mean": 3.15148282051
    },
    "spectral_spread": {
        "mean": 5639880.5
    },
    "spectral_strongpeak": {
        "mean": 1.34924030304
    },
    "zerocrossingrate": {
        "mean": 0.036343600601
    },
    "barkbands": {
        "mean": [4.53345819551e-06, 5.79604034101e-07, 2.12742833128e-07, 6.03584098258e-08, 2.81142774838e-06, 0.000421896547778, 0.00382986594923, 7.29671171484e-07, 3.37094519409e-07, 7.57118323236e-05, 7.4860128052e-07, 0.000596219033469, 0.000698309217114, 0.000107105573989, 4.10829397879e-06, 0.000119770666061, 3.23073290929e-05, 0.000194696083781, 2.26473730436e-05, 2.19864541577e-05, 1.4097593521e-05, 1.0467881566e-06, 3.331462608e-07, 1.47710821352e-07, 7.13137211505e-08, 2.53651588622e-08, 3.40322237058e-09]
    },
    "mfcc": {
        "mean": [-865.280639648, 93.2670516968, -78.2157211304, 19.4769611359, -12.7908506393, -13.390704155, -6.06214332581, -29.0295772552, -28.6818141937, -19.124961853, 7.67311620712, 30.1616096497, 22.3515815735]
    },
    "sccoeffs": {
        "mean": [-0.771558761597, -0.397706747055, -0.661682546139, -0.639532804489, -0.731063902378, -0.824410259724]
    },
    "scvalleys": {
        "mean": [-9.15819263458, -9.53170871735, -10.0005712509, -9.19111251831, -9.66370201111, -11.4960308075]
    }
},
"rhythm": {
    "beats_loudness": {
        "mean": 0.00695252651349
    },
    "bpm": 140.258270264,
    "first_peak_bpm": {
        "mean": 140
    },
    "first_peak_spread": {
        "mean": 0.428571403027
    },
    "first_peak_weight": {
        "mean": 0.5
    },
    "onset_rate": 0.946971774101,
    "second_peak_bpm": {
        "mean": 148
    },
    "second_peak_spread": {
        "mean": 0
    },
    "second_peak_weight": {
        "mean": 0.125
    },
    "beats_loudness_band_ratio": {
        "mean": [0.0014728239039, 0.241885453463, 0.657275855541, 0.186091810465, 0.124093495309, 0.0190054550767]
    },
    "beats_position": [0.406349211931, 0.812698423862, 1.24226760864, 1.66022670269, 2.08979582787, 2.50775504112, 2.93732428551, 3.3785033226, 3.80807256699],
    "bpm_estimates": [139.674819946, 143.554718018, 139.674835205, 143.554672241, 139.674804688, 135.999206543, 139.674804688],
    "bpm_intervals": [0.406349211931, 0.42956918478, 0.417959094048, 0.429569125175, 0.417959213257, 0.429569244385, 0.441179037094, 0.429569244385],
    "onset_times": [0.232199549675, 0.743038535118, 1.89242625237, 2.07818603516]
},
"sfx": {
    "inharmonicity": {
        "mean": 0.0161557607353
    },
    "oddtoevenharmonicenergyratio": {
        "mean": 13.715801239
    },
    "pitch_after_max_to_before_max_energy_ratio": 131.784423828,
    "pitch_centroid": 90.0322036743,
    "pitch_max_to_total": 0,
    "pitch_min_to_total": 0.98360657692,
    "tristimulus": {
        "mean": [0.56003588438, 0.41013777256, 0.0277565848082]
    }
},
"tonal": {
    "chords_changes_rate": 0,
    "chords_number_rate": 0.0108695654199,
    "chords_strength": {
        "mean": 0.574833273888
    },
    "key_strength": 0.628388345242,
    "tuning_diatonic_strength": 0.658150374889,
    "tuning_equal_tempered_deviation": 0.20802795887,
    "tuning_frequency": 435.952270508,
    "tuning_nontempered_energy_ratio": 0.817121207714,
    "hpcp": {
        "mean": [0.0239349585027, 0.00348382606171, 0.00382213899866, 0.00572861684486, 0.0040059350431, 0.00383860641159, 0.00839523691684, 0.00803675409406, 0.00823440868407, 0.0228985399008, 0.0255841426551, 0.0102098183706, 0.00462650414556, 0.00709945615381, 0.00713349180296, 0.00435917591676, 0.0031728730537, 0.0200008358806, 0.0881883278489, 0.162416175008, 0.105967439711, 0.0146966418251, 0.00327888550237, 0.0289287921041, 0.0418229289353, 0.0311627071351, 0.0496104955673, 0.0547187626362, 0.0269485693425, 0.0124096665531, 0.0443334616721, 0.0685328990221, 0.317484378815, 0.758545517921, 0.624031424522, 0.173508793116]
    },
    "chords_histogram": [0, 0, 0, 0, 0, 0, 0, 0, 0, 100, 0, 0, 0, 0, 0, 0, 0, 0, 0, 0, 0, 0, 0, 0],
    "thpcp": [1, 0.822668373585, 0.228738799691, 0.0315537527204, 0.00459277117625, 0.00503877364099, 0.00755210686475, 0.00528107397258, 0.0050604827702, 0.0110675450414, 0.0105949528515, 0.0108555238694, 0.0301874298602, 0.0337278954685, 0.0134597308934, 0.00609917799011, 0.00935930106789, 0.00940417125821, 0.00574675574899, 0.0041828379035, 0.0263673514128, 0.116259768605, 0.214115262032, 0.139698192477, 0.0193747654557, 0.00432259542868, 0.0381371863186, 0.0551356896758, 0.0410821847618, 0.065402135253, 0.0721364244819, 0.0355266332626, 0.0163598172367, 0.058445353061, 0.0903477743268, 0.418543606997],
    "chords_key": "G#",
    "chords_scale": "major",
    "key_key": "C#",
    "key_scale": "minor",
    "chords_progression": ["G#", "G#", "G#", "G#", "G#", "G#", "G#", "G#", "G#", "G#", "G#", "G#", "G#", "G#", "G#", "G#", "G#", "G#", "G#", "G#", "G#", "G#", "G#", "G#", "G#", "G#", "G#", "G#", "G#", "G#", "G#", "G#", "G#", "G#", "G#", "G#", "G#", "G#", "G#", "G#", "G#", "G#", "G#", "G#", "G#", "G#", "G#", "G#", "G#", "G#", "G#", "G#", "G#", "G#", "G#", "G#", "G#", "G#", "G#", "G#", "G#", "G#", "G#", "G#", "G#", "G#", "G#", "G#", "G#", "G#", "G#", "G#", "G#", "G#", "G#", "G#", "G#", "G#", "G#", "G#", "G#", "G#", "G#", "G#", "G#", "G#", "G#", "G#", "G#", "G#", "G#", "G#"]
}
}