{"lowlevel.dissonance.mean": [0.10900247097015381], "sfx.inharmonicity.mean": [0.24037176370620728], "lowlevel.spectral_contrast.mean": [[0.6041184663772583, 0.9131163358688354, 0.9410277605056763, 0.86485755443573, 0.6277921199798584, 0.4722175598144531]], "lowlevel.spectral_centroid.mean": [0.3678287863731384], "lowlevel.mfcc.mean": [[0.3957003355026245, 0.5348832607269287, 0.42675232887268066, 0.4383174479007721, 0.47883376479148865, 0.3531554341316223, 0.2229081094264984, 0.21943503618240356, 0.4017903804779053, 0.5105952024459839, 0.34034544229507446, 0.41724878549575806, 0.35509517788887024]], "sfx.logattacktime.mean": [0.5892106294631958], "lowlevel.hfc.mean": [0.46596309542655945]}