{
"metadata": {
    "version": {
        "essentia": "2.1-beta2"
    }
},
"lowLevel": {
    "dissonance": {
        "mean": 0.17913377285
    },
    "hfc": {
        "mean": 19.2783718109
    },
    "spectral_centroid": {
        "mean": 0.0590390153229
    },
    "mfcc": {
        "mean": [-696.234863281, 154.530670166, -60.9378013611, 32.6622314453, -24.1927165985, -19.1379756927, -42.5723190308, -46.4665718079, -20.8997478485, -10.5075979233, -20.8492164612, -35.1846504211, -22.0377025604, -10.9297456741, -8.12063598633, 11.391957283, 12.8750095367, 5.95039653778, 7.90889644623, 16.7436695099, 18.3704853058, 29.3554172516, 15.9892282486, -5.1180024147, -5.74223327637, -22.0511302948, -17.2744941711, -3.26730799675, 11.4802913666, 9.1055393219, 9.00203418732, 10.6880702972, -1.65603172779, -8.76284408569, -12.3635387421, -4.26710176468, -1.06822431087, -9.30226230621, -4.14541912079, -5.69048643112]
    },
    "spectral_contrast": {
        "mean": [-0.317429989576, -0.52796369791, -0.562395811081, -0.687502384186, -0.729677915573, -0.759596288204]
    }
},
"sfx": {
    "inharmonicity": {
        "mean": 0.299403697252
    },
    "logattacktime": {
        "mean": -4.97527551651
    }
}
}