{
"metadata": {
    "version": {
        "essentia": "2.1-beta2"
    }
},
"lowLevel": {
    "average_loudness": 0.99068403244,
    "barkbands_kurtosis": {
        "mean": 4.28273677826
    },
    "barkbands_skewness": {
        "mean": -1.29718887806
    },
    "barkbands_spread": {
        "mean": 14.2120742798
    },
    "dissonance": {
        "mean": 0.491094738245
    },
    "hfc": {
        "mean": 226.224075317
    },
    "pitch": {
        "mean": 1715.27954102
    },
    "pitch_instantaneous_confidence": {
        "mean": 0.309507668018
    },
    "pitch_salience": {
        "mean": 0.709230363369
    },
    "silence_rate_20dB": {
        "mean": 1
    },
    "silence_rate_30dB": {
        "mean": 0.833333313465
    },
    "silence_rate_60dB": {
        "mean": 0.214285716414
    },
    "spectral_centroid": {
        "mean": 4474.96875
    },
    "spectral_complexity": {
        "mean": 28.1666660309
    },
    "spectral_crest": {
        "mean": 6.34713172913
    },
    "spectral_decrease": {
        "mean": -6.59673160541e-09
    },
    "spectral_energy": {
        "mean": 0.045416790992
    },
    "spectral_energyband_high": {
        "mean": 0.0267857536674
    },
    "spectral_energyband_low": {
        "mean": 3.40459919244e-05
    },
    "spectral_energyband_middle_high": {
        "mean": 0.0173963084817
    },
    "spectral_energyband_middle_low": {
        "mean": 0.00122618291061
    },
    "spectral_flatness_db": {
        "mean": 0.17295588553
    },
    "spectral_flux": {
        "mean": 0.104932248592
    },
    "spectral_kurtosis": {
        "mean": 0.837153851986
    },
    "spectral_rms": {
        "mean": 0.0051755765453
    },
    "spectral_rolloff": {
        "mean": 6717.33496094
    },
    "spectral_skewness": {
        "mean": 0.766366779804
    },
    "spectral_spread": {
        "mean": 8918296
    },
    "spectral_strongpeak": {
        "mean": 5.12385797501
    },
    "zerocrossingrate": {
        "mean": 0.212100073695
    },
    "barkbands": {
        "mean": [6.23335508863e-05, 9.85444148682e-06, 5.89048170241e-07, 3.6184731016e-06, 0.000201672897674, 0.000155503730639, 7.75457956479e-05, 0.000236367646721, 0.000512141501531, 7.07891013008e-05, 4.82194918732e-05, 0.000145908008562, 0.000755648419727, 0.00038041267544, 0.000570883625187, 0.0020458586514, 0.00139454414602, 0.0042138164863, 0.00699706748128, 0.00222945027053, 0.00537042412907, 0.00580779183656, 0.00867390632629, 0.00373740005307, 0.00140038656536, 0.000296503159916, 1.81616287591e-05]
    },
    "mfcc": {
        "mean": [-669.663146973, -56.0645751953, -54.3319625854, 20.4473838806, -7.22235918045, 3.51525735855, -17.1763744354, 2.11571955681, -12.4687805176, 1.0860710144, 8.03213691711, 11.0977039337, 6.6259894371]
    },
    "sccoeffs": {
        "mean": [-0.677760183811, -0.785009741783, -0.804949104786, -0.756298720837, -0.761412262917, -0.72783690691]
    },
    "scvalleys": {
        "mean": [-9.1371011734, -8.40277576447, -8.15829086304, -7.22882795334, -6.72365474701, -7.70394611359]
    }
},
"rhythm": {
    "beats_loudness": {
        "mean": 0.0235547833145
    },
    "bpm": 166.70866394,
    "first_peak_bpm": {
        "mean": 167
    },
    "first_peak_spread": {
        "mean": 0
    },
    "first_peak_weight": {
        "mean": 1
    },
    "onset_rate": 1.06336808205,
    "second_peak_bpm": {
        "mean": 0
    },
    "second_peak_spread": {
        "mean": 0
    },
    "second_peak_weight": {
        "mean": 0
    },
    "beats_loudness_band_ratio": {
        "mean": [0.00290507101454, 0.0011042857077, 0.00270315213129, 0.0175757594407, 0.342957317829, 0.664524793625]
    },
    "beats_position": [0.348299324512, 0.708208620548],
    "bpm_estimates": [166.70866394],
    "bpm_intervals": [0.359909296036],
    "onset_times": [0.0348299331963]
},
"sfx": {
    "inharmonicity": {
        "mean": 0.128476575017
    },
    "oddtoevenharmonicenergyratio": {
        "mean": 8.02415084839
    },
    "pitch_after_max_to_before_max_energy_ratio": 0.106929734349,
    "pitch_centroid": 21.3785686493,
    "pitch_max_to_total": 0.928571403027,
    "pitch_min_to_total": 0.428571432829,
    "tristimulus": {
        "mean": [0.0976289585233, 0.457377612591, 0.241542369127]
    }
},
"tonal": {
    "chords_changes_rate": 0,
    "chords_number_rate": 0.0454545468092,
    "chords_strength": {
        "mean": 0.309907406569
    },
    "key_strength": 0.561029672623,
    "tuning_diatonic_strength": 0.358563154936,
    "tuning_equal_tempered_deviation": 0.297255903482,
    "tuning_frequency": 446.399932861,
    "tuning_nontempered_energy_ratio": 0.953812777996,
    "hpcp": {
        "mean": [0.399117648602, 0.372241973877, 0.273805588484, 0.198826014996, 0.151102483273, 0.180683895946, 0.242868125439, 0.24147182703, 0.295442283154, 0.392746657133, 0.35716342926, 0.3277592659, 0.343187272549, 0.363338857889, 0.466497778893, 0.460681349039, 0.323146909475, 0.238441511989, 0.182691037655, 0.144034996629, 0.176983088255, 0.499397844076, 0.637326657772, 0.428991228342, 0.325546383858, 0.264747321606, 0.243905693293, 0.221987918019, 0.262755155563, 0.332734555006, 0.46086615324, 0.431702166796, 0.31079891324, 0.378789246082, 0.448384255171, 0.423012137413]
    },
    "chords_histogram": [0, 0, 0, 0, 0, 0, 0, 0, 0, 0, 0, 0, 0, 0, 0, 0, 0, 0, 100, 0, 0, 0, 0, 0],
    "thpcp": [1, 0.673110425472, 0.510799884796, 0.415402859449, 0.382701218128, 0.348311036825, 0.412277042866, 0.522078514099, 0.723123908043, 0.677364051342, 0.487660318613, 0.594340801239, 0.703539133072, 0.663728952408, 0.626237154007, 0.584067821503, 0.42961576581, 0.311968773603, 0.237087965012, 0.283502817154, 0.381073236465, 0.378882348537, 0.463564932346, 0.616240739822, 0.560408711433, 0.514272034168, 0.53847938776, 0.570098340511, 0.731960237026, 0.722833931446, 0.507034957409, 0.374127626419, 0.286652117968, 0.225998699665, 0.277696043253, 0.783582210541],
    "chords_key": "E",
    "chords_scale": "minor",
    "key_key": "C#",
    "key_scale": "minor",
    "chords_progression": ["Em", "Em", "Em", "Em", "Em", "Em", "Em", "Em", "Em", "Em", "Em", "Em", "Em", "Em", "Em", "Em", "Em", "Em", "Em", "Em", "Em", "Em"]
}
}