{
"metadata": {
    "version": {
        "essentia": "2.1-beta2"
    }
},
"lowLevel": {
    "dissonance": {
        "mean": 0.339272916317
    },
    "hfc": {
        "mean": 66.5420684814
    },
    "spectral_centroid": {
        "mean": 0.157912641764
    },
    "mfcc": {
        "mean": [-762.046020508, 59.2293395996, 24.7063503265, 28.5333309174, -0.297606885433, -10.8340053558, -14.437962532, -20.6686134338, -19.3276062012, -15.2827329636, -22.1394691467, -18.4939022064, -25.6277523041, -18.5055866241, -14.6593732834, -16.2914028168, -15.9256839752, -14.9056310654, -10.8965387344, -9.23173618317, -7.08603191376, -1.66495025158, -1.47994101048, 1.31155586243, 1.84743726254, 0.644703269005, 0.575672566891, 0.623622775078, 1.28772485256, -0.618995666504, -2.06391787529, -2.45606470108, -0.726481974125, 0.829303622246, 0.889186561108, -1.69682443142, -3.51699399948, -3.49783086777, -1.85967290401, 0.309904158115]
    },
    "spectral_contrast": {
        "mean": [-0.542588412762, -0.798135638237, -0.829747259617, -0.828310012817, -0.817505419254, -0.745339870453]
    }
},
"sfx": {
    "inharmonicity": {
        "mean": 0.0749786943197
    },
    "logattacktime": {
        "mean": -4.89438152313
    }
}
}