{
"metadata": {
    "version": {
        "essentia": "2.1-beta2"
    }
},
"lowLevel": {
    "dissonance": {
        "mean": 0.138052806258
    },
    "hfc": {
        "mean": 179.50239563
    },
    "spectral_centroid": {
        "mean": 0.119710609317
    },
    "mfcc": {
        "mean": [-901.189453125, -71.07056427, -98.3358688354, -12.4122629166, 54.0020027161, 44.5343818665, 16.5786800385, -21.8860588074, -52.1547546387, 43.0247497559, 76.9464569092, -44.7861785889, -41.8251495361, 50.2947845459, 41.1698570251, -7.93545103073, 18.0942401886, -22.3903903961, -23.3930988312, 51.5162696838, 17.5232772827, -50.5163383484, 24.59141922, -10.074051857, 23.9591903687, -10.229883194, -12.5680370331, 21.7098503113, -16.6388511658, 43.534450531, -35.2365036011, 5.0176782608, -0.915171504021, 12.8577919006, -8.60480117798, 3.44676065445, -8.72644996643, -1.08285427094, 6.39345169067, -4.92974185944]
    },
    "spectral_contrast": {
        "mean": [-0.77825909853, -0.789632201195, -0.264332354069, -0.401242405176, -0.616986989975, -0.655355095863]
    }
},
"sfx": {
    "inharmonicity": {
        "mean": 0.25250723958
    },
    "logattacktime": {
        "mean": -4.97864437103
    }
}
}