{
"metadata": {
    "version": {
        "essentia": "2.1-beta2"
    }
},
"lowLevel": {
    "average_loudness": 0.586902737617,
    "barkbands_kurtosis": {
        "mean": 5.5578584671
    },
    "barkbands_skewness": {
        "mean": 0.515121340752
    },
    "barkbands_spread": {
        "mean": 10.7161664963
    },
    "dissonance": {
        "mean": 0.325499296188
    },
    "hfc": {
        "mean": 2.57498812675
    },
    "pitch": {
        "mean": 344.814025879
    },
    "pitch_instantaneous_confidence": {
        "mean": 0.897097051144
    },
    "pitch_salience": {
        "mean": 0.568292975426
    },
    "silence_rate_20dB": {
        "mean": 1
    },
    "silence_rate_30dB": {
        "mean": 1
    },
    "silence_rate_60dB": {
        "mean": 0.692660570145
    },
    "spectral_centroid": {
        "mean": 866.47454834
    },
    "spectral_complexity": {
        "mean": 4.10091733932
    },
    "spectral_crest": {
        "mean": 12.6360521317
    },
    "spectral_decrease": {
        "mean": -4.95301688552e-10
    },
    "spectral_energy": {
        "mean": 0.00210293848068
    },
    "spectral_energyband_high": {
        "mean": 4.02683190259e-06
    },
    "spectral_energyband_low": {
        "mean": 3.12411566483e-06
    },
    "spectral_energyband_middle_high": {
        "mean": 0.00126505806111
    },
    "spectral_energyband_middle_low": {
        "mean": 0.000828913063742
    },
    "spectral_flatness_db": {
        "mean": 0.304260104895
    },
    "spectral_flux": {
        "mean": 0.00268089608289
    },
    "spectral_kurtosis": {
        "mean": 18.9385299683
    },
    "spectral_rms": {
        "mean": 0.00104406580795
    },
    "spectral_rolloff": {
        "mean": 1393.83203125
    },
    "spectral_skewness": {
        "mean": 3.72592496872
    },
    "spectral_spread": {
        "mean": 7891237
    },
    "spectral_strongpeak": {
        "mean": 1.03138899803
    },
    "zerocrossingrate": {
        "mean": 0.04982932657
    },
    "barkbands": {
        "mean": [3.94972312279e-06, 7.86665907526e-07, 2.35537712001e-07, 4.14535804794e-07, 0.000249500357313, 2.66852282493e-07, 0.000241618836299, 6.09146368902e-08, 0.000337042351021, 3.78898839699e-05, 1.82389612746e-07, 9.72095804173e-05, 6.32726960248e-06, 0.000623187341262, 0.000257040373981, 0.000197466069949, 2.39064011112e-05, 2.3890297598e-06, 1.45557241922e-05, 5.37076311957e-06, 1.31188380692e-06, 7.5052844295e-07, 4.93045718031e-07, 8.20405432478e-07, 1.32143199494e-07, 3.28169669217e-08, 2.28027929872e-09]
    },
    "mfcc": {
        "mean": [-917.551025391, 109.280029297, -21.1827316284, -1.75986850262, 1.19273877144, -9.55933761597, -18.2906970978, -11.766245842, -5.41877698898, 8.3250617981, -6.83124685287, -3.76668715477, -0.20128133893]
    },
    "sccoeffs": {
        "mean": [-0.625906229019, -0.543900728226, -0.586766839027, -0.635849893093, -0.744698643684, -0.833597838879]
    },
    "scvalleys": {
        "mean": [-9.28292179108, -10.6665420532, -11.3605012894, -11.6575479507, -12.2286806107, -12.9620113373]
    }
},
"rhythm": {
    "beats_loudness": {
        "mean": 0.00270827906206
    },
    "bpm": 145.1953125,
    "first_peak_bpm": {
        "mean": 144
    },
    "first_peak_spread": {
        "mean": 0.399999976158
    },
    "first_peak_weight": {
        "mean": 0.600000023842
    },
    "onset_rate": 3.38916373253,
    "second_peak_bpm": {
        "mean": 0
    },
    "second_peak_spread": {
        "mean": 0
    },
    "second_peak_weight": {
        "mean": 0
    },
    "beats_loudness_band_ratio": {
        "mean": [0.175156652927, 0.180890321732, 0.303729236126, 0.216842666268, 0.146740689874, 0.00754678249359]
    },
    "beats_position": [0.394739210606, 0.801088392735, 1.20743763447, 1.6137868166, 2.03174591064, 2.4497051239, 2.86766433716, 3.28562355042, 3.70358276367, 4.12154197693, 4.52789115906],
    "bpm_estimates": [147.656265259, 147.656234741, 147.656265259, 143.554718018, 143.554672241, 143.554672241, 143.554672241, 143.554672241, 143.554672241, 147.656265259],
    "bpm_intervals": [0.406349182129, 0.406349241734, 0.406349182129, 0.417959094048, 0.417959213257, 0.417959213257, 0.417959213257, 0.417959213257, 0.417959213257, 0.406349182129],
    "onset_times": [0.0580498874187, 0.348299324512, 0.487619042397, 0.626938760281, 3.22757363319, 3.29723358154, 3.40172338486, 3.70358276367, 3.80807256699, 3.90095233917, 4.06349229813, 4.19120168686, 4.36535167694, 4.46984148026, 4.73687076569, 4.87619066238, 5.01551008224]
},
"sfx": {
    "inharmonicity": {
        "mean": 0.0163729209453
    },
    "oddtoevenharmonicenergyratio": {
        "mean": 2.21875286102
    },
    "pitch_after_max_to_before_max_energy_ratio": 0.927548587322,
    "pitch_centroid": 146.873825073,
    "pitch_max_to_total": 0.995412826538,
    "pitch_min_to_total": 0.00458715576679,
    "tristimulus": {
        "mean": [0.411026597023, 0.538181304932, 0.0334870517254]
    }
},
"tonal": {
    "chords_changes_rate": 0.0363636352122,
    "chords_number_rate": 0.0272727273405,
    "chords_strength": {
        "mean": 0.422269463539
    },
    "key_strength": 0.585695981979,
    "tuning_diatonic_strength": 0.431946486235,
    "tuning_equal_tempered_deviation": 0.233065381646,
    "tuning_frequency": 433.441375732,
    "tuning_nontempered_energy_ratio": 0.94563138485,
    "hpcp": {
        "mean": [0.509075701237, 0.894092679024, 0.404549658298, 0.00939411483705, 0.00647399155423, 0.00268884934485, 0.11876629293, 0.25056090951, 0.133404538035, 0.00168492668308, 0.0064735407941, 0.045972533524, 0.149899661541, 0.132079795003, 0.0253953486681, 0.00407014042139, 0.00362499128096, 0.0109318709001, 0.0125040495768, 0.00433130934834, 0.00216565071605, 0.135789215565, 0.258386850357, 0.143941313028, 0.0454599373043, 0.0294391494244, 0.00743936514482, 0.00842113886029, 0.0118440799415, 0.246991291642, 0.456994563341, 0.22243604064, 0.0139568224549, 0.0156443193555, 0.00945216231048, 0.0173976570368]
    },
    "chords_histogram": [0, 20.9090900421, 15.4545450211, 0, 0, 0, 0, 0, 0, 0, 0, 0, 0, 0, 0, 0, 0, 0, 0, 63.6363639832, 0, 0, 0, 0],
    "thpcp": [1, 0.452469497919, 0.0105068692937, 0.00724085047841, 0.00300734979101, 0.132834434509, 0.280240416527, 0.149206608534, 0.00188451004215, 0.0072403466329, 0.0514180846512, 0.167655616999, 0.147724941373, 0.0284034851938, 0.00455225771293, 0.00405437964946, 0.0122267762199, 0.01398518309, 0.00484436284751, 0.00242217699997, 0.151873752475, 0.288993358612, 0.160991489887, 0.0508447699249, 0.0329262837768, 0.00832057464868, 0.00941864214838, 0.0132470382378, 0.27624797821, 0.511126637459, 0.248784095049, 0.0156100401655, 0.0174974240363, 0.0105717927217, 0.0194584485143, 0.569376885891],
    "chords_key": "A",
    "chords_scale": "minor",
    "key_key": "D",
    "key_scale": "major",
    "chords_progression": ["F#m", "F#m", "F#m", "F#m", "F#m", "F#m", "F#m", "F#m", "F#m", "F#m", "F#m", "F#m", "F#m", "F#m", "F#m", "F#m", "F#m", "F#m", "F#m", "F#m", "F#m", "F#m", "F#m", "A", "A", "A", "A", "A", "A", "A", "A", "A", "A", "A", "A", "A", "Am", "Am", "Am", "Am", "Am", "Am", "Am", "Am", "Am", "Am", "Am", "Am", "Am", "Am", "Am", "Am", "Am", "Am", "Am", "Am", "Am", "Am", "Am", "Am", "Am", "Am", "Am", "Am", "Am", "Am", "Am", "Am", "Am", "Am", "Am", "Am", "Am", "Am", "Am", "Am", "Am", "Am", "Am", "Am", "Am", "Am", "Am", "Am", "A", "A", "A", "A", "Am", "Am", "Am", "Am", "Am", "Am", "Am", "Am", "Am", "Am", "Am", "Am", "Am", "Am", "Am", "Am", "Am", "Am", "Am", "Am", "Am", "Am"]
}
}