{"lowlevel.dissonance.mean": [-0.03670114278793335], "sfx.inharmonicity.mean": [0.25730082392692566], "lowlevel.spectral_contrast.mean": [[0.7293708920478821, 1.015751838684082, 0.9218589067459106, 0.7609820365905762, 0.3753211498260498, 0.2978971004486084]], "lowlevel.spectral_centroid.mean": [0.3539438247680664], "lowlevel.mfcc.mean": [[0.3460829257965088, 0.7432171106338501, 0.5488306283950806, 0.0029893219470977783, 0.23758910596370697, 0.3300478458404541, 0.18243083357810974, 0.1169869601726532, 0.4310930073261261, 0.5684369802474976, 0.4429251551628113, 0.3268280029296875, 0.38284799456596375]], "sfx.logattacktime.mean": [0.49125954508781433], "lowlevel.hfc.mean": [0.468343585729599]}