{
"metadata": {
    "version": {
        "essentia": "2.1-beta2"
    }
},
"lowLevel": {
    "dissonance": {
        "mean": 0.19533611834
    },
    "hfc": {
        "mean": 36.4284133911
    },
    "spectral_centroid": {
        "mean": 0.0445591211319
    },
    "mfcc": {
        "mean": [-772.344482422, 267.517486572, 14.3790941238, -8.75925827026, 18.0729866028, 17.2200298309, 6.77060604095, -7.70636987686, -12.5505256653, 1.84787487984, 14.1465816498, 8.23147964478, -12.3492183685, -12.3116283417, 0.413793951273, 5.27185297012, 2.79972410202, -2.41172218323, -8.90077400208, -4.7242975235, 5.02500009537, 4.92197132111, -4.2464761734, -6.2655081749, -1.79519820213, 1.69625484943, 1.48849618435, -1.18967807293, -2.26898169518, -1.86898100376, 0.658224463463, 0.232088178396, -1.75986218452, -1.20766103268, 0.308526039124, -0.610311210155, -1.20304751396, -0.615913510323, 0.706104159355, 0.96702092886]
    },
    "spectral_contrast": {
        "mean": [-0.618243694305, -0.719571888447, -0.61284673214, -0.815929591656, -0.876148939133, -0.832138955593]
    }
},
"sfx": {
    "inharmonicity": {
        "mean": 0.125018417835
    },
    "logattacktime": {
        "mean": -4.91023826599
    }
}
}