{
"metadata": {
    "version": {
        "essentia": "2.1-beta2"
    }
},
"lowLevel": {
    "average_loudness": 0.99068403244,
    "barkbands_kurtosis": {
        "mean": 5.11337423325
    },
    "barkbands_skewness": {
        "mean": -0.971670269966
    },
    "barkbands_spread": {
        "mean": 10.8270683289
    },
    "dissonance": {
        "mean": 0.485184013844
    },
    "hfc": {
        "mean": 0.377608388662
    },
    "pitch": {
        "mean": 717.832214355
    },
    "pitch_instantaneous_confidence": {
        "mean": 0.480389237404
    },
    "pitch_salience": {
        "mean": 0.571455299854
    },
    "silence_rate_20dB": {
        "mean": 1
    },
    "silence_rate_30dB": {
        "mean": 1
    },
    "silence_rate_60dB": {
        "mean": 1
    },
    "spectral_centroid": {
        "mean": 3055.40576172
    },
    "spectral_complexity": {
        "mean": 0.368421047926
    },
    "spectral_crest": {
        "mean": 7.93929433823
    },
    "spectral_decrease": {
        "mean": -2.96155738821e-11
    },
    "spectral_energy": {
        "mean": 0.000146026126458
    },
    "spectral_energyband_high": {
        "mean": 1.67599664564e-05
    },
    "spectral_energyband_low": {
        "mean": 2.92206749464e-07
    },
    "spectral_energyband_middle_high": {
        "mean": 0.00012877296831
    },
    "spectral_energyband_middle_low": {
        "mean": 4.98577605867e-08
    },
    "spectral_flatness_db": {
        "mean": 0.22378218174
    },
    "spectral_flux": {
        "mean": 0.00577501486987
    },
    "spectral_kurtosis": {
        "mean": 8.53901100159
    },
    "spectral_rms": {
        "mean": 0.000291951728286
    },
    "spectral_rolloff": {
        "mean": 4294.17431641
    },
    "spectral_skewness": {
        "mean": 2.2851858139
    },
    "spectral_spread": {
        "mean": 9351300
    },
    "spectral_strongpeak": {
        "mean": 0.260202020407
    },
    "zerocrossingrate": {
        "mean": 0.142423927784
    },
    "barkbands": {
        "mean": [4.11240336007e-07, 1.20841463058e-07, 3.71635833218e-09, 3.6182294938e-09, 1.05759720981e-08, 9.44974853923e-09, 2.21062657069e-09, 1.47258214511e-08, 8.29730595342e-09, 1.20738388176e-08, 2.11115089854e-08, 3.26420384056e-08, 1.25917111404e-07, 4.35609144915e-05, 3.05994071823e-05, 5.81888025408e-06, 1.21316406876e-05, 1.25142087199e-05, 2.00594004127e-05, 8.63348031999e-06, 6.4084697442e-06, 2.964829946e-06, 1.62217691013e-06, 6.34582818293e-07, 2.04631788847e-07, 9.36684756425e-08, 3.54141183045e-09]
    },
    "mfcc": {
        "mean": [-1002.50823975, -32.0118370056, -78.4100799561, 46.8926048279, 37.0397453308, 12.4137220383, -8.31425380707, -5.91924142838, 6.29883432388, 21.4309310913, 14.6304340363, -6.11782598495, -9.31079673767]
    },
    "sccoeffs": {
        "mean": [-0.798533380032, -0.860303103924, -0.897327542305, -0.677341878414, -0.755478084087, -0.775005996227]
    },
    "scvalleys": {
        "mean": [-11.6013412476, -12.3080444336, -12.2975387573, -11.184094429, -10.6881818771, -12.7077856064]
    }
},
"rhythm": {
    "bpm": 0,
    "first_peak_bpm": {
        "mean": 0
    },
    "first_peak_spread": {
        "mean": 0
    },
    "first_peak_weight": {
        "mean": 0
    },
    "onset_rate": 2.392578125,
    "second_peak_bpm": {
        "mean": 0
    },
    "second_peak_spread": {
        "mean": 0
    },
    "second_peak_weight": {
        "mean": 0
    },
    "beats_position": [],
    "bpm_estimates": [],
    "bpm_intervals": [],
    "onset_times": [0.0348299331963]
},
"sfx": {
    "inharmonicity": {
        "mean": 0.118111662567
    },
    "oddtoevenharmonicenergyratio": {
        "mean": 2.49963641167
    },
    "pitch_after_max_to_before_max_energy_ratio": 2.05874490738,
    "pitch_centroid": 5.94124364853,
    "pitch_max_to_total": 0.105263158679,
    "pitch_min_to_total": 0.315789461136,
    "tristimulus": {
        "mean": [0.0735798701644, 0.53289270401, 0.253868699074]
    }
},
"tonal": {
    "chords_changes_rate": 0,
    "chords_number_rate": 0.10000000149,
    "chords_strength": {
        "mean": 0.242106050253
    },
    "key_strength": 0.492163449526,
    "tuning_diatonic_strength": 0.311688154936,
    "tuning_equal_tempered_deviation": 0.279309600592,
    "tuning_frequency": 445.627075195,
    "tuning_nontempered_energy_ratio": 0.935825586319,
    "hpcp": {
        "mean": [0.289603352547, 0.329047977924, 0.295118510723, 0.102243624628, 0.059027928859, 0.0579826459289, 0.0568493530154, 0.0788939148188, 0.0806239694357, 0.0800602808595, 0.154851540923, 0.161454871297, 0.110995434225, 0.101812377572, 0.0993110314012, 0.171424761415, 0.269520193338, 0.340244650841, 0.36630398035, 0.27015465498, 0.09316419065, 0.0106819216162, 0.0450393930078, 0.0662750303745, 0.0323979221284, 0.00900205317885, 0.029216080904, 0.329165041447, 0.580226421356, 0.643052756786, 0.464781612158, 0.205393314362, 0.483607828617, 0.610170900822, 0.363254696131, 0.306832671165]
    },
    "chords_histogram": [0, 0, 0, 0, 0, 0, 0, 0, 0, 0, 0, 0, 0, 100, 0, 0, 0, 0, 0, 0, 0, 0, 0, 0],
    "thpcp": [1, 0.72277367115, 0.319403529167, 0.752049982548, 0.948866009712, 0.564890980721, 0.477150082588, 0.450357079506, 0.511696696281, 0.458933591843, 0.158997252584, 0.0917932912707, 0.0901677906513, 0.0884054228663, 0.12268653512, 0.125376909971, 0.124500334263, 0.240806907415, 0.25107562542, 0.172607049346, 0.158326625824, 0.154436826706, 0.266579627991, 0.419126093388, 0.529108464718, 0.56963288784, 0.420112729073, 0.14487798512, 0.0166112687439, 0.0700399652123, 0.103063128889, 0.050381436944, 0.0139989340678, 0.0454334132373, 0.511878728867, 0.902299880981],
    "chords_key": "F",
    "chords_scale": "minor",
    "key_key": "G",
    "key_scale": "major",
    "chords_progression": ["Fm", "Fm", "Fm", "Fm", "Fm", "Fm", "Fm", "Fm", "Fm", "Fm"]
}
}