{"lowlevel.dissonance.mean": [-0.07592517137527466], "sfx.inharmonicity.mean": [0.2933509647846222], "lowlevel.spectral_contrast.mean": [[0.4243208169937134, 1.2988030910491943, 1.3179025650024414, 1.0156052112579346, 1.263604760169983, 0.41624999046325684]], "lowlevel.spectral_centroid.mean": [0.39630088210105896], "lowlevel.mfcc.mean": [[0.2730123996734619, 0.3135837912559509, 0.19463852047920227, 0.12602168321609497, 0.2302195429801941, 0.25133252143859863, 0.4046509563922882, 0.36955395340919495, 0.5554203987121582, 0.5059029459953308, 0.6938050985336304, 1.3151476383209229, 1.26304030418396]], "sfx.logattacktime.mean": [0.186334490776062], "lowlevel.hfc.mean": [0.4678637683391571]}