{
"metadata": {
    "version": {
        "essentia": "2.1-beta2"
    }
},
"lowLevel": {
    "dissonance": {
        "mean": 0.128964647651
    },
    "hfc": {
        "mean": 35.4764289856
    },
    "spectral_centroid": {
        "mean": 0.0654782131314
    },
    "mfcc": {
        "mean": [-937.015197754, 90.0950698853, 59.5702438354, 46.5547981262, 21.0160923004, 3.78076672554, -6.35892343521, -11.0288171768, -14.7705230713, -19.5346336365, -24.7272071838, -21.3176708221, -22.7698364258, -21.8546943665, -23.0954780579, -22.1732883453, -19.5395908356, -16.9478664398, -11.1683301926, -4.76390361786, 0.318844914436, 4.31205892563, 3.80275130272, 3.60043787956, 0.687010109425, -1.64000284672, -2.81460475922, -4.03035497665, -4.24169397354, -3.80528664589, -3.26626443863, -1.78982996941, -0.94191133976, 0.398628622293, 1.47166407108, 0.3750256598, -0.375725448132, -0.715522170067, -0.443636536598, 0.374137789011]
    },
    "spectral_contrast": {
        "mean": [-0.482721954584, -0.838335692883, -0.870058238506, -0.880342245102, -0.886901259422, -0.825771450996]
    }
},
"sfx": {
    "inharmonicity": {
        "mean": 0.0240570176393
    },
    "logattacktime": {
        "mean": -4.89368247986
    }
}
}