{
"metadata": {
    "version": {
        "essentia": "2.1-beta2"
    }
},
"lowLevel": {
    "average_loudness": 0.99068403244,
    "barkbands_kurtosis": {
        "mean": 0.623852074146
    },
    "barkbands_skewness": {
        "mean": 0.206661358476
    },
    "barkbands_spread": {
        "mean": 7.64734220505
    },
    "dissonance": {
        "mean": 0.321952670813
    },
    "hfc": {
        "mean": 11.0536832809
    },
    "pitch": {
        "mean": 573.37286377
    },
    "pitch_instantaneous_confidence": {
        "mean": 0.95118188858
    },
    "pitch_salience": {
        "mean": 0.497411370277
    },
    "silence_rate_20dB": {
        "mean": 1
    },
    "silence_rate_30dB": {
        "mean": 0.985915482044
    },
    "silence_rate_60dB": {
        "mean": 0.802816927433
    },
    "spectral_centroid": {
        "mean": 1364.55297852
    },
    "spectral_complexity": {
        "mean": 2.60563373566
    },
    "spectral_crest": {
        "mean": 15.8694858551
    },
    "spectral_decrease": {
        "mean": -1.44950629277e-09
    },
    "spectral_energy": {
        "mean": 0.00647337315604
    },
    "spectral_energyband_high": {
        "mean": 0.000225110765314
    },
    "spectral_energyband_low": {
        "mean": 6.62391084916e-06
    },
    "spectral_energyband_middle_high": {
        "mean": 0.00389168667607
    },
    "spectral_energyband_middle_low": {
        "mean": 0.00235502747819
    },
    "spectral_flatness_db": {
        "mean": 0.617613434792
    },
    "spectral_flux": {
        "mean": 0.0136136049405
    },
    "spectral_kurtosis": {
        "mean": 51.7536201477
    },
    "spectral_rms": {
        "mean": 0.00137180252932
    },
    "spectral_rolloff": {
        "mean": 1902.5032959
    },
    "spectral_skewness": {
        "mean": 5.74624919891
    },
    "spectral_spread": {
        "mean": 4686516.5
    },
    "spectral_strongpeak": {
        "mean": 1.25305628777
    },
    "zerocrossingrate": {
        "mean": 0.0711515173316
    },
    "barkbands": {
        "mean": [2.63658506583e-07, 6.19348497821e-07, 1.42132000747e-06, 2.85033765977e-05, 0.000229676428717, 0.000141216733027, 7.15240021236e-05, 0.00187447143253, 9.46456839301e-06, 7.58241503718e-06, 3.01761901937e-05, 0.00116751925088, 5.77437674565e-07, 0.000166637240909, 3.78810864277e-06, 0.00181808287743, 6.82038262312e-06, 0.000169573992025, 3.26974404743e-05, 0.000489790574647, 7.28842351236e-05, 4.01705692639e-05, 1.71727824636e-05, 5.10593308718e-05, 2.60467604676e-05, 6.60902878735e-06, 9.02964075067e-06]
    },
    "mfcc": {
        "mean": [-998.256164551, 42.6218070984, -64.9060211182, -36.6073493958, -17.2156887054, -12.2230157852, -4.99351263046, -4.69954633713, 0.830614387989, -3.44229674339, 0.0269385054708, 33.2432479858, 42.5045166016]
    },
    "sccoeffs": {
        "mean": [-0.867629468441, -0.406627207994, -0.401730597019, -0.629466235638, -0.550640761852, -0.872424721718]
    },
    "scvalleys": {
        "mean": [-13.3887681961, -12.7513637543, -12.8610563278, -13.1016893387, -13.7904634476, -14.3043441772]
    }
},
"rhythm": {
    "beats_loudness": {
        "mean": 0.000952042988501
    },
    "bpm": 112.347137451,
    "first_peak_bpm": {
        "mean": 112
    },
    "first_peak_spread": {
        "mean": 0
    },
    "first_peak_weight": {
        "mean": 1
    },
    "onset_rate": 0.621897578239,
    "second_peak_bpm": {
        "mean": 0
    },
    "second_peak_spread": {
        "mean": 0
    },
    "second_peak_weight": {
        "mean": 0
    },
    "beats_loudness_band_ratio": {
        "mean": [2.54841722835e-07, 2.99054761399e-07, 0.50423169136, 0.414481580257, 0.0808953642845, 0.000395753304474]
    },
    "beats_position": [0.522448956966, 1.05650794506],
    "bpm_estimates": [112.347137451],
    "bpm_intervals": [0.534058988094],
    "onset_times": [0.0232199542224]
},
"sfx": {
    "inharmonicity": {
        "mean": 0.0236359406263
    },
    "oddtoevenharmonicenergyratio": {
        "mean": 1.84968912601
    },
    "pitch_after_max_to_before_max_energy_ratio": 12.1744089127,
    "pitch_centroid": 34.4581947327,
    "pitch_max_to_total": 0,
    "pitch_min_to_total": 0.0140845067799,
    "tristimulus": {
        "mean": [0.24181202054, 0.733231425285, 0.0144911855459]
    }
},
"tonal": {
    "chords_changes_rate": 0,
    "chords_number_rate": 0.0277777779847,
    "chords_strength": {
        "mean": 0.366305708885
    },
    "key_strength": 0.57427573204,
    "tuning_diatonic_strength": 0.38536131382,
    "tuning_equal_tempered_deviation": 0.104022487998,
    "tuning_frequency": 443.828887939,
    "tuning_nontempered_energy_ratio": 0.63450974226,
    "hpcp": {
        "mean": [4.37001108367e-05, 0.000103686688817, 0.000174496439286, 0.000774275977165, 0.0100874379277, 0.0185603015125, 0.00932368822396, 0.00080937606981, 0.00162064866163, 0.00436954339966, 0.00899900030345, 0.5476334095, 1, 0.462687373161, 0.00472656683996, 1.86296565516e-05, 5.66486705793e-05, 0.000119670963613, 0.000584687804803, 0.00100195687264, 0.000518026703503, 3.84246704925e-05, 0.0012555110734, 0.00634052790701, 0.00614392850548, 0.00110507663339, 0.00010364085756, 0.000123376201373, 0.00277459714562, 0.00805895775557, 0.00827715080231, 0.00858729239553, 0.0127686820924, 0.0135907689109, 0.00653842277825, 7.42531119613e-05]
    },
    "chords_histogram": [0, 0, 0, 0, 0, 0, 0, 100, 0, 0, 0, 0, 0, 0, 0, 0, 0, 0, 0, 0, 0, 0, 0, 0],
    "thpcp": [1, 0.462687373161, 0.00472656683996, 1.86296565516e-05, 5.66486705793e-05, 0.000119670963613, 0.000584687804803, 0.00100195687264, 0.000518026703503, 3.84246704925e-05, 0.0012555110734, 0.00634052790701, 0.00614392850548, 0.00110507663339, 0.00010364085756, 0.000123376201373, 0.00277459714562, 0.00805895775557, 0.00827715080231, 0.00858729239553, 0.0127686820924, 0.0135907689109, 0.00653842277825, 7.42531119613e-05, 4.37001108367e-05, 0.000103686688817, 0.000174496439286, 0.000774275977165, 0.0100874379277, 0.0185603015125, 0.00932368822396, 0.00080937606981, 0.00162064866163, 0.00436954339966, 0.00899900030345, 0.5476334095],
    "chords_key": "F#",
    "chords_scale": "major",
    "key_key": "F#",
    "key_scale": "minor",
    "chords_progression": ["F#", "F#", "F#", "F#", "F#", "F#", "F#", "F#", "F#", "F#", "F#", "F#", "F#", "F#", "F#", "F#", "F#", "F#", "F#", "F#", "F#", "F#", "F#", "F#", "F#", "F#", "F#", "F#", "F#", "F#", "F#", "F#", "F#", "F#", "F#", "F#"]
}
}