{"lowlevel.dissonance.mean": [0.22543847560882568], "sfx.inharmonicity.mean": [0.2529408633708954], "lowlevel.spectral_contrast.mean": [[0.549784779548645, 0.7458409070968628, 0.880265474319458, 0.7908905744552612, 0.5656769275665283, 0.4014585018157959]], "lowlevel.spectral_centroid.mean": [0.37054890394210815], "lowlevel.mfcc.mean": [[0.31312859058380127, 0.560136079788208, 0.39282357692718506, 0.3281533718109131, 0.5917381048202515, 0.40903180837631226, 0.26239126920700073, 0.2690819203853607, 0.5126570463180542, 0.5969975590705872, 0.5542314052581787, 0.3714919090270996, 0.33663544058799744]], "sfx.logattacktime.mean": [0.5363178253173828], "lowlevel.hfc.mean": [0.4652877748012543]}