{"lowlevel.dissonance.mean": [0.10604202747344971], "sfx.inharmonicity.mean": [0.4432779550552368], "lowlevel.spectral_contrast.mean": [[0.4715968370437622, 0.42557811737060547, 1.4668134450912476, 0.6864964962005615, 0.6510968208312988, 0.5229275226593018]], "lowlevel.spectral_centroid.mean": [0.41196250915527344], "lowlevel.mfcc.mean": [[0.25593101978302, 0.20773082971572876, 0.20489728450775146, 0.16652147471904755, 0.38855424523353577, 0.6427106261253357, 1.0849870443344116, 1.035834789276123, 0.7117775678634644, 0.04272747039794922, 0.20901837944984436, 0.7780437469482422, 1.6851016283035278]], "sfx.logattacktime.mean": [0.6416244506835938], "lowlevel.hfc.mean": [0.4680177867412567]}