{
"metadata": {
    "version": {
        "essentia": "2.1-beta2"
    }
},
"lowLevel": {
    "dissonance": {
        "mean": 0.0608950443566
    },
    "hfc": {
        "mean": 22.8402824402
    },
    "spectral_centroid": {
        "mean": 0.0281068719923
    },
    "mfcc": {
        "mean": [-846.249694824, 281.264984131, 59.4434585571, -35.2983779907, -25.6454467773, -19.7254505157, -42.6281318665, -38.96849823, 1.03345382214, 23.0053501129, 17.3262443542, 2.39044499397, -8.82313632965, -8.2019329071, -9.83999252319, -8.77385425568, 0.343918055296, -1.07850897312, -4.74754858017, -1.75827050209, -2.07354235649, -4.1022901535, -3.51591014862, 1.57678699493, 4.93911266327, 0.200937196612, -3.75521373749, -4.61668920517, -5.57511138916, -5.84538555145, -6.10679244995, -2.03178119659, 3.65418887138, 3.39057970047, -0.0521135702729, -1.8794182539, -0.139046669006, 1.92593169212, 1.84425449371, 1.58405530453]
    },
    "spectral_contrast": {
        "mean": [-0.53020042181, -0.453394472599, -0.763458311558, -0.883717954159, -0.885810434818, -0.808657646179]
    }
},
"sfx": {
    "inharmonicity": {
        "mean": 0.248510971665
    },
    "logattacktime": {
        "mean": -4.96510219574
    }
}
}