{"lowlevel.dissonance.mean": [-0.3033698797225952], "sfx.inharmonicity.mean": [0.34183982014656067], "lowlevel.spectral_contrast.mean": [[0.632547914981842, 1.4359080791473389, 1.2938696146011353, 1.022231101989746, 0.4564237594604492, 0.292095422744751]], "lowlevel.spectral_centroid.mean": [0.3587474524974823], "lowlevel.mfcc.mean": [[0.3382301330566406, 0.6288471221923828, 0.40176528692245483, -0.12482869625091553, 0.0006317198276519775, 0.05197077989578247, 0.061728209257125854, 0.21752449870109558, 0.4969237744808197, 0.371273934841156, 0.133762925863266, 0.05604526400566101, 0.3560628890991211]], "sfx.logattacktime.mean": [0.3080545961856842], "lowlevel.hfc.mean": [0.47701147198677063]}