{
"metadata": {
    "version": {
        "essentia": "2.1-beta2"
    }
},
"lowLevel": {
    "dissonance": {
        "mean": 0.317218273878
    },
    "hfc": {
        "mean": 38.5144424438
    },
    "spectral_centroid": {
        "mean": 0.169005855918
    },
    "mfcc": {
        "mean": [-770.250671387, 49.492061615, 23.3215904236, 28.3887825012, -0.124627739191, -13.4793453217, -15.2786779404, -19.6034603119, -19.8458614349, -18.5463047028, -24.802614212, -18.4425792694, -22.5881843567, -16.6233940125, -13.3889579773, -15.9969568253, -15.3656339645, -15.9591770172, -13.5680322647, -9.72359275818, -6.70073223114, -0.534076809883, -1.03488266468, 0.379179984331, 0.523010611534, 0.0402105599642, 0.562975049019, 1.57123637199, 1.22125136852, 0.534927606583, -1.10649180412, -1.95601201057, -2.18679499626, -0.949852406979, -0.754713892937, -1.87476837635, -3.14337778091, -3.08080291748, -1.35333919525, 0.493161797523]
    },
    "spectral_contrast": {
        "mean": [-0.544522464275, -0.77581512928, -0.828563094139, -0.825389623642, -0.845027923584, -0.743989408016]
    }
},
"sfx": {
    "inharmonicity": {
        "mean": 0.091810926795
    },
    "logattacktime": {
        "mean": -4.90909528732
    }
}
}