{
"metadata": {
    "version": {
        "essentia": "2.1-beta2"
    }
},
"lowLevel": {
    "dissonance": {
        "mean": 0.0655152574182
    },
    "hfc": {
        "mean": 25.4500255585
    },
    "spectral_centroid": {
        "mean": 0.026192702353
    },
    "mfcc": {
        "mean": [-857.376342773, 255.297409058, 36.6094894409, -34.9602813721, -32.0314598083, -40.1280326843, -48.203792572, -51.0365142822, -35.1401672363, -2.01821923256, 8.38292503357, -2.18513464928, -3.31892323494, -3.07774734497, -5.81461811066, 1.20493531227, 4.65484857559, -7.88758897781, -18.0316143036, -14.1461448669, -7.85885477066, -4.32335758209, -0.752591371536, -0.884839713573, -5.45118188858, -9.39513397217, -7.97508955002, 0.762837469578, 8.1220035553, 2.3689801693, -10.9967298508, -14.1969480515, -7.01905584335, -3.87200522423, -3.61827206612, -1.77650022507, -1.12365627289, 0.326769888401, 0.974468767643, -0.572840929031]
    },
    "spectral_contrast": {
        "mean": [-0.360596001148, -0.599319338799, -0.744476318359, -0.842005312443, -0.885189950466, -0.816071867943]
    }
},
"sfx": {
    "inharmonicity": {
        "mean": 0.0642370507121
    },
    "logattacktime": {
        "mean": -4.98068332672
    }
}
}