{
"metadata": {
    "version": {
        "essentia": "2.1-beta2"
    }
},
"lowLevel": {
    "dissonance": {
        "mean": 0.144558280706
    },
    "hfc": {
        "mean": 2.50948905945
    },
    "spectral_centroid": {
        "mean": 0.0630543828011
    },
    "mfcc": {
        "mean": [-807.723693848, 168.386322021, -43.2305335999, -17.1576519012, -9.46686553955, -9.3952665329, -22.7252407074, -24.2986774445, -14.4395198822, 8.33152198792, -12.0940151215, -15.0054330826, -6.02798032761, -6.26313924789, -20.1772441864, -3.08800005913, -3.23366093636, -8.80858325958, 0.085228279233, 12.0924806595, 15.0698690414, -5.16073036194, -0.459768861532, 6.61596298218, 17.3587436676, 22.7154808044, 8.91658973694, 0.468206197023, 3.54285240173, 6.18255996704, -0.292688906193, -7.61126232147, -7.26929235458, 0.915078163147, 7.37929296494, 14.8272371292, 9.28209590912, -2.29695057869, -4.68949127197, 2.89895892143]
    },
    "spectral_contrast": {
        "mean": [-0.55429905653, -0.601515471935, -0.575197219849, -0.728119552135, -0.817534685135, -0.782077252865]
    }
},
"sfx": {
    "inharmonicity": {
        "mean": 0.175461545587
    },
    "logattacktime": {
        "mean": -5
    }
}
}