{
"metadata": {
    "version": {
        "essentia": "2.1-beta2"
    }
},
"lowLevel": {
    "average_loudness": 0.375685155392,
    "barkbands_kurtosis": {
        "mean": 0.595068693161
    },
    "barkbands_skewness": {
        "mean": -0.889880776405
    },
    "barkbands_spread": {
        "mean": 26.4840297699
    },
    "dissonance": {
        "mean": 0.4768422544
    },
    "hfc": {
        "mean": 41.1304702759
    },
    "pitch": {
        "mean": 758.799621582
    },
    "pitch_instantaneous_confidence": {
        "mean": 0.314865469933
    },
    "pitch_salience": {
        "mean": 0.593734681606
    },
    "silence_rate_20dB": {
        "mean": 1
    },
    "silence_rate_30dB": {
        "mean": 0.962499976158
    },
    "silence_rate_60dB": {
        "mean": 0.675000011921
    },
    "spectral_centroid": {
        "mean": 2204.10009766
    },
    "spectral_complexity": {
        "mean": 13.9937496185
    },
    "spectral_crest": {
        "mean": 6.02761936188
    },
    "spectral_decrease": {
        "mean": -2.34626518214e-09
    },
    "spectral_energy": {
        "mean": 0.0125860050321
    },
    "spectral_energyband_high": {
        "mean": 0.00344317103736
    },
    "spectral_energyband_low": {
        "mean": 4.16067996412e-05
    },
    "spectral_energyband_middle_high": {
        "mean": 0.00850406847894
    },
    "spectral_energyband_middle_low": {
        "mean": 0.000614034128375
    },
    "spectral_flatness_db": {
        "mean": 0.191369876266
    },
    "spectral_flux": {
        "mean": 0.0381333380938
    },
    "spectral_kurtosis": {
        "mean": 12.0209970474
    },
    "spectral_rms": {
        "mean": 0.00220022676513
    },
    "spectral_rolloff": {
        "mean": 3519.60083008
    },
    "spectral_skewness": {
        "mean": 1.90861356258
    },
    "spectral_spread": {
        "mean": 3769471.5
    },
    "spectral_strongpeak": {
        "mean": 0.973718166351
    },
    "zerocrossingrate": {
        "mean": 0.115692138672
    },
    "barkbands": {
        "mean": [0.00011682134209, 3.52271672455e-06, 4.74331812939e-07, 1.74041633727e-06, 0.000281532469671, 8.81946689333e-05, 5.67147026231e-06, 6.9591900683e-05, 8.34576349007e-05, 0.000221874535782, 0.000730495492462, 0.000538261549082, 0.000699530297425, 0.000966469873674, 0.000745009514503, 0.00066513963975, 0.000743521086406, 0.000973624992184, 0.00171536277048, 0.000983673264273, 0.000728050828911, 0.000918309029657, 0.000660428777337, 0.000405390601372, 0.000178871865501, 5.72314820602e-05, 3.76047205464e-06]
    },
    "mfcc": {
        "mean": [-776.19519043, 57.3778991699, -119.01877594, 14.7717056274, -23.0056247711, 6.6591963768, 15.6642398834, 19.1739063263, 10.3621063232, 9.89433574677, 9.61108970642, 5.43667984009, -0.605068027973]
    },
    "sccoeffs": {
        "mean": [-0.594191133976, -0.708521008492, -0.732008337975, -0.753936171532, -0.745488584042, -0.660292685032]
    },
    "scvalleys": {
        "mean": [-9.34415245056, -9.12124252319, -7.69734096527, -7.21491336823, -7.60535669327, -11.6622657776]
    }
},
"rhythm": {
    "beats_loudness": {
        "mean": 0.00589794060215
    },
    "bpm": 129.19921875,
    "first_peak_bpm": {
        "mean": 129
    },
    "first_peak_spread": {
        "mean": 0
    },
    "first_peak_weight": {
        "mean": 1
    },
    "onset_rate": 0.27149823308,
    "second_peak_bpm": {
        "mean": 0
    },
    "second_peak_spread": {
        "mean": 0
    },
    "second_peak_weight": {
        "mean": 0
    },
    "beats_loudness_band_ratio": {
        "mean": [0.0820517987013, 0.00135348248295, 0.0416581295431, 0.293027609587, 0.365978956223, 0.222357615829]
    },
    "beats_position": [0.452789098024, 0.917188167572, 1.38158726692, 1.84598636627, 2.31038546562, 2.77478456497, 3.23918366432],
    "bpm_estimates": [129.19921875, 129.19921875, 129.19921875, 129.19921875, 129.19921875, 129.19921875],
    "bpm_intervals": [0.464399069548, 0.46439909935, 0.46439909935, 0.46439909935, 0.46439909935, 0.46439909935],
    "onset_times": [0.0696598663926]
},
"sfx": {
    "inharmonicity": {
        "mean": 0.12274813652
    },
    "oddtoevenharmonicenergyratio": {
        "mean": 2.68017578125
    },
    "pitch_after_max_to_before_max_energy_ratio": 6.8157043457,
    "pitch_centroid": 82.3207015991,
    "pitch_max_to_total": 0.15000000596,
    "pitch_min_to_total": 0.25624999404,
    "tristimulus": {
        "mean": [0.152184933424, 0.539776444435, 0.199482649565]
    }
},
"tonal": {
    "chords_changes_rate": 0.037037037313,
    "chords_number_rate": 0.0493827164173,
    "chords_strength": {
        "mean": 0.513639986515
    },
    "key_strength": 0.795507848263,
    "tuning_diatonic_strength": 0.471130907536,
    "tuning_equal_tempered_deviation": 0.271993607283,
    "tuning_frequency": 442.548919678,
    "tuning_nontempered_energy_ratio": 0.922960281372,
    "hpcp": {
        "mean": [0.208767175674, 0.282091975212, 0.324411511421, 0.481433719397, 0.555823802948, 0.293101042509, 0.15299756825, 0.191318616271, 0.245444610715, 0.265651226044, 0.168915256858, 0.153480350971, 0.1665007025, 0.166022121906, 0.28616514802, 0.294728577137, 0.370022058487, 0.605472922325, 0.475294947624, 0.402587890625, 0.366588920355, 0.14358061552, 0.15734757483, 0.332013815641, 0.584518432617, 0.655063271523, 0.446990311146, 0.341820508242, 0.283049792051, 0.19870261848, 0.20085927844, 0.217629939318, 0.328815728426, 0.345867991447, 0.204968675971, 0.156914100051]
    },
    "chords_histogram": [0, 0, 0, 0, 0, 0, 0, 54.3209877014, 3.70370364189, 38.2716064453, 0, 0, 0, 0, 3.70370364189, 0, 0, 0, 0, 0, 0, 0, 0, 0],
    "thpcp": [1, 0.682362020016, 0.521812975407, 0.432095348835, 0.303333461285, 0.306625753641, 0.332227349281, 0.501960277557, 0.527991712093, 0.312899053097, 0.239540368319, 0.318697720766, 0.430633187294, 0.495236903429, 0.734942317009, 0.848504006863, 0.447439283133, 0.233561515808, 0.292061269283, 0.374688416719, 0.4055352211, 0.257860988379, 0.23429851234, 0.254175007343, 0.25344440341, 0.436851143837, 0.449923843145, 0.564864635468, 0.924296855927, 0.725571036339, 0.614578604698, 0.559623658657, 0.219185873866, 0.240202099085, 0.506842374802, 0.892308354378],
    "chords_key": "D#",
    "chords_scale": "major",
    "key_key": "D#",
    "key_scale": "minor",
    "chords_progression": ["Gm", "Gm", "Gm", "D#", "D#", "D#", "D#", "D#", "D#", "D#", "D#", "D#", "D#", "D#", "D#", "D#", "D#", "D#", "D#", "D#", "D#", "D#", "D#", "D#", "D#", "D#", "D#", "D#", "D#", "D#", "D#", "D#", "D#", "D#", "D#", "D#", "D#", "D#", "D#", "D#", "D#", "D#", "D#", "D#", "D#", "D#", "D#", "Em", "Em", "Em", "A#", "A#", "A#", "A#", "A#", "A#", "A#", "A#", "A#", "A#", "A#", "A#", "A#", "A#", "A#", "A#", "A#", "A#", "A#", "A#", "A#", "A#", "A#", "A#", "A#", "A#", "A#", "A#", "A#", "A#", "A#"]
}
}