{
"metadata": {
    "version": {
        "essentia": "2.1-beta2"
    }
},
"lowLevel": {
    "dissonance": {
        "mean": 0.175939098001
    },
    "hfc": {
        "mean": 5.58455324173
    },
    "spectral_centroid": {
        "mean": 0.251436412334
    },
    "mfcc": {
        "mean": [-908.553283691, -6.88609743118, -60.1701660156, -44.2034416199, 28.8289260864, 24.2749118805, 2.41780638695, -30.2561950684, 28.6411323547, 33.8162918091, 21.2511730194, -7.6443977356, 35.5946655273, 34.6492652893, -7.74111270905, -14.8278541565, -8.85939216614, 16.6580123901, 28.3696174622, -6.15816020966, 0.630400240421, 12.9922971725, 7.25994873047, -7.85517930984, -7.24384975433, 11.1813259125, 5.36354541779, 4.8957862854, -8.46123886108, -5.92666196823, 6.51938724518, 8.03277015686, -2.9658062458, 6.4320807457, -9.0751914978, -4.72290325165, 5.72565841675, 5.03758144379, -2.19179964066, -6.79165077209]
    },
    "spectral_contrast": {
        "mean": [-0.717461109161, -0.772546589375, -0.54118168354, -0.820200264454, -0.827683269978, -0.703717470169]
    }
},
"sfx": {
    "inharmonicity": {
        "mean": 0.326631546021
    },
    "logattacktime": {
        "mean": -4.92959165573
    }
}
}