{
"metadata": {
    "version": {
        "essentia": "2.1-beta2"
    }
},
"lowLevel": {
    "dissonance": {
        "mean": 0.134155571461
    },
    "hfc": {
        "mean": 72.822593689
    },
    "spectral_centroid": {
        "mean": 0.123351372778
    },
    "mfcc": {
        "mean": [-976.242675781, -49.405166626, -89.5997009277, 13.0120592117, 39.4899978638, 31.4448184967, -20.6394939423, -52.6443252563, 16.3744316101, 88.3229141235, -26.1041126251, -76.4317321777, 50.3794555664, 48.1958351135, -25.1934204102, 8.93618869781, -27.3095188141, 13.2969484329, 50.6702957153, -39.0989570618, -11.0635471344, 28.0593452454, -1.4968007803, 4.93258094788, -20.5567073822, 28.7862415314, -18.0423622131, 20.0522003174, -6.49626207352, 1.61245191097, 3.11494541168, -4.94385147095, 7.76402759552, 6.79153060913, -7.89544773102, -2.97095394135, 1.83868932724, 5.2165555954, 9.1764087677, -21.3053817749]
    },
    "spectral_contrast": {
        "mean": [-0.824970304966, -0.861405014992, -0.263242006302, -0.501540005207, -0.725319981575, -0.676270961761]
    }
},
"sfx": {
    "inharmonicity": {
        "mean": 0.128264471889
    },
    "logattacktime": {
        "mean": -4.97571086884
    }
}
}