{
"metadata": {
    "version": {
        "essentia": "2.1-beta2"
    }
},
"lowLevel": {
    "dissonance": {
        "mean": 0.206396892667
    },
    "hfc": {
        "mean": 42.2352752686
    },
    "spectral_centroid": {
        "mean": 0.100961849093
    },
    "mfcc": {
        "mean": [-880.626525879, 67.0813064575, 46.4177093506, 45.124622345, 21.6508350372, 7.18012142181, -3.30414962769, -12.7877168655, -19.1938934326, -22.3642959595, -29.1432933807, -24.5820007324, -27.8178443909, -23.0549259186, -19.3861865997, -19.2947483063, -15.0537586212, -11.5440149307, -8.95959568024, -6.97958612442, -4.24731111526, -0.0326243601739, -0.965012550354, -0.803793013096, -0.898138642311, -0.766443014145, 0.350734114647, -0.00963264517486, -0.113295674324, -0.279008477926, -1.64278554916, -2.76335978508, -3.3036301136, -2.31924319267, -1.58970105648, -1.11104643345, -0.572587132454, 0.33041036129, 1.38931548595, 1.58750844002]
    },
    "spectral_contrast": {
        "mean": [-0.467156559229, -0.836186766624, -0.848348855972, -0.853322207928, -0.86604142189, -0.783719778061]
    }
},
"sfx": {
    "inharmonicity": {
        "mean": 0.0306032113731
    },
    "logattacktime": {
        "mean": -4.92854785919
    }
}
}