{"lowlevel.dissonance.mean": [0.7453773021697998], "sfx.inharmonicity.mean": [0.7128777503967285], "lowlevel.spectral_contrast.mean": [[0.5279150009155273, 0.43494296073913574, 0.5102335214614868, 0.6479771137237549, 0.7087266445159912, 0.9023873805999756]], "lowlevel.spectral_centroid.mean": [0.870688796043396], "lowlevel.mfcc.mean": [[0.8970992565155029, -0.08514873683452606, 0.184846431016922, 0.5770581960678101, 0.4855877459049225, 0.5707212686538696, 0.2225647270679474, 0.5160322785377502, 0.1741645336151123, 0.452830046415329, 0.6801090240478516, 0.693848729133606, 0.6797728538513184]], "sfx.logattacktime.mean": [0.3114519715309143], "lowlevel.hfc.mean": [0.6269736289978027]}