{"lowlevel.dissonance.mean": [0.7252050638198853], "sfx.inharmonicity.mean": [0.7168679237365723], "lowlevel.spectral_contrast.mean": [[0.434970498085022, 0.387935996055603, 0.44180750846862793, 0.801334023475647, 0.45195460319519043, 0.48848557472229004]], "lowlevel.spectral_centroid.mean": [0.672049343585968], "lowlevel.mfcc.mean": [[0.3072863817214966, 0.1608864665031433, 0.22371092438697815, 0.13239872455596924, 0.6722257137298584, 0.6035026907920837, 0.5767856240272522, 0.14489427208900452, 0.903559148311615, 1.0246233940124512, 0.8369253873825073, 0.6872960329055786, 1.366131067276001]], "sfx.logattacktime.mean": [0.3483429551124573], "lowlevel.hfc.mean": [0.4659758508205414]}