{
"metadata": {
    "version": {
        "essentia": "2.1-beta2"
    }
},
"lowLevel": {
    "average_loudness": 0.811165630817,
    "barkbands_kurtosis": {
        "mean": 21.9359169006
    },
    "barkbands_skewness": {
        "mean": -0.452997595072
    },
    "barkbands_spread": {
        "mean": 37.8072929382
    },
    "dissonance": {
        "mean": 0.492906689644
    },
    "hfc": {
        "mean": 17.2484531403
    },
    "pitch": {
        "mean": 912.219726562
    },
    "pitch_instantaneous_confidence": {
        "mean": 0.285510897636
    },
    "pitch_salience": {
        "mean": 0.591223061085
    },
    "silence_rate_20dB": {
        "mean": 1
    },
    "silence_rate_30dB": {
        "mean": 1
    },
    "silence_rate_60dB": {
        "mean": 0.723809540272
    },
    "spectral_centroid": {
        "mean": 3024.53393555
    },
    "spectral_complexity": {
        "mean": 8.78095245361
    },
    "spectral_crest": {
        "mean": 7.33862733841
    },
    "spectral_decrease": {
        "mean": -6.3752092494e-10
    },
    "spectral_energy": {
        "mean": 0.0039706369862
    },
    "spectral_energyband_high": {
        "mean": 0.00196277350187
    },
    "spectral_energyband_low": {
        "mean": 3.09696843033e-05
    },
    "spectral_energyband_middle_high": {
        "mean": 0.00171337462962
    },
    "spectral_energyband_middle_low": {
        "mean": 0.000209059740882
    },
    "spectral_flatness_db": {
        "mean": 0.146534055471
    },
    "spectral_flux": {
        "mean": 0.0269080623984
    },
    "spectral_kurtosis": {
        "mean": 1.8743904829
    },
    "spectral_rms": {
        "mean": 0.00140984146856
    },
    "spectral_rolloff": {
        "mean": 5028.31152344
    },
    "spectral_skewness": {
        "mean": 1.15691864491
    },
    "spectral_spread": {
        "mean": 10137178
    },
    "spectral_strongpeak": {
        "mean": 0.662942886353
    },
    "zerocrossingrate": {
        "mean": 0.16384857893
    },
    "barkbands": {
        "mean": [8.64341927809e-05, 3.12258634949e-06, 4.55991333581e-08, 1.84970957662e-07, 6.03229273111e-06, 3.0452343708e-05, 2.38430438912e-05, 0.000130118976813, 1.70771327248e-05, 4.51099458587e-06, 6.42423037789e-06, 1.98169473151e-05, 7.02532852301e-05, 0.000101989717223, 0.000126991493744, 0.000446537742391, 0.000113317350042, 0.00027384396526, 0.000458929804154, 0.00022789715149, 0.000437389855506, 0.000474792119348, 0.000548037525732, 0.000242371010245, 9.51704423642e-05, 2.35709358094e-05, 1.48245487708e-06]
    },
    "mfcc": {
        "mean": [-793.174865723, -16.8124694824, -58.7960891724, 12.8840847015, -2.39593219757, 4.12602138519, -15.4474973679, 7.46903371811, 1.12960863113, 16.8940448761, 16.8185348511, 13.9249372482, 12.2995176315]
    },
    "sccoeffs": {
        "mean": [-0.612566649914, -0.83870023489, -0.821432232857, -0.764561533928, -0.800737500191, -0.784572780132]
    },
    "scvalleys": {
        "mean": [-9.73484039307, -8.51145744324, -8.60468864441, -7.98762321472, -7.8939499855, -9.03275775909]
    }
},
"rhythm": {
    "beats_loudness": {
        "mean": 0.00341956457123
    },
    "bpm": 112.347145081,
    "first_peak_bpm": {
        "mean": 112
    },
    "first_peak_spread": {
        "mean": 0
    },
    "first_peak_weight": {
        "mean": 1
    },
    "onset_rate": 0.832201063633,
    "second_peak_bpm": {
        "mean": 0
    },
    "second_peak_spread": {
        "mean": 0
    },
    "second_peak_weight": {
        "mean": 0
    },
    "beats_loudness_band_ratio": {
        "mean": [0.0737641900778, 0.0020323228091, 0.0216343495995, 0.0672809109092, 0.457579672337, 0.388745516539]
    },
    "beats_position": [0.510838985443, 1.04489791393, 1.57895684242, 2.11301589012],
    "bpm_estimates": [112.34715271, 112.34715271, 112.347129822],
    "bpm_intervals": [0.53405892849, 0.53405892849, 0.534059047699],
    "onset_times": [0.104489795864, 1.23065757751]
},
"sfx": {
    "inharmonicity": {
        "mean": 0.106492981315
    },
    "oddtoevenharmonicenergyratio": {
        "mean": 1.99341106415
    },
    "pitch_after_max_to_before_max_energy_ratio": 1.32579755783,
    "pitch_centroid": 58.7220458984,
    "pitch_max_to_total": 0.590476214886,
    "pitch_min_to_total": 0.0285714287311,
    "tristimulus": {
        "mean": [0.213441357017, 0.45558103919, 0.235580429435]
    }
},
"tonal": {
    "chords_changes_rate": 0.150943398476,
    "chords_number_rate": 0.0566037744284,
    "chords_strength": {
        "mean": 0.511445403099
    },
    "key_strength": 0.678665161133,
    "tuning_diatonic_strength": 0.635439753532,
    "tuning_equal_tempered_deviation": 0.176530331373,
    "tuning_frequency": 441.017791748,
    "tuning_nontempered_energy_ratio": 0.879468202591,
    "hpcp": {
        "mean": [0.614169359207, 0.484472602606, 0.254649728537, 0.238233551383, 0.353171378374, 0.518962979317, 0.473818063736, 0.396325200796, 0.545668780804, 0.668237388134, 0.546429097652, 0.464117705822, 0.477366507053, 0.389956742525, 0.349286496639, 0.326309621334, 0.286484986544, 0.22266818583, 0.165530800819, 0.269205898046, 0.325716584921, 0.302829414606, 0.437605977058, 0.534140110016, 0.554750919342, 0.496287405491, 0.320897817612, 0.205674111843, 0.256471991539, 0.413816839457, 0.538639545441, 0.491161376238, 0.318207830191, 0.246864303946, 0.34560200572, 0.495204508305]
    },
    "chords_histogram": [32.0754699707, 54.7169799805, 0, 0, 0, 0, 0, 0, 0, 0, 13.2075471878, 0, 0, 0, 0, 0, 0, 0, 0, 0, 0, 0, 0, 0],
    "thpcp": [1, 0.817717015743, 0.694540143013, 0.714366674423, 0.583560168743, 0.522698223591, 0.488313913345, 0.428717374802, 0.333217203617, 0.247712567449, 0.402859687805, 0.487426459789, 0.453176409006, 0.654866039753, 0.799326896667, 0.830170452595, 0.742681264877, 0.48021531105, 0.307785987854, 0.383803725243, 0.619266211987, 0.806060194969, 0.735010325909, 0.476189792156, 0.369426071644, 0.517184495926, 0.741060733795, 0.919088602066, 0.725000739098, 0.381076753139, 0.35651037097, 0.528511822224, 0.77661472559, 0.70905649662, 0.593090415001, 0.816579222679],
    "chords_key": "A",
    "chords_scale": "minor",
    "key_key": "F",
    "key_scale": "major",
    "chords_progression": ["Am", "Am", "Am", "Am", "Am", "Am", "Am", "Am", "Am", "Am", "Am", "Am", "Am", "Am", "Am", "Am", "Am", "Am", "Am", "Am", "Am", "Am", "Am", "Am", "Am", "Am", "Am", "Am", "Am", "F", "F", "F", "F", "F", "E", "F", "E", "F", "F", "F", "F", "F", "F", "F", "F", "E", "E", "E", "F", "F", "F", "E", "E"]
}
}