{"lowlevel.dissonance.mean": [-0.058282554149627686], "sfx.inharmonicity.mean": [0.23719006776809692], "lowlevel.spectral_contrast.mean": [[0.801068902015686, 0.4182366132736206, 0.2766873836517334, 0.2621326446533203, 0.25441932678222656, 0.28780627250671387]], "lowlevel.spectral_centroid.mean": [0.3732341527938843], "lowlevel.mfcc.mean": [[0.22629129886627197, 0.27683907747268677, 0.6096816062927246, 0.5859386920928955, 0.5846928358078003, 0.46708548069000244, 0.43198588490486145, 0.32115602493286133, 0.2704330384731293, 0.17682763934135437, 0.11400958895683289, 0.09011009335517883, 0.030853062868118286]], "sfx.logattacktime.mean": [0.24718248844146729], "lowlevel.hfc.mean": [0.4776882231235504]}