{
"metadata": {
    "version": {
        "essentia": "2.1-beta2"
    }
},
"lowLevel": {
    "dissonance": {
        "mean": 0.172620609403
    },
    "hfc": {
        "mean": 10.418847084
    },
    "spectral_centroid": {
        "mean": 0.0277117006481
    },
    "mfcc": {
        "mean": [-863.605407715, 268.149047852, 59.3633079529, -31.3020381927, -20.8898677826, -16.3945045471, -33.4081764221, -35.6236495972, -11.9127960205, 15.7789487839, 19.9439258575, 3.60070061684, -5.74738407135, 0.513129472733, 6.1537733078, 2.31681609154, -4.66669893265, -9.83174705505, -11.5587491989, -6.45527362823, 3.20705485344, 7.58023643494, 3.44742870331, -0.932376027107, -1.01380681992, -1.75758326054, -2.86195850372, 0.965243041515, 3.70347476006, -1.65584456921, -5.8848733902, -1.67009198666, 2.37150001526, 0.769123733044, -1.68599820137, -3.45861411095, -5.0276594162, -1.92864954472, 5.69905090332, 7.90667247772]
    },
    "spectral_contrast": {
        "mean": [-0.553868353367, -0.610608100891, -0.717137277126, -0.876877367496, -0.896606862545, -0.816325128078]
    }
},
"sfx": {
    "inharmonicity": {
        "mean": 0.216244459152
    },
    "logattacktime": {
        "mean": -5
    }
}
}