{
"metadata": {
    "version": {
        "essentia": "2.1-beta2"
    }
},
"lowLevel": {
    "average_loudness": 0.891852736473,
    "barkbands_kurtosis": {
        "mean": 15.5010976791
    },
    "barkbands_skewness": {
        "mean": 1.12843596935
    },
    "barkbands_spread": {
        "mean": 11.0083456039
    },
    "dissonance": {
        "mean": 0.347655266523
    },
    "hfc": {
        "mean": 0.588581383228
    },
    "pitch": {
        "mean": 244.902664185
    },
    "pitch_instantaneous_confidence": {
        "mean": 0.84320640564
    },
    "pitch_salience": {
        "mean": 0.501281321049
    },
    "silence_rate_20dB": {
        "mean": 1
    },
    "silence_rate_30dB": {
        "mean": 1
    },
    "silence_rate_60dB": {
        "mean": 1
    },
    "spectral_centroid": {
        "mean": 744.809448242
    },
    "spectral_complexity": {
        "mean": 2.75829386711
    },
    "spectral_crest": {
        "mean": 12.2392625809
    },
    "spectral_decrease": {
        "mean": -1.29543722971e-10
    },
    "spectral_energy": {
        "mean": 0.000542312860489
    },
    "spectral_energyband_high": {
        "mean": 6.01829412972e-07
    },
    "spectral_energyband_low": {
        "mean": 2.60240381067e-06
    },
    "spectral_energyband_middle_high": {
        "mean": 0.000284847134026
    },
    "spectral_energyband_middle_low": {
        "mean": 0.000253119884292
    },
    "spectral_flatness_db": {
        "mean": 0.296935498714
    },
    "spectral_flux": {
        "mean": 0.00179564638529
    },
    "spectral_kurtosis": {
        "mean": 21.2477436066
    },
    "spectral_rms": {
        "mean": 0.00057004019618
    },
    "spectral_rolloff": {
        "mean": 1269.1340332
    },
    "spectral_skewness": {
        "mean": 3.92453932762
    },
    "spectral_spread": {
        "mean": 7664281
    },
    "spectral_strongpeak": {
        "mean": 0.564086437225
    },
    "zerocrossingrate": {
        "mean": 0.0489253178239
    },
    "barkbands": {
        "mean": [2.87026023216e-06, 7.44895373828e-07, 1.37003524969e-07, 2.70373760713e-07, 9.86254453892e-05, 1.94783211782e-07, 6.23606465524e-05, 5.70344198536e-08, 9.16051212698e-05, 8.02852173365e-06, 6.37890025246e-08, 2.20837519009e-05, 1.97615418074e-06, 0.000154642373673, 5.26815892954e-05, 3.86119245377e-05, 5.57820021641e-06, 3.32652888346e-07, 5.69994085708e-07, 3.8890877363e-07, 2.16168686507e-07, 1.9762413217e-07, 2.63487152097e-08, 3.87927840961e-08, 8.89152040884e-09, 2.48636222722e-09, 5.51656331726e-10]
    },
    "mfcc": {
        "mean": [-961.455322266, 117.489555359, -18.1009120941, -5.28364706039, 7.76955461502, -1.67018592358, -17.2468738556, -13.069070816, 4.31143093109, 4.04176664352, -0.360062211752, -1.59345436096, 1.83310556412]
    },
    "sccoeffs": {
        "mean": [-0.653566598892, -0.610878288746, -0.641275942326, -0.662324249744, -0.785598814487, -0.845849394798]
    },
    "scvalleys": {
        "mean": [-9.25420284271, -10.4251050949, -11.2853374481, -11.6729869843, -12.3396215439, -13.3852481842]
    }
},
"rhythm": {
    "beats_loudness": {
        "mean": 0.000680333585478
    },
    "bpm": 100.033592224,
    "first_peak_bpm": {
        "mean": 99
    },
    "first_peak_spread": {
        "mean": 0.333333313465
    },
    "first_peak_weight": {
        "mean": 0.666666686535
    },
    "onset_rate": 2.25780177116,
    "second_peak_bpm": {
        "mean": 0
    },
    "second_peak_spread": {
        "mean": 0
    },
    "second_peak_weight": {
        "mean": 0
    },
    "beats_loudness_band_ratio": {
        "mean": [0.273417949677, 0.134856671095, 0.227339416742, 0.2655800879, 0.120024308562, 0.00195453176275]
    },
    "beats_position": [0.592108845711, 1.18421769142, 1.78793644905, 2.39165520668, 2.9837641716, 3.58748292923, 4.19120168686],
    "bpm_estimates": [101.332717896, 99.3840255737, 99.3840255737, 101.332702637, 99.3840255737, 99.3840255737],
    "bpm_intervals": [0.592108845711, 0.603718757629, 0.603718757629, 0.59210896492, 0.603718757629, 0.603718757629],
    "onset_times": [0.0464399084449, 0.162539675832, 0.243809521198, 3.20435380936, 3.47138333321, 3.58748292923, 3.92417240143, 4.19120168686, 4.52789115906, 4.60916090012, 4.85297060013]
},
"sfx": {
    "inharmonicity": {
        "mean": 0.0125127425417
    },
    "oddtoevenharmonicenergyratio": {
        "mean": 3.10050058365
    },
    "pitch_after_max_to_before_max_energy_ratio": 1.57739508152,
    "pitch_centroid": 98.368309021,
    "pitch_max_to_total": 0,
    "pitch_min_to_total": 0.99526065588,
    "tristimulus": {
        "mean": [0.457011371851, 0.525650918484, 0.0170485656708]
    }
},
"tonal": {
    "chords_changes_rate": 0.0377358496189,
    "chords_number_rate": 0.0283018872142,
    "chords_strength": {
        "mean": 0.397619873285
    },
    "key_strength": 0.560037910938,
    "tuning_diatonic_strength": 0.414015948772,
    "tuning_equal_tempered_deviation": 0.104241028428,
    "tuning_frequency": 441.272583008,
    "tuning_nontempered_energy_ratio": 0.675630569458,
    "hpcp": {
        "mean": [0.910750865936, 0.464999228716, 0.00624721078202, 0.00266349548474, 0.00200238381512, 0.09445168823, 0.236380815506, 0.149561718106, 0.00964964181185, 0.00668692775071, 0.0225940104574, 0.103635042906, 0.110089734197, 0.0283411219716, 0.00690626213327, 0.00843611545861, 0.0130869150162, 0.0116631072015, 0.00410981243476, 0.00216365978122, 0.139835730195, 0.308643639088, 0.229064449668, 0.142675951123, 0.0946635305882, 0.0185962114483, 0.0369467660785, 0.0580472759902, 0.279088616371, 0.558121502399, 0.324881017208, 0.0298779774457, 0.0178013350815, 0.00923783425242, 0.0221745539457, 0.468471169472]
    },
    "chords_histogram": [4.71698093414, 0, 28.3018875122, 0, 0, 0, 0, 0, 0, 0, 0, 0, 0, 0, 0, 0, 0, 0, 0, 66.9811325073, 0, 0, 0, 0],
    "thpcp": [1, 0.51056689024, 0.00685940682888, 0.0029245049227, 0.00219860766083, 0.103707492352, 0.259544968605, 0.164218038321, 0.0105952592567, 0.00734221376479, 0.0248081125319, 0.113790772855, 0.120877988636, 0.0311184134334, 0.00758304214105, 0.00926281325519, 0.0143693685532, 0.0128060346469, 0.00451255403459, 0.00237568793818, 0.153538942337, 0.338889211416, 0.251511633396, 0.156657502055, 0.103940092027, 0.0204185489565, 0.040567368269, 0.0637356266379, 0.306437939405, 0.612814664841, 0.356717765331, 0.0328058749437, 0.0195457786322, 0.0101430965587, 0.024347551167, 0.51437908411],
    "chords_key": "A",
    "chords_scale": "minor",
    "key_key": "D",
    "key_scale": "major",
    "chords_progression": ["D", "D", "D", "D", "D", "A", "A", "A", "A", "A", "A", "A", "A", "A", "A", "A", "A", "A", "A", "A", "A", "A", "A", "A", "A", "A", "A", "A", "A", "Am", "Am", "Am", "Am", "Am", "Am", "Am", "Am", "Am", "Am", "Am", "Am", "Am", "Am", "Am", "Am", "Am", "Am", "Am", "Am", "Am", "Am", "Am", "Am", "Am", "Am", "Am", "Am", "Am", "Am", "Am", "Am", "Am", "Am", "Am", "Am", "Am", "Am", "Am", "Am", "Am", "Am", "Am", "Am", "Am", "Am", "Am", "Am", "A", "A", "A", "A", "A", "A", "Am", "Am", "Am", "Am", "Am", "Am", "Am", "Am", "Am", "Am", "Am", "Am", "Am", "Am", "Am", "Am", "Am", "Am", "Am", "Am", "Am", "Am", "Am"]
}
}