{"lowlevel.dissonance.mean": [0.25250911712646484], "sfx.inharmonicity.mean": [0.26447370648384094], "lowlevel.spectral_contrast.mean": [[0.5600069761276245, 0.8259106874465942, 0.9245245456695557, 0.9186036586761475, 0.6286354064941406, 0.4476745128631592]], "lowlevel.spectral_centroid.mean": [0.3753429055213928], "lowlevel.mfcc.mean": [[0.34471428394317627, 0.5737248659133911, 0.3430326581001282, 0.34572190046310425, 0.5578662157058716, 0.3520781993865967, 0.23005932569503784, 0.15995559096336365, 0.5155428647994995, 0.7521339654922485, 0.4941805601119995, 0.27527016401290894, 0.5988995432853699]], "sfx.logattacktime.mean": [0.47138240933418274], "lowlevel.hfc.mean": [0.4653629660606384]}