{
"metadata": {
    "version": {
        "essentia": "2.1-beta2"
    }
},
"lowLevel": {
    "dissonance": {
        "mean": 0.032274864614
    },
    "hfc": {
        "mean": 5.3240647316
    },
    "spectral_centroid": {
        "mean": 0.0579386353493
    },
    "mfcc": {
        "mean": [-931.657775879, 100.560058594, -44.9491271973, -39.6611595154, -28.1292972565, -25.8756008148, -29.2079639435, -18.0722389221, -11.7226190567, -9.48815727234, -9.81526470184, 4.89589452744, 30.18866539, 35.3193054199, 27.1715908051, 26.0493087769, 21.8330307007, -15.7594804764, -51.7563972473, -36.3855171204, -12.0914106369, 1.23487174511, 10.0004053116, 17.4805545807, 10.958568573, -14.1727542877, -24.9591884613, 2.06008410454, 21.7871246338, 7.94559574127, -3.16416311264, -2.56369519234, 4.61097002029, 5.67401456833, -4.10811042786, -10.0545492172, -2.55632472038, 4.13775348663, -3.32411289215, -10.9669837952]
    },
    "spectral_contrast": {
        "mean": [-0.41341778636, -0.494597315788, -0.551607429981, -0.649504363537, -0.816100895405, -0.874934375286]
    }
},
"sfx": {
    "inharmonicity": {
        "mean": 0.0802925378084
    },
    "logattacktime": {
        "mean": -4.95318984985
    }
}
}