{"lowlevel.dissonance.mean": [0.4478576183319092], "sfx.inharmonicity.mean": [0.5217735767364502], "lowlevel.spectral_contrast.mean": [[0.6431312561035156, 0.6938769817352295, 0.8347591161727905, 0.8677456378936768, 0.686241865158081, 0.5501024723052979]], "lowlevel.spectral_centroid.mean": [0.46742919087409973], "lowlevel.mfcc.mean": [[0.3984626531600952, 0.4291625916957855, -0.09945186972618103, 0.09498554468154907, 0.23564958572387695, 0.23473744094371796, 0.3164350390434265, 0.22427091002464294, 0.312364399433136, 0.20671212673187256, 0.31661027669906616, 0.21256551146507263, 0.21846407651901245]], "sfx.logattacktime.mean": [0.49831604957580566], "lowlevel.hfc.mean": [0.4669762849807739]}