{
"metadata": {
    "version": {
        "essentia": "2.1-beta2"
    }
},
"lowLevel": {
    "average_loudness": 0.362952291965,
    "barkbands_kurtosis": {
        "mean": 0.730328083038
    },
    "barkbands_skewness": {
        "mean": -0.953799128532
    },
    "barkbands_spread": {
        "mean": 26.09806633
    },
    "dissonance": {
        "mean": 0.480017483234
    },
    "hfc": {
        "mean": 43.3358230591
    },
    "pitch": {
        "mean": 654.309326172
    },
    "pitch_instantaneous_confidence": {
        "mean": 0.316249459982
    },
    "pitch_salience": {
        "mean": 0.603167712688
    },
    "silence_rate_20dB": {
        "mean": 1
    },
    "silence_rate_30dB": {
        "mean": 0.95302015543
    },
    "silence_rate_60dB": {
        "mean": 0.651006698608
    },
    "spectral_centroid": {
        "mean": 2296.43725586
    },
    "spectral_complexity": {
        "mean": 14.7919464111
    },
    "spectral_crest": {
        "mean": 5.74692726135
    },
    "spectral_decrease": {
        "mean": -2.51909049176e-09
    },
    "spectral_energy": {
        "mean": 0.0134383095428
    },
    "spectral_energyband_high": {
        "mean": 0.00361944455653
    },
    "spectral_energyband_low": {
        "mean": 4.32911001553e-05
    },
    "spectral_energyband_middle_high": {
        "mean": 0.00908998493105
    },
    "spectral_energyband_middle_low": {
        "mean": 0.000709889165591
    },
    "spectral_flatness_db": {
        "mean": 0.189405694604
    },
    "spectral_flux": {
        "mean": 0.0408841110766
    },
    "spectral_kurtosis": {
        "mean": 10.9698371887
    },
    "spectral_rms": {
        "mean": 0.00232432642952
    },
    "spectral_rolloff": {
        "mean": 3622.05712891
    },
    "spectral_skewness": {
        "mean": 1.78997576237
    },
    "spectral_spread": {
        "mean": 3776917.5
    },
    "spectral_strongpeak": {
        "mean": 1.04691970348
    },
    "zerocrossingrate": {
        "mean": 0.118665449321
    },
    "barkbands": {
        "mean": [0.00012043852621, 3.9439023567e-06, 3.44207904845e-07, 1.54878455305e-06, 0.000345572509104, 0.000105645958683, 5.26722715222e-06, 7.19564850442e-05, 8.70795265655e-05, 0.00026589987101, 0.000783202936873, 0.000604168861173, 0.000704250764102, 0.00104690261651, 0.000794250285253, 0.000697726849467, 0.000809680321254, 0.00106559146661, 0.00176581938285, 0.00109128654003, 0.00082776916679, 0.000909364782274, 0.000641561462544, 0.000443964498118, 0.000174502580194, 6.66101259412e-05, 3.97131861973e-06]
    },
    "mfcc": {
        "mean": [-766.722106934, 54.6473922729, -120.311912537, 16.7123146057, -24.0695877075, 7.54679489136, 14.8712558746, 18.9633483887, 9.81980037689, 9.91858196259, 8.96386146545, 4.29960632324, -0.808932960033]
    },
    "sccoeffs": {
        "mean": [-0.5969799757, -0.705222606659, -0.732311308384, -0.754111409187, -0.743655383587, -0.65478593111]
    },
    "scvalleys": {
        "mean": [-9.29020500183, -9.10364246368, -7.63180828094, -7.12026643753, -7.48856973648, -11.5330810547]
    }
},
"rhythm": {
    "beats_loudness": {
        "mean": 0.00701527530327
    },
    "bpm": 178.205810547,
    "first_peak_bpm": {
        "mean": 178
    },
    "first_peak_spread": {
        "mean": 0
    },
    "first_peak_weight": {
        "mean": 1
    },
    "onset_rate": 0.292223274708,
    "second_peak_bpm": {
        "mean": 0
    },
    "second_peak_spread": {
        "mean": 0
    },
    "second_peak_weight": {
        "mean": 0
    },
    "beats_loudness_band_ratio": {
        "mean": [0.111486300826, 0.00133276649285, 0.0460249073803, 0.254172533751, 0.376205474138, 0.216934576631]
    },
    "beats_position": [0.325079351664, 0.66176867485, 0.99845802784, 1.33514738083, 1.67183673382, 2.00852608681, 2.34521532059, 2.68190479279, 3.01859402657],
    "bpm_estimates": [178.205825806, 178.205810547, 178.205810547, 178.205810547, 178.205810547, 178.205871582, 178.205749512, 178.205871582],
    "bpm_intervals": [0.336689323187, 0.336689352989, 0.336689352989, 0.336689352989, 0.336689352989, 0.33668923378, 0.336689472198, 0.33668923378],
    "onset_times": [0.0348299331963]
},
"sfx": {
    "inharmonicity": {
        "mean": 0.123835965991
    },
    "oddtoevenharmonicenergyratio": {
        "mean": 25.4091930389
    },
    "pitch_after_max_to_before_max_energy_ratio": 2.9457116127,
    "pitch_centroid": 75.6775360107,
    "pitch_max_to_total": 0.174496650696,
    "pitch_min_to_total": 0.6711409688,
    "tristimulus": {
        "mean": [0.123228289187, 0.551708221436, 0.238914206624]
    }
},
"tonal": {
    "chords_changes_rate": 0.0399999991059,
    "chords_number_rate": 0.0533333346248,
    "chords_strength": {
        "mean": 0.494480192661
    },
    "key_strength": 0.789191007614,
    "tuning_diatonic_strength": 0.45248952508,
    "tuning_equal_tempered_deviation": 0.278420090675,
    "tuning_frequency": 442.804626465,
    "tuning_nontempered_energy_ratio": 0.92063421011,
    "hpcp": {
        "mean": [0.224781244993, 0.298424273729, 0.322141975164, 0.478824019432, 0.565321922302, 0.304910719395, 0.172820463777, 0.207170620561, 0.251783818007, 0.264410287142, 0.168007463217, 0.16676209867, 0.175409048796, 0.178075492382, 0.30250030756, 0.291328161955, 0.374783217907, 0.61101514101, 0.47180557251, 0.410730153322, 0.373747736216, 0.146683990955, 0.161578759551, 0.340078771114, 0.594793319702, 0.646517455578, 0.435657441616, 0.351841151714, 0.297331631184, 0.215317487717, 0.216812103987, 0.235933601856, 0.357461929321, 0.365700364113, 0.213427349925, 0.166441619396]
    },
    "chords_histogram": [0, 0, 0, 0, 0, 0, 0, 58.6666679382, 4, 32, 0, 0, 0, 0, 5.33333349228, 0, 0, 0, 0, 0, 0, 0, 0, 0],
    "thpcp": [1, 0.673852562904, 0.544209837914, 0.459897309542, 0.333042025566, 0.335353821516, 0.364929974079, 0.5529037714, 0.565646529198, 0.330118477345, 0.257443338633, 0.347680091858, 0.46158733964, 0.498272657394, 0.74062037468, 0.874410927296, 0.471620231867, 0.267309814692, 0.320440888405, 0.389446288347, 0.408976256847, 0.259865313768, 0.257939040661, 0.2713136971, 0.275438040495, 0.467891931534, 0.450611442327, 0.579695463181, 0.945086836815, 0.729764640331, 0.635296285152, 0.578093826771, 0.226883262396, 0.2499217242, 0.526016354561, 0.91999578476],
    "chords_key": "D#",
    "chords_scale": "major",
    "key_key": "D#",
    "key_scale": "minor",
    "chords_progression": ["Gm", "Gm", "Gm", "D#", "D#", "D#", "D#", "D#", "D#", "D#", "D#", "D#", "D#", "D#", "D#", "D#", "D#", "D#", "D#", "D#", "D#", "D#", "D#", "D#", "D#", "D#", "D#", "D#", "D#", "D#", "D#", "D#", "D#", "D#", "D#", "D#", "D#", "D#", "D#", "D#", "D#", "D#", "D#", "D#", "D#", "D#", "D#", "Em", "Em", "Em", "Em", "A#", "A#", "A#", "A#", "A#", "A#", "A#", "A#", "A#", "A#", "A#", "A#", "A#", "A#", "A#", "A#", "A#", "A#", "A#", "A#", "A#", "A#", "A#", "A#"]
}
}