{
"metadata": {
    "version": {
        "essentia": "2.1-beta2"
    }
},
"lowLevel": {
    "average_loudness": 0.953303337097,
    "barkbands_kurtosis": {
        "mean": 74.2509002686
    },
    "barkbands_skewness": {
        "mean": 4.85138845444
    },
    "barkbands_spread": {
        "mean": 10.1569957733
    },
    "dissonance": {
        "mean": 0.486968487501
    },
    "hfc": {
        "mean": 64.727432251
    },
    "pitch": {
        "mean": 1184.23046875
    },
    "pitch_instantaneous_confidence": {
        "mean": 0.710012435913
    },
    "pitch_salience": {
        "mean": 0.375476002693
    },
    "silence_rate_20dB": {
        "mean": 1
    },
    "silence_rate_30dB": {
        "mean": 0.931818187237
    },
    "silence_rate_60dB": {
        "mean": 0.484848499298
    },
    "spectral_centroid": {
        "mean": 1749.24621582
    },
    "spectral_complexity": {
        "mean": 1.18181812763
    },
    "spectral_crest": {
        "mean": 17.8407821655
    },
    "spectral_decrease": {
        "mean": -8.47147330063e-09
    },
    "spectral_energy": {
        "mean": 0.0378442332149
    },
    "spectral_energyband_high": {
        "mean": 2.34854142036e-05
    },
    "spectral_energyband_low": {
        "mean": 4.38935217062e-08
    },
    "spectral_energyband_middle_high": {
        "mean": 0.037813462317
    },
    "spectral_energyband_middle_low": {
        "mean": 7.25595373297e-06
    },
    "spectral_flatness_db": {
        "mean": 0.428799539804
    },
    "spectral_flux": {
        "mean": 0.0168009102345
    },
    "spectral_kurtosis": {
        "mean": 18.3211517334
    },
    "spectral_rms": {
        "mean": 0.00429330114275
    },
    "spectral_rolloff": {
        "mean": 2180.7277832
    },
    "spectral_skewness": {
        "mean": 3.59333658218
    },
    "spectral_spread": {
        "mean": 9390633
    },
    "spectral_strongpeak": {
        "mean": 8.71109485626
    },
    "zerocrossingrate": {
        "mean": 0.0921371951699
    },
    "barkbands": {
        "mean": [5.64253568314e-08, 1.03710489086e-08, 9.34201604963e-09, 5.03452080025e-09, 1.39587195136e-08, 6.66457708576e-06, 4.84712984417e-07, 1.48243346487e-08, 4.49294859095e-08, 3.19452340136e-07, 1.79894968255e-07, 0.000139414492878, 9.25460044527e-05, 0.0366814993322, 4.20879332523e-05, 4.03711856052e-05, 2.61595141637e-06, 4.52967469755e-05, 0.000769059115555, 2.56095233908e-07, 1.29237141664e-05, 2.80595912727e-07, 3.8590319491e-06, 3.57668636752e-06, 2.31588956012e-06, 3.32537126724e-07, 7.00421196598e-08]
    },
    "mfcc": {
        "mean": [-1030.8984375, -9.42302799225, -48.3941421509, -19.5549526215, 23.1899490356, 22.3606872559, 5.02865409851, -30.7719421387, -22.5556716919, 24.5127182007, 30.638053894, -25.8332614899, -22.6302680969]
    },
    "sccoeffs": {
        "mean": [-0.836663484573, -0.871944487095, -0.882934391499, -0.539862573147, -0.699077486992, -0.786417901516]
    },
    "scvalleys": {
        "mean": [-11.496638298, -11.1779747009, -10.9353790283, -10.431391716, -11.5456075668, -12.5091609955]
    }
},
"rhythm": {
    "beats_loudness": {
        "mean": 0.0558010935783
    },
    "bpm": 122.093025208,
    "first_peak_bpm": {
        "mean": 123
    },
    "first_peak_spread": {
        "mean": 0.333333313465
    },
    "first_peak_weight": {
        "mean": 0.5
    },
    "onset_rate": 0.992066502571,
    "second_peak_bpm": {
        "mean": 117
    },
    "second_peak_spread": {
        "mean": 0
    },
    "second_peak_weight": {
        "mean": 0.25
    },
    "beats_loudness_band_ratio": {
        "mean": [0.00701799523085, 0.0857235640287, 0.0225517041981, 0.179143473506, 0.672280073166, 0.0464491657913]
    },
    "beats_position": [0.476009070873, 0.96362811327, 1.46285712719, 1.95047616959, 2.46131515503],
    "bpm_estimates": [123.046875, 120.185325623, 123.046875],
    "bpm_intervals": [0.487619042397, 0.49922901392, 0.487619042397, 0.510838985443],
    "onset_times": [0.290249437094, 0.383129239082, 1.06811785698]
},
"sfx": {
    "inharmonicity": {
        "mean": 0.0751740559936
    },
    "oddtoevenharmonicenergyratio": {
        "mean": 265843.78125
    },
    "pitch_after_max_to_before_max_energy_ratio": 3.80438017845,
    "pitch_centroid": 77.8285827637,
    "pitch_max_to_total": 0.454545468092,
    "pitch_min_to_total": 0.0909090936184,
    "tristimulus": {
        "mean": [0.197122231126, 0.536195039749, 0.0799455568194]
    }
},
"tonal": {
    "chords_changes_rate": 0.0746268630028,
    "chords_number_rate": 0.0746268630028,
    "chords_strength": {
        "mean": 0.393991321325
    },
    "key_strength": 0.507785737514,
    "tuning_diatonic_strength": 0.243425250053,
    "tuning_equal_tempered_deviation": 0.197199359536,
    "tuning_frequency": 444.341888428,
    "tuning_nontempered_energy_ratio": 0.786210656166,
    "hpcp": {
        "mean": [0.181253790855, 0.165423542261, 0.18981654942, 0.216555997729, 0.168295100331, 0.141982495785, 0.123654410243, 0.101607941091, 0.0868688374758, 0.0785248279572, 0.0844955220819, 0.100474365056, 0.127700686455, 0.148842543364, 0.125562787056, 0.108840078115, 0.121152453125, 0.132196232677, 0.126033172011, 0.117263019085, 0.142131343484, 0.144361793995, 0.146356672049, 0.15707719326, 0.156497851014, 0.16695164144, 0.164626941085, 0.152868434787, 0.149859026074, 0.141970649362, 0.12816222012, 0.141623467207, 0.428237199783, 0.66005885601, 0.377589464188, 0.151670753956]
    },
    "chords_histogram": [49.2537307739, 0, 0, 0, 0, 0, 7.4626865387, 0, 0, 0, 0, 0, 0, 0, 0, 0, 2.98507452011, 0, 20.8955230713, 0, 0, 19.4029846191, 0, 0],
    "thpcp": [1, 0.572054207325, 0.229783684015, 0.274602472782, 0.250619381666, 0.287575185299, 0.328085899353, 0.254969835281, 0.215105816722, 0.187338456511, 0.153937697411, 0.131607711315, 0.118966400623, 0.128012105823, 0.152220308781, 0.193468630314, 0.225498899817, 0.190229684114, 0.164894506335, 0.183547958732, 0.200279459357, 0.190942317247, 0.177655398846, 0.215331315994, 0.218710482121, 0.221732765436, 0.237974524498, 0.237096816301, 0.252934485674, 0.24941252172, 0.231598183513, 0.227038890123, 0.215087860823, 0.194167867303, 0.214561879635, 0.648786365986],
    "chords_key": "C#",
    "chords_scale": "major",
    "key_key": "C#",
    "key_scale": "major",
    "chords_progression": ["A#", "A#", "A#", "D#m", "D#m", "D#m", "D#m", "D#m", "D#m", "D#m", "D#m", "D#m", "D#m", "D#m", "D#m", "D#m", "A#", "A#", "A", "A", "C#", "C#", "C#", "C#", "C#", "C#", "C#", "C#", "C#", "C#", "C#", "C#", "C#", "C#", "C#", "C#", "C#", "C#", "C#", "C#", "C#", "C#", "C#", "C#", "C#", "C#", "C#", "C#", "C#", "C#", "C#", "C#", "C#", "E", "E", "E", "E", "E", "E", "E", "E", "E", "E", "E", "E", "E", "E"]
}
}