{"lowlevel.dissonance.mean": [0.5174119472503662], "sfx.inharmonicity.mean": [1.1922169923782349], "lowlevel.spectral_contrast.mean": [[0.3020097017288208, 0.5899568796157837, 0.6777870655059814, 0.9730268716812134, 0.7676751613616943, 0.8736417293548584]], "lowlevel.spectral_centroid.mean": [0.5345840454101562], "lowlevel.mfcc.mean": [[0.34023964405059814, 0.23254439234733582, -0.0386563241481781, 0.2851828932762146, 0.5540431141853333, 0.7227764129638672, 0.5000759959220886, 0.7444806098937988, 0.7704665660858154, 0.776556134223938, 1.1984912157058716, 0.48098862171173096, 0.32332736253738403]], "sfx.logattacktime.mean": [0.27350249886512756], "lowlevel.hfc.mean": [0.4652248024940491]}