{
"metadata": {
    "version": {
        "essentia": "2.1-beta2"
    }
},
"lowLevel": {
    "dissonance": {
        "mean": 0.349998146296
    },
    "hfc": {
        "mean": 35.4915008545
    },
    "spectral_centroid": {
        "mean": 0.186008617282
    },
    "mfcc": {
        "mean": [-744.208190918, 39.0942611694, 19.6091575623, 32.4533042908, 2.73173809052, -7.86769390106, -9.9757938385, -18.3851604462, -22.0701408386, -19.8966159821, -25.4327964783, -19.0874099731, -25.3508281708, -19.0580329895, -16.0364646912, -15.9111976624, -14.6087751389, -14.4473304749, -10.1969347, -8.83165740967, -7.31198215485, -3.11748147011, -2.83846020699, -0.901553630829, -0.0498471073806, 1.08158767223, 1.94682633877, 1.49979460239, 1.28103113174, -0.361517459154, -2.08355617523, -3.55154514313, -4.7577381134, -2.54724240303, -1.19302272797, -0.986736059189, -1.15358567238, -0.638102948666, 1.01082718372, 0.633030831814]
    },
    "spectral_contrast": {
        "mean": [-0.518930077553, -0.814638674259, -0.834597289562, -0.828504681587, -0.839517056942, -0.727536022663]
    }
},
"sfx": {
    "inharmonicity": {
        "mean": 0.0672084987164
    },
    "logattacktime": {
        "mean": -4.88865280151
    }
}
}