{"lowlevel.dissonance.mean": [0.013805866241455078], "sfx.inharmonicity.mean": [0.21116749942302704], "lowlevel.spectral_contrast.mean": [[0.8149089217185974, 0.4219074249267578, 0.2747311592102051, 0.28288769721984863, 0.2663867473602295, 0.29314136505126953]], "lowlevel.spectral_centroid.mean": [0.3709236979484558], "lowlevel.mfcc.mean": [[0.2554861307144165, 0.25343048572540283, 0.5721750259399414, 0.5650461316108704, 0.5701331496238708, 0.4650406837463379, 0.4392543435096741, 0.32227271795272827, 0.2776558995246887, 0.19513657689094543, 0.12998101115226746, 0.09893357753753662, 0.014392942190170288]], "sfx.logattacktime.mean": [0.17188900709152222], "lowlevel.hfc.mean": [0.4743894636631012]}