{
"metadata": {
    "version": {
        "essentia": "2.1-beta2"
    }
},
"lowLevel": {
    "dissonance": {
        "mean": 0.193800151348
    },
    "hfc": {
        "mean": 63.9163856506
    },
    "spectral_centroid": {
        "mean": 0.124618873
    },
    "mfcc": {
        "mean": [-909.394897461, -59.4305725098, -99.1154174805, -1.28606343269, 46.8081550598, 46.5568161011, 20.3837966919, -16.2292022705, -52.4783744812, 41.186000824, 58.5874824524, 7.06490373611, -76.4615936279, 30.2678089142, 55.3150672913, -3.04017901421, 7.5726647377, 25.949678421, -50.3646812439, 33.4049034119, 36.3553962708, -48.1676750183, 12.1390953064, 3.93720316887, 18.4844169617, -1.7727124691, -32.1488189697, 30.3563766479, -21.5651493073, 21.0510482788, -2.89067268372, 7.26257276535, -14.1205244064, 12.7624225616, -6.45166254044, -8.11914539337, 10.8729581833, -0.444696575403, 0.250715225935, -9.58732128143]
    },
    "spectral_contrast": {
        "mean": [-0.747486948967, -0.798142254353, -0.340503484011, -0.424852997065, -0.616569876671, -0.696755886078]
    }
},
"sfx": {
    "inharmonicity": {
        "mean": 0.29102614522
    },
    "logattacktime": {
        "mean": -4.99364423752
    }
}
}