{"lowlevel.dissonance.mean": [-0.058548688888549805], "sfx.inharmonicity.mean": [0.44221869111061096], "lowlevel.spectral_contrast.mean": [[0.2274463176727295, 1.2917468547821045, 1.3172022104263306, 1.3260709047317505, 0.9241852760314941, 0.44371676445007324]], "lowlevel.spectral_centroid.mean": [0.3743366599082947], "lowlevel.mfcc.mean": [[0.33568596839904785, 0.43624332547187805, 0.25502538681030273, 0.13346338272094727, 0.25742173194885254, 0.18806028366088867, 0.12846478819847107, 0.21288305521011353, 0.26481372117996216, 0.2533077001571655, 0.3565829396247864, 0.7261743545532227, 1.3169200420379639]], "sfx.logattacktime.mean": [0.20800331234931946], "lowlevel.hfc.mean": [0.4677841365337372]}