{"lowlevel.dissonance.mean": [0.38484203815460205], "sfx.inharmonicity.mean": [0.4244401454925537], "lowlevel.spectral_contrast.mean": [[0.614077091217041, 0.8811033964157104, 0.9218311309814453, 0.8624533414840698, 0.6428470611572266, 0.5684638023376465]], "lowlevel.spectral_centroid.mean": [0.44797858595848083], "lowlevel.mfcc.mean": [[0.42093372344970703, 0.5219542384147644, -0.025916963815689087, 0.07756674289703369, 0.23442769050598145, 0.16662442684173584, 0.22560885548591614, 0.12118282914161682, 0.226007342338562, 0.12591886520385742, 0.3755408525466919, 0.3799726963043213, 0.31549304723739624]], "sfx.logattacktime.mean": [0.558677613735199], "lowlevel.hfc.mean": [0.46619898080825806]}