{
"metadata": {
    "version": {
        "essentia": "2.1-beta2"
    }
},
"lowLevel": {
    "dissonance": {
        "mean": 0.185921147466
    },
    "hfc": {
        "mean": 28.4000682831
    },
    "spectral_centroid": {
        "mean": 0.0868142321706
    },
    "mfcc": {
        "mean": [-741.018127441, 59.7952156067, -182.389144897, -26.5646305084, -38.8427429199, -17.2624187469, -35.0129127502, -34.6169281006, -34.392414093, -24.0670967102, -5.15041399002, 7.06127786636, 17.546295166, 33.0775680542, 34.2335090637, 26.7463684082, 12.4939842224, -0.447442531586, -20.4225502014, -30.9683132172, -28.83934021, -4.18694448471, 21.3051452637, 29.7145729065, 15.1363983154, -13.7232685089, -23.3027076721, -7.89094781876, 17.3968982697, 28.3402824402, 10.4447078705, -15.2776641846, -15.1566286087, 2.7977449894, 5.3312163353, -5.52784252167, -4.35963869095, 3.01910543442, -1.96334767342, -8.72976016998]
    },
    "spectral_contrast": {
        "mean": [-0.363061994314, -0.328451663256, -0.448569685221, -0.554762125015, -0.736605644226, -0.718075335026]
    }
},
"sfx": {
    "inharmonicity": {
        "mean": 0.208573326468
    },
    "logattacktime": {
        "mean": -5
    }
}
}