{"lowlevel.dissonance.mean": [0.5117329359054565], "sfx.inharmonicity.mean": [1.3379110097885132], "lowlevel.spectral_contrast.mean": [[0.47013092041015625, 0.2555267810821533, 0.326200008392334, 1.4449105262756348, 0.7870903015136719, 0.5828843116760254]], "lowlevel.spectral_centroid.mean": [0.43953627347946167], "lowlevel.mfcc.mean": [[0.23618125915527344, 0.17256224155426025, 0.2138034999370575, 0.22293193638324738, 0.6046208143234253, 1.1925601959228516, 1.150151252746582, 0.26138198375701904, -0.214643657207489, 0.5021523833274841, 1.58060622215271, 1.806535243988037, 0.14548882842063904]], "sfx.logattacktime.mean": [0.6008630990982056], "lowlevel.hfc.mean": [0.4762951135635376]}