{"lowlevel.dissonance.mean": [0.5616748332977295], "sfx.inharmonicity.mean": [1.3175866603851318], "lowlevel.spectral_contrast.mean": [[0.27226030826568604, 0.2543395757675171, 1.2594811916351318, 1.123671054840088, 0.9536316394805908, 0.9724161624908447]], "lowlevel.spectral_centroid.mean": [0.49770602583885193], "lowlevel.mfcc.mean": [[0.49234139919281006, 0.0969797894358635, -0.18230625987052917, 0.1970633566379547, 0.29022717475891113, 0.8655472993850708, 0.9032841920852661, 0.9381402730941772, 0.8276916146278381, 0.7464166283607483, 0.8207092881202698, 0.45539575815200806, -0.1391778588294983]], "sfx.logattacktime.mean": [0.26542600989341736], "lowlevel.hfc.mean": [0.47779205441474915]}