{"lowlevel.dissonance.mean": [0.22504544258117676], "sfx.inharmonicity.mean": [0.2720218598842621], "lowlevel.spectral_contrast.mean": [[1.1176917552947998, 1.2239986658096313, 1.021410584449768, 1.0846174955368042, 0.877363920211792, 0.7242739200592041]], "lowlevel.spectral_centroid.mean": [0.33808428049087524], "lowlevel.mfcc.mean": [[0.6416887044906616, 0.583365797996521, 0.10464602708816528, 0.6370722055435181, 0.2562386691570282, 0.2558884024620056, -0.09807056188583374, -0.3147403597831726, 0.09888485074043274, 0.23994602262973785, 0.06903353333473206, -0.2565186619758606, 0.1338837742805481]], "sfx.logattacktime.mean": [0.43089377880096436], "lowlevel.hfc.mean": [0.47359713912010193]}