{
"metadata": {
    "version": {
        "essentia": "2.1-beta2"
    }
},
"lowLevel": {
    "average_loudness": 0.99068403244,
    "barkbands_kurtosis": {
        "mean": 7.66890239716
    },
    "barkbands_skewness": {
        "mean": -0.707904934883
    },
    "barkbands_spread": {
        "mean": 8.2295999527
    },
    "dissonance": {
        "mean": 0.437693804502
    },
    "hfc": {
        "mean": 0.305987089872
    },
    "pitch": {
        "mean": 549.531188965
    },
    "pitch_instantaneous_confidence": {
        "mean": 0.701127111912
    },
    "pitch_salience": {
        "mean": 0.511940360069
    },
    "silence_rate_20dB": {
        "mean": 1
    },
    "silence_rate_30dB": {
        "mean": 1
    },
    "silence_rate_60dB": {
        "mean": 1
    },
    "spectral_centroid": {
        "mean": 2378.78979492
    },
    "spectral_complexity": {
        "mean": 0.807692289352
    },
    "spectral_crest": {
        "mean": 15.5656805038
    },
    "spectral_decrease": {
        "mean": -2.77488674399e-11
    },
    "spectral_energy": {
        "mean": 0.000132484172354
    },
    "spectral_energyband_high": {
        "mean": 1.17502486319e-05
    },
    "spectral_energyband_low": {
        "mean": 3.36335887141e-07
    },
    "spectral_energyband_middle_high": {
        "mean": 0.000117822521133
    },
    "spectral_energyband_middle_low": {
        "mean": 2.48192463914e-06
    },
    "spectral_flatness_db": {
        "mean": 0.225416153669
    },
    "spectral_flux": {
        "mean": 0.00408478546888
    },
    "spectral_kurtosis": {
        "mean": 13.0943393707
    },
    "spectral_rms": {
        "mean": 0.000315091689117
    },
    "spectral_rolloff": {
        "mean": 3077.59082031
    },
    "spectral_skewness": {
        "mean": 2.73785877228
    },
    "spectral_spread": {
        "mean": 8432030
    },
    "spectral_strongpeak": {
        "mean": 0.416272342205
    },
    "zerocrossingrate": {
        "mean": 0.107065051794
    },
    "barkbands": {
        "mean": [2.65541444833e-07, 2.10673633205e-07, 2.94760882369e-09, 3.46530382167e-09, 1.63373314876e-08, 8.93778118183e-09, 9.47269196416e-09, 1.81511973096e-06, 5.62653440284e-07, 3.93646075736e-07, 3.04279092234e-06, 7.57220391279e-07, 1.6879106397e-06, 6.36114782537e-05, 1.11624206056e-06, 1.49357056216e-05, 4.62441221316e-06, 1.81806644832e-05, 8.95099492482e-06, 1.57697479608e-06, 2.1585799459e-06, 7.26632015358e-06, 8.02021645541e-07, 4.53214397567e-07, 2.8426287102e-08, 2.35005659377e-09, 5.60397117599e-10]
    },
    "mfcc": {
        "mean": [-978.590393066, 20.243314743, -81.7925186157, -10.6531105042, 5.83540153503, 17.1149215698, 0.022162143141, 13.1601514816, 11.7480678558, 11.9858150482, 26.2226982117, -0.219749003649, -6.12653398514]
    },
    "sccoeffs": {
        "mean": [-0.797670960426, -0.727955162525, -0.733226716518, -0.650272786617, -0.746068954468, -0.74543595314]
    },
    "scvalleys": {
        "mean": [-11.3159389496, -11.7358837128, -11.4726953506, -10.9974975586, -11.4489946365, -13.3935031891]
    }
},
"rhythm": {
    "bpm": 0,
    "first_peak_bpm": {
        "mean": 0
    },
    "first_peak_spread": {
        "mean": 0
    },
    "first_peak_weight": {
        "mean": 0
    },
    "onset_rate": 1.74005687237,
    "second_peak_bpm": {
        "mean": 0
    },
    "second_peak_spread": {
        "mean": 0
    },
    "second_peak_weight": {
        "mean": 0
    },
    "beats_position": [],
    "bpm_estimates": [],
    "bpm_intervals": [],
    "onset_times": [0.0348299331963]
},
"sfx": {
    "inharmonicity": {
        "mean": 0.109766110778
    },
    "oddtoevenharmonicenergyratio": {
        "mean": 99.4175643921
    },
    "pitch_after_max_to_before_max_energy_ratio": 0.265927344561,
    "pitch_centroid": 11.5929450989,
    "pitch_max_to_total": 0.961538434029,
    "pitch_min_to_total": 0.230769231915,
    "tristimulus": {
        "mean": [0.129320412874, 0.650814890862, 0.125630229712]
    }
},
"tonal": {
    "chords_changes_rate": 0,
    "chords_number_rate": 0.0714285746217,
    "chords_strength": {
        "mean": 0.369452536106
    },
    "key_strength": 0.578694045544,
    "tuning_diatonic_strength": 0.363251447678,
    "tuning_equal_tempered_deviation": 0.183973491192,
    "tuning_frequency": 440.508575439,
    "tuning_nontempered_energy_ratio": 0.806371152401,
    "hpcp": {
        "mean": [0.0223791263998, 0.0537102110684, 0.0640176683664, 0.0232106167823, 0.0199069194496, 0.0470997020602, 0.0350275151432, 0.00946228113025, 0.023507816717, 0.0445500798523, 0.091984577477, 0.165988117456, 0.110872268677, 0.0473238900304, 0.0661882460117, 0.0594395361841, 0.0545057840645, 0.0493889786303, 0.0294294469059, 0.0368072353303, 0.0754884108901, 0.0487693473697, 0.0212305281311, 0.0409142635763, 0.0384585671127, 0.0262391995639, 0.0214014612138, 0.0380574278533, 0.128946408629, 0.549022614956, 0.916911423206, 0.543325781822, 0.111127905548, 0.0698964074254, 0.0451088026166, 0.0232871565968]
    },
    "chords_histogram": [0, 0, 0, 0, 0, 0, 0, 100, 0, 0, 0, 0, 0, 0, 0, 0, 0, 0, 0, 0, 0, 0, 0, 0],
    "thpcp": [1, 0.592560827732, 0.12119808048, 0.0762302726507, 0.0491964668036, 0.0253973901272, 0.024407075718, 0.0585773177445, 0.0698188170791, 0.0253139138222, 0.0217108428478, 0.051367778331, 0.0382016338408, 0.0103197330609, 0.0256380457431, 0.0485871136189, 0.100320026278, 0.181029602885, 0.120919279754, 0.0516122803092, 0.0721860826015, 0.0648258179426, 0.0594449825585, 0.053864505142, 0.0320962816477, 0.0401426292956, 0.0823290124536, 0.0531887225807, 0.0231543928385, 0.0446218289435, 0.0419436022639, 0.0286169406027, 0.0233408156782, 0.0415061116219, 0.140631258488, 0.598773896694],
    "chords_key": "C",
    "chords_scale": "major",
    "key_key": "C",
    "key_scale": "minor",
    "chords_progression": ["C", "C", "C", "C", "C", "C", "C", "C", "C", "C", "C", "C", "C", "C"]
}
}