{"lowlevel.dissonance.mean": [-0.2841871380805969], "sfx.inharmonicity.mean": [0.34848886728286743], "lowlevel.spectral_contrast.mean": [[0.32663774490356445, 1.384321928024292, 0.7269363403320312, 1.4065223932266235, 0.46416521072387695, 0.3209357261657715]], "lowlevel.spectral_centroid.mean": [0.38606202602386475], "lowlevel.mfcc.mean": [[0.22504615783691406, 0.34483009576797485, 0.30307066440582275, 0.04444494843482971, 0.16887474060058594, 0.364715039730072, 0.32644927501678467, 0.2754032611846924, 0.772955596446991, 1.2707329988479614, 1.1611948013305664, 0.9545361995697021, 0.624154269695282]], "sfx.logattacktime.mean": [0.2170661985874176], "lowlevel.hfc.mean": [0.4707576036453247]}