{
"metadata": {
    "version": {
        "essentia": "2.1-beta2"
    }
},
"lowLevel": {
    "average_loudness": 0.974273562431,
    "barkbands_kurtosis": {
        "mean": 9.6732416153
    },
    "barkbands_skewness": {
        "mean": 0.500287055969
    },
    "barkbands_spread": {
        "mean": 12.7243566513
    },
    "dissonance": {
        "mean": 0.443111538887
    },
    "hfc": {
        "mean": 18.4850177765
    },
    "pitch": {
        "mean": 642.878417969
    },
    "pitch_instantaneous_confidence": {
        "mean": 0.692686021328
    },
    "pitch_salience": {
        "mean": 0.729389071465
    },
    "silence_rate_20dB": {
        "mean": 1
    },
    "silence_rate_30dB": {
        "mean": 1
    },
    "silence_rate_60dB": {
        "mean": 0.445086717606
    },
    "spectral_centroid": {
        "mean": 1674.33239746
    },
    "spectral_complexity": {
        "mean": 5.05202293396
    },
    "spectral_crest": {
        "mean": 11.6548032761
    },
    "spectral_decrease": {
        "mean": -2.96410851419e-09
    },
    "spectral_energy": {
        "mean": 0.0128638623282
    },
    "spectral_energyband_high": {
        "mean": 4.80314483866e-05
    },
    "spectral_energyband_low": {
        "mean": 1.33532171986e-08
    },
    "spectral_energyband_middle_high": {
        "mean": 0.0120732877403
    },
    "spectral_energyband_middle_low": {
        "mean": 0.000742594187614
    },
    "spectral_flatness_db": {
        "mean": 0.314299345016
    },
    "spectral_flux": {
        "mean": 0.00910695455968
    },
    "spectral_kurtosis": {
        "mean": 12.716006279
    },
    "spectral_rms": {
        "mean": 0.00263976305723
    },
    "spectral_rolloff": {
        "mean": 2417.69189453
    },
    "spectral_skewness": {
        "mean": 2.51081824303
    },
    "spectral_spread": {
        "mean": 9678389
    },
    "spectral_strongpeak": {
        "mean": 2.77319788933
    },
    "zerocrossingrate": {
        "mean": 0.0955874025822
    },
    "barkbands": {
        "mean": [1.99862970618e-08, 3.44241213313e-09, 1.33884581199e-09, 1.75086245502e-09, 1.55389741963e-07, 3.4695682416e-07, 0.000741918222047, 5.8191982788e-08, 8.7368633217e-08, 0.00264434190467, 6.74087914376e-06, 1.02814976799e-06, 0.00591169064865, 1.80463994184e-05, 0.00154440617189, 0.000662514998112, 0.000734498142265, 0.000364861334674, 0.000142264689202, 6.30574650131e-05, 2.10063772101e-05, 5.41178042113e-06, 1.17464514915e-06, 1.99456437144e-07, 4.4333678062e-08, 7.93969778812e-09, 5.81045322967e-10]
    },
    "mfcc": {
        "mean": [-912.136108398, 25.1502475739, -119.566551208, -8.38035202026, -25.6964530945, -16.5393390656, -18.8445739746, -8.46026039124, -8.22081184387, -8.55257129669, 0.944559276104, 9.14900875092, 18.5187740326]
    },
    "sccoeffs": {
        "mean": [-0.855893194675, -0.583461821079, -0.604246616364, -0.594888865948, -0.710491597652, -0.789963304996]
    },
    "scvalleys": {
        "mean": [-11.5762338638, -10.8934831619, -10.4596567154, -10.1611499786, -10.4885025024, -12.1523170471]
    }
},
"rhythm": {
    "beats_loudness": {
        "mean": 0.0154815986753
    },
    "bpm": 136.036880493,
    "first_peak_bpm": {
        "mean": 136
    },
    "first_peak_spread": {
        "mean": 0.400000035763
    },
    "first_peak_weight": {
        "mean": 0.428571432829
    },
    "onset_rate": 2.00803661346,
    "second_peak_bpm": {
        "mean": 129
    },
    "second_peak_spread": {
        "mean": 0
    },
    "second_peak_weight": {
        "mean": 0.285714298487
    },
    "beats_loudness_band_ratio": {
        "mean": [0.000879073806573, 0.00139800773468, 0.0537951737642, 0.539346754551, 0.299163788557, 0.108820222318]
    },
    "beats_position": [0.441179126501, 0.882358253002, 1.33514738083, 1.764716506, 2.20589566231, 2.67029476166, 3.13469386101, 3.5758728981],
    "bpm_estimates": [135.999176025, 132.512008667, 139.674835205, 135.999176025, 135.999206543],
    "bpm_intervals": [0.441179126501, 0.452789127827, 0.429569125175, 0.441179156303, 0.46439909935, 0.46439909935, 0.441179037094],
    "onset_times": [0.510838985443, 0.673378705978, 0.905578255653, 1.04489791393, 1.33514738083, 1.47446715832, 1.5673469305, 1.764716506]
},
"sfx": {
    "inharmonicity": {
        "mean": 0.0517706684768
    },
    "oddtoevenharmonicenergyratio": {
        "mean": 1.00560760498
    },
    "pitch_after_max_to_before_max_energy_ratio": 0.0737355053425,
    "pitch_centroid": 67.1193237305,
    "pitch_max_to_total": 0.994219660759,
    "pitch_min_to_total": 0.976878583431,
    "tristimulus": {
        "mean": [0.240521535277, 0.632312476635, 0.0985646769404]
    }
},
"tonal": {
    "chords_changes_rate": 0.0344827584922,
    "chords_number_rate": 0.045977011323,
    "chords_strength": {
        "mean": 0.477300047874
    },
    "key_strength": 0.764734387398,
    "tuning_diatonic_strength": 0.481703341007,
    "tuning_equal_tempered_deviation": 0.111805520952,
    "tuning_frequency": 437.971466064,
    "tuning_nontempered_energy_ratio": 0.646308064461,
    "hpcp": {
        "mean": [0.577389717102, 0.335964292288, 0.172026216984, 0.14910890162, 0.136826232076, 0.114251464605, 0.0907595604658, 0.0754225105047, 0.080341681838, 0.0971049815416, 0.127728015184, 0.164352983236, 0.151807814837, 0.11448943615, 0.110272042453, 0.120450362563, 0.13044296205, 0.126587316394, 0.100569628179, 0.0975852385163, 0.432248264551, 0.668513178825, 0.346529245377, 0.146274760365, 0.160880863667, 0.110437199473, 0.0785577446222, 0.088825546205, 0.111218199134, 0.107972495258, 0.0807160362601, 0.078850902617, 0.113205835223, 0.129631876945, 0.144851073623, 0.420547842979]
    },
    "chords_histogram": [44.8275871277, 0, 0, 0, 0, 0, 0, 24.1379318237, 0, 0, 0, 0, 0, 0, 0, 3.44827580452, 0, 27.5862064362, 0, 0, 0, 0, 0, 0],
    "thpcp": [1, 0.518358111382, 0.218806102872, 0.240654736757, 0.165198236704, 0.11751113832, 0.132870301604, 0.166366502643, 0.161511391401, 0.120739631355, 0.117949657142, 0.169339716434, 0.193910732865, 0.216676473618, 0.629079341888, 0.863692343235, 0.502554476261, 0.257326602936, 0.223045572639, 0.204672455788, 0.17090383172, 0.135763302445, 0.112821273506, 0.120179653168, 0.145255148411, 0.191062822938, 0.245848536491, 0.227082759142, 0.17125980556, 0.164951190352, 0.180176496506, 0.195124000311, 0.189356505871, 0.150437757373, 0.145973548293, 0.646581530571],
    "chords_key": "A",
    "chords_scale": "major",
    "key_key": "A",
    "key_scale": "major",
    "chords_progression": ["A#m", "A#m", "A#m", "A#m", "A#m", "A#m", "A#m", "A#m", "A#m", "A#m", "A#m", "A#m", "A#m", "A#m", "A#m", "A#m", "A#m", "A#m", "A#m", "A#m", "A#m", "Dm", "Dm", "Dm", "A", "A", "A", "A", "A", "A", "A", "A", "A", "A", "A", "A", "A", "A", "A", "A", "A", "A", "A", "A", "A", "A", "A", "A", "A", "A", "A", "A", "A", "A", "A", "A", "A", "A", "A", "A", "A", "A", "A", "Am", "Am", "Am", "Am", "Am", "Am", "Am", "Am", "Am", "Am", "Am", "Am", "Am", "Am", "Am", "Am", "Am", "Am", "Am", "Am", "Am", "Am", "Am", "Am"]
}
}