{"lowlevel.dissonance.mean": [0.01792013645172119], "sfx.inharmonicity.mean": [0.21267519891262054], "lowlevel.spectral_contrast.mean": [[0.5232765674591064, 0.8364701271057129, 0.6679596900939941, 0.558631420135498, 0.34786224365234375, 0.27464795112609863]], "lowlevel.spectral_centroid.mean": [0.34215301275253296], "lowlevel.mfcc.mean": [[0.3688023090362549, 0.8671939373016357, 0.8065445423126221, 0.2193884402513504, 0.25073951482772827, 0.2905057668685913, 0.18372842669487, 0.12765243649482727, 0.39350375533103943, 0.5879647731781006, 0.7350841164588928, 0.8699701428413391, 0.9079252481460571]], "sfx.logattacktime.mean": [0.49716028571128845], "lowlevel.hfc.mean": [0.4707033336162567]}