{
"metadata": {
    "version": {
        "essentia": "2.1-beta2"
    }
},
"lowLevel": {
    "dissonance": {
        "mean": 0.20626167953
    },
    "hfc": {
        "mean": 6.42220926285
    },
    "spectral_centroid": {
        "mean": 0.0852101817727
    },
    "mfcc": {
        "mean": [-707.197998047, 132.173980713, -88.058052063, 5.40963697433, -34.6855926514, -9.93253707886, -9.52146530151, -11.4068965912, -8.81338024139, -7.78753662109, -13.4266748428, -11.8044261932, -19.4275932312, -20.4632263184, -14.8781604767, -3.07616949081, 6.32648181915, 3.10051131248, 7.03727388382, 8.62804222107, -3.42863893509, 5.94834947586, 12.7679834366, 17.8415584564, 26.8712520599, 5.93619966507, -0.815178573132, -0.985491335392, -4.60541343689, -7.26046180725, -8.3829536438, -4.32976675034, 0.879295051098, 5.38384342194, 7.68866300583, 4.54578638077, 7.17168855667, 5.01103019714, -3.72836470604, -3.16048669815]
    },
    "spectral_contrast": {
        "mean": [-0.554607331753, -0.497290879488, -0.60968798399, -0.675437808037, -0.741157770157, -0.773085176945]
    }
},
"sfx": {
    "inharmonicity": {
        "mean": 0.262214660645
    },
    "logattacktime": {
        "mean": -5
    }
}
}