{"lowlevel.dissonance.mean": [0.14644253253936768], "sfx.inharmonicity.mean": [0.4075891971588135], "lowlevel.spectral_contrast.mean": [[0.5250407457351685, 1.368625283241272, 1.1105166673660278, 1.0107172727584839, 0.9292597770690918, 0.6818501949310303]], "lowlevel.spectral_centroid.mean": [0.3443140387535095], "lowlevel.mfcc.mean": [[0.649775505065918, 0.6473678350448608, 0.09446200728416443, 0.4294368028640747, 0.03261128067970276, 0.06555360555648804, 0.12211927771568298, 0.1739523708820343, 0.16828307509422302, 0.16134372353553772, 0.49334943294525146, 0.7821038365364075, 0.5402512550354004]], "sfx.logattacktime.mean": [0.45195823907852173], "lowlevel.hfc.mean": [0.4762011170387268]}