{"lowlevel.dissonance.mean": [0.5803307294845581], "sfx.inharmonicity.mean": [0.36490797996520996], "lowlevel.spectral_contrast.mean": [[0.3894561529159546, 0.3491305112838745, 0.3522164821624756, 0.2943446636199951, 0.28790974617004395, 0.2853984832763672]], "lowlevel.spectral_centroid.mean": [0.4409564733505249], "lowlevel.mfcc.mean": [[0.23681998252868652, 0.2207401543855667, 0.4712705612182617, 0.363713800907135, 0.32618939876556396, 0.2680600583553314, 0.3751751184463501, 0.3971517086029053, 0.4543158710002899, 0.4377974271774292, 0.42482057213783264, 0.4607631266117096, 0.4403321444988251]], "sfx.logattacktime.mean": [0.17661148309707642], "lowlevel.hfc.mean": [0.47231677174568176]}