{"lowlevel.dissonance.mean": [-0.331773042678833], "sfx.inharmonicity.mean": [0.31108295917510986], "lowlevel.spectral_contrast.mean": [[0.6649262309074402, 1.5025947093963623, 1.2695077657699585, 0.9813487529754639, 0.45452332496643066, 0.29909658432006836]], "lowlevel.spectral_centroid.mean": [0.3571367561817169], "lowlevel.mfcc.mean": [[0.34470486640930176, 0.6361396312713623, 0.41263195872306824, -0.09121817350387573, -0.023625850677490234, -0.012072771787643433, 0.009726732969284058, 0.17670217156410217, 0.5279256701469421, 0.4603745639324188, 0.17252042889595032, 0.009070783853530884, 0.30805504322052]], "sfx.logattacktime.mean": [0.3149755895137787], "lowlevel.hfc.mean": [0.47994285821914673]}