{"lowlevel.dissonance.mean": [0.4862959384918213], "sfx.inharmonicity.mean": [1.070488452911377], "lowlevel.spectral_contrast.mean": [[0.3246699571609497, 0.6075780391693115, 0.7318211793899536, 1.0036909580230713, 0.7598996162414551, 0.9229221343994141]], "lowlevel.spectral_centroid.mean": [0.5378782749176025], "lowlevel.mfcc.mean": [[0.3774949312210083, 0.17855949699878693, -0.07329031825065613, 0.2781853973865509, 0.5365247130393982, 0.7899583578109741, 0.541857123374939, 0.7838385105133057, 0.7164610624313354, 0.7186069488525391, 1.2386133670806885, 0.5774093270301819, 0.3350444436073303]], "sfx.logattacktime.mean": [0.27383163571357727], "lowlevel.hfc.mean": [0.46538546681404114]}