{
"metadata": {
    "version": {
        "essentia": "2.1-beta2"
    }
},
"lowLevel": {
    "average_loudness": 0.974274277687,
    "barkbands_kurtosis": {
        "mean": 7.30718421936
    },
    "barkbands_skewness": {
        "mean": 1.65208506584
    },
    "barkbands_spread": {
        "mean": 11.4561252594
    },
    "dissonance": {
        "mean": 0.233281001449
    },
    "hfc": {
        "mean": 7.88112831116
    },
    "pitch": {
        "mean": 186.399673462
    },
    "pitch_instantaneous_confidence": {
        "mean": 0.638522684574
    },
    "pitch_salience": {
        "mean": 0.597667574883
    },
    "silence_rate_20dB": {
        "mean": 1
    },
    "silence_rate_30dB": {
        "mean": 1
    },
    "silence_rate_60dB": {
        "mean": 0.422413796186
    },
    "spectral_centroid": {
        "mean": 693.101196289
    },
    "spectral_complexity": {
        "mean": 3.67241382599
    },
    "spectral_crest": {
        "mean": 15.2677078247
    },
    "spectral_decrease": {
        "mean": -3.88095866555e-09
    },
    "spectral_energy": {
        "mean": 0.0153624424711
    },
    "spectral_energyband_high": {
        "mean": 1.00189126329e-07
    },
    "spectral_energyband_low": {
        "mean": 7.39036768209e-05
    },
    "spectral_energyband_middle_high": {
        "mean": 0.000142998935189
    },
    "spectral_energyband_middle_low": {
        "mean": 0.0152772935107
    },
    "spectral_flatness_db": {
        "mean": 0.327974021435
    },
    "spectral_flux": {
        "mean": 0.00484199263155
    },
    "spectral_kurtosis": {
        "mean": 77.0223312378
    },
    "spectral_rms": {
        "mean": 0.00292090908624
    },
    "spectral_rolloff": {
        "mean": 981.616271973
    },
    "spectral_skewness": {
        "mean": 6.66459608078
    },
    "spectral_spread": {
        "mean": 14233786
    },
    "spectral_strongpeak": {
        "mean": 1.47074782848
    },
    "zerocrossingrate": {
        "mean": 0.0496910363436
    },
    "barkbands": {
        "mean": [2.61626269094e-07, 2.41661780365e-07, 9.36359538173e-06, 0.000102736572444, 1.97596618818e-05, 0.000624612323008, 0.00997241586447, 0.000597342208494, 0.00380459078588, 0.000160408337251, 3.37605124514e-05, 1.75375607796e-05, 8.24914422992e-06, 7.19288709661e-06, 2.72701231552e-06, 1.04581204141e-06, 9.28945880219e-08, 3.40106893759e-08, 1.3393784748e-08, 2.17868638686e-08, 3.71759512063e-08, 8.67250182779e-09, 5.66689539738e-09, 8.2312459071e-09, 8.99622865091e-09, 7.65320962159e-09, 4.64527705191e-09]
    },
    "mfcc": {
        "mean": [-970.836303711, 161.143432617, 30.5225448608, -29.1690444946, -25.5120506287, -18.3211536407, -24.6061897278, -19.5978832245, 1.44536209106, 8.98439693451, 2.54620051384, 0.00473976135254, -1.80951607227]
    },
    "sccoeffs": {
        "mean": [-0.636961102486, -0.529075264931, -0.66498285532, -0.74458271265, -0.86018383503, -0.892614364624]
    },
    "scvalleys": {
        "mean": [-9.70676994324, -9.07485675812, -10.5266914368, -11.0322580338, -12.2324542999, -12.817697525]
    }
},
"rhythm": {
    "beats_loudness": {
        "mean": 0.0201159827411
    },
    "bpm": 101.332725525,
    "first_peak_bpm": {
        "mean": 101
    },
    "first_peak_spread": {
        "mean": 0
    },
    "first_peak_weight": {
        "mean": 1
    },
    "onset_rate": 1.5012254715,
    "second_peak_bpm": {
        "mean": 0
    },
    "second_peak_spread": {
        "mean": 0
    },
    "second_peak_weight": {
        "mean": 0
    },
    "beats_loudness_band_ratio": {
        "mean": [0.224463164806, 0.0412697270513, 0.714675068855, 0.0173024758697, 0.0019498487236, 0.00409575877711]
    },
    "beats_position": [0.580498874187, 1.17260766029, 1.764716506, 2.35682535172],
    "bpm_estimates": [101.332733154, 101.332717896, 101.332717896],
    "bpm_intervals": [0.592108786106, 0.592108845711, 0.592108845711],
    "onset_times": [0.0464399084449, 0.359909296036, 2.14784574509, 2.61224484444]
},
"sfx": {
    "inharmonicity": {
        "mean": 0.0348261557519
    },
    "oddtoevenharmonicenergyratio": {
        "mean": 0.750186860561
    },
    "pitch_after_max_to_before_max_energy_ratio": 2.34665894508,
    "pitch_centroid": 54.8659324646,
    "pitch_max_to_total": 0.0344827584922,
    "pitch_min_to_total": 0.922413766384,
    "tristimulus": {
        "mean": [0.317341536283, 0.653541684151, 0.0269009843469]
    }
},
"tonal": {
    "chords_changes_rate": 0.0169491525739,
    "chords_number_rate": 0.0338983051479,
    "chords_strength": {
        "mean": 0.497903674841
    },
    "key_strength": 0.747100651264,
    "tuning_diatonic_strength": 0.546157181263,
    "tuning_equal_tempered_deviation": 0.096787750721,
    "tuning_frequency": 444.341888428,
    "tuning_nontempered_energy_ratio": 0.617633402348,
    "hpcp": {
        "mean": [0.0218332130462, 0.0270177535713, 0.35228228569, 0.662346720695, 0.343026131392, 0.0390731319785, 0.0421673841774, 0.0435982309282, 0.0655241757631, 0.0812369138002, 0.0598662681878, 0.0318152308464, 0.0346553362906, 0.0357508398592, 0.0242685023695, 0.0253507364541, 0.0554316602647, 0.270884841681, 0.411437749863, 0.206759646535, 0.0385631360114, 0.0296430326998, 0.192521125078, 0.268643826246, 0.0955280959606, 0.00676314905286, 0.0106964018196, 0.0178000424057, 0.0261470042169, 0.0445776581764, 0.0435519702733, 0.0260214284062, 0.0237994994968, 0.0187959633768, 0.0138424923643, 0.019063308835]
    },
    "chords_histogram": [61.0169487, 0, 0, 0, 0, 0, 0, 0, 0, 0, 0, 0, 0, 0, 0, 0, 0, 38.9830513, 0, 0, 0, 0, 0, 0],
    "thpcp": [1, 0.517895102501, 0.0589919611812, 0.0636636093259, 0.0658238828182, 0.0989273041487, 0.122650131583, 0.0903850868344, 0.0480341017246, 0.0523220486939, 0.0539760217071, 0.0366401784122, 0.0382741168141, 0.0836897939444, 0.408977389336, 0.621181845665, 0.31216225028, 0.0582219772041, 0.0447545535862, 0.290665179491, 0.405593961477, 0.144226714969, 0.0102108893916, 0.0161492489278, 0.0268742069602, 0.0394763089716, 0.0673025995493, 0.0657540336251, 0.0392867177725, 0.0359320864081, 0.0283778309822, 0.0208991635591, 0.0287814643234, 0.0329634211957, 0.0407909527421, 0.531869888306],
    "chords_key": "D#",
    "chords_scale": "major",
    "key_key": "D#",
    "key_scale": "major",
    "chords_progression": ["D#m", "D#m", "D#m", "D#m", "D#m", "D#m", "D#m", "D#m", "D#m", "D#m", "D#m", "D#m", "D#m", "D#m", "D#m", "D#m", "D#m", "D#m", "D#m", "D#m", "D#m", "D#m", "D#m", "D#", "D#", "D#", "D#", "D#", "D#", "D#", "D#", "D#", "D#", "D#", "D#", "D#", "D#", "D#", "D#", "D#", "D#", "D#", "D#", "D#", "D#", "D#", "D#", "D#", "D#", "D#", "D#", "D#", "D#", "D#", "D#", "D#", "D#", "D#", "D#"]
}
}