{
"metadata": {
    "version": {
        "essentia": "2.1-beta2"
    }
},
"lowLevel": {
    "average_loudness": 0.957934737206,
    "barkbands_kurtosis": {
        "mean": 9.51913166046
    },
    "barkbands_skewness": {
        "mean": 1.26766908169
    },
    "barkbands_spread": {
        "mean": 12.3628854752
    },
    "dissonance": {
        "mean": 0.479771018028
    },
    "hfc": {
        "mean": 42.104637146
    },
    "pitch": {
        "mean": 1146.28161621
    },
    "pitch_instantaneous_confidence": {
        "mean": 0.6710293293
    },
    "pitch_salience": {
        "mean": 0.454289197922
    },
    "silence_rate_20dB": {
        "mean": 1
    },
    "silence_rate_30dB": {
        "mean": 1
    },
    "silence_rate_60dB": {
        "mean": 0.506578922272
    },
    "spectral_centroid": {
        "mean": 1942.73474121
    },
    "spectral_complexity": {
        "mean": 1.09210526943
    },
    "spectral_crest": {
        "mean": 15.7846708298
    },
    "spectral_decrease": {
        "mean": -3.70445785158e-09
    },
    "spectral_energy": {
        "mean": 0.017800450325
    },
    "spectral_energyband_high": {
        "mean": 2.59972694039e-05
    },
    "spectral_energyband_low": {
        "mean": 8.07996727303e-08
    },
    "spectral_energyband_middle_high": {
        "mean": 0.0177738089114
    },
    "spectral_energyband_middle_low": {
        "mean": 7.120893315e-07
    },
    "spectral_flatness_db": {
        "mean": 0.40012934804
    },
    "spectral_flux": {
        "mean": 0.0228871013969
    },
    "spectral_kurtosis": {
        "mean": 10.4945259094
    },
    "spectral_rms": {
        "mean": 0.00289367814548
    },
    "spectral_rolloff": {
        "mean": 2720.97265625
    },
    "spectral_skewness": {
        "mean": 2.72989964485
    },
    "spectral_spread": {
        "mean": 13237779
    },
    "spectral_strongpeak": {
        "mean": 6.53141403198
    },
    "zerocrossingrate": {
        "mean": 0.106715150177
    },
    "barkbands": {
        "mean": [9.56170822519e-08, 2.01882848216e-08, 1.51530237247e-08, 2.25751506377e-08, 3.2352986068e-08, 2.65584276349e-07, 1.27211876588e-07, 2.44718112441e-08, 5.86235806566e-08, 5.75526769353e-07, 4.05745652188e-07, 1.53195446728e-06, 0.0013210887555, 1.80519089099e-06, 0.0103988852352, 7.76815966219e-07, 2.3862312446e-06, 9.66867592069e-05, 0.00594954518601, 1.23584561607e-06, 1.28237189756e-07, 1.27075045384e-05, 5.33683714821e-06, 2.96297071145e-06, 1.71282135852e-06, 1.6908049929e-06, 3.94677186932e-07]
    },
    "mfcc": {
        "mean": [-1032.18554688, -14.1019258499, -43.9732704163, -0.895114421844, 15.2760906219, 8.94419765472, 5.44647073746, -24.1218166351, -8.93607616425, 32.9687957764, 8.29331016541, -35.8532981873, 6.43370246887]
    },
    "sccoeffs": {
        "mean": [-0.802683651447, -0.869099676609, -0.869822323322, -0.58370757103, -0.658487975597, -0.797897100449]
    },
    "scvalleys": {
        "mean": [-11.6097202301, -11.3051586151, -11.0937776566, -10.8698196411, -11.3910036087, -12.3620662689]
    }
},
"rhythm": {
    "beats_loudness": {
        "mean": 0.0284071359783
    },
    "bpm": 113.345787048,
    "first_peak_bpm": {
        "mean": 112
    },
    "first_peak_spread": {
        "mean": 0.399999976158
    },
    "first_peak_weight": {
        "mean": 0.600000023842
    },
    "onset_rate": 1.42694425583,
    "second_peak_bpm": {
        "mean": 0
    },
    "second_peak_spread": {
        "mean": 0
    },
    "second_peak_weight": {
        "mean": 0
    },
    "beats_loudness_band_ratio": {
        "mean": [0.0111336940899, 0.0473653487861, 0.0803591683507, 0.250991731882, 0.368077993393, 0.27788695693]
    },
    "beats_position": [0.522448956966, 1.05650794506, 1.57895684242, 2.11301589012, 2.63546490669, 3.16952371597],
    "bpm_estimates": [112.347137451, 114.843765259, 112.347129822, 114.843742371, 112.347175598],
    "bpm_intervals": [0.534058988094, 0.522448897362, 0.534059047699, 0.522449016571, 0.53405880928],
    "onset_times": [0.557278931141, 0.743038535118, 1.02167797089, 1.50929701328, 2.5890250206]
},
"sfx": {
    "inharmonicity": {
        "mean": 0.0888159498572
    },
    "oddtoevenharmonicenergyratio": {
        "mean": 3.77439761162
    },
    "pitch_after_max_to_before_max_energy_ratio": 69.0295715332,
    "pitch_centroid": 95.1270141602,
    "pitch_max_to_total": 0.0131578948349,
    "pitch_min_to_total": 0.105263158679,
    "tristimulus": {
        "mean": [0.197269171476, 0.481137126684, 0.0880078673363]
    }
},
"tonal": {
    "chords_changes_rate": 0.0779220759869,
    "chords_number_rate": 0.0649350658059,
    "chords_strength": {
        "mean": 0.446062207222
    },
    "key_strength": 0.497711867094,
    "tuning_diatonic_strength": 0.424831926823,
    "tuning_equal_tempered_deviation": 0.253270983696,
    "tuning_frequency": 446.399932861,
    "tuning_nontempered_energy_ratio": 0.823665380478,
    "hpcp": {
        "mean": [0.568585753441, 0.298548519611, 0.0747452303767, 0.0780986100435, 0.0692090690136, 0.0792653262615, 0.119927838445, 0.130262762308, 0.101847052574, 0.0872469246387, 0.077189296484, 0.06836399436, 0.0718898773193, 0.0651084259152, 0.0586106553674, 0.0678995773196, 0.0702219903469, 0.0753843039274, 0.100459478796, 0.111115880311, 0.0987858176231, 0.0996060222387, 0.208443015814, 0.251330524683, 0.205102726817, 0.180844336748, 0.134185373783, 0.125111117959, 0.124497614801, 0.117492340505, 0.151288494468, 0.200709089637, 0.156121835113, 0.0943633243442, 0.0809394270182, 0.341299414635]
    },
    "chords_histogram": [0, 1.29870128632, 37.6623382568, 0, 0, 0, 0, 0, 0, 25.9740257263, 0, 0, 0, 0, 0, 0, 0, 0, 0, 0, 0, 0, 9.09090900421, 25.9740257263],
    "thpcp": [1, 0.525072097778, 0.13145814836, 0.137355908751, 0.121721424162, 0.139407858253, 0.210923045874, 0.229099586606, 0.179123476148, 0.153445497155, 0.135756641626, 0.120235152543, 0.126436293125, 0.114509418607, 0.103081472218, 0.119418360293, 0.123502902687, 0.132582113147, 0.176683068275, 0.195425018668, 0.173739522696, 0.175182059407, 0.366599082947, 0.44202747941, 0.360724359751, 0.318059921265, 0.235998481512, 0.220039129257, 0.218960136175, 0.206639617682, 0.266078591347, 0.352997034788, 0.274579226971, 0.165961459279, 0.142352193594, 0.600260257721],
    "chords_key": "E",
    "chords_scale": "minor",
    "key_key": "A",
    "key_scale": "minor",
    "chords_progression": ["C", "Em", "Em", "Em", "Em", "Em", "Em", "Em", "Em", "Em", "Em", "Em", "Em", "Em", "Em", "Em", "Em", "Em", "Em", "Em", "Em", "Em", "Em", "Em", "Em", "Em", "Em", "Em", "Em", "Em", "E", "E", "E", "E", "E", "E", "E", "E", "E", "E", "E", "E", "E", "E", "E", "E", "E", "E", "E", "F", "F", "F", "F", "F", "F", "F", "F", "F", "F", "F", "F", "F", "F", "F", "F", "E", "F", "F", "F", "F", "Dm", "Dm", "Dm", "Dm", "Dm", "Dm", "Dm"]
}
}