{
"metadata": {
    "version": {
        "essentia": "2.1-beta2"
    }
},
"lowLevel": {
    "dissonance": {
        "mean": 0.137228786945
    },
    "hfc": {
        "mean": 228.864898682
    },
    "spectral_centroid": {
        "mean": 0.0916901007295
    },
    "mfcc": {
        "mean": [-811.362548828, -24.1231498718, -131.648025513, -40.24949646, -5.01824712753, 9.74588108063, 32.6009941101, 53.2778396606, 27.6963939667, -45.2183761597, -55.2741622925, -5.61749887466, 63.9240036011, 54.8602561951, -14.6817121506, -33.6767044067, 18.5717372894, 42.7704200745, -16.5372962952, 4.39987945557, 53.8940429688, -22.2301025391, -62.6777229309, 26.9831943512, 19.2582492828, 1.91627311707, 11.6167564392, -12.2661485672, -10.7230024338, 15.1463756561, -13.6517934799, 11.5838098526, 3.63187432289, -2.08611488342, 5.6672706604, -6.06095981598, 0.883654177189, 3.56839036942, -10.3199987411, 4.06543731689]
    },
    "spectral_contrast": {
        "mean": [-0.791416049004, -0.225825116038, -0.292653620243, -0.531593978405, -0.731883227825, -0.70571911335]
    }
},
"sfx": {
    "inharmonicity": {
        "mean": 0.248211666942
    },
    "logattacktime": {
        "mean": -4.98114395142
    }
}
}