{"lowlevel.dissonance.mean": [0.5638750791549683], "sfx.inharmonicity.mean": [0.6755249500274658], "lowlevel.spectral_contrast.mean": [[0.14426088333129883, 0.8523824214935303, 0.792570948600769, 0.7919056415557861, 0.6880996227264404, 0.5818314552307129]], "lowlevel.spectral_centroid.mean": [0.4706854522228241], "lowlevel.mfcc.mean": [[0.33392131328582764, 0.171952486038208, -0.007595866918563843, 0.2712201476097107, 0.1810009479522705, 0.27399060130119324, 0.3046131134033203, 0.36000290513038635, 0.5719574093818665, 0.8146041035652161, 0.9283233880996704, 0.9586046934127808, 0.8065778017044067]], "sfx.logattacktime.mean": [0.512519121170044], "lowlevel.hfc.mean": [0.47303879261016846]}