{
"metadata": {
    "version": {
        "essentia": "2.1-beta2"
    }
},
"lowLevel": {
    "dissonance": {
        "mean": 0.159443169832
    },
    "hfc": {
        "mean": 2.99742841721
    },
    "spectral_centroid": {
        "mean": 0.0488902442157
    },
    "mfcc": {
        "mean": [-783.87121582, 195.457229614, -53.2830505371, 2.2907845974, -3.79540777206, 18.2776470184, 12.6809520721, -15.1853094101, -20.852399826, -8.27083683014, -16.8365135193, -42.0261726379, -14.3784837723, -23.073797226, -38.8364753723, -26.051153183, -27.7187843323, -12.7189712524, 3.29465985298, 8.50765037537, 14.0675992966, 5.35692501068, -8.81049060822, -6.62469482422, -6.01092100143, -2.82356786728, 8.60422611237, 6.23086547852, -2.11074090004, -8.54884052277, -1.66296875477, 7.62551212311, 1.0337458849, -4.88626384735, -2.72186541557, 1.14593493938, 1.43504607677, 1.27058207989, 2.67287707329, 2.45069026947]
    },
    "spectral_contrast": {
        "mean": [-0.413198500872, -0.543105363846, -0.646237552166, -0.753485500813, -0.814758896828, -0.792137205601]
    }
},
"sfx": {
    "inharmonicity": {
        "mean": 0.0354181714356
    },
    "logattacktime": {
        "mean": -5
    }
}
}