{
"metadata": {
    "version": {
        "essentia": "2.1-beta2"
    }
},
"lowLevel": {
    "dissonance": {
        "mean": 0.252643197775
    },
    "hfc": {
        "mean": 30.0765571594
    },
    "spectral_centroid": {
        "mean": 0.05770040676
    },
    "mfcc": {
        "mean": [-641.368896484, 198.152114868, -57.3325042725, 0.382283866405, -34.7021827698, 18.1808586121, 17.0034141541, -1.34252214432, -9.46105098724, 1.06639862061, -19.5649318695, -23.5476226807, -10.6131315231, -4.36206769943, -2.51738357544, -15.2084579468, -11.0601768494, -14.5174713135, -13.3543300629, -26.6353530884, -26.0734272003, -11.7150363922, -2.28197646141, -1.31769537926, -0.150730848312, 8.30593299866, 2.04370737076, -6.94271373749, -15.944524765, -11.9912405014, -12.6853084564, -5.4186296463, 4.90983915329, 11.4766025543, -2.2906267643, -3.67045974731, 1.39512610435, 0.755499660969, -2.97277474403, -6.8481297493]
    },
    "spectral_contrast": {
        "mean": [-0.499318242073, -0.539836883545, -0.627537369728, -0.775741040707, -0.741237163544, -0.722755014896]
    }
},
"sfx": {
    "inharmonicity": {
        "mean": 0.0657343640924
    },
    "logattacktime": {
        "mean": -4.95848703384
    }
}
}