{"lowlevel.dissonance.mean": [0.008490204811096191], "sfx.inharmonicity.mean": [0.44285088777542114], "lowlevel.spectral_contrast.mean": [[0.5377501249313354, 0.8477650880813599, 0.7458041906356812, 0.6081788539886475, 0.39436864852905273, 0.3086881637573242]], "lowlevel.spectral_centroid.mean": [0.34759238362312317], "lowlevel.mfcc.mean": [[0.3533679246902466, 0.7807103395462036, 0.6510398983955383, 0.1345359981060028, 0.2500442862510681, 0.2977565824985504, 0.24440455436706543, 0.21588441729545593, 0.4894668161869049, 0.6466187834739685, 0.6108026504516602, 0.5724004507064819, 0.6805617809295654]], "sfx.logattacktime.mean": [0.44549450278282166], "lowlevel.hfc.mean": [0.46838998794555664]}