{
"metadata": {
    "version": {
        "essentia": "2.1-beta2"
    }
},
"lowLevel": {
    "average_loudness": 0.68237143755,
    "barkbands_kurtosis": {
        "mean": 49.6459465027
    },
    "barkbands_skewness": {
        "mean": 2.21814370155
    },
    "barkbands_spread": {
        "mean": 2.96262764931
    },
    "dissonance": {
        "mean": 0.165199607611
    },
    "hfc": {
        "mean": 11.3595027924
    },
    "pitch": {
        "mean": 618.324829102
    },
    "pitch_instantaneous_confidence": {
        "mean": 0.975901424885
    },
    "pitch_salience": {
        "mean": 0.181535243988
    },
    "silence_rate_20dB": {
        "mean": 1
    },
    "silence_rate_30dB": {
        "mean": 0.967391312122
    },
    "silence_rate_60dB": {
        "mean": 0.728260874748
    },
    "spectral_centroid": {
        "mean": 758.089416504
    },
    "spectral_complexity": {
        "mean": 1.66304349899
    },
    "spectral_crest": {
        "mean": 19.4625797272
    },
    "spectral_decrease": {
        "mean": -2.38519248796e-09
    },
    "spectral_energy": {
        "mean": 0.0100325988606
    },
    "spectral_energyband_high": {
        "mean": 0.000105576618807
    },
    "spectral_energyband_low": {
        "mean": 1.55220022862e-05
    },
    "spectral_energyband_middle_high": {
        "mean": 0.00363410590217
    },
    "spectral_energyband_middle_low": {
        "mean": 0.00628124456853
    },
    "spectral_flatness_db": {
        "mean": 0.664443492889
    },
    "spectral_flux": {
        "mean": 0.0118619129062
    },
    "spectral_kurtosis": {
        "mean": 56.4159431458
    },
    "spectral_rms": {
        "mean": 0.00158446072601
    },
    "spectral_rolloff": {
        "mean": 937.866027832
    },
    "spectral_skewness": {
        "mean": 5.95103406906
    },
    "spectral_spread": {
        "mean": 5991110.5
    },
    "spectral_strongpeak": {
        "mean": 0.73037058115
    },
    "zerocrossingrate": {
        "mean": 0.0408033281565
    },
    "barkbands": {
        "mean": [1.76910634764e-06, 3.78723393624e-06, 6.16288434685e-06, 1.49841062012e-05, 7.94008083176e-05, 6.16529141553e-05, 2.47525604209e-05, 0.00128024839796, 0.00482011120766, 1.6395666762e-06, 3.21445031659e-06, 0.000113113826956, 2.14854972e-05, 1.28725127979e-06, 0.00333831226453, 7.84503413342e-07, 8.29025157145e-05, 3.76127682102e-05, 2.66355946223e-05, 1.7089982066e-05, 1.21327393572e-05, 6.98206640664e-05, 1.09806551336e-05, 6.22131040018e-07, 1.62615094723e-06, 3.06813888074e-07, 1.78853056809e-07]
    },
    "mfcc": {
        "mean": [-1037.50854492, 48.1475563049, -23.8554801941, -21.2967414856, -20.6513385773, -19.6043663025, -23.7392845154, -3.02023077011, 20.7382068634, 34.9589805603, 28.889623642, 5.56404876709, -7.99369764328]
    },
    "sccoeffs": {
        "mean": [-0.840429127216, -0.308479398489, -0.660614848137, -0.569207012653, -0.796172440052, -0.877986848354]
    },
    "scvalleys": {
        "mean": [-13.3505344391, -13.1123313904, -13.5522317886, -13.7668142319, -14.1689748764, -14.46870327]
    }
},
"rhythm": {
    "beats_loudness": {
        "mean": 0.00162847794127
    },
    "bpm": 113.595458984,
    "first_peak_bpm": {
        "mean": 112
    },
    "first_peak_spread": {
        "mean": 0.5
    },
    "first_peak_weight": {
        "mean": 0.5
    },
    "onset_rate": 0.473485887051,
    "second_peak_bpm": {
        "mean": 0
    },
    "second_peak_spread": {
        "mean": 0
    },
    "second_peak_weight": {
        "mean": 0
    },
    "beats_loudness_band_ratio": {
        "mean": [8.96194524103e-06, 8.27226449474e-06, 0.963523864746, 0.00247376551852, 0.033975686878, 1.46587581185e-05]
    },
    "beats_position": [0.522448956966, 1.04489791393, 1.57895684242],
    "bpm_estimates": [114.843757629, 112.34715271],
    "bpm_intervals": [0.522448956966, 0.53405892849],
    "onset_times": [0.0232199542224]
},
"sfx": {
    "inharmonicity": {
        "mean": 0.0209048688412
    },
    "oddtoevenharmonicenergyratio": {
        "mean": 18836.9980469
    },
    "pitch_after_max_to_before_max_energy_ratio": 0.0112456306815,
    "pitch_centroid": 45.9432258606,
    "pitch_max_to_total": 0.989130437374,
    "pitch_min_to_total": 0,
    "tristimulus": {
        "mean": [0.634554326534, 0.358015835285, 0.00559558952227]
    }
},
"tonal": {
    "chords_changes_rate": 0.0425531901419,
    "chords_number_rate": 0.0638297870755,
    "chords_strength": {
        "mean": 0.495196521282
    },
    "key_strength": 0.603579461575,
    "tuning_diatonic_strength": 0.395747035742,
    "tuning_equal_tempered_deviation": 0.0811190977693,
    "tuning_frequency": 441.272583008,
    "tuning_nontempered_energy_ratio": 0.639565765858,
    "hpcp": {
        "mean": [3.44102081726e-05, 6.99238298694e-05, 0.0561774373055, 0.132397964597, 0.0774154290557, 0.00116864091251, 0.000149661733303, 0.000258612679318, 0.0021799702663, 0.00463022617623, 0.00271994830109, 0.000291469041258, 0.000272834207863, 0.00036677645403, 0.000303087552311, 0.00151134945918, 0.0065066027455, 0.497293055058, 1, 0.508394122124, 0.000956854550168, 0.0004539162328, 0.000208832338103, 8.79290164448e-05, 3.99444834329e-05, 5.72552089579e-05, 6.98036892572e-05, 0.00011030985479, 0.00260985270143, 0.00522045651451, 0.00578272389248, 0.00540361134335, 0.00233611138538, 4.19746029365e-05, 1.90777172975e-05, 2.49636104854e-05]
    },
    "chords_histogram": [23.4042549133, 70.2127685547, 0, 0, 0, 0, 0, 0, 0, 6.38297891617, 0, 0, 0, 0, 0, 0, 0, 0, 0, 0, 0, 0, 0, 0],
    "thpcp": [1, 0.508394122124, 0.000956854550168, 0.0004539162328, 0.000208832338103, 8.79290164448e-05, 3.99444834329e-05, 5.72552089579e-05, 6.98036892572e-05, 0.00011030985479, 0.00260985270143, 0.00522045651451, 0.00578272389248, 0.00540361134335, 0.00233611138538, 4.19746029365e-05, 1.90777172975e-05, 2.49636104854e-05, 3.44102081726e-05, 6.99238298694e-05, 0.0561774373055, 0.132397964597, 0.0774154290557, 0.00116864091251, 0.000149661733303, 0.000258612679318, 0.0021799702663, 0.00463022617623, 0.00271994830109, 0.000291469041258, 0.000272834207863, 0.00036677645403, 0.000303087552311, 0.00151134945918, 0.0065066027455, 0.497293055058],
    "chords_key": "B",
    "chords_scale": "major",
    "key_key": "G#",
    "key_scale": "minor",
    "chords_progression": ["B", "B", "B", "B", "B", "B", "B", "B", "B", "B", "B", "B", "B", "B", "B", "B", "B", "B", "B", "B", "B", "B", "B", "B", "B", "B", "B", "B", "B", "B", "B", "B", "B", "G#m", "G#m", "G#m", "G#m", "G#m", "G#m", "G#m", "G#m", "G#m", "G#m", "G#m", "D#", "D#", "D#"]
}
}