{
"metadata": {
    "version": {
        "essentia": "2.1-beta2"
    }
},
"lowLevel": {
    "average_loudness": 0.99068403244,
    "barkbands_kurtosis": {
        "mean": 2.0334789753
    },
    "barkbands_skewness": {
        "mean": -1.29799056053
    },
    "barkbands_spread": {
        "mean": 38.1485099792
    },
    "dissonance": {
        "mean": 0.495558649302
    },
    "hfc": {
        "mean": 40.9951553345
    },
    "pitch": {
        "mean": 2154.26611328
    },
    "pitch_instantaneous_confidence": {
        "mean": 0.343534499407
    },
    "pitch_salience": {
        "mean": 0.624969422817
    },
    "silence_rate_20dB": {
        "mean": 1
    },
    "silence_rate_30dB": {
        "mean": 1
    },
    "silence_rate_60dB": {
        "mean": 0.580645143986
    },
    "spectral_centroid": {
        "mean": 3837.92285156
    },
    "spectral_complexity": {
        "mean": 12.5967741013
    },
    "spectral_crest": {
        "mean": 6.26461219788
    },
    "spectral_decrease": {
        "mean": -1.28407018352e-09
    },
    "spectral_energy": {
        "mean": 0.00856475718319
    },
    "spectral_energyband_high": {
        "mean": 0.00469728885219
    },
    "spectral_energyband_low": {
        "mean": 5.39382526767e-05
    },
    "spectral_energyband_middle_high": {
        "mean": 0.00350015843287
    },
    "spectral_energyband_middle_low": {
        "mean": 0.000205137199373
    },
    "spectral_flatness_db": {
        "mean": 0.141291663051
    },
    "spectral_flux": {
        "mean": 0.041132979095
    },
    "spectral_kurtosis": {
        "mean": 0.94581758976
    },
    "spectral_rms": {
        "mean": 0.00215945090167
    },
    "spectral_rolloff": {
        "mean": 6410.98974609
    },
    "spectral_skewness": {
        "mean": 0.874298155308
    },
    "spectral_spread": {
        "mean": 10722157
    },
    "spectral_strongpeak": {
        "mean": 1.35323691368
    },
    "zerocrossingrate": {
        "mean": 0.199596777558
    },
    "barkbands": {
        "mean": [0.00016141004744, 3.96367977373e-06, 1.50083153017e-07, 5.46512012534e-07, 1.91635954252e-05, 6.67437343509e-05, 4.61087984149e-05, 5.32071971975e-05, 1.65734181792e-05, 1.27862504087e-05, 1.71798492374e-05, 3.10940376949e-05, 7.84037983976e-05, 0.000121671713714, 0.000508633616846, 0.000651343958452, 0.000236827370827, 0.000667307467666, 0.00101030815858, 0.000376029725885, 0.000904944608919, 0.000948950939346, 0.00150501891039, 0.000792463484686, 0.000269030831987, 6.13304218859e-05, 3.56764780918e-06]
    },
    "mfcc": {
        "mean": [-739.237670898, -39.3185272217, -48.2476997375, 14.4006414413, -6.74530506134, -5.76110219955, -17.5201187134, 8.7330160141, -2.44139957428, 10.4808979034, 17.4023647308, 22.6275081635, 20.3313064575]
    },
    "sccoeffs": {
        "mean": [-0.57461386919, -0.810124218464, -0.821051716805, -0.778301656246, -0.77171754837, -0.776637196541]
    },
    "scvalleys": {
        "mean": [-9.71168899536, -8.01915740967, -8.39599609375, -7.82418966293, -7.42255020142, -8.16790390015]
    }
},
"rhythm": {
    "beats_loudness": {
        "mean": 0.00277190469205
    },
    "bpm": 109.95677948,
    "first_peak_bpm": {
        "mean": 110
    },
    "first_peak_spread": {
        "mean": 0
    },
    "first_peak_weight": {
        "mean": 1
    },
    "onset_rate": 0.708912014961,
    "second_peak_bpm": {
        "mean": 0
    },
    "second_peak_spread": {
        "mean": 0
    },
    "second_peak_weight": {
        "mean": 0
    },
    "beats_loudness_band_ratio": {
        "mean": [0.120695047081, 0.00402923254296, 0.015356506221, 0.0200505908579, 0.359497845173, 0.485685020685]
    },
    "beats_position": [0.53405892849, 1.07972788811],
    "bpm_estimates": [109.95677948],
    "bpm_intervals": [0.545668959618],
    "onset_times": [0.0348299331963]
},
"sfx": {
    "inharmonicity": {
        "mean": 0.109330222011
    },
    "oddtoevenharmonicenergyratio": {
        "mean": 10.1075153351
    },
    "pitch_after_max_to_before_max_energy_ratio": 29.4543628693,
    "pitch_centroid": 37.6960220337,
    "pitch_max_to_total": 0.0322580635548,
    "pitch_min_to_total": 0.338709682226,
    "tristimulus": {
        "mean": [0.168025150895, 0.435259878635, 0.208283051848]
    }
},
"tonal": {
    "chords_changes_rate": 0.09375,
    "chords_number_rate": 0.0625,
    "chords_strength": {
        "mean": 0.380768507719
    },
    "key_strength": 0.501354396343,
    "tuning_diatonic_strength": 0.444571793079,
    "tuning_equal_tempered_deviation": 0.230277836323,
    "tuning_frequency": 441.272583008,
    "tuning_nontempered_energy_ratio": 0.898538827896,
    "hpcp": {
        "mean": [0.494866490364, 0.275587469339, 0.187591612339, 0.218879148364, 0.170592173934, 0.310439795256, 0.503051459789, 0.3661698699, 0.273350179195, 0.306580930948, 0.301984757185, 0.366507411003, 0.411771595478, 0.385825246572, 0.418238133192, 0.427790999413, 0.341005831957, 0.24735160172, 0.159096240997, 0.155049994588, 0.2212241292, 0.337222725153, 0.584783017635, 0.634388148785, 0.493949830532, 0.56853801012, 0.534349679947, 0.271770864725, 0.166212469339, 0.301180183887, 0.360614180565, 0.320284932852, 0.367677241564, 0.395434379578, 0.366876274347, 0.468233704567]
    },
    "chords_histogram": [0, 0, 0, 0, 0, 0, 0, 0, 68.75, 0, 0, 0, 0, 0, 0, 31.25, 0, 0, 0, 0, 0, 0, 0, 0],
    "thpcp": [1, 0.778623998165, 0.896198987961, 0.842307150364, 0.428398400545, 0.262004375458, 0.4747569561, 0.5684440732, 0.504872202873, 0.579577744007, 0.623331904411, 0.578315138817, 0.738087117672, 0.780068933964, 0.434414595366, 0.295704782009, 0.34502401948, 0.268908202648, 0.489353090525, 0.792971074581, 0.577201604843, 0.430887907743, 0.483270257711, 0.476025223732, 0.577733695507, 0.649084627628, 0.608184814453, 0.659277975559, 0.674336373806, 0.537535011768, 0.389905780554, 0.25078690052, 0.244408711791, 0.34872046113, 0.531571626663, 0.921806335449],
    "chords_key": "A",
    "chords_scale": "minor",
    "key_key": "F",
    "key_scale": "minor",
    "chords_progression": ["Am", "Am", "Am", "Am", "Am", "Am", "Am", "Am", "Am", "A", "Am", "Am", "Am", "Am", "Am", "Am", "Am", "Am", "Am", "Am", "Am", "Am", "Am", "A", "A", "A", "A", "A", "A", "A", "A", "A"]
}
}