{
"metadata": {
    "version": {
        "essentia": "2.1-beta2"
    }
},
"lowLevel": {
    "dissonance": {
        "mean": 0.402476906776
    },
    "hfc": {
        "mean": 34.7490730286
    },
    "spectral_centroid": {
        "mean": 0.155420929193
    },
    "mfcc": {
        "mean": [-787.300048828, -18.9817314148, -122.581993103, -8.38888931274, -24.1775302887, 2.62619614601, 4.82180738449, 3.82248187065, 10.3356685638, 18.5958843231, 41.2869644165, 20.3943653107, 9.14761161804, -5.92888402939, -15.2190828323, -6.35753154755, -8.04008960724, -7.73075628281, 21.9747753143, 16.8401966095, 10.7348594666, 7.5881485939, 2.55367255211, 3.35672521591, -3.14909648895, -9.34190273285, -4.20619249344, -6.96145057678, 3.2930419445, 3.45488214493, 7.85162591934, -3.66187095642, -4.47517156601, 1.25093007088, 0.78714710474, 1.22304975986, -2.56638979912, -1.46936440468, -0.310104519129, -6.38732481003]
    },
    "spectral_contrast": {
        "mean": [-0.613714933395, -0.635309517384, -0.721648216248, -0.715897321701, -0.7027323246, -0.723097741604]
    }
},
"sfx": {
    "inharmonicity": {
        "mean": 0.226606249809
    },
    "logattacktime": {
        "mean": -4.82032203674
    }
}
}