{
"metadata": {
    "version": {
        "essentia": "2.1-beta2"
    }
},
"lowLevel": {
    "average_loudness": 0.364322602749,
    "barkbands_kurtosis": {
        "mean": 2.17531228065
    },
    "barkbands_skewness": {
        "mean": -1.28577136993
    },
    "barkbands_spread": {
        "mean": 22.1520290375
    },
    "dissonance": {
        "mean": 0.481137156487
    },
    "hfc": {
        "mean": 64.7335357666
    },
    "pitch": {
        "mean": 1463.83251953
    },
    "pitch_instantaneous_confidence": {
        "mean": 0.366075843573
    },
    "pitch_salience": {
        "mean": 0.603443920612
    },
    "silence_rate_20dB": {
        "mean": 1
    },
    "silence_rate_30dB": {
        "mean": 0.942028999329
    },
    "silence_rate_60dB": {
        "mean": 0.601449251175
    },
    "spectral_centroid": {
        "mean": 2597.91967773
    },
    "spectral_complexity": {
        "mean": 17.5579719543
    },
    "spectral_crest": {
        "mean": 6.93570756912
    },
    "spectral_decrease": {
        "mean": -3.21801785219e-09
    },
    "spectral_energy": {
        "mean": 0.01801706478
    },
    "spectral_energyband_high": {
        "mean": 0.0055862320587
    },
    "spectral_energyband_low": {
        "mean": 2.98784616461e-05
    },
    "spectral_energyband_middle_high": {
        "mean": 0.0117041626945
    },
    "spectral_energyband_middle_low": {
        "mean": 0.000811211124528
    },
    "spectral_flatness_db": {
        "mean": 0.201320052147
    },
    "spectral_flux": {
        "mean": 0.0493932068348
    },
    "spectral_kurtosis": {
        "mean": 9.24305438995
    },
    "spectral_rms": {
        "mean": 0.00270385784097
    },
    "spectral_rolloff": {
        "mean": 3854.59960938
    },
    "spectral_skewness": {
        "mean": 1.66380167007
    },
    "spectral_spread": {
        "mean": 4092331.5
    },
    "spectral_strongpeak": {
        "mean": 1.99209308624
    },
    "zerocrossingrate": {
        "mean": 0.131315812469
    },
    "barkbands": {
        "mean": [7.86080127e-05, 2.72583065453e-06, 3.43979053241e-07, 6.79543154547e-06, 0.000306567380903, 0.000219316454604, 1.0877844943e-05, 5.78655344725e-05, 0.000140487856697, 0.000203174960916, 0.00010096430924, 0.000325653527398, 0.00105172314215, 0.00117408600636, 0.00107269280124, 0.00108928431291, 0.00094023271231, 0.00152141065337, 0.00304861320183, 0.00195133860689, 0.00126715120859, 0.0014841563534, 0.000984058831818, 0.000634908152279, 0.000258830201346, 7.90112972027e-05, 6.19468346486e-06]
    },
    "mfcc": {
        "mean": [-762.432434082, 30.3239574432, -122.759567261, 16.1535072327, -22.989074707, 7.9991850853, 10.1991176605, 21.4124088287, 6.18448972702, 16.8506164551, 11.5008001328, 5.43886232376, 7.45529651642]
    },
    "sccoeffs": {
        "mean": [-0.618735492229, -0.729468941689, -0.76346296072, -0.746502101421, -0.742776215076, -0.664046227932]
    },
    "scvalleys": {
        "mean": [-9.36125659943, -9.14883422852, -7.63132095337, -7.07564210892, -7.29111480713, -11.0699968338]
    }
},
"rhythm": {
    "beats_loudness": {
        "mean": 0.0128952544183
    },
    "bpm": 172.265625,
    "first_peak_bpm": {
        "mean": 172
    },
    "first_peak_spread": {
        "mean": 0
    },
    "first_peak_weight": {
        "mean": 0.714285731316
    },
    "onset_rate": 0.316373974085,
    "second_peak_bpm": {
        "mean": 178
    },
    "second_peak_spread": {
        "mean": 0
    },
    "second_peak_weight": {
        "mean": 0.285714298487
    },
    "beats_loudness_band_ratio": {
        "mean": [0.0429801791906, 0.000649994995911, 0.0217065699399, 0.188482135534, 0.403943270445, 0.347497463226]
    },
    "beats_position": [0.325079351664, 0.66176867485, 1.01006805897, 1.35836732388, 1.70666658878, 2.0549659729, 2.40326523781, 2.73995471001],
    "bpm_estimates": [172.265594482, 172.265655518, 172.265655518, 172.265594482, 172.265655518],
    "bpm_intervals": [0.336689323187, 0.348299384117, 0.348299264908, 0.348299264908, 0.348299384117, 0.348299264908, 0.336689472198],
    "onset_times": [0.116099774837]
},
"sfx": {
    "inharmonicity": {
        "mean": 0.108586579561
    },
    "oddtoevenharmonicenergyratio": {
        "mean": 8.27724742889
    },
    "pitch_after_max_to_before_max_energy_ratio": 36.0691261292,
    "pitch_centroid": 53.5148429871,
    "pitch_max_to_total": 0,
    "pitch_min_to_total": 0.173913046718,
    "tristimulus": {
        "mean": [0.122588433325, 0.572429537773, 0.182371288538]
    }
},
"tonal": {
    "chords_changes_rate": 0.0428571440279,
    "chords_number_rate": 0.0571428574622,
    "chords_strength": {
        "mean": 0.280782431364
    },
    "key_strength": 0.598363161087,
    "tuning_diatonic_strength": 0.284957587719,
    "tuning_equal_tempered_deviation": 0.242638915777,
    "tuning_frequency": 431.941772461,
    "tuning_nontempered_energy_ratio": 0.811352133751,
    "hpcp": {
        "mean": [0.352438092232, 0.405519425869, 0.476662874222, 0.41802033782, 0.372906565666, 0.427987009287, 0.304767251015, 0.233481004834, 0.315609276295, 0.371768593788, 0.389275103807, 0.258570790291, 0.16614754498, 0.165874436498, 0.117890000343, 0.135476231575, 0.167206794024, 0.201286226511, 0.464036792517, 0.518775522709, 0.469626456499, 0.467675060034, 0.234851777554, 0.113592982292, 0.154312849045, 0.220079943538, 0.359999269247, 0.496087580919, 0.509368360043, 0.439547985792, 0.310378462076, 0.276470035315, 0.240714371204, 0.181397616863, 0.244124382734, 0.318705379963]
    },
    "chords_histogram": [0, 0, 0, 0, 5.71428585052, 0, 0, 27.1428565979, 0, 0, 0, 0, 0, 0, 28.571428299, 0, 0, 0, 0, 0, 0, 0, 0, 38.5714302063],
    "thpcp": [1, 0.905259490013, 0.901497960091, 0.452704042196, 0.218963652849, 0.297455906868, 0.424229621887, 0.693940341473, 0.956266343594, 0.981866598129, 0.847279727459, 0.598290503025, 0.532928049564, 0.464004874229, 0.349664956331, 0.470578074455, 0.614341616631, 0.67936527729, 0.781685709953, 0.918823003769, 0.805782675743, 0.718820691109, 0.824994623661, 0.587474226952, 0.450061708689, 0.608373463154, 0.716627061367, 0.750372946262, 0.49842518568, 0.320268660784, 0.319742232561, 0.227246657014, 0.26114615798, 0.322310477495, 0.388002544641, 0.894484758377],
    "chords_key": "B",
    "chords_scale": "major",
    "key_key": "D#",
    "key_scale": "minor",
    "chords_progression": ["D#", "D#", "D#", "D#", "D#", "D#", "D#", "D#", "D#", "D#", "D#", "D#", "D#", "D#", "D#", "D#", "D#", "D#", "D#", "Em", "Em", "Em", "Em", "Em", "Em", "Em", "Em", "Em", "Em", "Em", "Em", "Em", "Em", "Em", "Em", "Em", "Em", "Em", "Em", "Fm", "Fm", "Fm", "Fm", "B", "B", "B", "B", "B", "B", "B", "B", "B", "B", "B", "B", "B", "B", "B", "B", "B", "B", "B", "B", "B", "B", "B", "B", "B", "B", "B"]
}
}