{
"metadata": {
    "version": {
        "essentia": "2.1-beta2"
    }
},
"lowLevel": {
    "dissonance": {
        "mean": 0.188801035285
    },
    "hfc": {
        "mean": 17.0546531677
    },
    "spectral_centroid": {
        "mean": 0.166746720672
    },
    "mfcc": {
        "mean": [-850.149047852, -16.5650367737, -45.7649269104, -7.93321228027, 11.0346441269, 28.7575454712, -0.233445569873, -22.2402172089, -32.2183532715, 10.4779939651, 51.2694168091, -9.01756572723, -35.7245330811, 11.852312088, 55.1079559326, -4.50291538239, -6.59516811371, 4.60214567184, -37.9333763123, 57.6983833313, 20.8703536987, -46.9844665527, 15.5679244995, 2.13319039345, 24.1229820251, -7.2787733078, -30.6691856384, 26.7365169525, -14.1106557846, 21.2609214783, -20.6018314362, -2.24218225479, -6.16009569168, 12.8015174866, -5.97242689133, -6.08529090881, 1.08685779572, 2.81748819351, 3.3469247818, 1.56771731377]
    },
    "spectral_contrast": {
        "mean": [-0.821604311466, -0.839513838291, -0.388009369373, -0.623549759388, -0.630205571651, -0.689246177673]
    }
},
"sfx": {
    "inharmonicity": {
        "mean": 0.144712582231
    },
    "logattacktime": {
        "mean": -5
    }
}
}