{
"metadata": {
    "version": {
        "essentia": "2.1-beta2"
    }
},
"lowLevel": {
    "average_loudness": 0.883553981781,
    "barkbands_kurtosis": {
        "mean": 1.69998681545
    },
    "barkbands_skewness": {
        "mean": 0.520454704762
    },
    "barkbands_spread": {
        "mean": 13.099647522
    },
    "dissonance": {
        "mean": 0.43823453784
    },
    "hfc": {
        "mean": 26.791519165
    },
    "pitch": {
        "mean": 769.554321289
    },
    "pitch_instantaneous_confidence": {
        "mean": 0.713179886341
    },
    "pitch_salience": {
        "mean": 0.706010043621
    },
    "silence_rate_20dB": {
        "mean": 1
    },
    "silence_rate_30dB": {
        "mean": 1
    },
    "silence_rate_60dB": {
        "mean": 0.461956530809
    },
    "spectral_centroid": {
        "mean": 1573.51208496
    },
    "spectral_complexity": {
        "mean": 3.64673924446
    },
    "spectral_crest": {
        "mean": 9.40010356903
    },
    "spectral_decrease": {
        "mean": -4.59439730705e-09
    },
    "spectral_energy": {
        "mean": 0.0197703633457
    },
    "spectral_energyband_high": {
        "mean": 8.96387718967e-05
    },
    "spectral_energyband_low": {
        "mean": 7.75838238098e-09
    },
    "spectral_energyband_middle_high": {
        "mean": 0.0135826170444
    },
    "spectral_energyband_middle_low": {
        "mean": 0.0060982615687
    },
    "spectral_flatness_db": {
        "mean": 0.319677442312
    },
    "spectral_flux": {
        "mean": 0.0166484061629
    },
    "spectral_kurtosis": {
        "mean": 13.4068393707
    },
    "spectral_rms": {
        "mean": 0.00319118495099
    },
    "spectral_rolloff": {
        "mean": 2364.79443359
    },
    "spectral_skewness": {
        "mean": 2.69276666641
    },
    "spectral_spread": {
        "mean": 9305574
    },
    "spectral_strongpeak": {
        "mean": 2.77268099785
    },
    "zerocrossingrate": {
        "mean": 0.0818746834993
    },
    "barkbands": {
        "mean": [9.5534486988e-09, 2.15990092478e-09, 1.28152854995e-09, 1.3134947574e-09, 2.0254822175e-07, 2.57824103755e-05, 5.0828757594e-06, 0.000858117535245, 0.0052083786577, 1.31820956994e-06, 6.64462495479e-05, 0.0047702328302, 0.00278958072886, 7.37600421417e-05, 0.00377614726312, 3.72122667613e-05, 0.00146063428838, 0.00026562725543, 0.000193471394596, 0.000178662710823, 4.51747691841e-05, 1.23100708151e-05, 1.71013743966e-06, 3.91575184722e-07, 1.19082130823e-07, 2.12726565252e-08, 1.36907374326e-09]
    },
    "mfcc": {
        "mean": [-928.143615723, 16.5174484253, -111.683288574, -21.1379032135, -29.1385822296, -12.744767189, -11.0517473221, -2.41883850098, 4.85958957672, 12.8644771576, 22.3897457123, 18.5472793579, -2.47665429115]
    },
    "sccoeffs": {
        "mean": [-0.8629591465, -0.527107298374, -0.7749953866, -0.627828240395, -0.744241476059, -0.808075368404]
    },
    "scvalleys": {
        "mean": [-11.5655460358, -10.6055421829, -9.98486804962, -9.61779499054, -10.0973520279, -11.8695201874]
    }
},
"rhythm": {
    "beats_loudness": {
        "mean": 0.0262748990208
    },
    "bpm": 110.474685669,
    "first_peak_bpm": {
        "mean": 112
    },
    "first_peak_spread": {
        "mean": 0.400000035763
    },
    "first_peak_weight": {
        "mean": 0.5
    },
    "onset_rate": 2.35405898094,
    "second_peak_bpm": {
        "mean": 105
    },
    "second_peak_spread": {
        "mean": 0
    },
    "second_peak_weight": {
        "mean": 0.166666671634
    },
    "beats_loudness_band_ratio": {
        "mean": [0.000421730073867, 0.00111714657396, 0.241026327014, 0.325250089169, 0.298366039991, 0.144356891513]
    },
    "beats_position": [0.53405892849, 1.06811785698, 1.60217678547, 2.15945577621, 2.69351458549, 3.25079369545, 3.8196823597],
    "bpm_estimates": [112.34715271, 112.34715271, 107.666000366, 112.347175598, 107.665977478],
    "bpm_intervals": [0.53405892849, 0.53405892849, 0.557278990746, 0.53405880928, 0.557279109955, 0.568888664246],
    "onset_times": [0.476009070873, 0.708208620548, 0.789478480816, 1.24226760864, 1.50929701328, 1.72988665104, 1.81115651131, 2.13623571396, 2.61224484444, 2.71673464775]
},
"sfx": {
    "inharmonicity": {
        "mean": 0.0579821802676
    },
    "oddtoevenharmonicenergyratio": {
        "mean": 1.41154873371
    },
    "pitch_after_max_to_before_max_energy_ratio": 9.87372684479,
    "pitch_centroid": 76.2448577881,
    "pitch_max_to_total": 0.0271739121526,
    "pitch_min_to_total": 0.0217391308397,
    "tristimulus": {
        "mean": [0.251057446003, 0.635043084621, 0.0863294675946]
    }
},
"tonal": {
    "chords_changes_rate": 0.0322580635548,
    "chords_number_rate": 0.0322580635548,
    "chords_strength": {
        "mean": 0.536305606365
    },
    "key_strength": 0.579450905323,
    "tuning_diatonic_strength": 0.552697300911,
    "tuning_equal_tempered_deviation": 0.241390898824,
    "tuning_frequency": 441.782684326,
    "tuning_nontempered_energy_ratio": 0.83659952879,
    "hpcp": {
        "mean": [0.127927958965, 0.130629137158, 0.172111019492, 0.257812678814, 0.234145894647, 0.16070343554, 0.148704007268, 0.151387736201, 0.154422193766, 0.142237484455, 0.141964733601, 0.145221441984, 0.14788877964, 0.143795877695, 0.144772559404, 0.147169232368, 0.15257999301, 0.330731749535, 0.645653307438, 0.506324768066, 0.171998918056, 0.107950419188, 0.123224720359, 0.169531986117, 0.136911928654, 0.116495914757, 0.142830371857, 0.110523819923, 0.0844642445445, 0.103465661407, 0.106639921665, 0.0903496965766, 0.0873931273818, 0.103050999343, 0.134995415807, 0.141246944666]
    },
    "chords_histogram": [0, 0, 0, 0, 0, 29.0322589874, 0, 0, 0, 0, 0, 0, 0, 0, 0, 0, 0, 0, 0, 25.8064517975, 0, 0, 45.1612892151, 0],
    "thpcp": [1, 0.784205317497, 0.266395151615, 0.167195647955, 0.190852761269, 0.262574344873, 0.212051779032, 0.180431067944, 0.221218362451, 0.171181380749, 0.130819812417, 0.160249561071, 0.165165916085, 0.139935314655, 0.135356128216, 0.159607321024, 0.20908343792, 0.218765929341, 0.198137238622, 0.202320873737, 0.266568779945, 0.399305135012, 0.362649559975, 0.24890050292, 0.230315566063, 0.234472170472, 0.239171996713, 0.220300093293, 0.219877645373, 0.224921703339, 0.22905293107, 0.222713768482, 0.224226459861, 0.227938473225, 0.236318767071, 0.512243568897],
    "chords_key": "G#",
    "chords_scale": "minor",
    "key_key": "D#",
    "key_scale": "minor",
    "chords_progression": ["A", "A", "A", "A", "A", "A", "A", "A", "A", "A", "A", "A", "A", "A", "A", "A", "A", "A", "A", "A", "A", "A", "A", "A", "G#m", "G#m", "G#m", "G#m", "G#m", "G#m", "G#", "G#", "G#", "G#", "G#", "G#", "G#", "G#", "G#", "G#", "G#", "G#", "G#", "G#", "G#", "G#", "G#", "G#", "G#", "G#", "G#", "G#", "G#", "G#", "G#", "G#", "G#", "G#m", "G#m", "G#m", "G#m", "G#m", "G#m", "G#m", "G#m", "G#m", "G#m", "G#m", "G#m", "G#m", "G#m", "G#m", "G#m", "G#m", "G#m", "G#m", "G#m", "G#m", "G#m", "G#m", "G#m", "G#m", "G#m", "G#m", "G#m", "G#m", "G#m", "G#m", "G#m", "G#m", "G#m", "G#m", "G#m"]
}
}