{
"metadata": {
    "version": {
        "essentia": "2.1-beta2"
    }
},
"lowLevel": {
    "dissonance": {
        "mean": 0.259775161743
    },
    "hfc": {
        "mean": 9.97986125946
    },
    "spectral_centroid": {
        "mean": 0.231237918139
    },
    "mfcc": {
        "mean": [-903.057617188, -9.69600963593, -67.3386001587, -38.6158065796, 32.9262733459, 11.7297782898, -4.13960838318, -28.4554347992, 44.1220817566, 24.4098243713, 12.8480825424, 6.73674058914, 41.7229728699, 10.7984828949, -17.3621253967, -7.42108774185, 10.1889591217, 22.5164985657, 8.01358985901, -14.1051092148, 13.9224233627, 23.7594356537, -7.70212984085, -13.2780694962, 2.0826818943, 19.4477081299, 3.65996623039, -9.56073379517, -14.3809185028, 17.4281616211, 8.49359798431, -4.30362081528, -7.45639562607, 0.958002984524, 2.11162018776, 6.95950031281, -5.59891939163, -1.41795647144, 1.66470789909, -1.23486292362]
    },
    "spectral_contrast": {
        "mean": [-0.726302027702, -0.798276185989, -0.496314048767, -0.81358975172, -0.849890649319, -0.695303320885]
    }
},
"sfx": {
    "inharmonicity": {
        "mean": 0.117090009153
    },
    "logattacktime": {
        "mean": -4.92181158066
    }
}
}