{"lowlevel.dissonance.mean": [0.43342745304107666], "sfx.inharmonicity.mean": [0.5719503164291382], "lowlevel.spectral_contrast.mean": [[0.6473242044448853, 0.7295079231262207, 0.8669462203979492, 0.8243722915649414, 0.5829133987426758, 0.5110528469085693]], "lowlevel.spectral_centroid.mean": [0.4685106575489044], "lowlevel.mfcc.mean": [[0.3897569179534912, 0.442568838596344, -0.08092173933982849, 0.03629958629608154, 0.3200940489768982, 0.3581046760082245, 0.34370410442352295, 0.29381516575813293, 0.27144676446914673, 0.08775261044502258, 0.25308331847190857, 0.1891862452030182, 0.20663365721702576]], "sfx.logattacktime.mean": [0.4528050422668457], "lowlevel.hfc.mean": [0.4667203724384308]}