{"lowlevel.dissonance.mean": [0.3357853889465332], "sfx.inharmonicity.mean": [0.2331501543521881], "lowlevel.spectral_contrast.mean": [[0.7251459956169128, 0.7489567995071411, 1.3021398782730103, 1.0585169792175293, 0.9150433540344238, 0.6924698352813721]], "lowlevel.spectral_centroid.mean": [0.4069557189941406], "lowlevel.mfcc.mean": [[0.6381866931915283, 0.5507105588912964, 0.002672255039215088, 0.4301072061061859, 0.15358564257621765, 0.3963554799556732, 0.42952001094818115, 0.34071630239486694, 0.3737882971763611, 0.32067805528640747, 0.21729540824890137, 0.22460836172103882, 0.0766211748123169]], "sfx.logattacktime.mean": [0.4740735590457916], "lowlevel.hfc.mean": [0.4678969085216522]}