{
"metadata": {
    "version": {
        "essentia": "2.1-beta2"
    }
},
"lowLevel": {
    "average_loudness": 0.99068403244,
    "barkbands_kurtosis": {
        "mean": 5.19835948944
    },
    "barkbands_skewness": {
        "mean": -0.944290220737
    },
    "barkbands_spread": {
        "mean": 11.4542131424
    },
    "dissonance": {
        "mean": 0.481521934271
    },
    "hfc": {
        "mean": 2.95784711838
    },
    "pitch": {
        "mean": 1130.70935059
    },
    "pitch_instantaneous_confidence": {
        "mean": 0.668823719025
    },
    "pitch_salience": {
        "mean": 0.490113973618
    },
    "silence_rate_20dB": {
        "mean": 1
    },
    "silence_rate_30dB": {
        "mean": 1
    },
    "silence_rate_60dB": {
        "mean": 0.928571403027
    },
    "spectral_centroid": {
        "mean": 3930.34545898
    },
    "spectral_complexity": {
        "mean": 1.85714280605
    },
    "spectral_crest": {
        "mean": 9.76247406006
    },
    "spectral_decrease": {
        "mean": -1.57919941013e-10
    },
    "spectral_energy": {
        "mean": 0.000864311296027
    },
    "spectral_energyband_high": {
        "mean": 0.000173523076228
    },
    "spectral_energyband_low": {
        "mean": 2.28526275237e-07
    },
    "spectral_energyband_middle_high": {
        "mean": 0.000683230464347
    },
    "spectral_energyband_middle_low": {
        "mean": 7.72815565142e-06
    },
    "spectral_flatness_db": {
        "mean": 0.197357743979
    },
    "spectral_flux": {
        "mean": 0.0166720356792
    },
    "spectral_kurtosis": {
        "mean": 2.6791536808
    },
    "spectral_rms": {
        "mean": 0.00065089634154
    },
    "spectral_rolloff": {
        "mean": 5752.44091797
    },
    "spectral_skewness": {
        "mean": 1.31746459007
    },
    "spectral_spread": {
        "mean": 12196755
    },
    "spectral_strongpeak": {
        "mean": 1.6518291235
    },
    "zerocrossingrate": {
        "mean": 0.163155689836
    },
    "barkbands": {
        "mean": [2.57299717532e-07, 1.18578341812e-07, 6.36399777321e-09, 4.89788121172e-09, 1.91182287779e-08, 1.91605487032e-08, 1.44529877844e-07, 2.25574035539e-06, 4.80706603412e-06, 7.84462827141e-06, 1.34641277327e-05, 1.13111791507e-05, 1.59493392857e-05, 2.75405182038e-05, 9.08091260499e-06, 3.45699081663e-05, 1.54338467837e-05, 0.000260999222519, 0.00028392492095, 2.06916502066e-05, 6.67357453494e-05, 4.79959599033e-05, 1.9314002202e-05, 1.83496467798e-05, 2.57063607023e-06, 8.76602086919e-07, 2.65809507738e-08]
    },
    "mfcc": {
        "mean": [-946.282897949, -40.5454025269, -53.1005783081, 15.5723695755, -3.82460546494, 5.15981245041, 5.46623659134, 12.5921564102, -0.81902641058, 16.3011665344, 18.5720787048, 7.92983579636, -16.0704555511]
    },
    "sccoeffs": {
        "mean": [-0.82088804245, -0.809928119183, -0.897077620029, -0.778416216373, -0.752768874168, -0.765436649323]
    },
    "scvalleys": {
        "mean": [-11.9159784317, -12.0449495316, -11.0655107498, -11.0516195297, -10.9606103897, -12.0881853104]
    }
},
"rhythm": {
    "bpm": 0,
    "first_peak_bpm": {
        "mean": 0
    },
    "first_peak_spread": {
        "mean": 0
    },
    "first_peak_weight": {
        "mean": 0
    },
    "onset_rate": 3.48011374474,
    "second_peak_bpm": {
        "mean": 0
    },
    "second_peak_spread": {
        "mean": 0
    },
    "second_peak_weight": {
        "mean": 0
    },
    "beats_position": [],
    "bpm_estimates": [],
    "bpm_intervals": [],
    "onset_times": [0.0464399084449]
},
"sfx": {
    "inharmonicity": {
        "mean": 0.0860500484705
    },
    "oddtoevenharmonicenergyratio": {
        "mean": 19.7868022919
    },
    "pitch_after_max_to_before_max_energy_ratio": 0.134454682469,
    "pitch_centroid": 7.11510848999,
    "pitch_max_to_total": 0.928571403027,
    "pitch_min_to_total": 0.357142865658,
    "tristimulus": {
        "mean": [0.106277823448, 0.744970142841, 0.148752018809]
    }
},
"tonal": {
    "chords_changes_rate": 0,
    "chords_number_rate": 0.125,
    "chords_strength": {
        "mean": 0.340055674314
    },
    "key_strength": 0.607121825218,
    "tuning_diatonic_strength": 0.325200885534,
    "tuning_equal_tempered_deviation": 0.146330580115,
    "tuning_frequency": 439.491973877,
    "tuning_nontempered_energy_ratio": 0.743819236755,
    "hpcp": {
        "mean": [0.0794053524733, 0.130685970187, 0.0620384141803, 0.0127857457846, 0.0815834701061, 0.130194425583, 0.0567923784256, 0.00951213855296, 0.0797993093729, 0.128371730447, 0.0677066370845, 0.0245888754725, 0.0830123499036, 0.104771129787, 0.0486923493445, 0.0336906686425, 0.0606835745275, 0.113441683352, 0.0916533023119, 0.0828848183155, 0.0890137031674, 0.0520171932876, 0.0773428604007, 0.0817952230573, 0.0441864132881, 0.031906593591, 0.0222187172621, 0.008894152008, 0.0653568804264, 0.445508182049, 0.832576274872, 0.491900980473, 0.134461894631, 0.137633860111, 0.0540737099946, 0.0100141260773]
    },
    "chords_histogram": [0, 0, 0, 0, 0, 0, 0, 0, 100, 0, 0, 0, 0, 0, 0, 0, 0, 0, 0, 0, 0, 0, 0, 0],
    "thpcp": [1, 0.590817928314, 0.161500990391, 0.165310814977, 0.0649474561214, 0.0120278783143, 0.0953730642796, 0.156965762377, 0.0745137929916, 0.0153568461537, 0.0979891866446, 0.15637537837, 0.0682128220797, 0.0114249456674, 0.0958462432027, 0.154186144471, 0.0813218429685, 0.0295334812254, 0.0997053980827, 0.125839680433, 0.0584839507937, 0.0404655635357, 0.0728865042329, 0.136253803968, 0.110083967447, 0.0995522215962, 0.10691357404, 0.0624773912132, 0.0928958281875, 0.0982435196638, 0.0530719086528, 0.0383227281272, 0.0266867056489, 0.0106826871634, 0.0784995704889, 0.535095930099],
    "chords_key": "E",
    "chords_scale": "minor",
    "key_key": "C",
    "key_scale": "minor",
    "chords_progression": ["Em", "Em", "Em", "Em", "Em", "Em", "Em", "Em"]
}
}