{"lowlevel.dissonance.mean": [-0.1670973300933838], "sfx.inharmonicity.mean": [0.32158684730529785], "lowlevel.spectral_contrast.mean": [[0.5879570245742798, 0.9306967258453369, 0.6146026849746704, 0.568007230758667, 0.3122730255126953, 0.3272669315338135]], "lowlevel.spectral_centroid.mean": [0.34446972608566284], "lowlevel.mfcc.mean": [[0.3407609462738037, 0.7838187217712402, 0.7291688919067383, 0.19869676232337952, 0.23854070901870728, 0.31482112407684326, 0.22552886605262756, 0.0534873902797699, 0.29234564304351807, 0.593406081199646, 0.721828043460846, 0.6728271245956421, 0.7296240329742432]], "sfx.logattacktime.mean": [0.4281085133552551], "lowlevel.hfc.mean": [0.4702950417995453]}