{"lowlevel.dissonance.mean": [0.6556062698364258], "sfx.inharmonicity.mean": [1.2838548421859741], "lowlevel.spectral_contrast.mean": [[0.2992211580276489, 0.6463309526443481, 0.8329780101776123, 1.0009413957595825, 0.7787678241729736, 0.9652161598205566]], "lowlevel.spectral_centroid.mean": [0.6020901203155518], "lowlevel.mfcc.mean": [[0.5300052165985107, 0.061633870005607605, -0.13855943083763123, 0.332295298576355, 0.390433669090271, 0.7708713412284851, 0.6669163107872009, 0.45784568786621094, 0.30656594038009644, 0.7362266778945923, 1.3697459697723389, 1.1620569229125977, 0.5874502062797546]], "sfx.logattacktime.mean": [0.2572478950023651], "lowlevel.hfc.mean": [0.49870479106903076]}