{"lowlevel.dissonance.mean": [0.5991135835647583], "sfx.inharmonicity.mean": [0.5341567993164062], "lowlevel.spectral_contrast.mean": [[0.45420682430267334, 0.28479063510894775, 0.4133216142654419, 1.417683482170105, 0.736839771270752, 0.4762880802154541]], "lowlevel.spectral_centroid.mean": [0.4820842146873474], "lowlevel.mfcc.mean": [[0.2361316680908203, 0.17376966774463654, 0.1910242736339569, 0.25154662132263184, 0.5947116017341614, 1.0728580951690674, 0.9831735491752625, 0.10490277409553528, 0.08412852883338928, 0.6243476271629333, 1.7085750102996826, 1.1856627464294434, -0.21650338172912598]], "sfx.logattacktime.mean": [0.6387733817100525], "lowlevel.hfc.mean": [0.4750882089138031]}