{
"metadata": {
    "version": {
        "essentia": "2.1-beta2"
    }
},
"lowLevel": {
    "dissonance": {
        "mean": 0.129243135452
    },
    "hfc": {
        "mean": 29.2055587769
    },
    "spectral_centroid": {
        "mean": 0.133209690452
    },
    "mfcc": {
        "mean": [-841.481506348, 16.8815860748, -65.5775375366, -7.40205764771, 0.854007303715, 40.3644065857, -4.56020832062, -28.2444896698, -33.7848205566, 17.1461734772, 39.3937530518, 3.09532475471, -38.3714866638, 9.18904209137, 56.2336196899, -2.29068136215, -5.32084846497, 5.14417076111, -31.4259128571, 49.7032470703, 26.4693164825, -40.1573982239, 11.055150032, 3.31474161148, 22.9463691711, -7.28261375427, -26.4058895111, 23.1624355316, -9.47398471832, 13.8860206604, -12.5384273529, -6.45888710022, -4.98183393478, 14.005150795, -10.4480886459, -6.6028380394, 4.33525800705, 1.00091397762, 2.31213712692, 1.08856070042]
    },
    "spectral_contrast": {
        "mean": [-0.806126236916, -0.826526284218, -0.368203192949, -0.674587845802, -0.658507764339, -0.710436999798]
    }
},
"sfx": {
    "inharmonicity": {
        "mean": 0.208877593279
    },
    "logattacktime": {
        "mean": -4.95752048492
    }
}
}