{
"metadata": {
    "version": {
        "essentia": "2.1-beta2"
    }
},
"lowLevel": {
    "dissonance": {
        "mean": 0.179726526141
    },
    "hfc": {
        "mean": 3.79045438766
    },
    "spectral_centroid": {
        "mean": 0.0746490061283
    },
    "mfcc": {
        "mean": [-779.381103516, 148.700317383, -53.7574577332, -14.3632240295, -2.83269572258, -14.1664276123, -27.5232086182, -18.9563903809, -11.2390165329, 10.4053058624, -14.4141273499, -9.08265972137, -2.86777067184, -0.785699427128, -14.1871738434, -2.99033856392, -3.23119568825, -11.199007988, 0.900869846344, 6.47460842133, 11.9357824326, -1.52087330818, 0.771711051464, 3.14973044395, 16.6287937164, 24.473361969, 8.474401474, -2.00468969345, 2.78567075729, 7.45373344421, 0.665735423565, -6.76564645767, -8.15778160095, -0.644481301308, 8.26177883148, 12.0720529556, 9.02240562439, -3.49502873421, -5.98966360092, 2.74977326393]
    },
    "spectral_contrast": {
        "mean": [-0.565660178661, -0.602880060673, -0.564691901207, -0.68582034111, -0.785024166107, -0.745671451092]
    }
},
"sfx": {
    "inharmonicity": {
        "mean": 0.173208341002
    },
    "logattacktime": {
        "mean": -5
    }
}
}