{
"metadata": {
    "version": {
        "essentia": "2.1-beta2"
    }
},
"lowLevel": {
    "dissonance": {
        "mean": 0.125910237432
    },
    "hfc": {
        "mean": 0.87713932991
    },
    "spectral_centroid": {
        "mean": 0.0593919157982
    },
    "mfcc": {
        "mean": [-852.609924316, 179.575180054, -45.2459411621, -21.0346374512, -2.1110022068, -11.0806293488, -16.4309177399, -20.9663257599, -14.7146625519, -0.261042892933, 3.10557079315, -11.8661308289, -19.4984741211, -10.2383565903, -9.91052532196, -3.01917624474, -5.43040990829, -10.3133182526, 6.006980896, 17.6719036102, 13.6942110062, -2.99643588066, -0.966156423092, 7.28950119019, 18.0616779327, 26.3729381561, 9.46552371979, -1.06336772442, 6.29341888428, 8.31463909149, -3.19771385193, -6.99636173248, -4.01663160324, -0.669013261795, 7.34517669678, 15.658700943, 12.4114694595, -0.727769434452, -4.84930419922, 1.75709223747]
    },
    "spectral_contrast": {
        "mean": [-0.580561816692, -0.616114377975, -0.588573276997, -0.740506708622, -0.830424427986, -0.8170748353]
    }
},
"sfx": {
    "inharmonicity": {
        "mean": 0.167896792293
    },
    "logattacktime": {
        "mean": -5
    }
}
}