{"lowlevel.dissonance.mean": [0.5582998991012573], "sfx.inharmonicity.mean": [0.5409980416297913], "lowlevel.spectral_contrast.mean": [[0.2961885929107666, 1.0336419343948364, 1.105785608291626, 0.7709355354309082, 0.7613639831542969, 0.8839173316955566]], "lowlevel.spectral_centroid.mean": [0.531758189201355], "lowlevel.mfcc.mean": [[0.5951979160308838, 0.03392668813467026, -0.19303390383720398, 0.2517242133617401, 0.36834797263145447, 0.4792480170726776, 0.4653778076171875, 0.7834997177124023, 0.8575983047485352, 1.2479822635650635, 1.1351144313812256, 0.8739310503005981, 0.3530476689338684]], "sfx.logattacktime.mean": [0.25749143958091736], "lowlevel.hfc.mean": [0.48999762535095215]}