{"lowlevel.dissonance.mean": [0.6522305011749268], "sfx.inharmonicity.mean": [1.3823707103729248], "lowlevel.spectral_contrast.mean": [[0.28304803371429443, 0.8864142894744873, 0.9050911664962769, 0.8353277444839478, 0.850872278213501, 0.9770016670227051]], "lowlevel.spectral_centroid.mean": [0.6171063184738159], "lowlevel.mfcc.mean": [[0.5628316402435303, 0.07353168725967407, -0.1986665427684784, 0.3035777807235718, 0.2531455159187317, 0.5183502435684204, 0.6087285876274109, 0.5610086917877197, 0.6793466806411743, 0.8575316071510315, 1.4170606136322021, 0.9845179319381714, 0.736420750617981]], "sfx.logattacktime.mean": [0.23709294199943542], "lowlevel.hfc.mean": [0.4811722934246063]}