{"lowlevel.dissonance.mean": [0.06935954093933105], "sfx.inharmonicity.mean": [0.23350957036018372], "lowlevel.spectral_contrast.mean": [[0.7064660787582397, 0.4986315965652466, 0.33698344230651855, 0.2882273197174072, 0.2716329097747803, 0.31081652641296387]], "lowlevel.spectral_centroid.mean": [0.38495320081710815], "lowlevel.mfcc.mean": [[0.22684741020202637, 0.27471810579299927, 0.5980158448219299, 0.5639893412590027, 0.5583199858665466, 0.4359791874885559, 0.388812780380249, 0.28684693574905396, 0.260603129863739, 0.19473004341125488, 0.15071526169776917, 0.13730743527412415, 0.1093657910823822]], "sfx.logattacktime.mean": [0.23441222310066223], "lowlevel.hfc.mean": [0.4786283075809479]}