{
"metadata": {
    "version": {
        "essentia": "2.1-beta2"
    }
},
"lowLevel": {
    "dissonance": {
        "mean": 0.307455927134
    },
    "hfc": {
        "mean": 2.52144813538
    },
    "spectral_centroid": {
        "mean": 0.280788958073
    },
    "mfcc": {
        "mean": [-911.105834961, -8.90208911896, -62.1439285278, -34.4915008545, 25.2425727844, 12.7263889313, 2.70754361153, -21.9174213409, 30.7526874542, 30.7199993134, 11.0023612976, 7.75563621521, 44.7889976501, 6.50553417206, -13.9734182358, -2.87431454659, 3.56736588478, 23.0821800232, 11.9207439423, -14.8735208511, 12.9517307281, 20.5155391693, -4.234852314, -11.8829040527, 6.87173461914, 10.3053627014, 7.2617726326, -10.6979322433, -13.3122873306, 16.0256996155, 11.7208862305, -9.77637672424, -3.46062421799, 1.43271911144, 1.59526288509, 3.60630750656, -3.78547096252, 0.0652386471629, 1.37684321404, -3.55846166611]
    },
    "spectral_contrast": {
        "mean": [-0.726527035236, -0.791697144508, -0.58732354641, -0.786577880383, -0.860077857971, -0.711071193218]
    }
},
"sfx": {
    "inharmonicity": {
        "mean": 0.149033263326
    },
    "logattacktime": {
        "mean": -5
    }
}
}