{
"metadata": {
    "version": {
        "essentia": "2.1-beta2"
    }
},
"lowLevel": {
    "dissonance": {
        "mean": 0.15646417439
    },
    "hfc": {
        "mean": 0.72981184721
    },
    "spectral_centroid": {
        "mean": 0.0624924115837
    },
    "mfcc": {
        "mean": [-864.223754883, 172.776260376, -48.8802032471, -20.1371574402, 8.89116191864, -6.51416301727, -24.857427597, -22.4960231781, -3.15463614464, 4.37745380402, -0.537352442741, -12.3267297745, -15.7501516342, -14.5691423416, -11.5012817383, -2.65259552002, -7.38667345047, -4.63329458237, 6.06434059143, 17.1211204529, 18.6624965668, -2.81213569641, -8.10846233368, 2.85066437721, 22.9247932434, 26.0564746857, 8.62402439117, 3.61250376701, -1.04697728157, 3.16040921211, 6.2419962883, -8.55232048035, -11.1532793045, 0.35942736268, 8.95029735565, 13.7005872726, 12.3223733902, 2.53142237663, -5.43785047531, -0.69487118721]
    },
    "spectral_contrast": {
        "mean": [-0.613399505615, -0.60453504324, -0.599200069904, -0.749570190907, -0.823627471924, -0.828445672989]
    }
},
"sfx": {
    "inharmonicity": {
        "mean": 0.172136649489
    },
    "logattacktime": {
        "mean": -5
    }
}
}