{
"metadata": {
    "version": {
        "essentia": "2.1-beta2"
    }
},
"lowLevel": {
    "average_loudness": 0.977887868881,
    "barkbands_kurtosis": {
        "mean": 18.5367031097
    },
    "barkbands_skewness": {
        "mean": 2.85330796242
    },
    "barkbands_spread": {
        "mean": 7.60862636566
    },
    "dissonance": {
        "mean": 0.478853195906
    },
    "hfc": {
        "mean": 160.309066772
    },
    "pitch": {
        "mean": 1632.96252441
    },
    "pitch_instantaneous_confidence": {
        "mean": 0.91959887743
    },
    "pitch_salience": {
        "mean": 0.342655330896
    },
    "silence_rate_20dB": {
        "mean": 1
    },
    "silence_rate_30dB": {
        "mean": 0.719298243523
    },
    "silence_rate_60dB": {
        "mean": 0.187134504318
    },
    "spectral_centroid": {
        "mean": 1869.39379883
    },
    "spectral_complexity": {
        "mean": 1.91812860966
    },
    "spectral_crest": {
        "mean": 20.5201244354
    },
    "spectral_decrease": {
        "mean": -1.76044334665e-08
    },
    "spectral_energy": {
        "mean": 0.0809835940599
    },
    "spectral_energyband_high": {
        "mean": 0.000192356412299
    },
    "spectral_energyband_low": {
        "mean": 1.51941748072e-07
    },
    "spectral_energyband_middle_high": {
        "mean": 0.0807911232114
    },
    "spectral_energyband_middle_low": {
        "mean": 5.51334196075e-08
    },
    "spectral_flatness_db": {
        "mean": 0.566747009754
    },
    "spectral_flux": {
        "mean": 0.0422022603452
    },
    "spectral_kurtosis": {
        "mean": 15.4504795074
    },
    "spectral_rms": {
        "mean": 0.00789054576308
    },
    "spectral_rolloff": {
        "mean": 2498.73461914
    },
    "spectral_skewness": {
        "mean": 3.45450377464
    },
    "spectral_spread": {
        "mean": 8514495
    },
    "spectral_strongpeak": {
        "mean": 13.9169597626
    },
    "zerocrossingrate": {
        "mean": 0.0892669484019
    },
    "barkbands": {
        "mean": [2.04973403584e-07, 5.53472467857e-08, 2.17227813515e-09, 1.53424262184e-09, 4.1297498754e-09, 2.09184491951e-08, 8.04514144193e-09, 6.73908173709e-09, 1.00230881372e-08, 3.63355070476e-08, 1.09926148184e-07, 1.64475224551e-07, 2.63663736177e-07, 0.0627355575562, 1.27586940835e-06, 5.95833114403e-07, 1.91498827462e-07, 8.95008668067e-07, 0.0180519707501, 1.3673668775e-07, 2.45454430114e-05, 2.87910029328e-06, 0.000102189231256, 3.91282774217e-05, 1.66628997249e-05, 5.40685323358e-06, 1.49833533669e-06]
    },
    "mfcc": {
        "mean": [-961.210693359, -51.3693351746, -72.0953216553, -5.75710487366, 40.5432243347, 27.1846618652, 11.325214386, -13.5942611694, -38.3702583313, 35.6953849792, 58.0091362, -39.4626235962, -34.0144233704]
    },
    "sccoeffs": {
        "mean": [-0.781100153923, -0.889949500561, -0.873249590397, -0.39043623209, -0.540716230869, -0.693298757076]
    },
    "scvalleys": {
        "mean": [-11.238817215, -11.1737565994, -10.7622737885, -9.87760162354, -10.8008832932, -12.0243968964]
    }
},
"rhythm": {
    "beats_loudness": {
        "mean": 0.100589044392
    },
    "bpm": 105.064453125,
    "first_peak_bpm": {
        "mean": 103
    },
    "first_peak_spread": {
        "mean": 0.5
    },
    "first_peak_weight": {
        "mean": 0.40000000596
    },
    "onset_rate": 2.54065918922,
    "second_peak_bpm": {
        "mean": 108
    },
    "second_peak_spread": {
        "mean": 0
    },
    "second_peak_weight": {
        "mean": 0.20000000298
    },
    "beats_loudness_band_ratio": {
        "mean": [1.3985603573e-06, 2.37758001731e-07, 2.49396094887e-07, 0.37405410409, 0.830885887146, 0.156676769257]
    },
    "beats_position": [0.580498874187, 1.16099774837, 1.71827661991, 2.29877543449, 2.86766433716, 3.43655323982],
    "bpm_estimates": [103.359375, 107.666023254, 103.359382629, 105.46875, 105.46875],
    "bpm_intervals": [0.580498874187, 0.557278871536, 0.580498814583, 0.568888902664, 0.568888902664],
    "onset_times": [0.255419492722, 0.394739240408, 0.731428563595, 1.54412698746, 1.81115651131, 2.07818603516, 2.69351482391, 3.25079369545, 3.35528349876, 3.43655323982]
},
"sfx": {
    "inharmonicity": {
        "mean": 0.0671934485435
    },
    "oddtoevenharmonicenergyratio": {
        "mean": 32937.5273438
    },
    "pitch_after_max_to_before_max_energy_ratio": 0.212511524558,
    "pitch_centroid": 92.7876968384,
    "pitch_max_to_total": 0.97076022625,
    "pitch_min_to_total": 0.988304078579,
    "tristimulus": {
        "mean": [0.134173229337, 0.453912913799, 0.037512306124]
    }
},
"tonal": {
    "chords_changes_rate": 0.0232558138669,
    "chords_number_rate": 0.0232558138669,
    "chords_strength": {
        "mean": 0.537241697311
    },
    "key_strength": 0.546360909939,
    "tuning_diatonic_strength": 0.424409776926,
    "tuning_equal_tempered_deviation": 0.323043048382,
    "tuning_frequency": 447.691040039,
    "tuning_nontempered_energy_ratio": 0.934134542942,
    "hpcp": {
        "mean": [0.0098939081654, 0.0131831048056, 0.0113321747631, 0.00993288494647, 0.00870233494788, 0.0121319722384, 0.0137107055634, 0.00829074718058, 0.00315960729495, 0.00208615115844, 0.00313729140908, 0.00322536751628, 0.00273025454953, 0.00311927986331, 0.00271717878059, 0.00314180902205, 0.00685123028234, 0.0070464820601, 0.00445357430726, 0.00344419386238, 0.00229099625722, 0.0241334959865, 0.0986557006836, 0.0879586488008, 0.0163176264614, 0.00821744278073, 0.006452023983, 0.00544007308781, 0.00724781258032, 0.191166684031, 0.738217115402, 0.740407168865, 0.194890514016, 0.0167667381465, 0.0148479053751, 0.00591573957354]
    },
    "chords_histogram": [0, 0, 0, 0, 0, 0, 0, 44.1860466003, 55.8139533997, 0, 0, 0, 0, 0, 0, 0, 0, 0, 0, 0, 0, 0, 0, 0],
    "thpcp": [1, 0.263220727444, 0.0226452946663, 0.0200537033379, 0.00798984616995, 0.0133627932519, 0.0178052093834, 0.0153053281829, 0.0134154362604, 0.0117534445599, 0.0163855403662, 0.0185177922249, 0.0111975511536, 0.00426739174873, 0.00281757279299, 0.00423725135624, 0.00435620779172, 0.0036875042133, 0.0042129252106, 0.00366984400898, 0.00424335291609, 0.00925332773477, 0.00951703637838, 0.00601503392681, 0.00465175649151, 0.00309423846193, 0.032594896853, 0.133245199919, 0.118797674775, 0.0220387205482, 0.011098545976, 0.00871415622532, 0.00734740728512, 0.00978895556182, 0.258191287518, 0.997042119503],
    "chords_key": "E",
    "chords_scale": "minor",
    "key_key": "C",
    "key_scale": "minor",
    "chords_progression": ["Em", "Em", "Em", "Em", "Em", "Em", "Em", "Em", "Em", "Em", "Em", "Em", "Em", "Em", "Em", "Em", "Em", "Em", "Em", "Em", "Em", "Em", "Em", "Em", "Em", "Em", "C", "C", "C", "C", "C", "C", "C", "C", "C", "C", "C", "C", "C", "C", "C", "C", "C", "C", "C", "C", "C", "C", "C", "C", "C", "C", "C", "C", "C", "C", "C", "C", "C", "C", "C", "C", "C", "C", "Em", "Em", "Em", "Em", "Em", "Em", "Em", "Em", "Em", "Em", "Em", "Em", "Em", "Em", "Em", "Em", "Em", "Em", "Em", "Em", "Em", "Em"]
}
}