{"lowlevel.dissonance.mean": [-0.3101907968521118], "sfx.inharmonicity.mean": [0.26085737347602844], "lowlevel.spectral_contrast.mean": [[0.566476583480835, 1.2261769771575928, 0.8332165479660034, 0.6125714778900146, 0.44211792945861816, 0.3320462703704834]], "lowlevel.spectral_centroid.mean": [0.35136333107948303], "lowlevel.mfcc.mean": [[0.33928990364074707, 0.76335608959198, 0.6889570951461792, 0.21148116886615753, 0.2335691750049591, 0.10878300666809082, -0.02699756622314453, -0.01245298981666565, 0.25480249524116516, 0.4384607672691345, 0.686850368976593, 0.8088173866271973, 0.6464556455612183]], "sfx.logattacktime.mean": [0.4444265365600586], "lowlevel.hfc.mean": [0.47583910822868347]}