{
"metadata": {
    "version": {
        "essentia": "2.1-beta2"
    }
},
"lowLevel": {
    "dissonance": {
        "mean": 0.295928686857
    },
    "hfc": {
        "mean": 63.281627655
    },
    "spectral_centroid": {
        "mean": 0.154588863254
    },
    "mfcc": {
        "mean": [-777.564453125, 50.2546463013, 30.2301940918, 35.7145118713, 10.3734493256, -1.53062689304, -8.11702823639, -16.9820976257, -20.3900775909, -19.8235569, -25.8974342346, -20.0790252686, -24.2155570984, -19.0623664856, -19.0007266998, -19.6586418152, -15.7234506607, -14.6515207291, -11.8193159103, -8.76270389557, -4.03763532639, 1.04588568211, 0.0598794445395, -0.0745653435588, 0.692651867867, 0.0039586876519, -0.223913341761, -0.141966089606, 0.328114569187, -0.568465828896, -1.57400715351, -2.37851548195, -2.17782139778, -1.57877731323, -1.19493031502, -1.17590498924, -1.31513929367, -0.31113499403, 0.589146673679, 1.01501309872]
    },
    "spectral_contrast": {
        "mean": [-0.501748561859, -0.815618216991, -0.840574860573, -0.829428434372, -0.842265605927, -0.752018272877]
    }
},
"sfx": {
    "inharmonicity": {
        "mean": 0.0650795474648
    },
    "logattacktime": {
        "mean": -4.90885829926
    }
}
}