{"lowlevel.dissonance.mean": [0.2213726043701172], "sfx.inharmonicity.mean": [0.2550383508205414], "lowlevel.spectral_contrast.mean": [[0.541814923286438, 0.8257570266723633, 0.9655990600585938, 0.8969243764877319, 0.6375443935394287, 0.44092512130737305]], "lowlevel.spectral_centroid.mean": [0.3872765302658081], "lowlevel.mfcc.mean": [[0.36127352714538574, 0.6407352685928345, 0.36818867921829224, 0.2791667878627777, 0.5970649719238281, 0.33596131205558777, 0.13571733236312866, 0.19376403093338013, 0.48835277557373047, 0.6158666014671326, 0.586683988571167, 0.3628292381763458, 0.33015909790992737]], "sfx.logattacktime.mean": [0.5214328765869141], "lowlevel.hfc.mean": [0.46526476740837097]}