{
"metadata": {
    "version": {
        "essentia": "2.1-beta2"
    }
},
"lowLevel": {
    "average_loudness": 0.975581467152,
    "barkbands_kurtosis": {
        "mean": 14.7935504913
    },
    "barkbands_skewness": {
        "mean": 2.04411268234
    },
    "barkbands_spread": {
        "mean": 8.71682834625
    },
    "dissonance": {
        "mean": 0.213955953717
    },
    "hfc": {
        "mean": 7.45839452744
    },
    "pitch": {
        "mean": 177.857940674
    },
    "pitch_instantaneous_confidence": {
        "mean": 0.650599658489
    },
    "pitch_salience": {
        "mean": 0.589054465294
    },
    "silence_rate_20dB": {
        "mean": 1
    },
    "silence_rate_30dB": {
        "mean": 1
    },
    "silence_rate_60dB": {
        "mean": 0.414634138346
    },
    "spectral_centroid": {
        "mean": 743.259521484
    },
    "spectral_complexity": {
        "mean": 3.88617897034
    },
    "spectral_crest": {
        "mean": 14.1770048141
    },
    "spectral_decrease": {
        "mean": -3.43221806531e-09
    },
    "spectral_energy": {
        "mean": 0.0136304572225
    },
    "spectral_energyband_high": {
        "mean": 1.47021168573e-07
    },
    "spectral_energyband_low": {
        "mean": 4.53138318335e-06
    },
    "spectral_energyband_middle_high": {
        "mean": 0.000330881826812
    },
    "spectral_energyband_middle_low": {
        "mean": 0.0132976667956
    },
    "spectral_flatness_db": {
        "mean": 0.34002789855
    },
    "spectral_flux": {
        "mean": 0.00418865634128
    },
    "spectral_kurtosis": {
        "mean": 80.753578186
    },
    "spectral_rms": {
        "mean": 0.00280945887789
    },
    "spectral_rolloff": {
        "mean": 939.232971191
    },
    "spectral_skewness": {
        "mean": 6.85333585739
    },
    "spectral_spread": {
        "mean": 13866090
    },
    "spectral_strongpeak": {
        "mean": 1.64046537876
    },
    "zerocrossingrate": {
        "mean": 0.0482167825103
    },
    "barkbands": {
        "mean": [2.44975097985e-07, 2.35547517491e-07, 1.32120635499e-06, 3.39445932696e-06, 9.79850592557e-05, 0.000170002269442, 0.00436891010031, 0.00839368440211, 0.000262999063125, 0.000208355224459, 4.8104342568e-05, 5.13243758178e-05, 1.71063675225e-05, 3.21979268847e-06, 1.13505177524e-06, 2.1313412617e-06, 1.08734866444e-07, 5.03042585365e-08, 1.61583386671e-08, 3.07456318183e-08, 9.25903194116e-08, 8.03952548978e-09, 6.45769437924e-09, 9.25700671672e-09, 7.35336458391e-09, 4.8413446585e-09, 2.81885981224e-09]
    },
    "mfcc": {
        "mean": [-969.952453613, 153.608901978, 16.4498844147, -41.0147094727, -36.0715713501, -19.1632976532, -18.6648006439, -18.7818965912, -1.05794847012, 5.34557294846, 2.37891674042, 7.58663415909, 7.12811660767]
    },
    "sccoeffs": {
        "mean": [-0.672441244125, -0.490336626768, -0.660412967205, -0.741046786308, -0.853577911854, -0.893679261208]
    },
    "scvalleys": {
        "mean": [-9.729180336, -9.51242351532, -10.261475563, -11.123339653, -12.2838764191, -12.9159755707]
    }
},
"rhythm": {
    "beats_loudness": {
        "mean": 0.0177338141948
    },
    "bpm": 178.205810547,
    "first_peak_bpm": {
        "mean": 178
    },
    "first_peak_spread": {
        "mean": 0
    },
    "first_peak_weight": {
        "mean": 0.5
    },
    "onset_rate": 2.12673616409,
    "second_peak_bpm": {
        "mean": 167
    },
    "second_peak_spread": {
        "mean": 0
    },
    "second_peak_weight": {
        "mean": 0.333333343267
    },
    "beats_loudness_band_ratio": {
        "mean": [0.118653722107, 0.0240266509354, 0.824164569378, 0.0332318581641, 0.00104296801146, 0.00199914327823]
    },
    "beats_position": [0.325079351664, 0.66176867485, 0.99845802784, 1.33514738083, 1.69505667686, 2.0549659729, 2.40326523781],
    "bpm_estimates": [178.205825806, 178.205810547, 178.205810547],
    "bpm_intervals": [0.336689323187, 0.336689352989, 0.336689352989, 0.359909296036, 0.359909296036, 0.348299264908],
    "onset_times": [0.0464399084449, 0.116099774837, 0.31346938014, 2.24072551727, 2.46131515503, 2.73995471001]
},
"sfx": {
    "inharmonicity": {
        "mean": 0.0447588711977
    },
    "oddtoevenharmonicenergyratio": {
        "mean": 13.3466653824
    },
    "pitch_after_max_to_before_max_energy_ratio": 0.864287316799,
    "pitch_centroid": 67.539276123,
    "pitch_max_to_total": 0.861788630486,
    "pitch_min_to_total": 0.910569131374,
    "tristimulus": {
        "mean": [0.266430169344, 0.710366427898, 0.021593645215]
    }
},
"tonal": {
    "chords_changes_rate": 0.0322580635548,
    "chords_number_rate": 0.0322580635548,
    "chords_strength": {
        "mean": 0.538806676865
    },
    "key_strength": 0.745423257351,
    "tuning_diatonic_strength": 0.512012004852,
    "tuning_equal_tempered_deviation": 0.0821384191513,
    "tuning_frequency": 441.782684326,
    "tuning_nontempered_energy_ratio": 0.637661933899,
    "hpcp": {
        "mean": [0.397769421339, 0.252770572901, 0.0534950606525, 0.0394668765366, 0.0448698624969, 0.050633020699, 0.0498327352107, 0.0433298386633, 0.0390448532999, 0.0344274267554, 0.0309406109154, 0.046793140471, 0.0565484762192, 0.0397772602737, 0.350319981575, 0.727348864079, 0.427914619446, 0.0560742579401, 0.0266212634742, 0.0289495363832, 0.0549336858094, 0.0624136812985, 0.12405641377, 0.212728664279, 0.118684135377, 0.00780557701364, 0.0267629045993, 0.0326846390963, 0.016817830503, 0.0150973256677, 0.0131308501586, 0.0071878451854, 0.0065113240853, 0.0122219696641, 0.0219919905066, 0.190535470843]
    },
    "chords_histogram": [95.1612930298, 0, 0, 0, 0, 0, 0, 4.83870983124, 0, 0, 0, 0, 0, 0, 0, 0, 0, 0, 0, 0, 0, 0, 0, 0],
    "thpcp": [1, 0.58832103014, 0.0770940333605, 0.036600407213, 0.0398014448583, 0.0755259096622, 0.0858098268509, 0.170559719205, 0.292471289635, 0.163173601031, 0.0107315452769, 0.036795143038, 0.0449366755784, 0.0231220964342, 0.0207566507161, 0.0180530287325, 0.00988225266337, 0.00895213335752, 0.0168034490198, 0.0302358213812, 0.261958837509, 0.546875715256, 0.347523152828, 0.0735480114818, 0.0542612746358, 0.0616896040738, 0.0696131139994, 0.0685128420591, 0.0595722906291, 0.0536810532212, 0.0473327562213, 0.0425388850272, 0.0643338337541, 0.0777460187674, 0.0546880066395, 0.481639564037],
    "chords_key": "D",
    "chords_scale": "minor",
    "key_key": "D",
    "key_scale": "minor",
    "chords_progression": ["Dm", "Dm", "Dm", "Dm", "Dm", "Dm", "Dm", "Dm", "Dm", "Dm", "Dm", "Dm", "Dm", "Dm", "Dm", "Dm", "Dm", "Dm", "Dm", "Dm", "Dm", "Dm", "Dm", "Dm", "Dm", "Dm", "Dm", "D", "D", "D", "Dm", "Dm", "Dm", "Dm", "Dm", "Dm", "Dm", "Dm", "Dm", "Dm", "Dm", "Dm", "Dm", "Dm", "Dm", "Dm", "Dm", "Dm", "Dm", "Dm", "Dm", "Dm", "Dm", "Dm", "Dm", "Dm", "Dm", "Dm", "Dm", "Dm", "Dm", "Dm"]
}
}