{
"metadata": {
    "version": {
        "essentia": "2.1-beta2"
    }
},
"lowLevel": {
    "dissonance": {
        "mean": 0.127671480179
    },
    "hfc": {
        "mean": 4.2566318512
    },
    "spectral_centroid": {
        "mean": 0.0670573338866
    },
    "mfcc": {
        "mean": [-775.473754883, 159.893890381, -130.916824341, -55.2847557068, -36.3309783936, -27.4809341431, -34.3510932922, -29.2654342651, -31.6891460419, -37.5495414734, -18.0394248962, -16.6440258026, -15.9664974213, -8.69059371948, -6.59144306183, -5.11743974686, -0.17631945014, 5.98467826843, 8.82499885559, 14.2108049393, 18.6263408661, 19.9025115967, 17.2578887939, 11.0590734482, 4.16148281097, -2.67719697952, -7.1905875206, -10.3957214355, -8.3140411377, -1.09715139866, 5.15423965454, 5.39055871964, 0.617479681969, -4.32653903961, -9.24886417389, -10.9884939194, -7.61506557465, -1.41822445393, 4.53209114075, 5.87513017654]
    },
    "spectral_contrast": {
        "mean": [-0.386027961969, -0.498124808073, -0.532311797142, -0.701166093349, -0.808715879917, -0.789699614048]
    }
},
"sfx": {
    "inharmonicity": {
        "mean": 0.161955922842
    },
    "logattacktime": {
        "mean": -5
    }
}
}