{
"metadata": {
    "version": {
        "essentia": "2.1-beta2"
    }
},
"lowLevel": {
    "dissonance": {
        "mean": 0.440872639418
    },
    "hfc": {
        "mean": 3.39881634712
    },
    "spectral_centroid": {
        "mean": 0.202970176935
    },
    "mfcc": {
        "mean": [-820.75402832, -50.2138214111, -79.0919647217, 4.56101989746, -16.5376148224, 13.5241641998, -0.545500338078, 17.9332828522, 9.16760540009, 17.6703681946, 17.7781448364, -1.0485380888, -6.42048454285, 4.0559296608, 0.111381910741, 5.50430583954, 2.52890753746, -0.89620244503, 3.84442663193, 23.0320549011, 12.3583059311, -3.71994233131, -1.1378544569, 9.19978713989, 1.49605035782, -9.72861194611, 2.19747018814, -2.7261903286, -0.244897276163, -4.16316318512, 3.24725961685, -0.91050440073, -7.7428021431, 8.29215431213, -1.07091569901, -2.16464829445, -3.81679058075, 0.380182474852, 0.985077142715, -6.37377119064]
    },
    "spectral_contrast": {
        "mean": [-0.772561013699, -0.849888920784, -0.754940629005, -0.744441926479, -0.744629859924, -0.701825320721]
    }
},
"sfx": {
    "inharmonicity": {
        "mean": 0.229548692703
    },
    "logattacktime": {
        "mean": -5
    }
}
}