{
"metadata": {
    "version": {
        "essentia": "2.1-beta2"
    }
},
"lowLevel": {
    "average_loudness": 0.99068403244,
    "barkbands_kurtosis": {
        "mean": 37.7617530823
    },
    "barkbands_skewness": {
        "mean": 2.72829198837
    },
    "barkbands_spread": {
        "mean": 19.4653720856
    },
    "dissonance": {
        "mean": 0.402019917965
    },
    "hfc": {
        "mean": 15.5809469223
    },
    "pitch": {
        "mean": 789.120666504
    },
    "pitch_instantaneous_confidence": {
        "mean": 0.53594493866
    },
    "pitch_salience": {
        "mean": 0.617253303528
    },
    "silence_rate_20dB": {
        "mean": 1
    },
    "silence_rate_30dB": {
        "mean": 1
    },
    "silence_rate_60dB": {
        "mean": 0.897435903549
    },
    "spectral_centroid": {
        "mean": 3132.32739258
    },
    "spectral_complexity": {
        "mean": 5
    },
    "spectral_crest": {
        "mean": 10.7381677628
    },
    "spectral_decrease": {
        "mean": -8.90418627719e-10
    },
    "spectral_energy": {
        "mean": 0.00477388733998
    },
    "spectral_energyband_high": {
        "mean": 0.00171598920133
    },
    "spectral_energyband_low": {
        "mean": 4.75877495774e-05
    },
    "spectral_energyband_middle_high": {
        "mean": 0.00239500193857
    },
    "spectral_energyband_middle_low": {
        "mean": 0.000714277557563
    },
    "spectral_flatness_db": {
        "mean": 0.183141261339
    },
    "spectral_flux": {
        "mean": 0.0229949243367
    },
    "spectral_kurtosis": {
        "mean": 2.24380540848
    },
    "spectral_rms": {
        "mean": 0.000714711961336
    },
    "spectral_rolloff": {
        "mean": 5397.10498047
    },
    "spectral_skewness": {
        "mean": 1.24468457699
    },
    "spectral_spread": {
        "mean": 27920660
    },
    "spectral_strongpeak": {
        "mean": 0.198704406619
    },
    "zerocrossingrate": {
        "mean": 0.218637317419
    },
    "barkbands": {
        "mean": [5.40986526687e-08, 1.73613000243e-06, 2.31837657338e-05, 4.43244025519e-05, 6.48076820653e-05, 6.87428982928e-05, 0.000149550585775, 0.000113414287625, 0.000215499559999, 0.000318793929182, 0.000161966541782, 0.000436006695963, 0.000101388381154, 4.70981394756e-05, 7.09504020051e-05, 0.000129995445604, 0.000148050137796, 0.000395604642108, 0.000330598501023, 0.000707184604835, 0.000550935219508, 0.000203685456654, 0.000154343637405, 0.000152747074026, 0.00013738241978, 3.60055200872e-05, 9.83644258667e-06]
    },
    "mfcc": {
        "mean": [-1027.22131348, 22.6832313538, 2.45473814011, -0.0345173366368, -12.0652618408, -11.6594190598, -7.35908460617, -7.08228969574, -5.97042608261, -5.31073999405, -4.84774398804, -1.27546322346, -1.05384862423]
    },
    "sccoeffs": {
        "mean": [-0.727662265301, -0.762306332588, -0.879904448986, -0.897799968719, -0.901767849922, -0.903309822083]
    },
    "scvalleys": {
        "mean": [-14.6732034683, -13.767168045, -13.9751777649, -14.5511102676, -14.595498085, -15.0076446533]
    }
},
"rhythm": {
    "beats_loudness": {
        "mean": 1.57905515152e-06
    },
    "bpm": 178.205825806,
    "first_peak_bpm": {
        "mean": 178
    },
    "first_peak_spread": {
        "mean": 0
    },
    "first_peak_weight": {
        "mean": 1
    },
    "onset_rate": 1.15741956234,
    "second_peak_bpm": {
        "mean": 0
    },
    "second_peak_spread": {
        "mean": 0
    },
    "second_peak_weight": {
        "mean": 0
    },
    "beats_loudness_band_ratio": {
        "mean": [0.211922496557, 0.757290840149, 0.372199743986, 0.0247600488365, 0.0064292056486, 0.0224850550294]
    },
    "beats_position": [0.301859408617, 0.638548731804],
    "bpm_estimates": [178.205825806],
    "bpm_intervals": [0.336689323187],
    "onset_times": [0.0232199542224]
},
"sfx": {
    "inharmonicity": {
        "mean": 0.0354134328663
    },
    "oddtoevenharmonicenergyratio": {
        "mean": 3.08234643936
    },
    "pitch_after_max_to_before_max_energy_ratio": 0.545517325401,
    "pitch_centroid": 16.9921607971,
    "pitch_max_to_total": 0.846153855324,
    "pitch_min_to_total": 0.256410270929,
    "tristimulus": {
        "mean": [0.402486026287, 0.488451242447, 0.0882973223925]
    }
},
"tonal": {
    "chords_changes_rate": 0,
    "chords_number_rate": 0.0500000007451,
    "chords_strength": {
        "mean": 0.534874916077
    },
    "key_strength": 0.587581634521,
    "tuning_diatonic_strength": 0.516322493553,
    "tuning_equal_tempered_deviation": 0.307409733534,
    "tuning_frequency": 447.432556152,
    "tuning_nontempered_energy_ratio": 0.991455852985,
    "hpcp": {
        "mean": [0.0696699470282, 0.0856088101864, 0.0854054763913, 0.0637214928865, 0.062386251986, 0.0756458193064, 0.0747959464788, 0.0567356422544, 0.0684926062822, 0.101001724601, 0.0933239161968, 0.101283177733, 0.212445110083, 0.299665272236, 0.209238797426, 0.0870982259512, 0.0587118864059, 0.0914952158928, 0.0860141962767, 0.0375866666436, 0.036398794502, 0.058082908392, 0.0658000186086, 0.0539634525776, 0.0496750921011, 0.0495451204479, 0.0490614250302, 0.0528410598636, 0.28906622529, 0.532203674316, 0.412160456181, 0.186522826552, 0.0810378789902, 0.0766730904579, 0.0649424567819, 0.0589522905648]
    },
    "chords_histogram": [0, 0, 100, 0, 0, 0, 0, 0, 0, 0, 0, 0, 0, 0, 0, 0, 0, 0, 0, 0, 0, 0, 0, 0],
    "thpcp": [1, 0.774441182613, 0.35047262907, 0.152268543839, 0.144067198038, 0.122025571764, 0.11077016592, 0.130908429623, 0.160857230425, 0.160475179553, 0.119731403887, 0.117222510278, 0.142136976123, 0.140540078282, 0.106605127454, 0.128696233034, 0.189780205488, 0.175353765488, 0.190309047699, 0.399180084467, 0.563064992428, 0.393155485392, 0.163655817509, 0.11031845212, 0.171917676926, 0.161618947983, 0.07062458992, 0.0683926045895, 0.109136618674, 0.123636908829, 0.101396240294, 0.0933384969831, 0.0930942818522, 0.0921854302287, 0.0992872864008, 0.543149650097],
    "chords_key": "F#",
    "chords_scale": "minor",
    "key_key": "B",
    "key_scale": "minor",
    "chords_progression": ["F#m", "F#m", "F#m", "F#m", "F#m", "F#m", "F#m", "F#m", "F#m", "F#m", "F#m", "F#m", "F#m", "F#m", "F#m", "F#m", "F#m", "F#m", "F#m", "F#m"]
}
}