{
"metadata": {
    "version": {
        "essentia": "2.1-beta2"
    }
},
"lowLevel": {
    "average_loudness": 0.974427163601,
    "barkbands_kurtosis": {
        "mean": 19.7716693878
    },
    "barkbands_skewness": {
        "mean": 1.6241132021
    },
    "barkbands_spread": {
        "mean": 11.1001968384
    },
    "dissonance": {
        "mean": 0.472596526146
    },
    "hfc": {
        "mean": 11.4303150177
    },
    "pitch": {
        "mean": 1165.36584473
    },
    "pitch_instantaneous_confidence": {
        "mean": 0.873605072498
    },
    "pitch_salience": {
        "mean": 0.622423648834
    },
    "silence_rate_20dB": {
        "mean": 1
    },
    "silence_rate_30dB": {
        "mean": 1
    },
    "silence_rate_60dB": {
        "mean": 0.260663509369
    },
    "spectral_centroid": {
        "mean": 2296.68505859
    },
    "spectral_complexity": {
        "mean": 2.36018967628
    },
    "spectral_crest": {
        "mean": 12.4938106537
    },
    "spectral_decrease": {
        "mean": -8.34470159639e-10
    },
    "spectral_energy": {
        "mean": 0.00418624328449
    },
    "spectral_energyband_high": {
        "mean": 0.000864634173922
    },
    "spectral_energyband_low": {
        "mean": 8.16553153982e-07
    },
    "spectral_energyband_middle_high": {
        "mean": 0.00331714004278
    },
    "spectral_energyband_middle_low": {
        "mean": 3.08640346702e-06
    },
    "spectral_flatness_db": {
        "mean": 0.31201583147
    },
    "spectral_flux": {
        "mean": 0.00632487889379
    },
    "spectral_kurtosis": {
        "mean": 3.01089954376
    },
    "spectral_rms": {
        "mean": 0.00178511615377
    },
    "spectral_rolloff": {
        "mean": 3512.36669922
    },
    "spectral_skewness": {
        "mean": 1.66370534897
    },
    "spectral_spread": {
        "mean": 13940328
    },
    "spectral_strongpeak": {
        "mean": 2.97446274757
    },
    "zerocrossingrate": {
        "mean": 0.129651397467
    },
    "barkbands": {
        "mean": [1.11474184905e-06, 2.7308547601e-07, 5.71960043771e-08, 2.34330044258e-09, 5.0537602192e-07, 5.90115178056e-07, 1.23415259168e-06, 5.40654752967e-07, 1.63327698033e-07, 6.79639072132e-07, 8.34854120058e-07, 1.33884748266e-06, 0.00175270438194, 2.51031252674e-07, 3.84065629078e-07, 1.53868847974e-06, 9.77112335931e-07, 0.00155663478654, 6.66543030547e-07, 0.000434795481851, 3.38956766655e-07, 0.00017415167531, 0.00022740032, 5.52579967916e-06, 2.18690238398e-05, 1.51640335844e-06, 1.62028598538e-07]
    },
    "mfcc": {
        "mean": [-900.011779785, -11.7868719101, -33.6227111816, 4.10754919052, -7.95857572556, 18.0017433167, 10.2091722488, 0.509833991528, -26.819524765, -21.3307037354, 25.0154190063, 42.7329025269, 0.0510537400842]
    },
    "sccoeffs": {
        "mean": [-0.746384561062, -0.840687513351, -0.861392915249, -0.599805653095, -0.643859624863, -0.712360620499]
    },
    "scvalleys": {
        "mean": [-10.1847810745, -9.61972236633, -9.90180015564, -10.1107997894, -10.3305778503, -11.3968410492]
    }
},
"rhythm": {
    "beats_loudness": {
        "mean": 0.00487133255228
    },
    "bpm": 137.076278687,
    "first_peak_bpm": {
        "mean": 136
    },
    "first_peak_spread": {
        "mean": 0.571428537369
    },
    "first_peak_weight": {
        "mean": 0.333333343267
    },
    "onset_rate": 0.205254718661,
    "second_peak_bpm": {
        "mean": 144
    },
    "second_peak_spread": {
        "mean": 0
    },
    "second_peak_weight": {
        "mean": 0.222222223878
    },
    "beats_loudness_band_ratio": {
        "mean": [0.0462289452553, 0.00104767305311, 0.00125531083904, 0.386337578297, 0.347603857517, 0.217946529388]
    },
    "beats_position": [0.429569154978, 0.859138309956, 1.28870749474, 1.70666658878, 2.13623571396, 2.55419492722, 2.99537420273, 3.43655323982, 3.88934230804, 4.33052158356],
    "bpm_estimates": [139.674835205, 139.674819946, 139.674835205, 135.999130249, 135.999206543, 132.512039185, 135.999130249],
    "bpm_intervals": [0.429569154978, 0.42956918478, 0.417959094048, 0.429569125175, 0.417959213257, 0.441179275513, 0.441179037094, 0.452789068222, 0.441179275513],
    "onset_times": [0.371519267559]
},
"sfx": {
    "inharmonicity": {
        "mean": 0.173715516925
    },
    "oddtoevenharmonicenergyratio": {
        "mean": 26.6743793488
    },
    "pitch_after_max_to_before_max_energy_ratio": 0.00675758346915,
    "pitch_centroid": 103.813713074,
    "pitch_max_to_total": 0.905213296413,
    "pitch_min_to_total": 0.0521326996386,
    "tristimulus": {
        "mean": [0.197058558464, 0.420571535826, 0.0313743427396]
    }
},
"tonal": {
    "chords_changes_rate": 0,
    "chords_number_rate": 0.00943396240473,
    "chords_strength": {
        "mean": 0.534942805767
    },
    "key_strength": 0.564052402973,
    "tuning_diatonic_strength": 0.382399857044,
    "tuning_equal_tempered_deviation": 0.177063524723,
    "tuning_frequency": 437.718536377,
    "tuning_nontempered_energy_ratio": 0.692180395126,
    "hpcp": {
        "mean": [0.00662367697805, 0.00461886078119, 0.00253747962415, 0.00158581393771, 0.00147520459723, 0.00262428913265, 0.00518956268206, 0.00715608289465, 0.0615137927234, 0.111970417202, 0.0580579191446, 0.00617000227794, 0.00323566026054, 0.00220287078992, 0.00640093674883, 0.0119730178267, 0.0124444300309, 0.0101509587839, 0.0120251132175, 0.0139967156574, 0.00858755130321, 0.00399860413745, 0.024014884606, 0.546234548092, 0.913219809532, 0.390909165144, 0.00295216357335, 0.00570611702278, 0.0160025712103, 0.0357462465763, 0.0894517153502, 0.118055790663, 0.0699808299541, 0.0213254019618, 0.00903880037367, 0.00832721497864]
    },
    "chords_histogram": [0, 0, 0, 0, 0, 0, 0, 0, 0, 0, 0, 0, 0, 0, 0, 0, 0, 0, 100, 0, 0, 0, 0, 0],
    "thpcp": [1, 0.428055942059, 0.00323269772343, 0.00624835025519, 0.0175232421607, 0.0391430929303, 0.0979520082474, 0.129274234176, 0.0766308680177, 0.0233518835157, 0.00989772658795, 0.00911852251738, 0.00725310249254, 0.00505777541548, 0.00277860765345, 0.00173650844954, 0.0016153883189, 0.00287366635166, 0.00568270916119, 0.00783610157669, 0.067359238863, 0.122610583901, 0.0635749697685, 0.00675631687045, 0.00354313408025, 0.00241220206954, 0.00700919609517, 0.0131107736379, 0.0136269824579, 0.0111155696213, 0.0131678190082, 0.0153267765418, 0.00940359756351, 0.00437857815996, 0.0262969378382, 0.598141372204],
    "chords_key": "C#",
    "chords_scale": "major",
    "key_key": "A#",
    "key_scale": "major",
    "chords_progression": ["C#", "C#", "C#", "C#", "C#", "C#", "C#", "C#", "C#", "C#", "C#", "C#", "C#", "C#", "C#", "C#", "C#", "C#", "C#", "C#", "C#", "C#", "C#", "C#", "C#", "C#", "C#", "C#", "C#", "C#", "C#", "C#", "C#", "C#", "C#", "C#", "C#", "C#", "C#", "C#", "C#", "C#", "C#", "C#", "C#", "C#", "C#", "C#", "C#", "C#", "C#", "C#", "C#", "C#", "C#", "C#", "C#", "C#", "C#", "C#", "C#", "C#", "C#", "C#", "C#", "C#", "C#", "C#", "C#", "C#", "C#", "C#", "C#", "C#", "C#", "C#", "C#", "C#", "C#", "C#", "C#", "C#", "C#", "C#", "C#", "C#", "C#", "C#", "C#", "C#", "C#", "C#", "C#", "C#", "C#", "C#", "C#", "C#", "C#", "C#", "C#", "C#", "C#", "C#", "C#", "C#"]
}
}