{"lowlevel.dissonance.mean": [0.740440845489502], "sfx.inharmonicity.mean": [0.6611673831939697], "lowlevel.spectral_contrast.mean": [[0.5785921812057495, 0.3725184202194214, 0.448797345161438, 0.6494688987731934, 0.7361998558044434, 0.8756794929504395]], "lowlevel.spectral_centroid.mean": [0.849884033203125], "lowlevel.mfcc.mean": [[0.8629699945449829, -0.07882697880268097, 0.1888541579246521, 0.5732402801513672, 0.46364763379096985, 0.5423280596733093, 0.2855771481990814, 0.6401575207710266, 0.26008129119873047, 0.606116533279419, 0.7692990303039551, 0.7368456721305847, 0.6114755868911743]], "sfx.logattacktime.mean": [0.31945663690567017], "lowlevel.hfc.mean": [0.5861804485321045]}