{
"metadata": {
    "version": {
        "essentia": "2.1-beta2"
    }
},
"lowLevel": {
    "dissonance": {
        "mean": 0.0261252205819
    },
    "hfc": {
        "mean": 42.1325798035
    },
    "spectral_centroid": {
        "mean": 0.0826679244637
    },
    "mfcc": {
        "mean": [-973.058105469, 11.6110343933, -69.7687988281, -39.7142066956, -0.279548615217, 63.1838722229, 68.23072052, -3.91022372246, -47.3400611877, -18.555721283, 36.6381721497, 65.259727478, 25.8624286652, -44.7260894775, -5.03160476685, 50.3564796448, 19.3250846863, -1.62362539768, 10.3165569305, -38.8098602295, -11.7650718689, 44.5297813416, 7.83244800568, -1.99426078796, -1.22287297249, -15.7422618866, 22.1408367157, 1.3728171587, -6.33200550079, 10.8124933243, -6.31024980545, -1.81923425198, 3.71752619743, 8.40468120575, -13.1139287949, -7.58128118515, 7.49263238907, -1.4364566803, 4.72436094284, 3.28547286987]
    },
    "spectral_contrast": {
        "mean": [-0.717353284359, -0.291425317526, -0.298872232437, -0.68287986517, -0.799555242062, -0.73374068737]
    }
},
"sfx": {
    "inharmonicity": {
        "mean": 0.275418490171
    },
    "logattacktime": {
        "mean": -5
    }
}
}