{
"metadata": {
    "version": {
        "essentia": "2.1-beta2"
    }
},
"lowLevel": {
    "average_loudness": 0.902483344078,
    "barkbands_kurtosis": {
        "mean": 904.823547363
    },
    "barkbands_skewness": {
        "mean": 12.7035398483
    },
    "barkbands_spread": {
        "mean": 8.62060165405
    },
    "dissonance": {
        "mean": 0.476370662451
    },
    "hfc": {
        "mean": 41.516242981
    },
    "pitch": {
        "mean": 1444.64367676
    },
    "pitch_instantaneous_confidence": {
        "mean": 0.83258575201
    },
    "pitch_salience": {
        "mean": 0.136731445789
    },
    "silence_rate_20dB": {
        "mean": 1
    },
    "silence_rate_30dB": {
        "mean": 1
    },
    "silence_rate_60dB": {
        "mean": 0.310502290726
    },
    "spectral_centroid": {
        "mean": 1630.06726074
    },
    "spectral_complexity": {
        "mean": 0.904109597206
    },
    "spectral_crest": {
        "mean": 23.3084888458
    },
    "spectral_decrease": {
        "mean": -5.53430501427e-09
    },
    "spectral_energy": {
        "mean": 0.0246533025056
    },
    "spectral_energyband_high": {
        "mean": 1.34045467348e-05
    },
    "spectral_energyband_low": {
        "mean": 7.82430959134e-07
    },
    "spectral_energyband_middle_high": {
        "mean": 0.0246385056525
    },
    "spectral_energyband_middle_low": {
        "mean": 1.94188146452e-07
    },
    "spectral_flatness_db": {
        "mean": 0.502196252346
    },
    "spectral_flux": {
        "mean": 0.00732425553724
    },
    "spectral_kurtosis": {
        "mean": 14.2127256393
    },
    "spectral_rms": {
        "mean": 0.00398889323696
    },
    "spectral_rolloff": {
        "mean": 1946.24938965
    },
    "spectral_skewness": {
        "mean": 3.45691370964
    },
    "spectral_spread": {
        "mean": 11192105
    },
    "spectral_strongpeak": {
        "mean": 7.66057538986
    },
    "zerocrossingrate": {
        "mean": 0.082858428359
    },
    "barkbands": {
        "mean": [1.12200325475e-06, 1.79854794169e-07, 3.42582628932e-09, 2.00343519552e-09, 5.00849006713e-09, 1.17269642885e-08, 4.12055349841e-08, 1.13451122274e-07, 1.81594845827e-08, 9.26522325528e-09, 1.54427681309e-07, 6.81477104081e-07, 2.55870958199e-07, 0.0245194341987, 8.9769186161e-05, 8.1268481722e-08, 6.56530829701e-08, 7.85181981655e-08, 2.79403520835e-05, 6.53192842037e-08, 1.17282634164e-05, 4.17477288295e-08, 5.63952539778e-07, 1.56418010988e-07, 5.08676350819e-07, 2.3005546268e-07, 1.48804332412e-07]
    },
    "mfcc": {
        "mean": [-1025.57128906, 9.70619487762, -56.4710922241, -15.629940033, 17.8863201141, 44.0967826843, 10.4841413498, -33.0591583252, -7.57050657272, 35.0037918091, 43.6330795288, -8.34046840668, -15.8884754181]
    },
    "sccoeffs": {
        "mean": [-0.700585007668, -0.841615796089, -0.806970179081, -0.462610155344, -0.815437197685, -0.828054726124]
    },
    "scvalleys": {
        "mean": [-11.4309883118, -10.9590196609, -11.0348110199, -10.6402893066, -11.1704120636, -11.8357830048]
    }
},
"rhythm": {
    "beats_loudness": {
        "mean": 0.0294238161296
    },
    "bpm": 108.647773743,
    "first_peak_bpm": {
        "mean": 108
    },
    "first_peak_spread": {
        "mean": 0.428571403027
    },
    "first_peak_weight": {
        "mean": 0.571428596973
    },
    "onset_rate": 1.58730876446,
    "second_peak_bpm": {
        "mean": 0
    },
    "second_peak_spread": {
        "mean": 0
    },
    "second_peak_weight": {
        "mean": 0
    },
    "beats_loudness_band_ratio": {
        "mean": [0.0682053565979, 0.00343779008836, 0.00725732883438, 0.0319663323462, 0.875347912312, 0.0256354715675]
    },
    "beats_position": [0.545668900013, 1.10294783115, 1.64861679077, 2.19428563118, 2.73995471001, 3.29723358154, 3.85451245308, 4.41179132462],
    "bpm_estimates": [107.666015625, 109.95677948, 109.956802368, 109.956756592, 107.666023254, 107.666023254, 107.666023254],
    "bpm_intervals": [0.557278931141, 0.545668959618, 0.545668840408, 0.545669078827, 0.557278871536, 0.557278871536, 0.557278871536],
    "onset_times": [0.0348299331963, 0.150929704309, 0.487619042397, 0.986848056316, 1.09133791924, 1.23065757751, 1.68344676495, 2.00852608681]
},
"sfx": {
    "inharmonicity": {
        "mean": 0.0654611513019
    },
    "oddtoevenharmonicenergyratio": {
        "mean": 172954.53125
    },
    "pitch_after_max_to_before_max_energy_ratio": 6.13581371307,
    "pitch_centroid": 117.287399292,
    "pitch_max_to_total": 0.178082197905,
    "pitch_min_to_total": 0.191780820489,
    "tristimulus": {
        "mean": [0.245778560638, 0.544104516506, 0.0472759306431]
    }
},
"tonal": {
    "chords_changes_rate": 0.0818181782961,
    "chords_number_rate": 0.0454545468092,
    "chords_strength": {
        "mean": 0.452234476805
    },
    "key_strength": 0.552668988705,
    "tuning_diatonic_strength": 0.317841142416,
    "tuning_equal_tempered_deviation": 0.189974784851,
    "tuning_frequency": 444.855529785,
    "tuning_nontempered_energy_ratio": 0.765472829342,
    "hpcp": {
        "mean": [0.0200120490044, 0.0190732851624, 0.0215963162482, 0.0312887020409, 0.0320252329111, 0.0310632921755, 0.0324221141636, 0.0520466640592, 0.0710296556354, 0.0528010316193, 0.0383557379246, 0.0356972701848, 0.0339049100876, 0.029282450676, 0.0186700187624, 0.0215077567846, 0.0342367067933, 0.0291981268674, 0.0203035380691, 0.0227845236659, 0.0245498679578, 0.0311769805849, 0.104865305126, 0.131539031863, 0.0572703629732, 0.0282335523516, 0.0353650189936, 0.038636483252, 0.0438253544271, 0.0548060163856, 0.0750750303268, 0.0859304592013, 0.47166955471, 0.815017282963, 0.402261257172, 0.0273550525308]
    },
    "chords_histogram": [2.72727274895, 39.0909080505, 0, 0, 0, 0, 0, 0, 0, 0, 2.72727274895, 25.4545459747, 0, 0, 0, 0, 0, 0, 30, 0, 0, 0, 0, 0],
    "thpcp": [1, 0.493561625481, 0.0335637703538, 0.0245541408658, 0.0234023071826, 0.0264979861677, 0.0383902303874, 0.0392939299345, 0.0381136611104, 0.0397808924317, 0.0638595819473, 0.0871511027217, 0.0647851675749, 0.0470612570643, 0.0437994040549, 0.0416002348065, 0.0359286256135, 0.0229075122625, 0.0263893269002, 0.0420073382556, 0.035825163126, 0.0249117892236, 0.027955878526, 0.0301218982786, 0.0382531508803, 0.128666356206, 0.161394163966, 0.0702688917518, 0.0346416607499, 0.0433917418122, 0.0474057234824, 0.0537723004818, 0.0672452226281, 0.092114649713, 0.105433911085, 0.578723371029],
    "chords_key": "F",
    "chords_scale": "minor",
    "key_key": "C#",
    "key_scale": "major",
    "chords_progression": ["Em", "Em", "Em", "Em", "Em", "Em", "Em", "Em", "Em", "Em", "Em", "Em", "Em", "Em", "Em", "Em", "Em", "Em", "Em", "Em", "Em", "Em", "Em", "Em", "Em", "Em", "Em", "Em", "C", "C", "C", "Fm", "Fm", "Fm", "Fm", "Fm", "Fm", "Fm", "Fm", "Fm", "C#", "Fm", "Fm", "E", "E", "E", "E", "E", "E", "E", "E", "E", "E", "E", "C#", "E", "E", "E", "E", "E", "E", "E", "E", "E", "E", "E", "E", "E", "E", "E", "E", "E", "E", "E", "E", "E", "E", "C#", "Fm", "Fm", "Fm", "Fm", "Fm", "Fm", "Fm", "Fm", "Fm", "Fm", "Fm", "Fm", "Fm", "Fm", "Fm", "Fm", "Fm", "Fm", "Fm", "Fm", "Fm", "Fm", "Fm", "Fm", "Fm", "Fm", "Fm", "Fm", "Fm", "Fm", "Fm", "Fm"]
}
}