{
"metadata": {
    "version": {
        "essentia": "2.1-beta2"
    }
},
"lowLevel": {
    "dissonance": {
        "mean": 0.118330001831
    },
    "hfc": {
        "mean": 238.530578613
    },
    "spectral_centroid": {
        "mean": 0.0862577110529
    },
    "mfcc": {
        "mean": [-880.840942383, -10.4970417023, -153.766677856, -12.813952446, 11.1448936462, 21.3647880554, 57.2418479919, 35.1347808838, -12.3246650696, -55.1175193787, -47.9098968506, 55.6059303284, 79.3995666504, -6.80183458328, -52.2413635254, 19.7597007751, 48.4872779846, -2.06065821648, 3.23571848869, 42.6762390137, -38.7271728516, -44.5264701843, 40.9710044861, 24.5413322449, -4.64053869247, -1.93510520458, -28.7009887695, 8.47467422485, 19.2096214294, -15.1422433853, 25.1161518097, 4.56495714188, -22.261756897, 10.6553401947, 1.10170912743, 9.72414684296, -14.1263408661, 3.43386721611, -0.781524658203, 6.9994354248]
    },
    "spectral_contrast": {
        "mean": [-0.758035182953, -0.146915838122, -0.287984013557, -0.520951390266, -0.684578061104, -0.746537744999]
    }
},
"sfx": {
    "inharmonicity": {
        "mean": 0.166107103229
    },
    "logattacktime": {
        "mean": -4.94258451462
    }
}
}