{
"metadata": {
    "version": {
        "essentia": "2.1-beta2"
    }
},
"lowLevel": {
    "dissonance": {
        "mean": 0.292191386223
    },
    "hfc": {
        "mean": 50.4398956299
    },
    "spectral_centroid": {
        "mean": 0.141476377845
    },
    "mfcc": {
        "mean": [-796.592224121, 59.0324401855, 30.9268493652, 37.3614006042, 10.3676795959, -4.75373220444, -10.5214757919, -16.5200500488, -19.7987804413, -18.7815380096, -23.5964260101, -18.8643798828, -25.7213058472, -20.1099071503, -17.1607952118, -17.2491550446, -14.6123857498, -12.7649612427, -8.69266223907, -6.35306119919, -5.55923700333, -1.70598781109, -2.63932991028, -0.94555157423, -0.615215778351, -0.381571441889, 1.41808235645, 1.34690797329, 1.99705612659, 1.30172848701, -0.920289933681, -2.89444303513, -3.58468031883, -4.06818723679, -2.47104454041, -1.09715497494, -0.324695289135, -0.334999203682, 0.431075930595, 0.81611931324]
    },
    "spectral_contrast": {
        "mean": [-0.507611393929, -0.810193777084, -0.834849834442, -0.837604105473, -0.845062196255, -0.738659322262]
    }
},
"sfx": {
    "inharmonicity": {
        "mean": 0.0586442053318
    },
    "logattacktime": {
        "mean": -4.8958325386
    }
}
}