{"lowlevel.dissonance.mean": [0.5602874755859375], "sfx.inharmonicity.mean": [0.4711776375770569], "lowlevel.spectral_contrast.mean": [[0.39691388607025146, 0.5496007204055786, 0.6090289354324341, 0.5552499294281006, 0.2909586429595947, 0.2862546443939209]], "lowlevel.spectral_centroid.mean": [0.34464964270591736], "lowlevel.mfcc.mean": [[0.3366408348083496, 0.786865234375, 0.7623745203018188, 0.2836921215057373, 0.3966841697692871, 0.46548986434936523, 0.29045772552490234, 0.09876018762588501, 0.39786726236343384, 0.7416449189186096, 0.8497759103775024, 0.6964925527572632, 0.5101711750030518]], "sfx.logattacktime.mean": [0.4020267724990845], "lowlevel.hfc.mean": [0.46787312626838684]}