{
"metadata": {
    "version": {
        "essentia": "2.1-beta2"
    }
},
"lowLevel": {
    "average_loudness": 0.99068403244,
    "barkbands_kurtosis": {
        "mean": 0.651431202888
    },
    "barkbands_skewness": {
        "mean": 1.00822865963
    },
    "barkbands_spread": {
        "mean": 9.81045627594
    },
    "dissonance": {
        "mean": 0.309868633747
    },
    "hfc": {
        "mean": 6.91264677048
    },
    "pitch": {
        "mean": 434.138458252
    },
    "pitch_instantaneous_confidence": {
        "mean": 0.939973294735
    },
    "pitch_salience": {
        "mean": 0.601743161678
    },
    "silence_rate_20dB": {
        "mean": 1
    },
    "silence_rate_30dB": {
        "mean": 0.985915482044
    },
    "silence_rate_60dB": {
        "mean": 0.760563373566
    },
    "spectral_centroid": {
        "mean": 1015.08062744
    },
    "spectral_complexity": {
        "mean": 3.18309855461
    },
    "spectral_crest": {
        "mean": 13.4638719559
    },
    "spectral_decrease": {
        "mean": -1.77053094408e-09
    },
    "spectral_energy": {
        "mean": 0.00730938464403
    },
    "spectral_energyband_high": {
        "mean": 0.000216467291466
    },
    "spectral_energyband_low": {
        "mean": 0.00012366718147
    },
    "spectral_energyband_middle_high": {
        "mean": 0.00265293754637
    },
    "spectral_energyband_middle_low": {
        "mean": 0.00436244765297
    },
    "spectral_flatness_db": {
        "mean": 0.443401217461
    },
    "spectral_flux": {
        "mean": 0.0130963008851
    },
    "spectral_kurtosis": {
        "mean": 51.2122306824
    },
    "spectral_rms": {
        "mean": 0.00148290977813
    },
    "spectral_rolloff": {
        "mean": 1664.42541504
    },
    "spectral_skewness": {
        "mean": 5.72416877747
    },
    "spectral_spread": {
        "mean": 4326546.5
    },
    "spectral_strongpeak": {
        "mean": 0.620067954063
    },
    "zerocrossingrate": {
        "mean": 0.065367795527
    },
    "barkbands": {
        "mean": [1.45945239183e-06, 3.46237720805e-05, 6.75587143633e-05, 0.000115648697829, 0.000568268587813, 0.000445133307949, 0.00313200638629, 1.58269867825e-05, 5.28659256815e-05, 0.0013072967995, 1.66322570294e-06, 0.000121819495689, 5.19853238075e-05, 0.000400622375309, 3.58161787517e-06, 0.0005632006214, 2.40265089815e-05, 4.69527440146e-05, 0.000101339042885, 8.60128784552e-05, 3.83170518035e-05, 5.92817705183e-05, 3.47653513018e-05, 1.09585980681e-05, 8.68556253408e-06, 1.33233324959e-05, 2.16897069549e-06]
    },
    "mfcc": {
        "mean": [-957.059875488, 78.6003570557, -51.6871376038, -28.9970188141, -12.1729650497, -7.48811006546, -15.7648324966, -17.7787036896, -11.5268592834, -5.19313907623, -7.03748607635, 7.1565246582, 27.0715065002]
    },
    "sccoeffs": {
        "mean": [-0.796095192432, -0.402931630611, -0.447125643492, -0.457701444626, -0.684703171253, -0.849005520344]
    },
    "scvalleys": {
        "mean": [-11.7850389481, -11.852104187, -12.2577552795, -12.7826099396, -13.6105422974, -14.1805515289]
    }
},
"rhythm": {
    "beats_loudness": {
        "mean": 0.000803324917797
    },
    "bpm": 112.347137451,
    "first_peak_bpm": {
        "mean": 112
    },
    "first_peak_spread": {
        "mean": 0
    },
    "first_peak_weight": {
        "mean": 1
    },
    "onset_rate": 0.621897578239,
    "second_peak_bpm": {
        "mean": 0
    },
    "second_peak_spread": {
        "mean": 0
    },
    "second_peak_weight": {
        "mean": 0
    },
    "beats_loudness_band_ratio": {
        "mean": [0.000127256207634, 0.0868017524481, 0.399903148413, 0.496164977551, 0.104350686073, 0.00156684755348]
    },
    "beats_position": [0.522448956966, 1.05650794506],
    "bpm_estimates": [112.347137451],
    "bpm_intervals": [0.534058988094],
    "onset_times": [0.0232199542224]
},
"sfx": {
    "inharmonicity": {
        "mean": 0.0259616803378
    },
    "oddtoevenharmonicenergyratio": {
        "mean": 1.28983867168
    },
    "pitch_after_max_to_before_max_energy_ratio": 0.288038849831,
    "pitch_centroid": 37.7070465088,
    "pitch_max_to_total": 0.985915482044,
    "pitch_min_to_total": 0,
    "tristimulus": {
        "mean": [0.314674735069, 0.64401358366, 0.0222663730383]
    }
},
"tonal": {
    "chords_changes_rate": 0.0277777779847,
    "chords_number_rate": 0.0555555559695,
    "chords_strength": {
        "mean": 0.409763991833
    },
    "key_strength": 0.597252964973,
    "tuning_diatonic_strength": 0.411707013845,
    "tuning_equal_tempered_deviation": 0.103714048862,
    "tuning_frequency": 440.254241943,
    "tuning_nontempered_energy_ratio": 0.736028313637,
    "hpcp": {
        "mean": [9.00079758139e-05, 0.000122844023281, 0.000224322648137, 0.00111679686233, 0.00118790229317, 0.000308350136038, 0.00017294389545, 0.000723431410734, 0.0602396391332, 0.11163495481, 0.056399948895, 0.00497013423592, 0.000822257075924, 0.00103905820288, 0.00137739419006, 0.000663679034915, 0.000180957562407, 0.0184257663786, 0.0713208019733, 0.0604045651853, 0.00766626233235, 0.000290531577775, 5.62153109058e-05, 3.57423414243e-05, 0.00012168198009, 0.000721852644347, 0.00252847746015, 0.00237160827965, 0.000479729991639, 0.00464587239549, 0.0304362736642, 0.034154061228, 0.258709251881, 0.979749917984, 0.819488883018, 0.0901238098741]
    },
    "chords_histogram": [38.8888893127, 0, 0, 0, 0, 0, 0, 0, 0, 61.1111106873, 0, 0, 0, 0, 0, 0, 0, 0, 0, 0, 0, 0, 0, 0],
    "thpcp": [1, 0.836426615715, 0.0919865444303, 9.18683144846e-05, 0.00012538304145, 0.000228959092055, 0.00113987945952, 0.00121245463379, 0.000314723321935, 0.000176518413355, 0.000738383736461, 0.0614847093821, 0.113942295313, 0.0575656592846, 0.00507286004722, 0.000839252024889, 0.0010605341522, 0.00140586297493, 0.000677396368701, 0.00018469771021, 0.0188066009432, 0.072794906795, 0.0616530440748, 0.00782471336424, 0.000296536454698, 5.73772049393e-05, 3.64810875908e-05, 0.000124196973047, 0.000736772373784, 0.0025807376951, 0.00242062611505, 0.000489645346534, 0.00474189640954, 0.0310653503984, 0.0348599776626, 0.264056414366],
    "chords_key": "G#",
    "chords_scale": "major",
    "key_key": "C#",
    "key_scale": "minor",
    "chords_progression": ["G#", "G#", "G#", "G#", "G#", "G#", "G#", "G#", "G#", "G#", "G#", "G#", "G#", "G#", "G#", "G#", "G#", "G#", "G#", "G#", "G#", "G#", "C#m", "C#m", "C#m", "C#m", "C#m", "C#m", "C#m", "C#m", "C#m", "C#m", "C#m", "C#m", "C#m", "C#m"]
}
}