{
"metadata": {
    "version": {
        "essentia": "2.1-beta2"
    }
},
"lowLevel": {
    "dissonance": {
        "mean": 0.15762796998
    },
    "hfc": {
        "mean": 36.5051269531
    },
    "spectral_centroid": {
        "mean": 0.208003804088
    },
    "mfcc": {
        "mean": [-881.691101074, -13.0735607147, -72.7165603638, -37.6541900635, 49.048866272, 23.4759197235, -25.2849445343, -18.5566940308, 37.5378303528, 16.2672195435, -0.730985224247, 25.1989002228, 50.3471450806, 8.428358078, -10.5053119659, 5.9461607933, 13.2554664612, -2.20098018646, -16.540851593, 22.4062900543, 39.6720695496, -8.68486595154, -27.058298111, 6.13165330887, 27.6549053192, 4.35607194901, -18.4584712982, -5.32537269592, 20.9269599915, 4.37551116943, -15.9634933472, -2.54447412491, 10.7917890549, 2.91879081726, -4.88133621216, -3.50151920319, 3.93075823784, -0.813187420368, -1.02433931828, 3.38119649887]
    },
    "spectral_contrast": {
        "mean": [-0.713500797749, -0.762032985687, -0.39546328783, -0.84235906601, -0.855504453182, -0.70301002264]
    }
},
"sfx": {
    "inharmonicity": {
        "mean": 0.282581299543
    },
    "logattacktime": {
        "mean": -5
    }
}
}