{
"metadata": {
    "version": {
        "essentia": "2.1-beta2"
    }
},
"lowLevel": {
    "average_loudness": 0.98777192831,
    "barkbands_kurtosis": {
        "mean": -0.424636512995
    },
    "barkbands_skewness": {
        "mean": 0.163776233792
    },
    "barkbands_spread": {
        "mean": 10.6682701111
    },
    "dissonance": {
        "mean": 0.412588149309
    },
    "hfc": {
        "mean": 100.723098755
    },
    "pitch": {
        "mean": 1143.35449219
    },
    "pitch_instantaneous_confidence": {
        "mean": 0.907375812531
    },
    "pitch_salience": {
        "mean": 0.476389884949
    },
    "silence_rate_20dB": {
        "mean": 1
    },
    "silence_rate_30dB": {
        "mean": 0.907407402992
    },
    "silence_rate_60dB": {
        "mean": 0.162037029862
    },
    "spectral_centroid": {
        "mean": 1727.08508301
    },
    "spectral_complexity": {
        "mean": 1.69444441795
    },
    "spectral_crest": {
        "mean": 14.5570411682
    },
    "spectral_decrease": {
        "mean": -1.27419648166e-08
    },
    "spectral_energy": {
        "mean": 0.0572268664837
    },
    "spectral_energyband_high": {
        "mean": 1.82488429346e-06
    },
    "spectral_energyband_low": {
        "mean": 1.48211313444e-07
    },
    "spectral_energyband_middle_high": {
        "mean": 0.0572248026729
    },
    "spectral_energyband_middle_low": {
        "mean": 1.61299169577e-07
    },
    "spectral_flatness_db": {
        "mean": 0.595021665096
    },
    "spectral_flux": {
        "mean": 0.0148571431637
    },
    "spectral_kurtosis": {
        "mean": 43.7577095032
    },
    "spectral_rms": {
        "mean": 0.00670344522223
    },
    "spectral_rolloff": {
        "mean": 2420.59277344
    },
    "spectral_skewness": {
        "mean": 5.41668510437
    },
    "spectral_spread": {
        "mean": 4277281.5
    },
    "spectral_strongpeak": {
        "mean": 10.6990423203
    },
    "zerocrossingrate": {
        "mean": 0.102326571941
    },
    "barkbands": {
        "mean": [2.57781323398e-07, 3.10018641869e-08, 2.8127147278e-09, 2.17890394616e-09, 6.77859102183e-09, 7.29802991373e-08, 1.08095035145e-08, 1.64990936469e-08, 2.64161368335e-08, 1.24287112158e-07, 7.22264914543e-08, 0.0302866324782, 1.49290883655e-07, 4.98447093378e-07, 4.11960826341e-07, 3.52839208517e-07, 0.0269319843501, 2.61558739112e-07, 4.26073984272e-06, 1.719173639e-07, 9.22706874462e-07, 3.01422318216e-07, 1.49182540099e-07, 2.18078469061e-07, 8.20361378828e-08, 3.95215167259e-08, 1.02642054856e-08]
    },
    "mfcc": {
        "mean": [-988.635253906, 19.5077762604, -100.125732422, -24.9191055298, 21.8081703186, 22.1120223999, 14.5843992233, 24.7931022644, -2.78682923317, -48.1476898193, -24.3510036469, 58.608001709, 52.0620918274]
    },
    "sccoeffs": {
        "mean": [-0.805688738823, -0.88301461935, -0.413377910852, -0.482641577721, -0.485485851765, -0.861616671085]
    },
    "scvalleys": {
        "mean": [-10.9697628021, -10.7277526855, -10.1603832245, -9.97215080261, -10.5254621506, -11.4095211029]
    }
},
"rhythm": {
    "beats_loudness": {
        "mean": 0.0788544937968
    },
    "bpm": 123.066810608,
    "first_peak_bpm": {
        "mean": 123
    },
    "first_peak_spread": {
        "mean": 0.285714268684
    },
    "first_peak_weight": {
        "mean": 0.625
    },
    "onset_rate": 0.400641381741,
    "second_peak_bpm": {
        "mean": 117
    },
    "second_peak_spread": {
        "mean": 0
    },
    "second_peak_weight": {
        "mean": 0.125
    },
    "beats_loudness_band_ratio": {
        "mean": [2.60507704297e-06, 8.69107452672e-07, 1.09373843316e-06, 0.539665699005, 0.460227549076, 0.000106900180981]
    },
    "beats_position": [0.487619042397, 0.975238084793, 1.46285712719, 1.97369611263, 2.46131515503, 2.94893407822, 3.42494320869, 3.9125623703, 4.41179132462],
    "bpm_estimates": [123.046875, 123.046875, 123.046875, 123.046905518, 126.04800415, 123.046844482, 120.185333252],
    "bpm_intervals": [0.487619042397, 0.487619042397, 0.510838985443, 0.487619042397, 0.487618923187, 0.476009130478, 0.487619161606, 0.499228954315],
    "onset_times": [0.0696598663926, 0.371519267559]
},
"sfx": {
    "inharmonicity": {
        "mean": 0.0583375617862
    },
    "oddtoevenharmonicenergyratio": {
        "mean": 3.86605501175
    },
    "pitch_after_max_to_before_max_energy_ratio": 17.9116973877,
    "pitch_centroid": 109.931861877,
    "pitch_max_to_total": 0.050925925374,
    "pitch_min_to_total": 0.0555555559695,
    "tristimulus": {
        "mean": [0.145491108298, 0.810315966606, 0.0239654406905]
    }
},
"tonal": {
    "chords_changes_rate": 0.155963301659,
    "chords_number_rate": 0.0275229364634,
    "chords_strength": {
        "mean": 0.344438403845
    },
    "key_strength": 0.578392624855,
    "tuning_diatonic_strength": 0.40325075388,
    "tuning_equal_tempered_deviation": 0.197913914919,
    "tuning_frequency": 448.467559814,
    "tuning_nontempered_energy_ratio": 0.753115236759,
    "hpcp": {
        "mean": [0.0545575506985, 0.0513502471149, 0.0444705300033, 0.0313972234726, 0.0258376765996, 0.024661147967, 0.0220047906041, 0.0164237804711, 0.0218003466725, 0.0363240912557, 0.034078001976, 0.0209862142801, 0.0188317541033, 0.0302098002285, 0.50346404314, 0.905446350574, 0.435450732708, 0.0297448132187, 0.044062718749, 0.0662393420935, 0.0559645667672, 0.0441986434162, 0.0697587132454, 0.0607444420457, 0.0375133268535, 0.0436645112932, 0.0422298274934, 0.0314904563129, 0.0285644065589, 0.0480668656528, 0.0585355721414, 0.0590685084462, 0.0610795803368, 0.069184049964, 0.0719289630651, 0.0609326213598]
    },
    "chords_histogram": [0, 37.6146774292, 36.6972465515, 0, 0, 0, 0, 0, 0, 0, 0, 0, 25.6880741119, 0, 0, 0, 0, 0, 0, 0, 0, 0, 0, 0],
    "thpcp": [1, 0.480923831463, 0.0328509956598, 0.048664085567, 0.0731565654278, 0.0618088170886, 0.0488142035902, 0.0770434513688, 0.0670878440142, 0.0414307564497, 0.0482242926955, 0.0466397888958, 0.0347789302468, 0.031547319144, 0.0530863776803, 0.0646483078599, 0.0652368962765, 0.0674579814076, 0.0764087811112, 0.0794403403997, 0.0672956705093, 0.06025486812, 0.0567126348615, 0.04911448434, 0.034675963223, 0.0285358447582, 0.0272364541888, 0.0243026986718, 0.0181388780475, 0.0240769051015, 0.0401173308492, 0.0376366898417, 0.0231777559966, 0.0207983106375, 0.0333645381033, 0.556039631367],
    "chords_key": "A#",
    "chords_scale": "major",
    "key_key": "G",
    "key_scale": "minor",
    "chords_progression": ["Dm", "Dm", "Dm", "Dm", "Dm", "Dm", "Dm", "Dm", "Dm", "Dm", "Dm", "Dm", "Dm", "Dm", "Dm", "Dm", "Dm", "Dm", "Dm", "Dm", "Dm", "Dm", "Dm", "Dm", "Dm", "Dm", "Dm", "Dm", "A#", "A#", "A#", "A#", "A#", "A#", "A#", "A#", "A#", "A#", "A#", "A#", "A#", "Dm", "Dm", "A#", "A#", "A#", "Dm", "Dm", "C#m", "C#m", "Dm", "C#m", "Dm", "Dm", "C#m", "Dm", "C#m", "C#m", "Dm", "Dm", "A#", "A#", "A#", "A#", "A#", "A#", "A#", "A#", "A#", "A#", "A#", "A#", "A#", "A#", "A#", "A#", "A#", "A#", "A#", "A#", "A#", "A#", "A#", "A#", "A#", "Dm", "C#m", "C#m", "C#m", "C#m", "C#m", "Dm", "C#m", "C#m", "C#m", "C#m", "C#m", "C#m", "C#m", "C#m", "C#m", "C#m", "C#m", "C#m", "C#m", "C#m", "C#m", "C#m", "C#m"]
}
}