{"lowlevel.dissonance.mean": [0.6554962396621704], "sfx.inharmonicity.mean": [1.1806799173355103], "lowlevel.spectral_contrast.mean": [[0.2826803922653198, 0.9114195108413696, 0.943496584892273, 0.9384788274765015, 0.7928869724273682, 0.9277079105377197]], "lowlevel.spectral_centroid.mean": [0.5735155940055847], "lowlevel.mfcc.mean": [[0.582443118095398, 0.10166779160499573, -0.2132302224636078, 0.21088674664497375, 0.27278953790664673, 0.541927695274353, 0.5666659474372864, 0.5452850461006165, 0.5303831100463867, 0.8519262075424194, 1.5189182758331299, 1.1368012428283691, 0.6520796418190002]], "sfx.logattacktime.mean": [0.26671677827835083], "lowlevel.hfc.mean": [0.4842894971370697]}