{
"metadata": {
    "version": {
        "essentia": "2.1-beta2"
    }
},
"lowLevel": {
    "dissonance": {
        "mean": 0.00466049462557
    },
    "hfc": {
        "mean": 12.8480138779
    },
    "spectral_centroid": {
        "mean": 0.0383781194687
    },
    "mfcc": {
        "mean": [-1025.0736084, 88.3001098633, 15.6514234543, -16.9606380463, -44.8506660461, -51.25258255, -34.5749664307, 6.73704099655, 42.1586608887, 51.9270515442, 34.1271209717, 4.30679130554, -16.0834465027, -28.1203556061, -34.286365509, -31.1843147278, -9.97165775299, 17.8185367584, 19.3136367798, 5.09004545212, -5.85182571411, -6.53161334991, -5.52928543091, -8.90132045746, -11.0085058212, -1.47318434715, 5.80265951157, 1.95691585541, -2.71607542038, -1.51562583447, 0.1615190804, -3.14390134811, -1.33592581749, 4.77555274963, 2.63286328316, -2.4522049427, 2.02181077003, -0.665939927101, -6.32150220871, -5.22150182724]
    },
    "spectral_contrast": {
        "mean": [-0.572536706924, -0.297728449106, -0.768606007099, -0.824793219566, -0.881364643574, -0.891779124737]
    }
},
"sfx": {
    "inharmonicity": {
        "mean": 0.294773548841
    },
    "logattacktime": {
        "mean": -4.94553279877
    }
}
}