{
"metadata": {
    "version": {
        "essentia": "2.1-beta2"
    }
},
"lowLevel": {
    "average_loudness": 0.966031193733,
    "barkbands_kurtosis": {
        "mean": 12.3245077133
    },
    "barkbands_skewness": {
        "mean": 0.945319235325
    },
    "barkbands_spread": {
        "mean": 13.3993530273
    },
    "dissonance": {
        "mean": 0.311008244753
    },
    "hfc": {
        "mean": 26.0750713348
    },
    "pitch": {
        "mean": 231.757751465
    },
    "pitch_instantaneous_confidence": {
        "mean": 0.733457446098
    },
    "pitch_salience": {
        "mean": 0.579030871391
    },
    "silence_rate_20dB": {
        "mean": 1
    },
    "silence_rate_30dB": {
        "mean": 1
    },
    "silence_rate_60dB": {
        "mean": 0.220657274127
    },
    "spectral_centroid": {
        "mean": 736.44152832
    },
    "spectral_complexity": {
        "mean": 10.798122406
    },
    "spectral_crest": {
        "mean": 9.65898227692
    },
    "spectral_decrease": {
        "mean": -8.78070238741e-09
    },
    "spectral_energy": {
        "mean": 0.0355054028332
    },
    "spectral_energyband_high": {
        "mean": 4.9092235713e-05
    },
    "spectral_energyband_low": {
        "mean": 0.00770929874852
    },
    "spectral_energyband_middle_high": {
        "mean": 0.0136955520138
    },
    "spectral_energyband_middle_low": {
        "mean": 0.0190626401454
    },
    "spectral_flatness_db": {
        "mean": 0.241202607751
    },
    "spectral_flux": {
        "mean": 0.00766755500808
    },
    "spectral_kurtosis": {
        "mean": 23.2411289215
    },
    "spectral_rms": {
        "mean": 0.0051418771036
    },
    "spectral_rolloff": {
        "mean": 1163.90563965
    },
    "spectral_skewness": {
        "mean": 3.78421258926
    },
    "spectral_spread": {
        "mean": 6608279
    },
    "spectral_strongpeak": {
        "mean": 2.3393676281
    },
    "zerocrossingrate": {
        "mean": 0.0384985692799
    },
    "barkbands": {
        "mean": [3.32190637664e-07, 4.62626381648e-08, 0.00269791507162, 0.00586399622262, 0.000139359632158, 0.000160127296112, 0.00224033836275, 4.14493479184e-05, 0.0106062535197, 0.00279332860373, 0.00688128452748, 0.000481377501274, 0.00183777615894, 0.000243486691033, 0.00105235748924, 0.000218767148908, 4.74609332741e-05, 3.77697251679e-05, 6.8337234552e-05, 6.76530544297e-05, 1.93465293705e-05, 3.94264634451e-06, 2.12535383071e-06, 4.03988138942e-07, 1.65095229931e-07, 9.17191727012e-08, 1.10695479449e-08]
    },
    "mfcc": {
        "mean": [-767.453063965, 152.903442383, -54.2440452576, -7.64343833923, -34.6529273987, 9.13002109528, 10.2281637192, -4.84964990616, -11.8277902603, -2.74960803986, -19.4280872345, -24.1062831879, -13.6561307907]
    },
    "sccoeffs": {
        "mean": [-0.346257895231, -0.478772610426, -0.472689718008, -0.554793715477, -0.687636256218, -0.764303267002]
    },
    "scvalleys": {
        "mean": [-9.772108078, -9.59331130981, -8.20399856567, -9.41832256317, -10.2108278275, -11.6369686127]
    }
},
"rhythm": {
    "beats_loudness": {
        "mean": 0.0413974523544
    },
    "bpm": 93.6834182739,
    "first_peak_bpm": {
        "mean": 94
    },
    "first_peak_spread": {
        "mean": 0.166666686535
    },
    "first_peak_weight": {
        "mean": 0.833333313465
    },
    "onset_rate": 0.406505942345,
    "second_peak_bpm": {
        "mean": 0
    },
    "second_peak_spread": {
        "mean": 0
    },
    "second_peak_weight": {
        "mean": 0
    },
    "beats_loudness_band_ratio": {
        "mean": [0.305708408356, 0.0243178810924, 0.311666756868, 0.325439989567, 0.0382982753217, 0.00423130439594]
    },
    "beats_position": [0.638548731804, 1.28870749474, 1.92725622654, 2.56580495834, 3.20435357094, 3.84290242195, 4.48145103455],
    "bpm_estimates": [92.2851486206, 93.9630737305, 93.9630737305, 93.9630889893, 93.9630508423, 93.9630889893],
    "bpm_intervals": [0.650158762932, 0.638548731804, 0.638548731804, 0.638548612595, 0.638548851013, 0.638548612595],
    "onset_times": [0.290249437094, 0.383129239082]
},
"sfx": {
    "inharmonicity": {
        "mean": 0.0105552393943
    },
    "oddtoevenharmonicenergyratio": {
        "mean": 1.19217371941
    },
    "pitch_after_max_to_before_max_energy_ratio": 2.01891231537,
    "pitch_centroid": 86.9536819458,
    "pitch_max_to_total": 0.0234741792083,
    "pitch_min_to_total": 0.957746505737,
    "tristimulus": {
        "mean": [0.60722631216, 0.324891716242, 0.0577018223703]
    }
},
"tonal": {
    "chords_changes_rate": 0.00934579409659,
    "chords_number_rate": 0.00934579409659,
    "chords_strength": {
        "mean": 0.549414277077
    },
    "key_strength": 0.495554238558,
    "tuning_diatonic_strength": 0.384139835835,
    "tuning_equal_tempered_deviation": 0.153082296252,
    "tuning_frequency": 436.456176758,
    "tuning_nontempered_energy_ratio": 0.684032440186,
    "hpcp": {
        "mean": [0.447194457054, 0.304825127125, 0.0387539379299, 0.0218077301979, 0.0272260755301, 0.0220104642212, 0.014975734055, 0.198047995567, 0.510471105576, 0.339980185032, 0.0255859848112, 0.0159871280193, 0.0164235159755, 0.0318422242999, 0.306062757969, 0.730307519436, 0.497707009315, 0.0592452958226, 0.015365594998, 0.00801679585129, 0.0573404245079, 0.14720518887, 0.114605903625, 0.0985377952456, 0.114821352065, 0.0905220359564, 0.544023454189, 0.701202690601, 0.218200027943, 0.0159133020788, 0.0189357493073, 0.0315059088171, 0.0358590856194, 0.0266896020621, 0.0221971347928, 0.182101950049]
    },
    "chords_histogram": [0, 0, 99.0654220581, 0, 0, 0, 0, 0, 0, 0, 0, 0, 0, 0, 0, 0, 0, 0, 0, 0.934579432011, 0, 0, 0, 0],
    "thpcp": [1, 0.681503355503, 0.0811237618327, 0.021039897576, 0.0109772877768, 0.0785154476762, 0.201566025615, 0.156928285956, 0.134926438332, 0.157223284245, 0.123950570822, 0.744923830032, 0.96014714241, 0.298778295517, 0.0217898655683, 0.0259284600616, 0.043140605092, 0.0491013489664, 0.0365457050502, 0.0303942300379, 0.249349683523, 0.612337172031, 0.417392849922, 0.0530652329326, 0.0298610236496, 0.0372802875936, 0.030138624832, 0.0205060653389, 0.271184384823, 0.698981046677, 0.465530157089, 0.0350345373154, 0.0218909531832, 0.0224884934723, 0.0436011180282, 0.41908749938],
    "chords_key": "D",
    "chords_scale": "major",
    "key_key": "G",
    "key_scale": "major",
    "chords_progression": ["D", "D", "D", "D", "D", "D", "D", "D", "D", "D", "D", "D", "D", "D", "D", "D", "D", "D", "D", "D", "D", "D", "D", "D", "D", "D", "D", "D", "D", "D", "D", "D", "D", "D", "D", "D", "D", "D", "D", "D", "D", "D", "D", "D", "D", "D", "D", "D", "D", "D", "D", "D", "D", "D", "D", "D", "D", "D", "D", "D", "D", "D", "D", "D", "D", "D", "D", "D", "D", "D", "D", "D", "D", "D", "D", "D", "D", "D", "D", "D", "D", "D", "D", "D", "D", "D", "D", "D", "D", "D", "D", "D", "D", "D", "D", "D", "D", "D", "D", "D", "D", "D", "D", "D", "D", "D", "Dm"]
}
}