{
"metadata": {
    "version": {
        "essentia": "2.1-beta2"
    }
},
"lowLevel": {
    "dissonance": {
        "mean": 0.0486530959606
    },
    "hfc": {
        "mean": 31.7547054291
    },
    "spectral_centroid": {
        "mean": 0.107118353248
    },
    "mfcc": {
        "mean": [-956.213867188, 3.72336196899, -78.5564346313, -31.0822505951, 23.0851135254, 63.8479614258, 31.6903400421, -36.8509864807, -29.7868022919, 40.5299415588, 61.9044723511, 21.1053829193, -46.3163719177, 26.3368091583, 59.9971046448, -11.7689418793, -14.5794620514, -4.45280265808, -23.9869613647, 43.6476821899, 31.2482452393, -32.2934646606, 5.65444135666, 4.72889709473, 14.2022390366, 0.334647834301, -18.657491684, 19.949420929, -9.17599868774, 6.24181699753, -1.41991770267, -4.27506780624, -7.60044622421, 16.8008384705, -8.42185211182, -5.71889257431, 8.80856800079, 0.165047824383, -1.76435983181, -5.45443058014]
    },
    "spectral_contrast": {
        "mean": [-0.710758149624, -0.768766641617, -0.279225885868, -0.708902418613, -0.733480036259, -0.753769814968]
    }
},
"sfx": {
    "inharmonicity": {
        "mean": 0.29593873024
    },
    "logattacktime": {
        "mean": -4.98258924484
    }
}
}