{
"metadata": {
    "version": {
        "essentia": "2.1-beta2"
    }
},
"lowLevel": {
    "dissonance": {
        "mean": 0.225847899914
    },
    "hfc": {
        "mean": 3.00519895554
    },
    "spectral_centroid": {
        "mean": 0.0858754962683
    },
    "mfcc": {
        "mean": [-828.52746582, 93.4387588501, -85.1970367432, 13.0929069519, -18.7307605743, -17.5929698944, -0.719182014465, -1.31972908974, -2.72414278984, -20.098449707, -7.42605543137, 25.5504570007, 16.1249771118, 11.6837940216, 37.0560455322, 35.0462112427, 16.4224033356, 17.371761322, -4.69433069229, -36.8310279846, -40.3560562134, -18.9392738342, -1.21152710915, 26.8877429962, 22.5907344818, -2.28494000435, -10.4504137039, 5.47126960754, 17.4287319183, 17.7728881836, 4.31787061691, -9.82768821716, -15.059835434, -6.48963928223, 7.20319414139, 6.04172086716, -2.90729546547, -6.9708147049, -6.53371143341, 7.89517259598]
    },
    "spectral_contrast": {
        "mean": [-0.519975423813, -0.501093089581, -0.691285967827, -0.676361620426, -0.799443006516, -0.799360215664]
    }
},
"sfx": {
    "inharmonicity": {
        "mean": 0.205218270421
    },
    "logattacktime": {
        "mean": -5
    }
}
}