{
"metadata": {
    "version": {
        "essentia": "2.1-beta2"
    }
},
"lowLevel": {
    "average_loudness": 0.633523285389,
    "barkbands_kurtosis": {
        "mean": 7.8317656517
    },
    "barkbands_skewness": {
        "mean": 0.735463678837
    },
    "barkbands_spread": {
        "mean": 14.0774230957
    },
    "dissonance": {
        "mean": 0.381982058287
    },
    "hfc": {
        "mean": 9.56308746338
    },
    "pitch": {
        "mean": 241.782302856
    },
    "pitch_instantaneous_confidence": {
        "mean": 0.824524343014
    },
    "pitch_salience": {
        "mean": 0.635414481163
    },
    "silence_rate_20dB": {
        "mean": 1
    },
    "silence_rate_30dB": {
        "mean": 1
    },
    "silence_rate_60dB": {
        "mean": 0.485714286566
    },
    "spectral_centroid": {
        "mean": 1171.40466309
    },
    "spectral_complexity": {
        "mean": 11.1190471649
    },
    "spectral_crest": {
        "mean": 11.1906986237
    },
    "spectral_decrease": {
        "mean": -1.86528126278e-09
    },
    "spectral_energy": {
        "mean": 0.00790738500655
    },
    "spectral_energyband_high": {
        "mean": 7.15694404789e-05
    },
    "spectral_energyband_low": {
        "mean": 2.34444019043e-06
    },
    "spectral_energyband_middle_high": {
        "mean": 0.0035956914071
    },
    "spectral_energyband_middle_low": {
        "mean": 0.00423760898411
    },
    "spectral_flatness_db": {
        "mean": 0.242328569293
    },
    "spectral_flux": {
        "mean": 0.0157268289477
    },
    "spectral_kurtosis": {
        "mean": 17.6922035217
    },
    "spectral_rms": {
        "mean": 0.00210277317092
    },
    "spectral_rolloff": {
        "mean": 2067.08520508
    },
    "spectral_skewness": {
        "mean": 3.30437326431
    },
    "spectral_spread": {
        "mean": 6261165.5
    },
    "spectral_strongpeak": {
        "mean": 1.20928895473
    },
    "zerocrossingrate": {
        "mean": 0.0651134699583
    },
    "barkbands": {
        "mean": [4.47026559414e-06, 4.47731281383e-07, 2.04519096769e-07, 2.52800305134e-07, 0.000210282247281, 0.000199661793886, 0.00323472381569, 8.58176863403e-05, 0.00050313747488, 0.000421194068622, 3.71882342733e-05, 0.0001801038743, 0.000224827599595, 0.00070854765363, 0.000449276441941, 0.000315657583997, 0.000375801260816, 0.000495003187098, 0.000242540758336, 0.00016054828302, 4.41276788479e-05, 8.21417324914e-06, 3.77437595489e-06, 1.04668583845e-06, 4.23473380806e-07, 1.11043100048e-07, 2.16709388212e-08]
    },
    "mfcc": {
        "mean": [-805.632202148, 112.379577637, -68.2429046631, 3.74353146553, -24.7725868225, -14.1285486221, -20.7489490509, -13.1001081467, -10.9246349335, -3.32874488831, 2.42057299614, 0.481035172939, -8.36575031281]
    },
    "sccoeffs": {
        "mean": [-0.644537687302, -0.511695146561, -0.55906522274, -0.5968708992, -0.694314479828, -0.787024915218]
    },
    "scvalleys": {
        "mean": [-8.77702903748, -9.07703018188, -9.63589096069, -9.56609725952, -9.84340858459, -11.3287563324]
    }
},
"rhythm": {
    "beats_loudness": {
        "mean": 0.00996144209057
    },
    "bpm": 94.8330993652,
    "first_peak_bpm": {
        "mean": 94
    },
    "first_peak_spread": {
        "mean": 0.5
    },
    "first_peak_weight": {
        "mean": 0.5
    },
    "onset_rate": 0.412542819977,
    "second_peak_bpm": {
        "mean": 0
    },
    "second_peak_spread": {
        "mean": 0
    },
    "second_peak_weight": {
        "mean": 0
    },
    "beats_loudness_band_ratio": {
        "mean": [0.0101531622931, 0.0334247648716, 0.407584935427, 0.302247256041, 0.217370003462, 0.0358884446323]
    },
    "beats_position": [0.615328788757, 1.24226760864, 1.86920630932, 2.49614500999, 3.13469386101, 3.7732424736, 4.41179132462],
    "bpm_estimates": [95.7031173706, 95.7031326294, 95.7031326294, 93.9630508423, 93.9630889893, 93.9630508423],
    "bpm_intervals": [0.626938819885, 0.626938700676, 0.626938700676, 0.638548851013, 0.638548612595, 0.638548851013],
    "onset_times": [0.301859408617, 0.510838985443]
},
"sfx": {
    "inharmonicity": {
        "mean": 0.0298641454428
    },
    "oddtoevenharmonicenergyratio": {
        "mean": 5.10391426086
    },
    "pitch_after_max_to_before_max_energy_ratio": 0.0399410314858,
    "pitch_centroid": 113.984985352,
    "pitch_max_to_total": 0.961904764175,
    "pitch_min_to_total": 0.980952382088,
    "tristimulus": {
        "mean": [0.199326485395, 0.711620748043, 0.0857304334641]
    }
},
"tonal": {
    "chords_changes_rate": 0.0660377368331,
    "chords_number_rate": 0.0471698120236,
    "chords_strength": {
        "mean": 0.428883433342
    },
    "key_strength": 0.563981533051,
    "tuning_diatonic_strength": 0.436145663261,
    "tuning_equal_tempered_deviation": 0.115030258894,
    "tuning_frequency": 441.017791748,
    "tuning_nontempered_energy_ratio": 0.656971693039,
    "hpcp": {
        "mean": [0.841142833233, 0.439239919186, 0.0353513062, 0.0322965197265, 0.0180171392858, 0.0300198383629, 0.0699964314699, 0.0467146225274, 0.00969242490828, 0.014072464779, 0.0266745071858, 0.0719342827797, 0.0749057754874, 0.0319464877248, 0.0203012749553, 0.0208456385881, 0.0342181660235, 0.032417088747, 0.0152640612796, 0.0136174457148, 0.134928971529, 0.295360118151, 0.205695062876, 0.0815194398165, 0.0997981876135, 0.167972445488, 0.128053218126, 0.0227800495923, 0.152315631509, 0.34813991189, 0.230903699994, 0.038609020412, 0.0371105819941, 0.0632089972496, 0.0934162139893, 0.477091163397]
    },
    "chords_histogram": [13.2075471878, 0, 37.7358474731, 3.77358484268, 0, 0, 0, 0, 0, 0, 0, 0, 0, 0, 0, 0, 0, 0, 5.66037750244, 39.6226425171, 0, 0, 0, 0],
    "thpcp": [1, 0.522194206715, 0.042027708143, 0.0383960008621, 0.0214198324829, 0.0356893464923, 0.0832158699632, 0.0555370859802, 0.0115229235962, 0.0167301725596, 0.0317122191191, 0.0855197012424, 0.0890523865819, 0.0379798598588, 0.0241353474557, 0.0247825197875, 0.04068056494, 0.0385393388569, 0.0181468129158, 0.0161892194301, 0.16041149199, 0.351141452789, 0.244542375207, 0.0969150960445, 0.118645943701, 0.199695512652, 0.152237191796, 0.0270822606981, 0.181081771851, 0.413889169693, 0.274511873722, 0.0459006726742, 0.0441192388535, 0.0751465708017, 0.111058682203, 0.567193984985],
    "chords_key": "A",
    "chords_scale": "minor",
    "key_key": "D",
    "key_scale": "major",
    "chords_progression": ["C#m", "C#m", "C#m", "C#m", "A", "A", "A", "A", "A", "A", "A", "A", "A", "A", "A", "A", "A", "A", "A", "A", "A", "A", "A", "A", "A", "A", "A", "A", "A", "A", "A", "A", "A", "A", "A", "A", "A", "A", "A", "A", "A", "Am", "Am", "Am", "Am", "Am", "Am", "Am", "Am", "Am", "Am", "Am", "Am", "Am", "Am", "Am", "Am", "Am", "Am", "Am", "Am", "Am", "Am", "Am", "D", "D", "A", "A", "A", "D", "D", "D", "D", "D", "D", "D", "D", "D", "D", "D", "D", "Am", "Am", "Am", "Am", "Am", "Am", "Am", "Am", "Am", "Am", "Am", "Am", "Am", "Am", "Am", "Am", "Am", "Am", "Am", "F", "F", "F", "F", "F", "F"]
}
}