{
"metadata": {
    "version": {
        "essentia": "2.1-beta2"
    }
},
"lowLevel": {
    "average_loudness": 0.971767902374,
    "barkbands_kurtosis": {
        "mean": 8.70534420013
    },
    "barkbands_skewness": {
        "mean": 0.851956486702
    },
    "barkbands_spread": {
        "mean": 5.9791431427
    },
    "dissonance": {
        "mean": 0.463671386242
    },
    "hfc": {
        "mean": 16.642621994
    },
    "pitch": {
        "mean": 447.289276123
    },
    "pitch_instantaneous_confidence": {
        "mean": 0.526671290398
    },
    "pitch_salience": {
        "mean": 0.540987551212
    },
    "silence_rate_20dB": {
        "mean": 1
    },
    "silence_rate_30dB": {
        "mean": 1
    },
    "silence_rate_60dB": {
        "mean": 0.365217387676
    },
    "spectral_centroid": {
        "mean": 627.69708252
    },
    "spectral_complexity": {
        "mean": 6.33043479919
    },
    "spectral_crest": {
        "mean": 15.5984020233
    },
    "spectral_decrease": {
        "mean": -8.40013836267e-09
    },
    "spectral_energy": {
        "mean": 0.0332135520875
    },
    "spectral_energyband_high": {
        "mean": 9.45322966572e-08
    },
    "spectral_energyband_low": {
        "mean": 0.000413242640207
    },
    "spectral_energyband_middle_high": {
        "mean": 4.4614651415e-05
    },
    "spectral_energyband_middle_low": {
        "mean": 0.0329321958125
    },
    "spectral_flatness_db": {
        "mean": 0.36489662528
    },
    "spectral_flux": {
        "mean": 0.0142856063321
    },
    "spectral_kurtosis": {
        "mean": 121.267471313
    },
    "spectral_rms": {
        "mean": 0.00448970450088
    },
    "spectral_rolloff": {
        "mean": 867.506530762
    },
    "spectral_skewness": {
        "mean": 8.69688224792
    },
    "spectral_spread": {
        "mean": 9953731
    },
    "spectral_strongpeak": {
        "mean": 2.22481393814
    },
    "zerocrossingrate": {
        "mean": 0.0369183085859
    },
    "barkbands": {
        "mean": [3.72716613128e-07, 3.93185800931e-05, 0.000201271948754, 0.000186841454706, 0.00113340152893, 0.000792698585428, 0.0219651162624, 0.00292379944585, 0.0058847120963, 4.86323115183e-05, 5.79425750402e-06, 3.15279635288e-06, 1.17524050438e-05, 1.32930017571e-05, 2.10982898352e-06, 1.19249489217e-06, 3.52093003642e-08, 2.19059383966e-08, 1.84278921012e-08, 1.23217933634e-08, 2.87270882637e-08, 6.91097978844e-09, 8.3215603297e-09, 9.6249586079e-09, 1.06167847846e-08, 1.5146623511e-08, 7.88725706968e-09]
    },
    "mfcc": {
        "mean": [-944.905517578, 193.832443237, 51.493473053, -16.9632892609, -12.8550739288, -9.74989414215, -25.9510421753, -24.6170215607, 1.12070441246, 18.5490608215, 15.5161714554, 4.27944278717, -3.42017602921]
    },
    "sccoeffs": {
        "mean": [-0.691030561924, -0.68811494112, -0.67817479372, -0.806782305241, -0.879101574421, -0.90090316534]
    },
    "scvalleys": {
        "mean": [-7.58027505875, -6.7702255249, -9.33410453796, -9.87365913391, -11.9712924957, -12.7494945526]
    }
},
"rhythm": {
    "beats_loudness": {
        "mean": 0.0406126193702
    },
    "bpm": 107.666023254,
    "first_peak_bpm": {
        "mean": 108
    },
    "first_peak_spread": {
        "mean": 0
    },
    "first_peak_weight": {
        "mean": 1
    },
    "onset_rate": 1.13706684113,
    "second_peak_bpm": {
        "mean": 0
    },
    "second_peak_spread": {
        "mean": 0
    },
    "second_peak_weight": {
        "mean": 0
    },
    "beats_loudness_band_ratio": {
        "mean": [0.215371355414, 0.0685409158468, 0.703747093678, 0.0231404099613, 0.00245343032293, 0.00111157388892]
    },
    "beats_position": [0.557278871536, 1.11455774307, 1.67183673382, 2.22911548615],
    "bpm_estimates": [107.666023254, 107.666000366, 107.666046143],
    "bpm_intervals": [0.557278871536, 0.557278990746, 0.557278752327],
    "onset_times": [0.0580498874187, 0.208979591727, 2.53097510338]
},
"sfx": {
    "inharmonicity": {
        "mean": 0.0332656800747
    },
    "oddtoevenharmonicenergyratio": {
        "mean": 0.676194787025
    },
    "pitch_after_max_to_before_max_energy_ratio": 0.151521131396,
    "pitch_centroid": 54.8336486816,
    "pitch_max_to_total": 0.991304337978,
    "pitch_min_to_total": 0.739130437374,
    "tristimulus": {
        "mean": [0.479193806648, 0.492586940527, 0.0223784483969]
    }
},
"tonal": {
    "chords_changes_rate": 0.0172413792461,
    "chords_number_rate": 0.0344827584922,
    "chords_strength": {
        "mean": 0.398650765419
    },
    "key_strength": 0.495539546013,
    "tuning_diatonic_strength": 0.382738828659,
    "tuning_equal_tempered_deviation": 0.197061136365,
    "tuning_frequency": 433.942382812,
    "tuning_nontempered_energy_ratio": 0.807970404625,
    "hpcp": {
        "mean": [0.0146783553064, 0.00385293131694, 0.00263242353685, 0.00846907310188, 0.0182406827807, 0.37334895134, 0.729694902897, 0.38748139143, 0.0251408703625, 0.00936549901962, 0.00775297824293, 0.00917362887412, 0.0677431747317, 0.135936796665, 0.0926932245493, 0.0268186051399, 0.0179495494813, 0.0165958646685, 0.0937766358256, 0.194075137377, 0.114179082215, 0.0132303545251, 0.0174991600215, 0.155336901546, 0.322393655777, 0.202066719532, 0.031553145498, 0.0135223921388, 0.00976745877415, 0.00877275504172, 0.0081589827314, 0.00700438581407, 0.0111121218652, 0.0501974523067, 0.102061532438, 0.0717791169882]
    },
    "chords_histogram": [0, 87.9310379028, 0, 0, 0, 0, 0, 0, 0, 0, 0, 0, 0, 0, 0, 0, 0, 12.0689659119, 0, 0, 0, 0, 0, 0],
    "thpcp": [1, 0.53101837635, 0.0344539470971, 0.0128348153085, 0.0106249591336, 0.012571869418, 0.0928376689553, 0.186292648315, 0.127030104399, 0.0367531776428, 0.024598704651, 0.0227435659617, 0.1285148561, 0.265967518091, 0.156475096941, 0.0181313510984, 0.02398147434, 0.212879240513, 0.441819787025, 0.276919454336, 0.0432415604591, 0.0185315702111, 0.0133856749162, 0.0120224971324, 0.0111813619733, 0.0095990607515, 0.015228449367, 0.0687923878431, 0.139868780971, 0.0983686670661, 0.0201157424599, 0.00528019480407, 0.00360756739974, 0.0116063207388, 0.0249976851046, 0.5116507411],
    "chords_key": "G#",
    "chords_scale": "minor",
    "key_key": "E",
    "key_scale": "major",
    "chords_progression": ["G#m", "G#m", "G#m", "G#m", "G#m", "G#m", "G#m", "G#m", "G#m", "G#m", "G#m", "G#m", "G#m", "G#m", "G#m", "G#m", "G#m", "G#m", "G#m", "G#m", "G#m", "G#m", "G#m", "G#m", "G#m", "G#m", "G#m", "G#m", "G#m", "G#m", "G#m", "G#m", "G#m", "G#m", "G#m", "G#m", "G#m", "G#m", "G#m", "G#m", "G#m", "G#m", "G#m", "G#m", "G#m", "G#m", "G#m", "G#m", "G#m", "G#m", "G#m", "Em", "Em", "Em", "Em", "Em", "Em", "Em"]
}
}