{"lowlevel.dissonance.mean": [-0.2445952296257019], "sfx.inharmonicity.mean": [0.21923069655895233], "lowlevel.spectral_contrast.mean": [[0.9826951622962952, 0.3833571672439575, 0.2971479892730713, 0.3435404300689697, 0.31317639350891113, 0.31414103507995605]], "lowlevel.spectral_centroid.mean": [0.34344252943992615], "lowlevel.mfcc.mean": [[0.24221014976501465, 0.30213606357574463, 0.6350487470626831, 0.6324039697647095, 0.6504822969436646, 0.5148937702178955, 0.44495895504951477, 0.27918076515197754, 0.17839741706848145, 0.04713734984397888, -0.03957551717758179, -0.10381102561950684, -0.16916698217391968]], "sfx.logattacktime.mean": [0.24873951077461243], "lowlevel.hfc.mean": [0.47968462109565735]}