{
"metadata": {
    "version": {
        "essentia": "2.1-beta2"
    }
},
"lowLevel": {
    "dissonance": {
        "mean": 0.473661422729
    },
    "hfc": {
        "mean": 338.404876709
    },
    "spectral_centroid": {
        "mean": 0.243475094438
    },
    "mfcc": {
        "mean": [-592.819580078, -65.9001998901, -48.7575531006, 22.2362194061, 2.24258518219, 9.75520420074, -15.9597930908, 3.6537539959, -14.9138708115, 0.711485862732, 8.45492267609, 9.60680294037, 7.78029823303, 7.89920902252, 1.68271076679, 3.56759524345, 11.7367658615, 8.67221450806, 2.77229332924, 11.0492429733, 3.75007128716, 11.1652774811, 11.3645763397, 6.22267580032, 8.59883880615, 7.76626157761, 0.440303683281, 0.0914936587214, 2.66722941399, 0.325131952763, -1.20083105564, -0.0797814801335, 0.475420206785, -1.20637178421, -1.67190253735, 0.932477295399, 1.65115261078, -1.56666874886, -2.85969805717, -0.491021007299]
    },
    "spectral_contrast": {
        "mean": [-0.712514698505, -0.749872922897, -0.76296454668, -0.732846319675, -0.735821247101, -0.493564337492]
    }
},
"sfx": {
    "inharmonicity": {
        "mean": 0.196951404214
    },
    "logattacktime": {
        "mean": -4.71034193039
    }
}
}