{"lowlevel.dissonance.mean": [0.2118079662322998], "sfx.inharmonicity.mean": [0.5087910890579224], "lowlevel.spectral_contrast.mean": [[0.40915966033935547, 0.3665733337402344, 1.4993340969085693, 0.8042676448822021, 0.7980566024780273, 0.5922346115112305]], "lowlevel.spectral_centroid.mean": [0.42168906331062317], "lowlevel.mfcc.mean": [[0.28924357891082764, 0.16807053983211517, 0.19026663899421692, 0.17157073318958282, 0.34964990615844727, 0.767981767654419, 1.166966438293457, 0.8229188919067383, 0.27460870146751404, -0.11139249801635742, 0.6021032929420471, 1.55789315700531, 2.098270893096924]], "sfx.logattacktime.mean": [0.4884222149848938], "lowlevel.hfc.mean": [0.4741749167442322]}