{
"metadata": {
    "version": {
        "essentia": "2.1-beta2"
    }
},
"lowLevel": {
    "average_loudness": 0.99068403244,
    "barkbands_kurtosis": {
        "mean": 5.99727535248
    },
    "barkbands_skewness": {
        "mean": 1.85130143166
    },
    "barkbands_spread": {
        "mean": 6.9845457077
    },
    "dissonance": {
        "mean": 0.276039481163
    },
    "hfc": {
        "mean": 4.96938943863
    },
    "pitch": {
        "mean": 425.446044922
    },
    "pitch_instantaneous_confidence": {
        "mean": 0.940550923347
    },
    "pitch_salience": {
        "mean": 0.493187695742
    },
    "silence_rate_20dB": {
        "mean": 1
    },
    "silence_rate_30dB": {
        "mean": 1
    },
    "silence_rate_60dB": {
        "mean": 0.859154939651
    },
    "spectral_centroid": {
        "mean": 892.230834961
    },
    "spectral_complexity": {
        "mean": 2.81690144539
    },
    "spectral_crest": {
        "mean": 17.4324226379
    },
    "spectral_decrease": {
        "mean": -7.93623222695e-10
    },
    "spectral_energy": {
        "mean": 0.00344605441205
    },
    "spectral_energyband_high": {
        "mean": 0.000267312221695
    },
    "spectral_energyband_low": {
        "mean": 0.000154388093506
    },
    "spectral_energyband_middle_high": {
        "mean": 0.00101656338666
    },
    "spectral_energyband_middle_low": {
        "mean": 0.00200827000663
    },
    "spectral_flatness_db": {
        "mean": 0.454043656588
    },
    "spectral_flux": {
        "mean": 0.0114701306447
    },
    "spectral_kurtosis": {
        "mean": 50.2964477539
    },
    "spectral_rms": {
        "mean": 0.000994609901682
    },
    "spectral_rolloff": {
        "mean": 1346.28088379
    },
    "spectral_skewness": {
        "mean": 5.91441488266
    },
    "spectral_spread": {
        "mean": 4950522.5
    },
    "spectral_strongpeak": {
        "mean": 0.433425873518
    },
    "zerocrossingrate": {
        "mean": 0.0534633584321
    },
    "barkbands": {
        "mean": [3.82320395147e-05, 4.49654980912e-05, 7.96625026851e-05, 6.16602264927e-05, 0.000257321866229, 0.000183823562111, 0.00147836958058, 1.78024527031e-06, 1.3852462871e-05, 0.000428205297794, 5.4218353398e-06, 5.56411177968e-05, 1.15109514809e-05, 7.54270513426e-05, 7.66919583839e-06, 0.00011999081471, 1.6599369701e-05, 0.000180210496183, 8.05979652796e-05, 4.98895242345e-05, 1.03016764115e-05, 6.34369134787e-05, 3.46067427017e-05, 2.45221963269e-05, 9.52304253587e-05, 1.970401172e-05, 7.42503152651e-06]
    },
    "mfcc": {
        "mean": [-983.612548828, 76.7190475464, -23.3045330048, -20.8358974457, -16.2405204773, -15.410410881, -16.3285198212, -8.1776342392, -10.075958252, -7.74467086792, -2.03959703445, 6.51418972015, 30.7896881104]
    },
    "sccoeffs": {
        "mean": [-0.759202122688, -0.398109823465, -0.484041064978, -0.532660841942, -0.723617017269, -0.861941277981]
    },
    "scvalleys": {
        "mean": [-11.6076698303, -11.9519100189, -12.3485965729, -13.0078210831, -13.680223465, -14.1294116974]
    }
},
"rhythm": {
    "beats_loudness": {
        "mean": 0.00027171196416
    },
    "bpm": 112.347137451,
    "first_peak_bpm": {
        "mean": 112
    },
    "first_peak_spread": {
        "mean": 0
    },
    "first_peak_weight": {
        "mean": 1
    },
    "onset_rate": 0.621897578239,
    "second_peak_bpm": {
        "mean": 0
    },
    "second_peak_spread": {
        "mean": 0
    },
    "second_peak_weight": {
        "mean": 0
    },
    "beats_loudness_band_ratio": {
        "mean": [0.000155399582582, 0.113318905234, 0.524857878685, 0.432139903307, 0.0426991730928, 0.00141531100962]
    },
    "beats_position": [0.522448956966, 1.05650794506],
    "bpm_estimates": [112.347137451],
    "bpm_intervals": [0.534058988094],
    "onset_times": [0.0232199542224]
},
"sfx": {
    "inharmonicity": {
        "mean": 0.0295181013644
    },
    "oddtoevenharmonicenergyratio": {
        "mean": 1.43798339367
    },
    "pitch_after_max_to_before_max_energy_ratio": 20.1466503143,
    "pitch_centroid": 34.7165336609,
    "pitch_max_to_total": 0,
    "pitch_min_to_total": 0.0140845067799,
    "tristimulus": {
        "mean": [0.426058530807, 0.539300322533, 0.0262981448323]
    }
},
"tonal": {
    "chords_changes_rate": 0.0555555559695,
    "chords_number_rate": 0.0833333358169,
    "chords_strength": {
        "mean": 0.439443945885
    },
    "key_strength": 0.574541509151,
    "tuning_diatonic_strength": 0.426874607801,
    "tuning_equal_tempered_deviation": 0.135199695826,
    "tuning_frequency": 439.491973877,
    "tuning_nontempered_energy_ratio": 0.863478183746,
    "hpcp": {
        "mean": [0.000256904138951, 0.00212792214006, 0.00355861824937, 0.00390049559064, 0.00336674484424, 0.00145332643297, 0.00303250108846, 0.00456638960168, 0.0217246189713, 0.0477327257395, 0.0370129346848, 0.00995642784983, 0.00153686152771, 0.000899574719369, 0.000398305186536, 0.00291994586587, 0.00431077741086, 0.00642365776002, 0.0231211725622, 0.0225842855871, 0.00459793303162, 0.000514856539667, 0.00025180997909, 8.66250338731e-05, 0.00277367327362, 0.020490726456, 0.0250810477883, 0.0160679742694, 0.0286031793803, 0.0242727790028, 0.0178219545633, 0.0468450970948, 0.228007614613, 0.971258819103, 0.924931645393, 0.148286640644]
    },
    "chords_histogram": [36.1111106873, 0, 0, 0, 0, 0, 0, 38.8888893127, 25, 0, 0, 0, 0, 0, 0, 0, 0, 0, 0, 0, 0, 0, 0, 0],
    "thpcp": [1, 0.95230191946, 0.152674689889, 0.000264506350504, 0.00219089095481, 0.00366392382421, 0.00401591788977, 0.00346637237817, 0.00149633281399, 0.00312223797664, 0.00470151659101, 0.0223674867302, 0.0491452179849, 0.0381082110107, 0.0102510554716, 0.00158233987167, 0.000926194654312, 0.000410091714002, 0.00300635187887, 0.00443834066391, 0.00661374442279, 0.023805366829, 0.0232525933534, 0.00473399367183, 0.000530091987457, 0.000259261461906, 8.91884119483e-05, 0.00285575096495, 0.0210970807821, 0.0258232373744, 0.0165434535593, 0.0294495951384, 0.0249910522252, 0.0183493364602, 0.0482313223183, 0.234754741192],
    "chords_key": "C#",
    "chords_scale": "major",
    "key_key": "C#",
    "key_scale": "minor",
    "chords_progression": ["Fm", "Fm", "Fm", "Fm", "Fm", "Fm", "Fm", "Fm", "Fm", "C#", "C#", "C#", "C#", "C#", "C#", "C#", "C#", "C#", "C#", "C#", "C#", "C#", "C#", "C#m", "C#m", "C#m", "C#m", "C#m", "C#m", "C#m", "C#m", "C#m", "C#m", "C#m", "C#m", "C#m"]
}
}