{
"metadata": {
    "version": {
        "essentia": "2.1-beta2"
    }
},
"lowLevel": {
    "average_loudness": 0.974508404732,
    "barkbands_kurtosis": {
        "mean": 24.3374557495
    },
    "barkbands_skewness": {
        "mean": 1.73337364197
    },
    "barkbands_spread": {
        "mean": 5.45667219162
    },
    "dissonance": {
        "mean": 0.238129392266
    },
    "hfc": {
        "mean": 11.1367092133
    },
    "pitch": {
        "mean": 376.926116943
    },
    "pitch_instantaneous_confidence": {
        "mean": 0.619278132915
    },
    "pitch_salience": {
        "mean": 0.489788979292
    },
    "silence_rate_20dB": {
        "mean": 1
    },
    "silence_rate_30dB": {
        "mean": 1
    },
    "silence_rate_60dB": {
        "mean": 0.385964900255
    },
    "spectral_centroid": {
        "mean": 633.376159668
    },
    "spectral_complexity": {
        "mean": 4.47368431091
    },
    "spectral_crest": {
        "mean": 17.7486572266
    },
    "spectral_decrease": {
        "mean": -5.83400883158e-09
    },
    "spectral_energy": {
        "mean": 0.0230289809406
    },
    "spectral_energyband_high": {
        "mean": 8.89164724072e-08
    },
    "spectral_energyband_low": {
        "mean": 7.03865007381e-05
    },
    "spectral_energyband_middle_high": {
        "mean": 0.000101011690276
    },
    "spectral_energyband_middle_low": {
        "mean": 0.0228599943221
    },
    "spectral_flatness_db": {
        "mean": 0.377084732056
    },
    "spectral_flux": {
        "mean": 0.00553524447605
    },
    "spectral_kurtosis": {
        "mean": 95.666633606
    },
    "spectral_rms": {
        "mean": 0.00367207662202
    },
    "spectral_rolloff": {
        "mean": 765.562744141
    },
    "spectral_skewness": {
        "mean": 7.55930376053
    },
    "spectral_spread": {
        "mean": 13511476
    },
    "spectral_strongpeak": {
        "mean": 2.03382325172
    },
    "zerocrossingrate": {
        "mean": 0.0419579222798
    },
    "barkbands": {
        "mean": [3.90711818454e-07, 3.42920611729e-06, 6.4509389631e-05, 2.15849217966e-06, 0.000497524626553, 0.000373076472897, 0.0182934142649, 0.00361508899368, 7.83401046647e-05, 3.40089013662e-06, 3.90068307752e-05, 3.64078478015e-05, 1.83536449185e-05, 1.37243239351e-06, 1.98398402063e-06, 4.20331474515e-07, 1.41830280853e-08, 2.14653681496e-08, 3.49255024901e-08, 2.12085069506e-08, 2.61799559809e-08, 1.33523752055e-08, 8.63132854079e-09, 7.82651099485e-09, 9.24511045497e-09, 6.44669029271e-09, 4.06146938303e-09]
    },
    "mfcc": {
        "mean": [-966.44708252, 171.392105103, 43.8982315063, -20.652557373, -20.4890842438, -10.3194389343, -16.6432991028, -22.3931694031, -10.5043582916, 4.80990076065, 8.80376625061, 7.22858524323, 8.61696147919]
    },
    "sccoeffs": {
        "mean": [-0.618052184582, -0.548196971416, -0.746955513954, -0.777802705765, -0.879201591015, -0.889336705208]
    },
    "scvalleys": {
        "mean": [-9.04102134705, -8.47508430481, -9.9785823822, -10.917016983, -12.3079681396, -12.9782629013]
    }
},
"rhythm": {
    "beats_loudness": {
        "mean": 0.0316530838609
    },
    "bpm": 136.046295166,
    "first_peak_bpm": {
        "mean": 136
    },
    "first_peak_spread": {
        "mean": 0.5
    },
    "first_peak_weight": {
        "mean": 0.5
    },
    "onset_rate": 0.765625,
    "second_peak_bpm": {
        "mean": 0
    },
    "second_peak_spread": {
        "mean": 0
    },
    "second_peak_weight": {
        "mean": 0
    },
    "beats_loudness_band_ratio": {
        "mean": [0.0972763225436, 0.0822953730822, 0.816972434521, 0.00412618089467, 0.000442656048108, 0.000407169718528]
    },
    "beats_position": [0.348299324512, 0.777868449688, 1.21904754639, 1.67183673382, 2.11301589012],
    "bpm_estimates": [139.674835205, 135.999191284, 132.511993408, 135.999176025],
    "bpm_intervals": [0.429569125175, 0.441179096699, 0.452789187431, 0.441179156303],
    "onset_times": [0.0580498874187, 0.31346938014]
},
"sfx": {
    "inharmonicity": {
        "mean": 0.0197724327445
    },
    "oddtoevenharmonicenergyratio": {
        "mean": 0.298528641462
    },
    "pitch_after_max_to_before_max_energy_ratio": 0.166228428483,
    "pitch_centroid": 54.7935333252,
    "pitch_max_to_total": 0.991228044033,
    "pitch_min_to_total": 0.0964912250638,
    "tristimulus": {
        "mean": [0.297251522541, 0.682696819305, 0.0122545203194]
    }
},
"tonal": {
    "chords_changes_rate": 0,
    "chords_number_rate": 0.0172413792461,
    "chords_strength": {
        "mean": 0.617785990238
    },
    "key_strength": 0.621582448483,
    "tuning_diatonic_strength": 0.377716571093,
    "tuning_equal_tempered_deviation": 0.118274129927,
    "tuning_frequency": 443.828887939,
    "tuning_nontempered_energy_ratio": 0.748033881187,
    "hpcp": {
        "mean": [0.0226707272232, 0.0358936339617, 0.384252876043, 0.726542592049, 0.38682410121, 0.0221599880606, 0.00725047104061, 0.0170746203512, 0.0327467881143, 0.0271864049137, 0.0174498576671, 0.0126744648442, 0.0134594058618, 0.0342911332846, 0.107034429908, 0.108448296785, 0.0301522370428, 0.0197813194245, 0.0404722802341, 0.0324942208827, 0.0112522961572, 0.0135008087382, 0.172842338681, 0.282111257315, 0.146261125803, 0.0394664742053, 0.0306401718408, 0.029597517103, 0.0170194339007, 0.0167767424136, 0.0214362256229, 0.0208255164325, 0.0252644270658, 0.0180099569261, 0.0104370871559, 0.0206313021481]
    },
    "chords_histogram": [100, 0, 0, 0, 0, 0, 0, 0, 0, 0, 0, 0, 0, 0, 0, 0, 0, 0, 0, 0, 0, 0, 0, 0],
    "thpcp": [1, 0.532417654991, 0.0305006038398, 0.00997941661626, 0.0235011968762, 0.0450720824301, 0.037418872118, 0.0240176673979, 0.017444903031, 0.018525281921, 0.0471976920962, 0.147320240736, 0.149266257882, 0.0415009893477, 0.0272266473621, 0.0557053089142, 0.0447244532406, 0.0154874557629, 0.0185822676867, 0.237897053361, 0.388292789459, 0.201311156154, 0.0543209351599, 0.0421725735068, 0.0407374836504, 0.023425238207, 0.0230912026018, 0.0295044314116, 0.0286638624966, 0.0347734987736, 0.0247885771096, 0.0143654169515, 0.0283965487033, 0.0312035754323, 0.0494033433497, 0.528878688812],
    "chords_key": "A#",
    "chords_scale": "major",
    "key_key": "A#",
    "key_scale": "major",
    "chords_progression": ["A#", "A#", "A#", "A#", "A#", "A#", "A#", "A#", "A#", "A#", "A#", "A#", "A#", "A#", "A#", "A#", "A#", "A#", "A#", "A#", "A#", "A#", "A#", "A#", "A#", "A#", "A#", "A#", "A#", "A#", "A#", "A#", "A#", "A#", "A#", "A#", "A#", "A#", "A#", "A#", "A#", "A#", "A#", "A#", "A#", "A#", "A#", "A#", "A#", "A#", "A#", "A#", "A#", "A#", "A#", "A#", "A#", "A#"]
}
}