{
"metadata": {
    "version": {
        "essentia": "2.1-beta2"
    }
},
"lowLevel": {
    "dissonance": {
        "mean": 0.0392288677394
    },
    "hfc": {
        "mean": 4.47869825363
    },
    "spectral_centroid": {
        "mean": 0.05689426139
    },
    "mfcc": {
        "mean": [-982.817382812, 81.4095535278, 0.968402445316, -14.4694957733, -33.8211021423, -42.1102256775, -28.3492698669, -7.19796419144, -6.16130971909, -5.54504394531, -8.89882564545, 4.25379610062, 15.9013967514, 36.7930717468, 40.9662284851, 30.4649868011, 1.38150250912, -22.6252746582, -37.052066803, -38.876499176, -11.6988668442, 3.95423102379, 8.57868671417, 15.1389198303, 5.03768014908, -11.5002784729, -13.1207637787, 0.958615064621, 13.2517652512, 8.60881137848, 1.61424183846, -1.48898780346, 0.113644555211, 4.81044149399, 0.445829987526, -11.7939443588, -6.24089193344, 2.49191713333, -1.07848215103, -6.77565097809]
    },
    "spectral_contrast": {
        "mean": [-0.445022940636, -0.540819346905, -0.672594666481, -0.698551654816, -0.84767562151, -0.874840378761]
    }
},
"sfx": {
    "inharmonicity": {
        "mean": 0.102226063609
    },
    "logattacktime": {
        "mean": -4.95649766922
    }
}
}