{
"metadata": {
    "version": {
        "essentia": "2.1-beta2"
    }
},
"lowLevel": {
    "average_loudness": 0.978796362877,
    "barkbands_kurtosis": {
        "mean": 24.9645309448
    },
    "barkbands_skewness": {
        "mean": 2.19677948952
    },
    "barkbands_spread": {
        "mean": 11.5975141525
    },
    "dissonance": {
        "mean": 0.377427637577
    },
    "hfc": {
        "mean": 2.91261982918
    },
    "pitch": {
        "mean": 442.845153809
    },
    "pitch_instantaneous_confidence": {
        "mean": 0.847123801708
    },
    "pitch_salience": {
        "mean": 0.506157517433
    },
    "silence_rate_20dB": {
        "mean": 1
    },
    "silence_rate_30dB": {
        "mean": 1
    },
    "silence_rate_60dB": {
        "mean": 0.641509413719
    },
    "spectral_centroid": {
        "mean": 943.645629883
    },
    "spectral_complexity": {
        "mean": 4.55188655853
    },
    "spectral_crest": {
        "mean": 15.978228569
    },
    "spectral_decrease": {
        "mean": -6.31369512227e-10
    },
    "spectral_energy": {
        "mean": 0.0026471123565
    },
    "spectral_energyband_high": {
        "mean": 5.95593119215e-05
    },
    "spectral_energyband_low": {
        "mean": 2.48962805927e-06
    },
    "spectral_energyband_middle_high": {
        "mean": 0.00105004012585
    },
    "spectral_energyband_middle_low": {
        "mean": 0.00153217895422
    },
    "spectral_flatness_db": {
        "mean": 0.286369949579
    },
    "spectral_flux": {
        "mean": 0.00615919940174
    },
    "spectral_kurtosis": {
        "mean": 10.1703214645
    },
    "spectral_rms": {
        "mean": 0.00142155238427
    },
    "spectral_rolloff": {
        "mean": 1648.71154785
    },
    "spectral_skewness": {
        "mean": 2.70787858963
    },
    "spectral_spread": {
        "mean": 7486450
    },
    "spectral_strongpeak": {
        "mean": 0.916777729988
    },
    "zerocrossingrate": {
        "mean": 0.0479851476848
    },
    "barkbands": {
        "mean": [4.56633233625e-06, 5.91633465774e-07, 1.93756108047e-07, 5.48932703737e-08, 1.05324306787e-06, 2.54735880389e-07, 0.000107246160042, 0.00142352620605, 3.13914796379e-08, 5.99248863864e-08, 0.000308343762299, 2.4512557502e-05, 5.58287581498e-07, 0.000312982854666, 7.23737593944e-06, 0.000232445934671, 8.35776081658e-05, 4.12214012613e-06, 7.27104343241e-05, 5.10170248162e-05, 9.80252389127e-06, 8.03420391549e-07, 7.29097621388e-07, 5.32379203833e-07, 1.25039534282e-07, 3.7483342652e-08, 3.3155798107e-09]
    },
    "mfcc": {
        "mean": [-889.932739258, 54.5607070923, -63.7624320984, 28.9024505615, -4.81113815308, -13.0447874069, -9.54625988007, -20.0036220551, -7.72352933884, 16.2585105896, 12.5734376907, 38.1355361938, 35.2562255859]
    },
    "sccoeffs": {
        "mean": [-0.768923938274, -0.463012009859, -0.57305252552, -0.650909841061, -0.69875138998, -0.8091173172]
    },
    "scvalleys": {
        "mean": [-9.26967144012, -10.1454954147, -10.5887069702, -10.1864013672, -10.5525903702, -11.689201355]
    }
},
"rhythm": {
    "beats_loudness": {
        "mean": 0.00278107309714
    },
    "bpm": 132.182678223,
    "first_peak_bpm": {
        "mean": 133
    },
    "first_peak_spread": {
        "mean": 0.555555582047
    },
    "first_peak_weight": {
        "mean": 0.444444447756
    },
    "onset_rate": 2.04248929024,
    "second_peak_bpm": {
        "mean": 0
    },
    "second_peak_spread": {
        "mean": 0
    },
    "second_peak_weight": {
        "mean": 0
    },
    "beats_loudness_band_ratio": {
        "mean": [0.0976287871599, 0.00313503667712, 0.529449820518, 0.226792648435, 0.106182731688, 0.048389416188]
    },
    "beats_position": [0.46439909935, 0.917188167572, 1.369977355, 1.8111563921, 2.27555561066, 2.71673464775, 3.1811337471, 3.64553284645, 4.09832191467, 4.55111122131],
    "bpm_estimates": [132.512039185, 132.511993408, 135.999206543, 129.199188232, 135.999206543, 129.19921875, 129.19921875, 132.512039185, 132.511962891],
    "bpm_intervals": [0.452789068222, 0.452789187431, 0.441179037094, 0.464399218559, 0.441179037094, 0.46439909935, 0.46439909935, 0.452789068222, 0.452789306641],
    "onset_times": [0.0696598663926, 0.150929704309, 0.255419492722, 0.441179126501, 0.592108845711, 0.661768734455, 0.812698423862, 1.09133791924, 2.28716564178, 4.73687076569]
},
"sfx": {
    "inharmonicity": {
        "mean": 0.0237810723484
    },
    "oddtoevenharmonicenergyratio": {
        "mean": 1.70451033115
    },
    "pitch_after_max_to_before_max_energy_ratio": 0.0214559696615,
    "pitch_centroid": 105.626152039,
    "pitch_max_to_total": 0.966981112957,
    "pitch_min_to_total": 0.00943396240473,
    "tristimulus": {
        "mean": [0.382889300585, 0.554507255554, 0.0619232431054]
    }
},
"tonal": {
    "chords_changes_rate": 0.00934579409659,
    "chords_number_rate": 0.0186915881932,
    "chords_strength": {
        "mean": 0.53338432312
    },
    "key_strength": 0.657106876373,
    "tuning_diatonic_strength": 0.646243393421,
    "tuning_equal_tempered_deviation": 0.188442096114,
    "tuning_frequency": 442.804626465,
    "tuning_nontempered_energy_ratio": 0.763424992561,
    "hpcp": {
        "mean": [0.0142609598115, 0.0277837347239, 0.0335741452873, 0.0145279699937, 0.00524134654552, 0.0045013721101, 0.00659832870588, 0.0627976283431, 0.595202744007, 0.826326191425, 0.297025382519, 0.0140791414306, 0.0103491051123, 0.00714418757707, 0.00805937219411, 0.0109259132296, 0.0108882877976, 0.00857219751924, 0.00772473029792, 0.0214895214885, 0.042164940387, 0.0277574267238, 0.0717888921499, 0.131072163582, 0.0639329925179, 0.00252910726704, 0.00328273419291, 0.0066529288888, 0.033833425492, 0.144365593791, 0.193282529712, 0.0985392779112, 0.0415647961199, 0.0298254899681, 0.0108580850065, 0.0107429362833]
    },
    "chords_histogram": [0, 0, 0, 0, 0, 0, 0, 0, 0, 0, 0, 0, 0, 0, 61.6822433472, 0, 0, 0, 0, 0, 0, 0, 0, 38.3177566528],
    "thpcp": [1, 0.359452933073, 0.0170382373035, 0.0125242369249, 0.00864572357386, 0.00975325796753, 0.0132222762331, 0.0131767429411, 0.0103738661855, 0.00934828165919, 0.0260061006993, 0.0510269924998, 0.0335913673043, 0.086877182126, 0.158620372415, 0.0773701667786, 0.00306066451594, 0.0039726854302, 0.00805121380836, 0.0409443937242, 0.174707755446, 0.233905851841, 0.119249857962, 0.0503007136285, 0.0360940881073, 0.0131401922554, 0.0130008421838, 0.0172582697123, 0.0336232036352, 0.0406306199729, 0.0175813976675, 0.00634295120835, 0.00544745195657, 0.00798513833433, 0.0759961754084, 0.720299959183],
    "chords_key": "F",
    "chords_scale": "minor",
    "key_key": "E",
    "key_scale": "minor",
    "chords_progression": ["Fm", "Fm", "Fm", "Fm", "Fm", "Fm", "Fm", "Fm", "Fm", "Fm", "Fm", "Fm", "Fm", "Fm", "Fm", "Fm", "Fm", "Fm", "Fm", "Fm", "Fm", "Fm", "Fm", "Fm", "Fm", "Fm", "Fm", "Fm", "Fm", "Fm", "Fm", "Fm", "Fm", "Fm", "Fm", "Fm", "Fm", "Fm", "Fm", "Fm", "Fm", "Fm", "Fm", "Fm", "Fm", "Fm", "Fm", "Fm", "Fm", "Fm", "Fm", "Fm", "Fm", "Fm", "Fm", "Fm", "Fm", "Fm", "Fm", "Fm", "Fm", "Fm", "Fm", "Fm", "Fm", "Fm", "C", "C", "C", "C", "C", "C", "C", "C", "C", "C", "C", "C", "C", "C", "C", "C", "C", "C", "C", "C", "C", "C", "C", "C", "C", "C", "C", "C", "C", "C", "C", "C", "C", "C", "C", "C", "C", "C", "C", "C", "C"]
}
}