{
"metadata": {
    "version": {
        "essentia": "2.1-beta2"
    }
},
"lowLevel": {
    "average_loudness": 0.978052318096,
    "barkbands_kurtosis": {
        "mean": 12.7738981247
    },
    "barkbands_skewness": {
        "mean": 1.64204752445
    },
    "barkbands_spread": {
        "mean": 6.02870416641
    },
    "dissonance": {
        "mean": 0.261774092913
    },
    "hfc": {
        "mean": 9.95468044281
    },
    "pitch": {
        "mean": 200.377029419
    },
    "pitch_instantaneous_confidence": {
        "mean": 0.718375682831
    },
    "pitch_salience": {
        "mean": 0.6646489501
    },
    "silence_rate_20dB": {
        "mean": 1
    },
    "silence_rate_30dB": {
        "mean": 1
    },
    "silence_rate_60dB": {
        "mean": 0.353982299566
    },
    "spectral_centroid": {
        "mean": 690.218139648
    },
    "spectral_complexity": {
        "mean": 4.65486717224
    },
    "spectral_crest": {
        "mean": 13.1252202988
    },
    "spectral_decrease": {
        "mean": -4.68835859024e-09
    },
    "spectral_energy": {
        "mean": 0.0185978151858
    },
    "spectral_energyband_high": {
        "mean": 1.72679889943e-07
    },
    "spectral_energyband_low": {
        "mean": 8.76847661857e-06
    },
    "spectral_energyband_middle_high": {
        "mean": 0.000383494887501
    },
    "spectral_energyband_middle_low": {
        "mean": 0.0182139985263
    },
    "spectral_flatness_db": {
        "mean": 0.35021173954
    },
    "spectral_flux": {
        "mean": 0.00618516141549
    },
    "spectral_kurtosis": {
        "mean": 71.9728317261
    },
    "spectral_rms": {
        "mean": 0.00339258951135
    },
    "spectral_rolloff": {
        "mean": 935.836303711
    },
    "spectral_skewness": {
        "mean": 6.68170022964
    },
    "spectral_spread": {
        "mean": 11569388
    },
    "spectral_strongpeak": {
        "mean": 1.51735591888
    },
    "zerocrossingrate": {
        "mean": 0.0405489504337
    },
    "barkbands": {
        "mean": [2.89529737074e-07, 2.53089353919e-07, 6.49627764915e-08, 0.000179038979695, 0.000281016109511, 0.00558775756508, 0.000102661142591, 0.00922626815736, 0.00267689023167, 0.000176513727638, 0.000162951851962, 8.046811854e-05, 1.00458955785e-05, 6.72508467687e-05, 1.49090910782e-05, 3.11241528834e-05, 1.02972300908e-07, 4.74710937226e-08, 3.65703911598e-08, 2.5723695174e-08, 7.85809461945e-08, 1.59902047159e-08, 9.63432711387e-09, 1.22333476682e-08, 3.11103747208e-08, 1.06836131053e-08, 3.61700003282e-09]
    },
    "mfcc": {
        "mean": [-936.999023438, 179.330825806, 11.0464668274, -49.628490448, -32.2214355469, -20.1530742645, -33.7997932434, -28.5777702332, 0.371191084385, 5.18520736694, -6.51444005966, -12.1232738495, -8.23356056213]
    },
    "sccoeffs": {
        "mean": [-0.568251609802, -0.434439748526, -0.55054551363, -0.687829196453, -0.856541454792, -0.875124454498]
    },
    "scvalleys": {
        "mean": [-9.9192647934, -9.80139636993, -10.3248023987, -10.9548168182, -12.1959342957, -12.8605298996]
    }
},
"rhythm": {
    "beats_loudness": {
        "mean": 0.0267311818898
    },
    "bpm": 139.725891113,
    "first_peak_bpm": {
        "mean": 140
    },
    "first_peak_spread": {
        "mean": 0.5
    },
    "first_peak_weight": {
        "mean": 0.5
    },
    "onset_rate": 1.16003787518,
    "second_peak_bpm": {
        "mean": 0
    },
    "second_peak_spread": {
        "mean": 0
    },
    "second_peak_weight": {
        "mean": 0
    },
    "beats_loudness_band_ratio": {
        "mean": [0.027981037274, 0.351105332375, 0.638945937157, 0.0126883266494, 0.00446286797523, 1.185416113e-05]
    },
    "beats_position": [0.348299324512, 0.766258478165, 1.19582760334, 1.62539684772, 2.06657600403],
    "bpm_estimates": [143.554702759, 139.674835205, 139.674804688, 135.999176025],
    "bpm_intervals": [0.417959153652, 0.429569125175, 0.429569244385, 0.441179156303],
    "onset_times": [0.0580498874187, 0.220589563251, 0.336689352989]
},
"sfx": {
    "inharmonicity": {
        "mean": 0.0228163357824
    },
    "oddtoevenharmonicenergyratio": {
        "mean": 1.4376064539
    },
    "pitch_after_max_to_before_max_energy_ratio": 0.245815470815,
    "pitch_centroid": 55.273601532,
    "pitch_max_to_total": 0.893805325031,
    "pitch_min_to_total": 0.929203510284,
    "tristimulus": {
        "mean": [0.309793412685, 0.668786168098, 0.0201203320175]
    }
},
"tonal": {
    "chords_changes_rate": 0.0175438597798,
    "chords_number_rate": 0.0350877195597,
    "chords_strength": {
        "mean": 0.519421756268
    },
    "key_strength": 0.750466227531,
    "tuning_diatonic_strength": 0.532831966877,
    "tuning_equal_tempered_deviation": 0.0915048345923,
    "tuning_frequency": 443.060424805,
    "tuning_nontempered_energy_ratio": 0.595974862576,
    "hpcp": {
        "mean": [0.0043672863394, 0.0119818588719, 0.0252802651376, 0.0289830714464, 0.0302432775497, 0.0292884483933, 0.0148106953129, 0.0084505006671, 0.0149179948494, 0.0133453439921, 0.0108819333836, 0.333331733942, 0.71320605278, 0.398826092482, 0.0146944578737, 0.00754433684051, 0.00946225225925, 0.00934647023678, 0.0112417265773, 0.0322038307786, 0.0671115666628, 0.0651116743684, 0.13523581624, 0.205761536956, 0.107765220106, 0.022493744269, 0.328267872334, 0.67793661356, 0.37990540266, 0.0263975001872, 0.00647781835869, 0.00262539088726, 0.00878504198045, 0.0212213024497, 0.0212172884494, 0.00902230106294]
    },
    "chords_histogram": [54.3859634399, 0, 0, 0, 0, 0, 0, 0, 0, 0, 0, 0, 0, 0, 0, 0, 0, 45.6140365601, 0, 0, 0, 0, 0, 0],
    "thpcp": [1, 0.559201776981, 0.02060338296, 0.0105780605227, 0.0132672069594, 0.0131048662588, 0.0157622415572, 0.0451536141336, 0.0940984264016, 0.0912943407893, 0.189616754651, 0.288502216339, 0.151099696755, 0.0315389148891, 0.460270732641, 0.950548052788, 0.532672703266, 0.0370124466717, 0.00908267404884, 0.00368111138232, 0.0123176770285, 0.0297547988594, 0.0297491699457, 0.0126503426582, 0.00612345663831, 0.0167999956757, 0.0354459472001, 0.0406377241015, 0.0424046851695, 0.0410659015179, 0.0207663625479, 0.0118486108258, 0.0209168083966, 0.0187117643654, 0.0152577692643, 0.467370867729],
    "chords_key": "F#",
    "chords_scale": "major",
    "key_key": "F#",
    "key_scale": "major",
    "chords_progression": ["F#m", "F#m", "F#m", "F#m", "F#m", "F#m", "F#m", "F#m", "F#m", "F#m", "F#m", "F#m", "F#m", "F#m", "F#m", "F#m", "F#m", "F#m", "F#m", "F#m", "F#m", "F#m", "F#m", "F#m", "F#m", "F#m", "F#", "F#", "F#", "F#", "F#", "F#", "F#", "F#", "F#", "F#", "F#", "F#", "F#", "F#", "F#", "F#", "F#", "F#", "F#", "F#", "F#", "F#", "F#", "F#", "F#", "F#", "F#", "F#", "F#", "F#", "F#"]
}
}