{
"metadata": {
    "version": {
        "essentia": "2.1-beta2"
    }
},
"lowLevel": {
    "dissonance": {
        "mean": 0.0787338092923
    },
    "hfc": {
        "mean": 9.39501667023
    },
    "spectral_centroid": {
        "mean": 0.0965109020472
    },
    "mfcc": {
        "mean": [-942.261779785, 3.51421093941, -67.2953033447, -41.9051094055, -25.648475647, 29.0375804901, 63.9584083557, 40.969871521, -8.91134262085, -23.6628246307, -6.8530626297, 20.0917186737, 65.92237854, 56.4435310364, -38.9037094116, -41.8797950745, 10.0248708725, 2.42158484459, 8.5188999176, 34.4083328247, 24.9747409821, -25.3091373444, -14.2566375732, 29.6668739319, 0.485284000635, 2.05785679817, 3.34609770775, -28.2943077087, 17.1806545258, 12.6050815582, -23.2162189484, 13.8133792877, 9.50810718536, 1.28312253952, -4.95057058334, -11.1709938049, 7.70927762985, -10.7354850769, 8.49023151398, 8.1305398941]
    },
    "spectral_contrast": {
        "mean": [-0.687280416489, -0.288678944111, -0.724734544754, -0.662661850452, -0.767745316029, -0.722463309765]
    }
},
"sfx": {
    "inharmonicity": {
        "mean": 0.413550287485
    },
    "logattacktime": {
        "mean": -5
    }
}
}