{"lowlevel.dissonance.mean": [0.2032562494277954], "sfx.inharmonicity.mean": [0.24857613444328308], "lowlevel.spectral_contrast.mean": [[0.5879805088043213, 0.8534775972366333, 0.9189332723617554, 0.8929681777954102, 0.6247239112854004, 0.4373040199279785]], "lowlevel.spectral_centroid.mean": [0.3696982264518738], "lowlevel.mfcc.mean": [[0.3576087951660156, 0.5644263029098511, 0.3633991777896881, 0.3979792296886444, 0.5336241722106934, 0.35089462995529175, 0.2095484435558319, 0.1803927719593048, 0.4766397476196289, 0.6075723767280579, 0.4206606149673462, 0.3689715266227722, 0.4551667869091034]], "sfx.logattacktime.mean": [0.5284382700920105], "lowlevel.hfc.mean": [0.4655115306377411]}