{
"metadata": {
    "version": {
        "essentia": "2.1-beta2"
    }
},
"lowLevel": {
    "dissonance": {
        "mean": 0.0257231742144
    },
    "hfc": {
        "mean": 11.1367473602
    },
    "spectral_centroid": {
        "mean": 0.0722704008222
    },
    "mfcc": {
        "mean": [-966.353881836, 54.0355758667, -84.2384338379, -44.9892616272, -16.2864227295, -20.1205177307, -15.3896303177, -2.0447499752, 10.9483938217, -0.0765857100487, 1.89122056961, 40.9395561218, 43.6246452332, -8.87672615051, -50.2358589172, -49.9544830322, -28.5508460999, 3.52686333656, 32.6249389648, 40.1654701233, 13.5617990494, -19.1343593597, -21.9474506378, 11.9894742966, 18.8408699036, -13.395321846, -26.8207168579, -3.51019215584, 11.8712425232, 2.71787667274, -8.07350349426, 1.77570092678, 15.0653095245, 10.9539108276, 0.0676524341106, -9.62766647339, -10.7020597458, -5.10708761215, 0.970671057701, 3.21769928932]
    },
    "spectral_contrast": {
        "mean": [-0.379412978888, -0.372771799564, -0.45714443922, -0.678811848164, -0.821706712246, -0.877536177635]
    }
},
"sfx": {
    "inharmonicity": {
        "mean": 0.0777213349938
    },
    "logattacktime": {
        "mean": -4.9525346756
    }
}
}