{
"metadata": {
    "version": {
        "essentia": "2.1-beta2"
    }
},
"lowLevel": {
    "average_loudness": 0.99068403244,
    "barkbands_kurtosis": {
        "mean": 144.37727356
    },
    "barkbands_skewness": {
        "mean": 4.88106298447
    },
    "barkbands_spread": {
        "mean": 18.3010444641
    },
    "dissonance": {
        "mean": 0.320480257273
    },
    "hfc": {
        "mean": 28.7074623108
    },
    "pitch": {
        "mean": 394.832946777
    },
    "pitch_instantaneous_confidence": {
        "mean": 0.675480902195
    },
    "pitch_salience": {
        "mean": 0.274176448584
    },
    "silence_rate_20dB": {
        "mean": 0.988095223904
    },
    "silence_rate_30dB": {
        "mean": 0.928571403027
    },
    "silence_rate_60dB": {
        "mean": 0.892857134342
    },
    "spectral_centroid": {
        "mean": 2016.42016602
    },
    "spectral_complexity": {
        "mean": 5.46428585052
    },
    "spectral_crest": {
        "mean": 17.0467014313
    },
    "spectral_decrease": {
        "mean": -3.86654130935e-09
    },
    "spectral_energy": {
        "mean": 0.0171970892698
    },
    "spectral_energyband_high": {
        "mean": 0.00288031669334
    },
    "spectral_energyband_low": {
        "mean": 0.000585400033742
    },
    "spectral_energyband_middle_high": {
        "mean": 0.00228033191524
    },
    "spectral_energyband_middle_low": {
        "mean": 0.011887345463
    },
    "spectral_flatness_db": {
        "mean": 0.359170347452
    },
    "spectral_flux": {
        "mean": 0.0280129592866
    },
    "spectral_kurtosis": {
        "mean": 10.7802438736
    },
    "spectral_rms": {
        "mean": 0.00137019739486
    },
    "spectral_rolloff": {
        "mean": 3731.39428711
    },
    "spectral_skewness": {
        "mean": 2.39130163193
    },
    "spectral_spread": {
        "mean": 22472376
    },
    "spectral_strongpeak": {
        "mean": 0.271803885698
    },
    "zerocrossingrate": {
        "mean": 0.127964571118
    },
    "barkbands": {
        "mean": [2.85447498527e-07, 1.27175590023e-05, 0.000184957825695, 0.00135750568006, 0.00928234588355, 0.000408103252994, 0.000550801632926, 0.000126815910335, 0.000107214240415, 0.000283157743979, 7.99508634373e-05, 6.60005316604e-05, 6.38088313281e-05, 0.000143404045957, 0.000120341952424, 0.000132209228468, 0.000323935819324, 0.000409237953136, 0.000395928364014, 0.000598436628934, 0.000749742088374, 0.000300403888104, 0.000425523146987, 0.000586397771258, 0.00032719434239, 0.000128476895043, 3.21853149217e-05]
    },
    "mfcc": {
        "mean": [-1032.37744141, 33.5151596069, 20.9015731812, 18.1460418701, 6.3302192688, -1.77909851074, -6.6319861412, -9.8615694046, -11.8376836777, -12.434343338, -14.4903278351, -13.2014741898, -14.3626728058]
    },
    "sccoeffs": {
        "mean": [-0.548587679863, -0.765054881573, -0.87049973011, -0.88883048296, -0.896839499474, -0.90015912056]
    },
    "scvalleys": {
        "mean": [-13.1183109283, -13.322725296, -13.6815738678, -13.8155593872, -13.9641389847, -14.2290172577]
    }
},
"rhythm": {
    "beats_loudness": {
        "mean": 4.23095007136e-05
    },
    "bpm": 109.956787109,
    "first_peak_bpm": {
        "mean": 110
    },
    "first_peak_spread": {
        "mean": 0
    },
    "first_peak_weight": {
        "mean": 1
    },
    "onset_rate": 0.520839452744,
    "second_peak_bpm": {
        "mean": 0
    },
    "second_peak_spread": {
        "mean": 0
    },
    "second_peak_weight": {
        "mean": 0
    },
    "beats_loudness_band_ratio": {
        "mean": [0.895150125027, 0.581993877888, 0.000692328205332, 0.00138843478635, 0.00178271473851, 0.0242813080549]
    },
    "beats_position": [0.522448956966, 1.06811785698, 1.6137868166],
    "bpm_estimates": [109.956787109, 109.95677948],
    "bpm_intervals": [0.545668900013, 0.545668959618],
    "onset_times": [0.0232199542224]
},
"sfx": {
    "inharmonicity": {
        "mean": 0.0153124416247
    },
    "oddtoevenharmonicenergyratio": {
        "mean": 41625.5703125
    },
    "pitch_after_max_to_before_max_energy_ratio": 0.637426555157,
    "pitch_centroid": 28.2749462128,
    "pitch_max_to_total": 0.107142858207,
    "pitch_min_to_total": 0,
    "tristimulus": {
        "mean": [0.751688957214, 0.18966896832, 0.0498890653253]
    }
},
"tonal": {
    "chords_changes_rate": 0.0930232554674,
    "chords_number_rate": 0.0930232554674,
    "chords_strength": {
        "mean": 0.446446180344
    },
    "key_strength": 0.581267535686,
    "tuning_diatonic_strength": 0.461352139711,
    "tuning_equal_tempered_deviation": 0.128478452563,
    "tuning_frequency": 456.570251465,
    "tuning_nontempered_energy_ratio": 0.851093947887,
    "hpcp": {
        "mean": [0.019255451858, 0.020863071084, 0.0183126088232, 0.0224258638918, 0.0210070461035, 0.0115595227107, 0.0152469500899, 0.0183779522777, 0.0145022450015, 0.0131518868729, 0.0129601722583, 0.0189621206373, 0.0285330433398, 0.0251509957016, 0.0152642307803, 0.0150286722928, 0.0120820142329, 0.00565257435665, 0.00818969495595, 0.00882650073618, 0.00704133929685, 0.00626059202477, 0.00964437797666, 0.0205066427588, 0.0240201205015, 0.0211539920419, 0.179695025086, 0.700586259365, 0.658670842648, 0.18273216486, 0.0902920141816, 0.0389883704484, 0.0118239400908, 0.0192602742463, 0.0194857083261, 0.0165393222123]
    },
    "chords_histogram": [32.558139801, 2.32558131218, 25.5813961029, 0, 0, 0, 0, 0, 0, 39.5348854065, 0, 0, 0, 0, 0, 0, 0, 0, 0, 0, 0, 0, 0, 0],
    "thpcp": [1, 0.940170943737, 0.260827511549, 0.128880649805, 0.0556510649621, 0.0168772079051, 0.0274916533381, 0.0278134327382, 0.0236078314483, 0.0274847690016, 0.0297794472426, 0.026138978079, 0.0320101380348, 0.0299849528819, 0.0164997857064, 0.0217631310225, 0.0262322481722, 0.0207001566887, 0.018772687763, 0.0184990391135, 0.0270660761744, 0.0407273806632, 0.035899925977, 0.0217877961695, 0.0214515663683, 0.0172455776483, 0.00806834921241, 0.0116897737607, 0.0125987352803, 0.0100506385788, 0.00893621891737, 0.0137661537156, 0.0292706899345, 0.0342857427895, 0.0301946997643, 0.256492376328],
    "chords_key": "F#",
    "chords_scale": "major",
    "key_key": "B",
    "key_scale": "minor",
    "chords_progression": ["F#m", "F#m", "F#m", "F#m", "F#m", "F#m", "F#m", "F#m", "F#m", "F#m", "F#m", "F#", "F#", "F#", "F#", "F#", "F#", "F#", "F#", "F#", "F#", "F#", "F#", "F#", "F#", "F#", "F#", "F#", "Bm", "Bm", "Bm", "D", "Bm", "Bm", "Bm", "Bm", "Bm", "Bm", "Bm", "Bm", "Bm", "Bm", "Bm"]
}
}