{
"metadata": {
    "version": {
        "essentia": "2.1-beta2"
    }
},
"lowLevel": {
    "average_loudness": 0.99068403244,
    "barkbands_kurtosis": {
        "mean": 100.237709045
    },
    "barkbands_skewness": {
        "mean": 2.53773021698
    },
    "barkbands_spread": {
        "mean": 8.87804412842
    },
    "dissonance": {
        "mean": 0.222233250737
    },
    "hfc": {
        "mean": 26.6488819122
    },
    "pitch": {
        "mean": 421.796722412
    },
    "pitch_instantaneous_confidence": {
        "mean": 0.799467802048
    },
    "pitch_salience": {
        "mean": 0.129481047392
    },
    "silence_rate_20dB": {
        "mean": 1
    },
    "silence_rate_30dB": {
        "mean": 0.964285731316
    },
    "silence_rate_60dB": {
        "mean": 0.785714268684
    },
    "spectral_centroid": {
        "mean": 1050.85058594
    },
    "spectral_complexity": {
        "mean": 5.01190471649
    },
    "spectral_crest": {
        "mean": 19.2583999634
    },
    "spectral_decrease": {
        "mean": -2.46816100891e-09
    },
    "spectral_energy": {
        "mean": 0.0117325466126
    },
    "spectral_energyband_high": {
        "mean": 0.00291854888201
    },
    "spectral_energyband_low": {
        "mean": 0.000162968179211
    },
    "spectral_energyband_middle_high": {
        "mean": 0.00174008647446
    },
    "spectral_energyband_middle_low": {
        "mean": 0.00700494740158
    },
    "spectral_flatness_db": {
        "mean": 0.563773274422
    },
    "spectral_flux": {
        "mean": 0.0263762567192
    },
    "spectral_kurtosis": {
        "mean": 66.3659057617
    },
    "spectral_rms": {
        "mean": 0.00160056492314
    },
    "spectral_rolloff": {
        "mean": 1786.23046875
    },
    "spectral_skewness": {
        "mean": 5.96932601929
    },
    "spectral_spread": {
        "mean": 13541742
    },
    "spectral_strongpeak": {
        "mean": 0.224401637912
    },
    "zerocrossingrate": {
        "mean": 0.0692254900932
    },
    "barkbands": {
        "mean": [7.19212849276e-08, 1.05201588667e-05, 0.000102797333966, 0.00100828334689, 0.00449247006327, 0.000303386303131, 0.000850495998748, 0.000185097247595, 0.000127263134345, 0.000167005870026, 4.03508711315e-05, 6.50800066069e-05, 2.87742805085e-05, 9.41249672906e-05, 0.000101011857623, 8.84696273715e-05, 0.000128562329337, 0.000313506985549, 0.000411910412367, 0.000720473646652, 0.000843510846607, 0.000227261713007, 0.000406693812693, 0.000508624128997, 0.000332422729116, 0.000137255323352, 3.7121695641e-05]
    },
    "mfcc": {
        "mean": [-1034.1340332, 43.1317176819, 29.3424129486, 26.8630828857, 16.4864997864, 6.46806335449, -1.40436625481, -8.63075828552, -14.0999507904, -18.591463089, -23.5539016724, -23.7034702301, -25.6428871155]
    },
    "sccoeffs": {
        "mean": [-0.401840299368, -0.844267785549, -0.886932492256, -0.875121712685, -0.879373729229, -0.906020462513]
    },
    "scvalleys": {
        "mean": [-12.9603462219, -13.2840852737, -13.5799665451, -13.7711839676, -13.9629650116, -14.3460531235]
    }
},
"rhythm": {
    "beats_loudness": {
        "mean": 0.00339581305161
    },
    "bpm": 155.069763184,
    "first_peak_bpm": {
        "mean": 157
    },
    "first_peak_spread": {
        "mean": 0
    },
    "first_peak_weight": {
        "mean": 0.666666686535
    },
    "onset_rate": 0.520839452744,
    "second_peak_bpm": {
        "mean": 152
    },
    "second_peak_spread": {
        "mean": 0
    },
    "second_peak_weight": {
        "mean": 0.333333343267
    },
    "beats_loudness_band_ratio": {
        "mean": [0.921024680138, 0.637220263481, 4.52404310636e-05, 2.057209349e-05, 2.77928411379e-05, 5.18364977324e-05]
    },
    "beats_position": [0.383129239082, 0.777868449688, 1.16099774837, 1.54412698746],
    "bpm_estimates": [151.999084473, 156.60508728, 156.605117798],
    "bpm_intervals": [0.394739210606, 0.383129298687, 0.383129239082],
    "onset_times": [0.0232199542224]
},
"sfx": {
    "inharmonicity": {
        "mean": 0.015600932762
    },
    "oddtoevenharmonicenergyratio": {
        "mean": 66444.859375
    },
    "pitch_after_max_to_before_max_energy_ratio": 4.23175144196,
    "pitch_centroid": 26.7215423584,
    "pitch_max_to_total": 0.023809524253,
    "pitch_min_to_total": 0.964285731316,
    "tristimulus": {
        "mean": [0.874928534031, 0.0740310177207, 0.0311893709004]
    }
},
"tonal": {
    "chords_changes_rate": 0.0465116277337,
    "chords_number_rate": 0.0697674453259,
    "chords_strength": {
        "mean": 0.450215101242
    },
    "key_strength": 0.57105833292,
    "tuning_diatonic_strength": 0.481624931097,
    "tuning_equal_tempered_deviation": 0.0464088357985,
    "tuning_frequency": 435.448913574,
    "tuning_nontempered_energy_ratio": 0.636337220669,
    "hpcp": {
        "mean": [0.00340072647668, 0.00782285071909, 0.0254623033106, 0.0306967198849, 0.0162761136889, 0.0099541451782, 0.00830136518925, 0.00922846421599, 0.0114427059889, 0.0104059502482, 0.00821731705219, 0.007411706727, 0.00666571687907, 0.00613993220031, 0.0106744784862, 0.0129711292684, 0.0109213525429, 0.00899662356824, 0.00544652389362, 0.00580942211673, 0.0076585188508, 0.00512736337259, 0.00268395827152, 0.00301203853451, 0.00317162973806, 0.00256060156971, 0.00360091612674, 0.00490662828088, 0.0273610595614, 0.545969545841, 0.897686421871, 0.37882450223, 0.0123617593199, 0.0249413140118, 0.0182314161211, 0.00478529371321]
    },
    "chords_histogram": [16.2790699005, 0, 4.65116262436, 0, 0, 0, 0, 0, 0, 79.069770813, 0, 0, 0, 0, 0, 0, 0, 0, 0, 0, 0, 0, 0, 0],
    "thpcp": [1, 0.422000914812, 0.0137706873938, 0.0277839936316, 0.0203093364835, 0.00533069623634, 0.00378832337447, 0.00871445797384, 0.0283643621951, 0.0341953709722, 0.0181311797351, 0.0110886665061, 0.00924751069397, 0.0102802757174, 0.0127468854189, 0.0115919653326, 0.00915388390422, 0.00825645402074, 0.00742544000968, 0.00683972937986, 0.0118910996243, 0.0144495107234, 0.0121661107987, 0.0100220115855, 0.00606728997082, 0.00647154962644, 0.00853139627725, 0.005711753387, 0.00298986164853, 0.00335533474572, 0.00353311537765, 0.00285244546831, 0.00401132972911, 0.00546586001292, 0.0304795298725, 0.608196258545],
    "chords_key": "G",
    "chords_scale": "major",
    "key_key": "C",
    "key_scale": "minor",
    "chords_progression": ["G", "G", "G", "G", "G", "G", "G", "G", "G", "G", "G", "G", "G", "G", "G", "G", "G", "G", "G", "G", "G", "G", "G", "G", "G", "G", "G", "G", "G", "G", "G", "G", "G", "G", "Gm", "Gm", "Cm", "Cm", "Cm", "Cm", "Cm", "Cm", "Cm"]
}
}