{
"metadata": {
    "version": {
        "essentia": "2.1-beta2"
    }
},
"lowLevel": {
    "dissonance": {
        "mean": 0.470831811428
    },
    "hfc": {
        "mean": 166.320220947
    },
    "spectral_centroid": {
        "mean": 0.232770249248
    },
    "mfcc": {
        "mean": [-654.562866211, -69.5580825806, -62.9984550476, 19.5233097076, -6.90165615082, 9.12013912201, -10.1842308044, 14.0562639236, -3.07387089729, 7.06199789047, 9.77898311615, 17.2828578949, 12.4685935974, 11.9513473511, 3.48593378067, 1.76110768318, 8.90787792206, 5.91180801392, 1.98722851276, 11.5125570297, 11.1963796616, 13.0586013794, 4.39256238937, 2.6479268074, 9.24864768982, 6.28092336655, -0.679975271225, -2.24970889091, 2.98664140701, -1.55741083622, -5.96732997894, -0.861081123352, -0.781200766563, -1.17856216431, 0.244355767965, -0.758538782597, 0.87510663271, -0.82592356205, -1.16328787804, -0.947830915451]
    },
    "spectral_contrast": {
        "mean": [-0.697333395481, -0.752928555012, -0.754985272884, -0.75200086832, -0.748750150204, -0.538934707642]
    }
},
"sfx": {
    "inharmonicity": {
        "mean": 0.209956839681
    },
    "logattacktime": {
        "mean": -4.80770921707
    }
}
}