{
"metadata": {
    "version": {
        "essentia": "2.1-beta2"
    }
},
"lowLevel": {
    "average_loudness": 0.99068403244,
    "barkbands_kurtosis": {
        "mean": 166.012329102
    },
    "barkbands_skewness": {
        "mean": 6.32192754745
    },
    "barkbands_spread": {
        "mean": 15.8857030869
    },
    "dissonance": {
        "mean": 0.341206610203
    },
    "hfc": {
        "mean": 14.8805465698
    },
    "pitch": {
        "mean": 648.901428223
    },
    "pitch_instantaneous_confidence": {
        "mean": 0.656355500221
    },
    "pitch_salience": {
        "mean": 0.282330453396
    },
    "silence_rate_20dB": {
        "mean": 1
    },
    "silence_rate_30dB": {
        "mean": 0.976190447807
    },
    "silence_rate_60dB": {
        "mean": 0.821428596973
    },
    "spectral_centroid": {
        "mean": 2112.58789062
    },
    "spectral_complexity": {
        "mean": 6.16666650772
    },
    "spectral_crest": {
        "mean": 17.181684494
    },
    "spectral_decrease": {
        "mean": -1.72601077875e-09
    },
    "spectral_energy": {
        "mean": 0.00786408409476
    },
    "spectral_energyband_high": {
        "mean": 0.00129880744498
    },
    "spectral_energyband_low": {
        "mean": 2.6258861908e-05
    },
    "spectral_energyband_middle_high": {
        "mean": 0.00232023862191
    },
    "spectral_energyband_middle_low": {
        "mean": 0.00440963311121
    },
    "spectral_flatness_db": {
        "mean": 0.342682778835
    },
    "spectral_flux": {
        "mean": 0.0243872031569
    },
    "spectral_kurtosis": {
        "mean": 9.44651317596
    },
    "spectral_rms": {
        "mean": 0.00104771694168
    },
    "spectral_rolloff": {
        "mean": 3740.87915039
    },
    "spectral_skewness": {
        "mean": 2.16543006897
    },
    "spectral_spread": {
        "mean": 23932048
    },
    "spectral_strongpeak": {
        "mean": 0.138108596206
    },
    "zerocrossingrate": {
        "mean": 0.128429591656
    },
    "barkbands": {
        "mean": [1.99890983765e-08, 3.79869419476e-07, 3.77814808417e-06, 0.0001826066582, 0.0014024261618, 0.000239587927354, 0.00124314427376, 0.000441288342699, 0.000655219308101, 0.00108095048927, 6.36531549389e-05, 0.000100637531432, 6.99297161191e-05, 9.56237927312e-05, 0.000132320812554, 0.00010611248581, 0.000149381652591, 0.000165917459526, 0.000260658620391, 0.000316000136081, 0.000397532567149, 0.000130247717607, 0.000171435836819, 0.000241973277298, 0.000142350807437, 5.65056798223e-05, 1.43982579175e-05]
    },
    "mfcc": {
        "mean": [-1014.48168945, 21.3777828217, 11.0121021271, 11.4272260666, 0.063822068274, -6.03097391129, -7.80169153214, -10.5542755127, -11.6639328003, -12.4139785767, -15.8404283524, -14.6225194931, -16.4498825073]
    },
    "sccoeffs": {
        "mean": [-0.516080379486, -0.785484611988, -0.839930057526, -0.879772663116, -0.887604951859, -0.90295112133]
    },
    "scvalleys": {
        "mean": [-14.5073242188, -13.8387289047, -13.9597053528, -14.1731128693, -14.2521028519, -14.5354814529]
    }
},
"rhythm": {
    "beats_loudness": {
        "mean": 0.000899152946658
    },
    "bpm": 184.570343018,
    "first_peak_bpm": {
        "mean": 185
    },
    "first_peak_spread": {
        "mean": 0
    },
    "first_peak_weight": {
        "mean": 0.5
    },
    "onset_rate": 0.520839452744,
    "second_peak_bpm": {
        "mean": 191
    },
    "second_peak_spread": {
        "mean": 0
    },
    "second_peak_weight": {
        "mean": 0.5
    },
    "beats_loudness_band_ratio": {
        "mean": [0.784935295582, 0.605884075165, 0.00819480605423, 0.0021351382602, 0.029777880758, 0.0797298029065]
    },
    "beats_position": [0.301859408617, 0.615328788757, 0.9287981987, 1.25387752056, 1.57895684242],
    "bpm_estimates": [184.570343018, 184.570343018],
    "bpm_intervals": [0.31346938014, 0.313469409943, 0.325079321861, 0.325079321861],
    "onset_times": [0.0232199542224]
},
"sfx": {
    "inharmonicity": {
        "mean": 0.0200468115509
    },
    "oddtoevenharmonicenergyratio": {
        "mean": 2443.94042969
    },
    "pitch_after_max_to_before_max_energy_ratio": 1.0638064146,
    "pitch_centroid": 31.9028167725,
    "pitch_max_to_total": 0.107142858207,
    "pitch_min_to_total": 0.928571403027,
    "tristimulus": {
        "mean": [0.74508023262, 0.173943370581, 0.064525231719]
    }
},
"tonal": {
    "chords_changes_rate": 0.139534890652,
    "chords_number_rate": 0.0930232554674,
    "chords_strength": {
        "mean": 0.37749761343
    },
    "key_strength": 0.582314431667,
    "tuning_diatonic_strength": 0.411430448294,
    "tuning_equal_tempered_deviation": 0.223794177175,
    "tuning_frequency": 431.443084717,
    "tuning_nontempered_energy_ratio": 0.925087213516,
    "hpcp": {
        "mean": [0.0246665235609, 0.0358684957027, 0.0400980822742, 0.0262326393276, 0.0155388852581, 0.0164329390973, 0.019295418635, 0.0223282407969, 0.0196199305356, 0.0158474463969, 0.0141153698787, 0.0146373771131, 0.0200661625713, 0.0243523474783, 0.0229630339891, 0.0275108199567, 0.0307810027152, 0.0248825047165, 0.0193098541349, 0.0130773410201, 0.00780074764043, 0.00930495560169, 0.0114454291761, 0.011977811344, 0.0252752173692, 0.0299450028688, 0.0217354539782, 0.0323539413512, 0.0408206470311, 0.0700603276491, 0.46539324522, 0.701206088066, 0.359360545874, 0.15170532465, 0.101813361049, 0.0323752760887]
    },
    "chords_histogram": [16.2790699005, 6.97674417496, 65.1162796021, 0, 0, 0, 0, 0, 0, 11.6279067993, 0, 0, 0, 0, 0, 0, 0, 0, 0, 0, 0, 0, 0, 0],
    "thpcp": [1, 0.512489199638, 0.216349124908, 0.145197480917, 0.0461708419025, 0.0351772792637, 0.0511525720358, 0.0571844466031, 0.0374107398093, 0.0221602264792, 0.023435248062, 0.0275174714625, 0.031842622906, 0.0279802624136, 0.0226002689451, 0.020130129531, 0.0208745729178, 0.0286166407168, 0.034729231149, 0.0327479094267, 0.0392335727811, 0.0438972264528, 0.0354852937162, 0.0275380574167, 0.0186497829854, 0.0111247571185, 0.0132699301466, 0.0163224898279, 0.0170817282051, 0.0360453464091, 0.0427049957216, 0.0309972409159, 0.0461404174566, 0.0582149066031, 0.0999140292406, 0.663703918457],
    "chords_key": "G",
    "chords_scale": "minor",
    "key_key": "C",
    "key_scale": "minor",
    "chords_progression": ["Gm", "Gm", "Gm", "Gm", "Gm", "Gm", "Gm", "Gm", "Gm", "Gm", "Gm", "Gm", "Gm", "Gm", "Gm", "Gm", "Gm", "Gm", "Gm", "Gm", "Gm", "Gm", "Gm", "Gm", "G", "G", "G", "Gm", "G", "G", "Gm", "Gm", "Gm", "D#", "D#", "D#", "Cm", "Cm", "Cm", "Cm", "Cm", "Cm", "Cm"]
}
}