{
"metadata": {
    "version": {
        "essentia": "2.1-beta2"
    }
},
"lowLevel": {
    "dissonance": {
        "mean": 0.276119351387
    },
    "hfc": {
        "mean": 0.335807174444
    },
    "spectral_centroid": {
        "mean": 0.126697555184
    },
    "mfcc": {
        "mean": [-927.628662109, 27.1227684021, -97.2774658203, -9.54949855804, 4.13901424408, 20.9202880859, -0.254150718451, 16.3094043732, 13.7322263718, 13.9694271088, 33.1626091003, 1.60316383839, -7.79263019562, 14.7465982437, -6.22063541412, -0.953375816345, 2.14794921875, -13.3791570663, 3.22442007065, 30.1453933716, 31.6630420685, 1.56751441956, -14.1848430634, 0.50085324049, -3.34329867363, -8.98899173737, -6.14442634583, 2.20867419243, 13.1847429276, 1.48704218864, -9.29746341705, -4.22391033173, -0.461605757475, 11.036485672, 0.458939373493, -3.57883191109, -8.74764156342, -4.36467647552, 7.21682405472, -1.04106271267]
    },
    "spectral_contrast": {
        "mean": [-0.74638646841, -0.716967523098, -0.672352433205, -0.726929485798, -0.717606604099, -0.856633007526]
    }
},
"sfx": {
    "inharmonicity": {
        "mean": 0.284243255854
    },
    "logattacktime": {
        "mean": -5
    }
}
}