{
"metadata": {
    "version": {
        "essentia": "2.1-beta2"
    }
},
"lowLevel": {
    "dissonance": {
        "mean": 0.381011217833
    },
    "hfc": {
        "mean": 61.888923645
    },
    "spectral_centroid": {
        "mean": 0.208590149879
    },
    "mfcc": {
        "mean": [-682.604492188, 46.5363883972, -13.6697902679, -4.20458984375, -33.9843864441, -22.9713973999, -3.44054913521, -0.511809647083, -5.43626976013, -11.6849803925, -19.9967079163, -7.75467777252, -10.8536062241, -5.6854095459, -11.6430768967, -15.2780218124, -11.1544885635, -8.18048763275, -2.84973621368, -1.38200175762, -4.99164628983, -3.92958188057, -4.96136808395, -5.07899713516, -6.37957954407, -5.8440489769, -7.17248725891, -3.95715880394, -1.74236083031, -2.40359783173, -1.34332799911, -2.07326555252, -4.12239456177, -2.59961795807, -0.731261134148, 0.72031378746, -0.252199947834, -1.70874917507, -2.66537976265, -0.916018486023]
    },
    "spectral_contrast": {
        "mean": [-0.719597816467, -0.75478297472, -0.823562860489, -0.815743148327, -0.818911314011, -0.697430312634]
    }
},
"sfx": {
    "inharmonicity": {
        "mean": 0.229665994644
    },
    "logattacktime": {
        "mean": -4.71852016449
    }
}
}