{
"metadata": {
    "version": {
        "essentia": "2.1-beta2"
    }
},
"lowLevel": {
    "dissonance": {
        "mean": 0.220434904099
    },
    "hfc": {
        "mean": 3.94572615623
    },
    "spectral_centroid": {
        "mean": 0.0359423570335
    },
    "mfcc": {
        "mean": [-765.97454834, 239.900970459, -15.6329250336, 22.1113548279, -5.65707969666, -8.91565704346, 12.3738527298, 0.520816266537, -22.9093399048, -25.0689373016, -0.375293016434, -10.7534160614, -14.2661857605, -9.19078540802, -15.8521776199, -12.9933538437, -13.8887310028, -11.5805826187, -5.98081302643, -11.5027303696, -17.0061187744, -14.7039003372, -12.3728275299, -5.61832141876, 1.50198543072, 2.97959661484, -1.95343530178, -14.4556484222, -15.332701683, -7.34472894669, -0.846757352352, 4.3402762413, 1.54158520699, -1.97498929501, -2.41916918755, -2.74126291275, -3.55122208595, 2.15854144096, 8.61723518372, 2.45077872276]
    },
    "spectral_contrast": {
        "mean": [-0.510630309582, -0.681556582451, -0.734566748142, -0.767568469048, -0.787833631039, -0.834744632244]
    }
},
"sfx": {
    "inharmonicity": {
        "mean": 0.00408722739667
    },
    "logattacktime": {
        "mean": -5
    }
}
}