{
"metadata": {
    "version": {
        "essentia": "2.1-beta2"
    }
},
"lowLevel": {
    "dissonance": {
        "mean": 0.0113143529743
    },
    "hfc": {
        "mean": 9.82146072388
    },
    "spectral_centroid": {
        "mean": 0.0496127419174
    },
    "mfcc": {
        "mean": [-976.725524902, 80.415397644, -54.3011054993, -57.8974647522, -36.0628242493, -26.2317657471, -19.4221076965, 5.55076026917, 16.8475074768, -0.664229333401, 11.4272842407, 56.7267990112, 42.5664749146, -14.697804451, -55.1054191589, -65.6629486084, -32.8795051575, 8.54088497162, 31.0169830322, 34.3315124512, 12.4839820862, -18.8328895569, -19.6343650818, 6.1758980751, 15.2834062576, -5.89033937454, -24.1616458893, -1.95657837391, 12.0647039413, -3.83221244812, -7.60749435425, 4.48067331314, 11.0666770935, 11.7114830017, 2.72819185257, -7.85859394073, -11.572479248, -8.99391651154, -0.712147176266, 3.54404067993]
    },
    "spectral_contrast": {
        "mean": [-0.30979424715, -0.353754162788, -0.530687272549, -0.765247285366, -0.82466429472, -0.879164934158]
    }
},
"sfx": {
    "inharmonicity": {
        "mean": 0.121007457376
    },
    "logattacktime": {
        "mean": -4.92797517776
    }
}
}