{
"metadata": {
    "version": {
        "essentia": "2.1-beta2"
    }
},
"lowLevel": {
    "average_loudness": 0.99068403244,
    "barkbands_kurtosis": {
        "mean": 1.49781310558
    },
    "barkbands_skewness": {
        "mean": -0.183985352516
    },
    "barkbands_spread": {
        "mean": 12.039229393
    },
    "dissonance": {
        "mean": 0.481549859047
    },
    "hfc": {
        "mean": 1.57447433472
    },
    "pitch": {
        "mean": 769.69744873
    },
    "pitch_instantaneous_confidence": {
        "mean": 0.477873623371
    },
    "pitch_salience": {
        "mean": 0.554847359657
    },
    "silence_rate_20dB": {
        "mean": 1
    },
    "silence_rate_30dB": {
        "mean": 1
    },
    "silence_rate_60dB": {
        "mean": 1
    },
    "spectral_centroid": {
        "mean": 3728.55273438
    },
    "spectral_complexity": {
        "mean": 1.33333337307
    },
    "spectral_crest": {
        "mean": 10.0227203369
    },
    "spectral_decrease": {
        "mean": -1.10945821974e-10
    },
    "spectral_energy": {
        "mean": 0.000561544205993
    },
    "spectral_energyband_high": {
        "mean": 0.000114133603347
    },
    "spectral_energyband_low": {
        "mean": 2.67470340987e-07
    },
    "spectral_energyband_middle_high": {
        "mean": 0.000446116144303
    },
    "spectral_energyband_middle_low": {
        "mean": 9.55855966822e-07
    },
    "spectral_flatness_db": {
        "mean": 0.208652287722
    },
    "spectral_flux": {
        "mean": 0.0109074627981
    },
    "spectral_kurtosis": {
        "mean": 3.01531267166
    },
    "spectral_rms": {
        "mean": 0.000547373492736
    },
    "spectral_rolloff": {
        "mean": 6123.63330078
    },
    "spectral_skewness": {
        "mean": 1.31986391544
    },
    "spectral_spread": {
        "mean": 12319095
    },
    "spectral_strongpeak": {
        "mean": 0.485422551632
    },
    "zerocrossingrate": {
        "mean": 0.172270268202
    },
    "barkbands": {
        "mean": [2.77347453448e-07, 1.52264831854e-07, 4.37475788928e-09, 4.31004787416e-09, 4.29656346057e-08, 4.30136815055e-08, 7.63589014241e-08, 6.97251323345e-07, 8.14160969753e-08, 5.3045482673e-08, 1.43569863553e-07, 3.42161641242e-08, 4.40827847115e-07, 0.000217262364458, 0.000111110173748, 2.31074841395e-06, 5.06661381223e-05, 1.65356486832e-05, 3.59342266165e-05, 2.31449175772e-05, 2.82334949588e-05, 4.79551745229e-05, 1.39751173265e-05, 7.91645925347e-06, 3.66525841855e-06, 7.57036900723e-07, 2.70817537285e-08]
    },
    "mfcc": {
        "mean": [-947.004943848, -45.7678108215, -60.8903579712, 30.2203598022, 7.49461936951, 14.5079603195, -10.6080904007, -1.92880833149, 0.425219595432, 20.0250396729, 31.6379394531, 3.69085431099, -11.2897891998]
    },
    "sccoeffs": {
        "mean": [-0.827562332153, -0.805023014545, -0.850446820259, -0.650105774403, -0.768923342228, -0.766034007072]
    },
    "scvalleys": {
        "mean": [-11.8232440948, -12.0140810013, -12.3726243973, -11.6426954269, -10.7292432785, -12.0190601349]
    }
},
"rhythm": {
    "bpm": 0,
    "first_peak_bpm": {
        "mean": 0
    },
    "first_peak_spread": {
        "mean": 0
    },
    "first_peak_weight": {
        "mean": 0
    },
    "onset_rate": 2.25183820724,
    "second_peak_bpm": {
        "mean": 0
    },
    "second_peak_spread": {
        "mean": 0
    },
    "second_peak_weight": {
        "mean": 0
    },
    "beats_position": [],
    "bpm_estimates": [],
    "bpm_intervals": [],
    "onset_times": [0.0348299331963]
},
"sfx": {
    "inharmonicity": {
        "mean": 0.157199114561
    },
    "oddtoevenharmonicenergyratio": {
        "mean": 8.758477211
    },
    "pitch_after_max_to_before_max_energy_ratio": 0.655784249306,
    "pitch_centroid": 11.7247428894,
    "pitch_max_to_total": 0.952380955219,
    "pitch_min_to_total": 0,
    "tristimulus": {
        "mean": [0.0496878810227, 0.552152514458, 0.350693374872]
    }
},
"tonal": {
    "chords_changes_rate": 0,
    "chords_number_rate": 0.0909090936184,
    "chords_strength": {
        "mean": 0.463619828224
    },
    "key_strength": 0.551577150822,
    "tuning_diatonic_strength": 0.413508564234,
    "tuning_equal_tempered_deviation": 0.265472739935,
    "tuning_frequency": 449.764648438,
    "tuning_nontempered_energy_ratio": 0.906489133835,
    "hpcp": {
        "mean": [0.118847489357, 0.051964584738, 0.0766350254416, 0.142795830965, 0.0812151804566, 0.00758141139522, 0.0172001179308, 0.0378537736833, 0.0597166083753, 0.0421394258738, 0.0147214196622, 0.0237937197089, 0.0446986667812, 0.0722544491291, 0.0711465626955, 0.0450282990932, 0.118773393333, 0.240867480636, 0.283109992743, 0.169217318296, 0.0367596074939, 0.030920131132, 0.0369088798761, 0.0277072619647, 0.0734551027417, 0.0895956233144, 0.0481713563204, 0.0718679353595, 0.308239847422, 0.719814479351, 0.692432641983, 0.401752948761, 0.248867884278, 0.10551712662, 0.131520867348, 0.181748837233]
    },
    "chords_histogram": [0, 0, 0, 0, 0, 0, 0, 0, 100, 0, 0, 0, 0, 0, 0, 0, 0, 0, 0, 0, 0, 0, 0, 0],
    "thpcp": [1, 0.961959838867, 0.558134019375, 0.345738917589, 0.146589338779, 0.182714954019, 0.252494007349, 0.165108501911, 0.0721916332841, 0.106464967132, 0.198378652334, 0.112827934325, 0.0105324517936, 0.0238952096552, 0.0525882355869, 0.0829611122608, 0.0585420653224, 0.0204516854137, 0.0330553501844, 0.0620974823833, 0.100379265845, 0.0988401398063, 0.0625554248691, 0.16500556469, 0.334624379873, 0.393309652805, 0.235084623098, 0.0510681681335, 0.0429556965828, 0.0512755438685, 0.0384922251105, 0.102047272027, 0.124470435083, 0.0669219046831, 0.0998423025012, 0.428221225739],
    "chords_key": "E",
    "chords_scale": "minor",
    "key_key": "C",
    "key_scale": "minor",
    "chords_progression": ["Em", "Em", "Em", "Em", "Em", "Em", "Em", "Em", "Em", "Em", "Em"]
}
}