{
"metadata": {
    "version": {
        "essentia": "2.1-beta2"
    }
},
"lowLevel": {
    "average_loudness": 0.887291908264,
    "barkbands_kurtosis": {
        "mean": 13.2344455719
    },
    "barkbands_skewness": {
        "mean": 0.953637361526
    },
    "barkbands_spread": {
        "mean": 11.7242212296
    },
    "dissonance": {
        "mean": 0.340818285942
    },
    "hfc": {
        "mean": 0.993189573288
    },
    "pitch": {
        "mean": 236.591461182
    },
    "pitch_instantaneous_confidence": {
        "mean": 0.856428682804
    },
    "pitch_salience": {
        "mean": 0.529780685902
    },
    "silence_rate_20dB": {
        "mean": 1
    },
    "silence_rate_30dB": {
        "mean": 1
    },
    "silence_rate_60dB": {
        "mean": 1
    },
    "spectral_centroid": {
        "mean": 804.610595703
    },
    "spectral_complexity": {
        "mean": 3.33663368225
    },
    "spectral_crest": {
        "mean": 11.2900238037
    },
    "spectral_decrease": {
        "mean": -2.04725958408e-10
    },
    "spectral_energy": {
        "mean": 0.000862766290084
    },
    "spectral_energyband_high": {
        "mean": 7.22927268271e-07
    },
    "spectral_energyband_low": {
        "mean": 2.46168315243e-06
    },
    "spectral_energyband_middle_high": {
        "mean": 0.000475643377285
    },
    "spectral_energyband_middle_low": {
        "mean": 0.000383140577469
    },
    "spectral_flatness_db": {
        "mean": 0.278356313705
    },
    "spectral_flux": {
        "mean": 0.0018923303578
    },
    "spectral_kurtosis": {
        "mean": 19.2822380066
    },
    "spectral_rms": {
        "mean": 0.000707712140866
    },
    "spectral_rolloff": {
        "mean": 1367.67944336
    },
    "spectral_skewness": {
        "mean": 3.71603083611
    },
    "spectral_spread": {
        "mean": 8348147.5
    },
    "spectral_strongpeak": {
        "mean": 0.706943750381
    },
    "zerocrossingrate": {
        "mean": 0.0517143011093
    },
    "barkbands": {
        "mean": [2.35442780649e-06, 6.74436705594e-07, 2.50661827295e-07, 9.566257404e-07, 0.000119184012874, 2.91528067464e-07, 0.000115258793812, 8.35781719388e-08, 0.000147357437527, 1.0567661775e-05, 9.01580463619e-08, 3.04650820908e-05, 3.20509025187e-06, 0.000240838722675, 0.000101253674075, 7.62685958762e-05, 8.32790738059e-06, 6.40637040306e-07, 3.08559765472e-06, 9.82616938927e-07, 2.98679879052e-07, 1.68950478496e-07, 4.59273614695e-08, 9.35144797154e-08, 1.84570296824e-08, 5.53809442749e-09, 7.5819800438e-10]
    },
    "mfcc": {
        "mean": [-943.572143555, 117.619827271, -26.7213115692, -3.01196932793, 6.89363574982, -8.01449966431, -17.5847301483, -13.2025909424, -0.287655502558, 8.15488529205, -1.1991109848, -4.33643627167, 2.06200194359]
    },
    "sccoeffs": {
        "mean": [-0.663923978806, -0.589168846607, -0.616484999657, -0.63708782196, -0.75569242239, -0.840973198414]
    },
    "scvalleys": {
        "mean": [-9.11660766602, -10.3940935135, -11.1957731247, -11.5989494324, -12.2126045227, -13.1734428406]
    }
},
"rhythm": {
    "beats_loudness": {
        "mean": 0.000939829624258
    },
    "bpm": 110.29825592,
    "first_peak_bpm": {
        "mean": 110
    },
    "first_peak_spread": {
        "mean": 0.142857134342
    },
    "first_peak_weight": {
        "mean": 0.857142865658
    },
    "onset_rate": 2.3625497818,
    "second_peak_bpm": {
        "mean": 0
    },
    "second_peak_spread": {
        "mean": 0
    },
    "second_peak_weight": {
        "mean": 0
    },
    "beats_loudness_band_ratio": {
        "mean": [0.228138267994, 0.149739801884, 0.305324465036, 0.209368824959, 0.13185685873, 0.00407083565369]
    },
    "beats_position": [0.510838985443, 1.05650794506, 1.60217678547, 2.14784574509, 2.69351458549, 3.22757363319, 3.7732424736, 4.31891155243],
    "bpm_estimates": [109.95677948, 109.956802368, 109.95677948, 109.956802368, 112.347129822, 109.956802368, 109.956756592],
    "bpm_intervals": [0.545668959618, 0.545668840408, 0.545668959618, 0.545668840408, 0.534059047699, 0.545668840408, 0.545669078827],
    "onset_times": [0.0348299331963, 0.162539675832, 0.208979591727, 0.243809521198, 0.615328788757, 3.7151927948, 3.97061228752, 4.1679816246, 4.27247142792, 4.5046710968, 4.56272125244]
},
"sfx": {
    "inharmonicity": {
        "mean": 0.0117726046592
    },
    "oddtoevenharmonicenergyratio": {
        "mean": 1.65199804306
    },
    "pitch_after_max_to_before_max_energy_ratio": 0.537610411644,
    "pitch_centroid": 107.184402466,
    "pitch_max_to_total": 0.985148489475,
    "pitch_min_to_total": 0.990099012852,
    "tristimulus": {
        "mean": [0.402992129326, 0.567203402519, 0.0282748192549]
    }
},
"tonal": {
    "chords_changes_rate": 0.0196078438312,
    "chords_number_rate": 0.0294117648154,
    "chords_strength": {
        "mean": 0.413752287626
    },
    "key_strength": 0.571670472622,
    "tuning_diatonic_strength": 0.437928676605,
    "tuning_equal_tempered_deviation": 0.0839557051659,
    "tuning_frequency": 442.03793335,
    "tuning_nontempered_energy_ratio": 0.64369571209,
    "hpcp": {
        "mean": [0.918729007244, 0.415865719318, 0.00601322576404, 0.00587913533673, 0.0063008912839, 0.148624539375, 0.319574654102, 0.175055548549, 0.00336850224994, 0.00360433454625, 0.0329196341336, 0.142123535275, 0.133565142751, 0.0248843505979, 0.0099514676258, 0.0166879594326, 0.0178084038198, 0.0112649025396, 0.00434167450294, 0.00375657575205, 0.191376030445, 0.375963836908, 0.238528743386, 0.113753452897, 0.0683554261923, 0.0139302536845, 0.0194935221225, 0.0349711589515, 0.29977580905, 0.548872172832, 0.28282007575, 0.019023200497, 0.016391005367, 0.0135369254276, 0.0230893269181, 0.524605035782]
    },
    "chords_histogram": [0, 1.96078431606, 27.4509811401, 0, 0, 0, 0, 0, 0, 0, 0, 0, 0, 0, 0, 0, 0, 0, 0, 70.5882339478, 0, 0, 0, 0],
    "thpcp": [1, 0.452653288841, 0.00654515717179, 0.0063992049545, 0.00685826968402, 0.161771908402, 0.347844302654, 0.190540999174, 0.00366648077033, 0.00392317492515, 0.0358317121863, 0.154695823789, 0.145380347967, 0.0270856264979, 0.0108317770064, 0.0181641802192, 0.0193837396801, 0.0122613981366, 0.00472574029118, 0.0040888832882, 0.208305194974, 0.409221678972, 0.259629040956, 0.123816110194, 0.0744021609426, 0.0151625275612, 0.0212179236114, 0.0380647145212, 0.326294064522, 0.59742552042, 0.307838410139, 0.0207059979439, 0.0178409572691, 0.0147344050929, 0.0251318141818, 0.571011722088],
    "chords_key": "A",
    "chords_scale": "minor",
    "key_key": "D",
    "key_scale": "major",
    "chords_progression": ["F#m", "F#m", "A", "A", "A", "A", "A", "A", "A", "A", "A", "A", "A", "A", "A", "A", "A", "A", "A", "A", "A", "A", "A", "A", "A", "A", "A", "A", "A", "A", "Am", "Am", "Am", "Am", "Am", "Am", "Am", "Am", "Am", "Am", "Am", "Am", "Am", "Am", "Am", "Am", "Am", "Am", "Am", "Am", "Am", "Am", "Am", "Am", "Am", "Am", "Am", "Am", "Am", "Am", "Am", "Am", "Am", "Am", "Am", "Am", "Am", "Am", "Am", "Am", "Am", "Am", "Am", "Am", "Am", "Am", "Am", "Am", "Am", "Am", "Am", "Am", "Am", "Am", "Am", "Am", "Am", "Am", "Am", "Am", "Am", "Am", "Am", "Am", "Am", "Am", "Am", "Am", "Am", "Am", "Am", "Am"]
}
}