{
"metadata": {
    "version": {
        "essentia": "2.1-beta2"
    }
},
"lowLevel": {
    "dissonance": {
        "mean": 0.274119257927
    },
    "hfc": {
        "mean": 66.822807312
    },
    "spectral_centroid": {
        "mean": 0.137116640806
    },
    "mfcc": {
        "mean": [-796.067199707, 63.9256210327, 31.7366714478, 33.324672699, 3.69092178345, -13.3101596832, -15.8160514832, -16.8526058197, -17.061252594, -14.7863321304, -20.4199104309, -13.3365335464, -20.6532211304, -19.7606925964, -19.192647934, -22.3184776306, -21.1068878174, -18.3097915649, -10.6095294952, -3.36453485489, -0.339921265841, 2.0627310276, 1.72791683674, 2.88894891739, 0.793210566044, 0.695868730545, 1.32520389557, -1.31776428223, -3.31199455261, -2.777957201, -0.712160229683, -1.03623700142, -0.865927517414, 1.24047672749, 1.70290708542, -0.81365698576, -2.08423042297, -1.13683462143, -0.848020970821, -0.536630451679]
    },
    "spectral_contrast": {
        "mean": [-0.523457467556, -0.800958633423, -0.827939689159, -0.812543749809, -0.84559327364, -0.739639520645]
    }
},
"sfx": {
    "inharmonicity": {
        "mean": 0.0958609879017
    },
    "logattacktime": {
        "mean": -4.91275930405
    }
}
}