{
"metadata": {
    "version": {
        "essentia": "2.1-beta2"
    }
},
"lowLevel": {
    "average_loudness": 0.964896023273,
    "barkbands_kurtosis": {
        "mean": 0.807150423527
    },
    "barkbands_skewness": {
        "mean": 0.447876393795
    },
    "barkbands_spread": {
        "mean": 10.3009490967
    },
    "dissonance": {
        "mean": 0.407907247543
    },
    "hfc": {
        "mean": 206.919174194
    },
    "pitch": {
        "mean": 1032.21008301
    },
    "pitch_instantaneous_confidence": {
        "mean": 0.895932137966
    },
    "pitch_salience": {
        "mean": 0.508950531483
    },
    "silence_rate_20dB": {
        "mean": 1
    },
    "silence_rate_30dB": {
        "mean": 0.272727280855
    },
    "silence_rate_60dB": {
        "mean": 0.181818187237
    },
    "spectral_centroid": {
        "mean": 1567.80419922
    },
    "spectral_complexity": {
        "mean": 3.12299466133
    },
    "spectral_crest": {
        "mean": 15.9925689697
    },
    "spectral_decrease": {
        "mean": -2.97914493075e-08
    },
    "spectral_energy": {
        "mean": 0.131207764149
    },
    "spectral_energyband_high": {
        "mean": 0.000310694798827
    },
    "spectral_energyband_low": {
        "mean": 2.85948033252e-07
    },
    "spectral_energyband_middle_high": {
        "mean": 0.130895838141
    },
    "spectral_energyband_middle_low": {
        "mean": 1.03943227714e-06
    },
    "spectral_flatness_db": {
        "mean": 0.498182952404
    },
    "spectral_flux": {
        "mean": 0.0338279381394
    },
    "spectral_kurtosis": {
        "mean": 25.8136558533
    },
    "spectral_rms": {
        "mean": 0.0101029407233
    },
    "spectral_rolloff": {
        "mean": 2187.9777832
    },
    "spectral_skewness": {
        "mean": 4.16590356827
    },
    "spectral_spread": {
        "mean": 5967863
    },
    "spectral_strongpeak": {
        "mean": 14.365272522
    },
    "zerocrossingrate": {
        "mean": 0.082673586905
    },
    "barkbands": {
        "mean": [5.08212792738e-07, 6.46330207132e-08, 4.82023398973e-09, 3.4563261142e-09, 1.44969396487e-08, 1.04614294116e-07, 1.94789890884e-08, 2.23777920638e-08, 8.36352342048e-07, 1.16263379368e-07, 0.0607039406896, 0.00802585482597, 5.17133344147e-07, 7.69641474108e-07, 6.10992515249e-07, 0.0598611943424, 2.781259127e-06, 0.000119400465337, 0.00218044617213, 0.000242564230575, 4.17874325649e-05, 1.14788417704e-05, 5.15742021889e-06, 6.61620015308e-06, 2.68275880444e-06, 5.64151775961e-07, 8.51346371178e-08]
    },
    "mfcc": {
        "mean": [-901.011352539, -22.6296443939, -94.6307220459, -14.9932689667, 5.03895330429, 5.01572465897, 16.5363349915, 37.9682617188, 21.8056926727, -37.7709770203, -39.9201507568, 3.72099232674, 51.6122093201]
    },
    "sccoeffs": {
        "mean": [-0.792250216007, -0.86802893877, -0.312765032053, -0.403487414122, -0.634968340397, -0.771822869778]
    },
    "scvalleys": {
        "mean": [-10.7479276657, -10.5888662338, -9.8689031601, -9.78753852844, -10.1341133118, -11.2673788071]
    }
},
"rhythm": {
    "beats_loudness": {
        "mean": 0.168633297086
    },
    "bpm": 99.3840179443,
    "first_peak_bpm": {
        "mean": 99
    },
    "first_peak_spread": {
        "mean": 0
    },
    "first_peak_weight": {
        "mean": 1
    },
    "onset_rate": 0.698326230049,
    "second_peak_bpm": {
        "mean": 0
    },
    "second_peak_spread": {
        "mean": 0
    },
    "second_peak_weight": {
        "mean": 0
    },
    "beats_loudness_band_ratio": {
        "mean": [3.07682148559e-06, 1.16294359032e-06, 1.11897097668e-05, 0.463303893805, 0.53544408083, 0.00139606848825]
    },
    "beats_position": [0.580498874187, 1.18421769142, 1.78793644905, 2.39165520668, 2.99537420273, 3.59909296036],
    "bpm_estimates": [99.3840179443, 99.3840255737, 99.3840255737, 99.3839874268, 99.3840255737],
    "bpm_intervals": [0.603718817234, 0.603718757629, 0.603718757629, 0.603718996048, 0.603718757629],
    "onset_times": [0.31346938014, 0.96362811327, 1.19582772255]
},
"sfx": {
    "inharmonicity": {
        "mean": 0.0680252015591
    },
    "oddtoevenharmonicenergyratio": {
        "mean": 1.94589006901
    },
    "pitch_after_max_to_before_max_energy_ratio": 0.0714531391859,
    "pitch_centroid": 94.0274658203,
    "pitch_max_to_total": 0.99465239048,
    "pitch_min_to_total": 0.0588235296309,
    "tristimulus": {
        "mean": [0.182689905167, 0.742806911469, 0.0388637892902]
    }
},
"tonal": {
    "chords_changes_rate": 0.0744680836797,
    "chords_number_rate": 0.0319148935378,
    "chords_strength": {
        "mean": 0.452674120665
    },
    "key_strength": 0.602832198143,
    "tuning_diatonic_strength": 0.54188811779,
    "tuning_equal_tempered_deviation": 0.172032058239,
    "tuning_frequency": 442.804626465,
    "tuning_nontempered_energy_ratio": 0.71978366375,
    "hpcp": {
        "mean": [0.020844263956, 0.016986431554, 0.0172566026449, 0.0175922419876, 0.0187549963593, 0.0205606874079, 0.026173774153, 0.0381539389491, 0.533401012421, 0.916416823864, 0.414304256439, 0.0166955608875, 0.018883632496, 0.021547626704, 0.0223579388112, 0.0192031729966, 0.0141526171938, 0.0172043461353, 0.0213846899569, 0.0192497335374, 0.0138918189332, 0.0107728410512, 0.0408660247922, 0.0689609497786, 0.0426804274321, 0.0209990125149, 0.0264097880572, 0.0297569669783, 0.0351360030472, 0.0467779785395, 0.0463722273707, 0.0352544598281, 0.0372946858406, 0.0438262559474, 0.0454393811524, 0.035645082593]
    },
    "chords_histogram": [14.8936166763, 0, 0, 0, 0, 0, 0, 15.957447052, 0, 69.1489334106, 0, 0, 0, 0, 0, 0, 0, 0, 0, 0, 0, 0, 0, 0],
    "thpcp": [1, 0.452091485262, 0.0182183049619, 0.0206059422344, 0.0235129110515, 0.0243971291929, 0.0209546275437, 0.0154434274882, 0.0187734942883, 0.0233351122588, 0.0210054349154, 0.0151588432491, 0.011755393818, 0.0445932708681, 0.0752506405115, 0.0465731583536, 0.0229142587632, 0.0288185328245, 0.0324709974229, 0.0383406355977, 0.051044434309, 0.0506016761065, 0.0384698957205, 0.0406962037086, 0.0478234961629, 0.049583747983, 0.0388961471617, 0.0227453969419, 0.0185357052833, 0.0188305173069, 0.0191967692226, 0.020465573296, 0.0224359557033, 0.0285609923303, 0.0416338257492, 0.582050681114],
    "chords_key": "C",
    "chords_scale": "major",
    "key_key": "F",
    "key_scale": "minor",
    "chords_progression": ["C", "C", "C", "C", "C", "C", "C", "C", "C", "C", "C", "C", "C", "C", "C", "Fm", "Fm", "C", "C", "C", "C", "Fm", "Fm", "Fm", "Fm", "C", "C", "C", "C", "C", "C", "C", "C", "C", "C", "C", "C", "C", "C", "C", "C", "C", "C", "C", "C", "C", "C", "C", "C", "C", "C", "C", "C", "C", "C", "C", "C", "C", "C", "C", "C", "C", "C", "C", "C", "C", "C", "C", "C", "C", "C", "Fm", "F", "F", "F", "F", "F", "F", "F", "F", "F", "F", "F", "F", "F", "F", "F", "Fm", "Fm", "Fm", "Fm", "Fm", "Fm", "Fm"]
}
}