{"lowlevel.dissonance.mean": [0.31311511993408203], "sfx.inharmonicity.mean": [0.2613774538040161], "lowlevel.spectral_contrast.mean": [[0.6048556566238403, 0.7807304859161377, 0.6534713506698608, 0.6645758152008057, 0.3303844928741455, 0.2846503257751465]], "lowlevel.spectral_centroid.mean": [0.3403395712375641], "lowlevel.mfcc.mean": [[0.42228496074676514, 0.959317684173584, 0.8091866374015808, 0.22441832721233368, 0.3270642161369324, 0.38848966360092163, 0.29968082904815674, 0.20061397552490234, 0.525700032711029, 1.02913498878479, 1.126474380493164, 0.6156549453735352, 0.35788029432296753]], "sfx.logattacktime.mean": [0.4282911717891693], "lowlevel.hfc.mean": [0.47249025106430054]}