{
"metadata": {
    "version": {
        "essentia": "2.1-beta2"
    }
},
"lowLevel": {
    "average_loudness": 0.99068403244,
    "barkbands_kurtosis": {
        "mean": 1.6865786314
    },
    "barkbands_skewness": {
        "mean": 0.711547195911
    },
    "barkbands_spread": {
        "mean": 11.7491979599
    },
    "dissonance": {
        "mean": 0.441157162189
    },
    "hfc": {
        "mean": 26.8268547058
    },
    "pitch": {
        "mean": 371.485168457
    },
    "pitch_instantaneous_confidence": {
        "mean": 0.670181870461
    },
    "pitch_salience": {
        "mean": 0.372632026672
    },
    "silence_rate_20dB": {
        "mean": 1
    },
    "silence_rate_30dB": {
        "mean": 0.967741906643
    },
    "silence_rate_60dB": {
        "mean": 0.709677398205
    },
    "spectral_centroid": {
        "mean": 1829.2923584
    },
    "spectral_complexity": {
        "mean": 7.61290311813
    },
    "spectral_crest": {
        "mean": 12.119143486
    },
    "spectral_decrease": {
        "mean": -2.57898347122e-09
    },
    "spectral_energy": {
        "mean": 0.012166951783
    },
    "spectral_energyband_high": {
        "mean": 0.00195942609571
    },
    "spectral_energyband_low": {
        "mean": 2.91969541877e-07
    },
    "spectral_energyband_middle_high": {
        "mean": 0.00541650829837
    },
    "spectral_energyband_middle_low": {
        "mean": 0.00543297501281
    },
    "spectral_flatness_db": {
        "mean": 0.296106398106
    },
    "spectral_flux": {
        "mean": 0.026019576937
    },
    "spectral_kurtosis": {
        "mean": 11.2254171371
    },
    "spectral_rms": {
        "mean": 0.00202878797427
    },
    "spectral_rolloff": {
        "mean": 2934.07397461
    },
    "spectral_skewness": {
        "mean": 2.36080980301
    },
    "spectral_spread": {
        "mean": 6684340
    },
    "spectral_strongpeak": {
        "mean": 1.33739650249
    },
    "zerocrossingrate": {
        "mean": 0.087299965322
    },
    "barkbands": {
        "mean": [2.09711501498e-07, 1.77929052825e-07, 4.05239752865e-09, 5.20682874594e-09, 6.5839230956e-08, 3.54703431071e-08, 1.30118422703e-07, 7.22489119198e-07, 0.00297271134332, 0.00249538384378, 5.62397360682e-07, 0.000237948115682, 0.000241443092818, 0.000811619218439, 0.000138099887408, 6.1659993662e-05, 0.0025125388056, 6.50565998512e-05, 0.000366695196135, 0.000584165041801, 0.000373042479623, 0.000807845557574, 0.000379361299565, 7.93951476226e-05, 2.98549784929e-05, 8.01300848252e-06, 2.17645137468e-07]
    },
    "mfcc": {
        "mean": [-882.612915039, -14.6515607834, -110.344581604, -20.400056839, -15.9065561295, 27.1167621613, 23.5281410217, 23.8479881287, 15.2798967361, 11.3843889236, 12.6367521286, -0.880272746086, -23.2207393646]
    },
    "sccoeffs": {
        "mean": [-0.801277697086, -0.870030224323, -0.490237534046, -0.583980798721, -0.678113520145, -0.708638727665]
    },
    "scvalleys": {
        "mean": [-10.8546590805, -11.3608236313, -11.0243062973, -9.89064884186, -9.88393592834, -11.7984714508]
    }
},
"rhythm": {
    "beats_loudness": {
        "mean": 0.00226876675151
    },
    "bpm": 135.999176025,
    "first_peak_bpm": {
        "mean": 136
    },
    "first_peak_spread": {
        "mean": 0
    },
    "first_peak_weight": {
        "mean": 1
    },
    "onset_rate": 0.708912014961,
    "second_peak_bpm": {
        "mean": 0
    },
    "second_peak_spread": {
        "mean": 0
    },
    "second_peak_weight": {
        "mean": 0
    },
    "beats_loudness_band_ratio": {
        "mean": [0.000378275755793, 4.04060447181e-05, 0.349869728088, 0.556600809097, 0.208061650395, 0.06758017838]
    },
    "beats_position": [0.429569154978, 0.870748281479],
    "bpm_estimates": [135.999176025],
    "bpm_intervals": [0.441179126501],
    "onset_times": [0.0464399084449]
},
"sfx": {
    "inharmonicity": {
        "mean": 0.157185211778
    },
    "oddtoevenharmonicenergyratio": {
        "mean": 174.829299927
    },
    "pitch_after_max_to_before_max_energy_ratio": 0.118763931096,
    "pitch_centroid": 30.9557094574,
    "pitch_max_to_total": 0.983870983124,
    "pitch_min_to_total": 0.387096762657,
    "tristimulus": {
        "mean": [0.0662280097604, 0.583428263664, 0.287160933018]
    }
},
"tonal": {
    "chords_changes_rate": 0,
    "chords_number_rate": 0.03125,
    "chords_strength": {
        "mean": 0.293264657259
    },
    "key_strength": 0.467732280493,
    "tuning_diatonic_strength": 0.218176454306,
    "tuning_equal_tempered_deviation": 0.247778728604,
    "tuning_frequency": 443.828887939,
    "tuning_nontempered_energy_ratio": 0.962521970272,
    "hpcp": {
        "mean": [0.0234373025596, 0.0384242720902, 0.0446214154363, 0.0373483747244, 0.0256008468568, 0.0175801739097, 0.0129825882614, 0.0184229500592, 0.0233486685902, 0.0117519674823, 0.0196278970689, 0.0279728472233, 0.0242512896657, 0.0199830569327, 0.0201706755906, 0.0424045547843, 0.0687745213509, 0.120629265904, 0.559923410416, 0.673006355762, 0.240521803498, 0.0648243278265, 0.0389849431813, 0.033536106348, 0.0205716472119, 0.0177689045668, 0.0626793429255, 0.115883499384, 0.164318814874, 0.347603678703, 0.45120126009, 0.215753242373, 0.0175088234246, 0.0173055976629, 0.0192522108555, 0.0175782386214]
    },
    "chords_histogram": [0, 0, 0, 0, 0, 0, 0, 0, 0, 100, 0, 0, 0, 0, 0, 0, 0, 0, 0, 0, 0, 0, 0, 0],
    "thpcp": [1, 0.35738414526, 0.0963205248117, 0.0579265616834, 0.0498302951455, 0.0305667947978, 0.0264022834599, 0.0931333601475, 0.172187820077, 0.24415640533, 0.516493916512, 0.670426428318, 0.320581287146, 0.0260158367455, 0.0257138703018, 0.0286062844098, 0.026118978858, 0.0348247848451, 0.057093475014, 0.0663016289473, 0.0554948337376, 0.0380395315588, 0.0261218547821, 0.0192904397845, 0.0273741092533, 0.0346930883825, 0.0174618959427, 0.0291645042598, 0.0415640175343, 0.0360342636704, 0.0296922270209, 0.0299710035324, 0.0630076602101, 0.102190002799, 0.179239422083, 0.831973433495],
    "chords_key": "D#",
    "chords_scale": "major",
    "key_key": "G#",
    "key_scale": "minor",
    "chords_progression": ["D#", "D#", "D#", "D#", "D#", "D#", "D#", "D#", "D#", "D#", "D#", "D#", "D#", "D#", "D#", "D#", "D#", "D#", "D#", "D#", "D#", "D#", "D#", "D#", "D#", "D#", "D#", "D#", "D#", "D#", "D#", "D#"]
}
}