{
"metadata": {
    "version": {
        "essentia": "2.1-beta2"
    }
},
"lowLevel": {
    "dissonance": {
        "mean": 0.158644407988
    },
    "hfc": {
        "mean": 8.89861679077
    },
    "spectral_centroid": {
        "mean": 0.0796809494495
    },
    "mfcc": {
        "mean": [-735.141296387, 127.32598114, -158.943328857, -31.0873508453, -37.5332756042, -24.1353645325, -29.0064296722, -18.1616764069, -24.4523544312, -23.1936779022, -19.3082427979, -23.0148715973, -15.0141077042, -17.7235527039, -16.1172409058, -8.28201007843, -0.843328118324, 9.58916187286, 17.955947876, 23.5995349884, 25.9662799835, 22.7579250336, 13.0453033447, 0.543506026268, -13.5822696686, -19.2869644165, -18.0755844116, -12.6667041779, -1.02528357506, 10.8375911713, 20.4434547424, 16.3451004028, 2.75062942505, -9.46999740601, -13.3309364319, -9.13077354431, -3.99840712547, -5.92953252792, -10.5773620605, -9.08706569672]
    },
    "spectral_contrast": {
        "mean": [-0.380907535553, -0.453769952059, -0.500014901161, -0.606591463089, -0.769486129284, -0.778273701668]
    }
},
"sfx": {
    "inharmonicity": {
        "mean": 0.101132765412
    },
    "logattacktime": {
        "mean": -5
    }
}
}