{"lowlevel.dissonance.mean": [0.560287594795227], "sfx.inharmonicity.mean": [0.5659692287445068], "lowlevel.spectral_contrast.mean": [[0.17805194854736328, 0.8544021844863892, 0.9585918188095093, 1.0680702924728394, 0.8377230167388916, 0.6652193069458008]], "lowlevel.spectral_centroid.mean": [0.47827011346817017], "lowlevel.mfcc.mean": [[0.43225181102752686, 0.242791086435318, -0.22230902314186096, 0.3120427131652832, 0.17292645573616028, 0.22472232580184937, 0.18579646944999695, 0.3182862401008606, 0.33823269605636597, 0.2889168858528137, 0.5312662124633789, 0.7249041795730591, 0.997130811214447]], "sfx.logattacktime.mean": [0.4576987326145172], "lowlevel.hfc.mean": [0.4736878573894501]}