{
"metadata": {
    "version": {
        "essentia": "2.1-beta2"
    }
},
"lowLevel": {
    "dissonance": {
        "mean": 0.216438636184
    },
    "hfc": {
        "mean": 3.55026960373
    },
    "spectral_centroid": {
        "mean": 0.0694591328502
    },
    "mfcc": {
        "mean": [-773.200805664, 170.913009644, -116.955291748, -32.5275154114, -22.612361908, -18.0965518951, -20.1223011017, -23.502571106, -18.2021083832, -23.0550384521, -6.24836683273, -6.1333899498, -8.41367435455, -9.10112285614, -14.9459104538, -15.5561647415, -13.9741926193, -14.3295145035, -15.2688617706, -15.5375452042, -15.9643030167, -11.5977067947, -6.03185176849, -1.12609112263, 1.56670057774, 3.42320466042, 5.33027648926, 7.01250648499, 9.49333667755, 10.0672216415, 8.75898647308, 2.96599817276, -5.17517089844, -11.129152298, -11.9135637283, -8.945977211, -5.40770053864, -0.486739069223, 1.78062987328, 1.03424155712]
    },
    "spectral_contrast": {
        "mean": [-0.492670834064, -0.590146839619, -0.669598639011, -0.721547365189, -0.784592032433, -0.821125507355]
    }
},
"sfx": {
    "inharmonicity": {
        "mean": 0.0421470440924
    },
    "logattacktime": {
        "mean": -5
    }
}
}