{"lowlevel.dissonance.mean": [0.3341708183288574], "sfx.inharmonicity.mean": [0.34060046076774597], "lowlevel.spectral_contrast.mean": [[0.322343111038208, 1.0971102714538574, 1.0266574621200562, 0.9103277921676636, 0.8706483840942383, 0.5962023735046387]], "lowlevel.spectral_centroid.mean": [0.39943331480026245], "lowlevel.mfcc.mean": [[0.46792709827423096, 0.34973978996276855, 0.10730865597724915, 0.6607237458229065, 0.42670872807502747, 0.2779642343521118, 0.3432329297065735, 0.10386922955513, 0.3477405905723572, 0.847899317741394, 0.8073916435241699, 1.4679934978485107, 1.4357162714004517]], "sfx.logattacktime.mean": [0.37497109174728394], "lowlevel.hfc.mean": [0.46642014384269714]}