{
"metadata": {
    "version": {
        "essentia": "2.1-beta2"
    }
},
"lowLevel": {
    "average_loudness": 0.926094293594,
    "barkbands_kurtosis": {
        "mean": 920.071472168
    },
    "barkbands_skewness": {
        "mean": 16.6663551331
    },
    "barkbands_spread": {
        "mean": 9.14702701569
    },
    "dissonance": {
        "mean": 0.378603875637
    },
    "hfc": {
        "mean": 32.5231513977
    },
    "pitch": {
        "mean": 1253.79052734
    },
    "pitch_instantaneous_confidence": {
        "mean": 0.82555782795
    },
    "pitch_salience": {
        "mean": 0.114687547088
    },
    "silence_rate_20dB": {
        "mean": 1
    },
    "silence_rate_30dB": {
        "mean": 1
    },
    "silence_rate_60dB": {
        "mean": 0.347031950951
    },
    "spectral_centroid": {
        "mean": 1361.64697266
    },
    "spectral_complexity": {
        "mean": 0.831050217152
    },
    "spectral_crest": {
        "mean": 24.0440158844
    },
    "spectral_decrease": {
        "mean": -5.72260194787e-09
    },
    "spectral_energy": {
        "mean": 0.0245482884347
    },
    "spectral_energyband_high": {
        "mean": 3.48821413354e-06
    },
    "spectral_energyband_low": {
        "mean": 7.93739047822e-07
    },
    "spectral_energyband_middle_high": {
        "mean": 0.0245436076075
    },
    "spectral_energyband_middle_low": {
        "mean": 1.04526655775e-07
    },
    "spectral_flatness_db": {
        "mean": 0.525776267052
    },
    "spectral_flux": {
        "mean": 0.00624646013603
    },
    "spectral_kurtosis": {
        "mean": 16.0206985474
    },
    "spectral_rms": {
        "mean": 0.00395384803414
    },
    "spectral_rolloff": {
        "mean": 1786.57019043
    },
    "spectral_skewness": {
        "mean": 3.5838239193
    },
    "spectral_spread": {
        "mean": 10285874
    },
    "spectral_strongpeak": {
        "mean": 6.53328609467
    },
    "zerocrossingrate": {
        "mean": 0.0744640082121
    },
    "barkbands": {
        "mean": [1.13628016152e-06, 1.90125021504e-07, 4.86528639598e-09, 2.27948659948e-09, 6.087760962e-09, 2.56416257116e-08, 3.43596333607e-08, 1.15004361589e-08, 1.33642927835e-08, 1.07748370226e-07, 7.79419409014e-08, 6.8839767664e-08, 0.0245191510767, 8.82872015495e-08, 6.58970762402e-08, 5.93189390941e-08, 5.68295899939e-06, 6.49215579074e-08, 4.81245194806e-08, 1.82386302185e-05, 5.3495159591e-07, 5.72793908304e-07, 4.66489836981e-07, 2.8346900649e-07, 9.00610416465e-07, 5.31650186986e-07, 1.15479981133e-08]
    },
    "mfcc": {
        "mean": [-1033.16723633, 14.9514484406, -40.9525604248, -18.5107727051, 1.12118291855, 36.5908699036, 40.0426483154, -2.59856891632, -25.9853897095, -7.83147907257, 25.1858463287, 43.573764801, 18.0089263916]
    },
    "sccoeffs": {
        "mean": [-0.722632706165, -0.88268840313, -0.873476684093, -0.456549823284, -0.77678334713, -0.83886474371]
    },
    "scvalleys": {
        "mean": [-11.0522851944, -11.0516147614, -10.8356781006, -10.9178695679, -11.4794435501, -12.1489372253]
    }
},
"rhythm": {
    "beats_loudness": {
        "mean": 0.0299951229244
    },
    "bpm": 84.4474945068,
    "first_peak_bpm": {
        "mean": 85
    },
    "first_peak_spread": {
        "mean": 0.199999988079
    },
    "first_peak_weight": {
        "mean": 0.800000011921
    },
    "onset_rate": 2.57937669754,
    "second_peak_bpm": {
        "mean": 0
    },
    "second_peak_spread": {
        "mean": 0
    },
    "second_peak_weight": {
        "mean": 0
    },
    "beats_loudness_band_ratio": {
        "mean": [0.164564624429, 0.00144288595766, 0.000411545828683, 0.83258587122, 0.00034840675653, 0.00106331752613]
    },
    "beats_position": [0.696598649025, 1.40480720997, 2.11301589012, 2.83283448219, 3.54104304314, 4.2492518425],
    "bpm_estimates": [84.7208023071, 84.7207946777, 83.3543319702, 84.7208023071, 84.7207794189],
    "bpm_intervals": [0.708208560944, 0.708208680153, 0.719818592072, 0.708208560944, 0.708208799362],
    "onset_times": [0.0580498874187, 0.27863946557, 0.441179126501, 0.777868509293, 0.870748281479, 0.99845802784, 1.07972788811, 1.30031740665, 1.60217690468, 3.21596360207, 3.56426310539, 3.85451245308, 4.96907043457]
},
"sfx": {
    "inharmonicity": {
        "mean": 0.0580595880747
    },
    "oddtoevenharmonicenergyratio": {
        "mean": 177605.203125
    },
    "pitch_after_max_to_before_max_energy_ratio": 2.22882652283,
    "pitch_centroid": 113.679046631,
    "pitch_max_to_total": 0.178082197905,
    "pitch_min_to_total": 0.0410958901048,
    "tristimulus": {
        "mean": [0.247954681516, 0.436033517122, 0.0223455261439]
    }
},
"tonal": {
    "chords_changes_rate": 0.0181818176061,
    "chords_number_rate": 0.0272727273405,
    "chords_strength": {
        "mean": 0.445299953222
    },
    "key_strength": 0.606861352921,
    "tuning_diatonic_strength": 0.462775737047,
    "tuning_equal_tempered_deviation": 0.1881595999,
    "tuning_frequency": 441.272583008,
    "tuning_nontempered_energy_ratio": 0.759112298489,
    "hpcp": {
        "mean": [0.0556126013398, 0.0536189265549, 0.0339105241001, 0.0263950247318, 0.032147590071, 0.0358014926314, 0.0338133610785, 0.029220065102, 0.0237176381052, 0.0203221384436, 0.0228800233454, 0.0278296712786, 0.0279713645577, 0.0244731940329, 0.0225852094591, 0.0230794046074, 0.0259526222944, 0.0287310425192, 0.0329603739083, 0.0428221970797, 0.460408091545, 0.812528431416, 0.433579772711, 0.134448438883, 0.093806065619, 0.0341416187584, 0.0422691553831, 0.0483764782548, 0.0442599020898, 0.0424425080419, 0.0425290577114, 0.0522359833121, 0.0653412640095, 0.0674405992031, 0.0582380257547, 0.0480757281184]
    },
    "chords_histogram": [0, 21.8181819916, 0, 0, 0, 0, 0, 0, 2.72727274895, 75.4545440674, 0, 0, 0, 0, 0, 0, 0, 0, 0, 0, 0, 0, 0, 0],
    "thpcp": [1, 0.533617973328, 0.16546921432, 0.11544957757, 0.0420189835131, 0.0520217567682, 0.0595381967723, 0.0544718205929, 0.0522351041436, 0.0523416250944, 0.0642881914973, 0.080417200923, 0.0830009132624, 0.0716750621796, 0.0591680556536, 0.0684438869357, 0.06599021703, 0.0417345687747, 0.0324850492179, 0.0395648814738, 0.04406183213, 0.0416149869561, 0.0359618999064, 0.0291899181902, 0.0250109881163, 0.0281590428203, 0.0342507064342, 0.0344250909984, 0.0301198009402, 0.0277962088585, 0.0284044276923, 0.0319405719638, 0.0353600457311, 0.0405651964247, 0.0527023971081, 0.566636264324],
    "chords_key": "E",
    "chords_scale": "major",
    "key_key": "A",
    "key_scale": "minor",
    "chords_progression": ["C", "C", "C", "C", "C", "C", "C", "C", "C", "C", "C", "C", "C", "C", "C", "C", "C", "C", "C", "C", "C", "C", "C", "C", "C#m", "C#m", "C#m", "E", "E", "E", "E", "E", "E", "E", "E", "E", "E", "E", "E", "E", "E", "E", "E", "E", "E", "E", "E", "E", "E", "E", "E", "E", "E", "E", "E", "E", "E", "E", "E", "E", "E", "E", "E", "E", "E", "E", "E", "E", "E", "E", "E", "E", "E", "E", "E", "E", "E", "E", "E", "E", "E", "E", "E", "E", "E", "E", "E", "E", "E", "E", "E", "E", "E", "E", "E", "E", "E", "E", "E", "E", "E", "E", "E", "E", "E", "E", "E", "E", "E", "E"]
}
}