{
"metadata": {
    "version": {
        "essentia": "2.1-beta2"
    }
},
"lowLevel": {
    "average_loudness": 0.99068403244,
    "barkbands_kurtosis": {
        "mean": 3.02903747559
    },
    "barkbands_skewness": {
        "mean": -0.953343570232
    },
    "barkbands_spread": {
        "mean": 14.7982206345
    },
    "dissonance": {
        "mean": 0.451368421316
    },
    "hfc": {
        "mean": 2.24320912361
    },
    "pitch": {
        "mean": 833.542175293
    },
    "pitch_instantaneous_confidence": {
        "mean": 0.447622537613
    },
    "pitch_salience": {
        "mean": 0.621525704861
    },
    "silence_rate_20dB": {
        "mean": 1
    },
    "silence_rate_30dB": {
        "mean": 1
    },
    "silence_rate_60dB": {
        "mean": 1
    },
    "spectral_centroid": {
        "mean": 4132.26806641
    },
    "spectral_complexity": {
        "mean": 2.5
    },
    "spectral_crest": {
        "mean": 6.58941698074
    },
    "spectral_decrease": {
        "mean": -1.19117812836e-10
    },
    "spectral_energy": {
        "mean": 0.00065304315649
    },
    "spectral_energyband_high": {
        "mean": 0.00020881468663
    },
    "spectral_energyband_low": {
        "mean": 2.82225386172e-07
    },
    "spectral_energyband_middle_high": {
        "mean": 0.000430837942986
    },
    "spectral_energyband_middle_low": {
        "mean": 1.38594405144e-05
    },
    "spectral_flatness_db": {
        "mean": 0.161020964384
    },
    "spectral_flux": {
        "mean": 0.0149821480736
    },
    "spectral_kurtosis": {
        "mean": 2.45398116112
    },
    "spectral_rms": {
        "mean": 0.000555332924705
    },
    "spectral_rolloff": {
        "mean": 6463.55078125
    },
    "spectral_skewness": {
        "mean": 1.24158632755
    },
    "spectral_spread": {
        "mean": 11992752
    },
    "spectral_strongpeak": {
        "mean": 0.683356940746
    },
    "zerocrossingrate": {
        "mean": 0.171468093991
    },
    "barkbands": {
        "mean": [3.85681204307e-07, 1.24908709154e-07, 3.40993522308e-09, 2.37312547391e-09, 5.38622622059e-08, 2.10408206414e-08, 4.1995587452e-08, 2.64760888058e-06, 9.67427968135e-06, 7.95744199422e-06, 2.04393218155e-05, 1.52959855768e-05, 1.86412180483e-05, 5.79889347136e-05, 2.20054062083e-05, 3.2478968933e-05, 5.68515533814e-05, 9.81713819783e-05, 8.97069912753e-05, 3.06951078528e-05, 7.2760754847e-05, 7.01775716152e-05, 3.1373820093e-05, 1.12920051833e-05, 3.1977249364e-06, 1.00995305274e-06, 4.47491430577e-08]
    },
    "mfcc": {
        "mean": [-938.75604248, -37.2017860413, -57.0200157166, 8.26889133453, -9.71669101715, 11.7550458908, 0.383865207434, 13.3192138672, 7.825319767, 12.1517286301, 13.4283103943, 1.87679302692, -4.60306072235]
    },
    "sccoeffs": {
        "mean": [-0.806684434414, -0.827443361282, -0.873597443104, -0.779262602329, -0.796359598637, -0.777824103832]
    },
    "scvalleys": {
        "mean": [-12.340174675, -12.2336835861, -11.1586027145, -11.2423276901, -10.87890625, -12.0705652237]
    }
},
"rhythm": {
    "bpm": 0,
    "first_peak_bpm": {
        "mean": 0
    },
    "first_peak_spread": {
        "mean": 0
    },
    "first_peak_weight": {
        "mean": 0
    },
    "onset_rate": 4.25347232819,
    "second_peak_bpm": {
        "mean": 0
    },
    "second_peak_spread": {
        "mean": 0
    },
    "second_peak_weight": {
        "mean": 0
    },
    "beats_position": [],
    "bpm_estimates": [],
    "bpm_intervals": [],
    "onset_times": [0.0464399084449]
},
"sfx": {
    "inharmonicity": {
        "mean": 0.100725799799
    },
    "oddtoevenharmonicenergyratio": {
        "mean": 5.62921953201
    },
    "pitch_after_max_to_before_max_energy_ratio": 0.686998665333,
    "pitch_centroid": 6.62295436859,
    "pitch_max_to_total": 0.916666686535,
    "pitch_min_to_total": 0.333333343267,
    "tristimulus": {
        "mean": [0.225172773004, 0.425822764635, 0.197095111012]
    }
},
"tonal": {
    "chords_changes_rate": 0,
    "chords_number_rate": 0.142857149243,
    "chords_strength": {
        "mean": 0.222473755479
    },
    "key_strength": 0.747755169868,
    "tuning_diatonic_strength": 0.349061787128,
    "tuning_equal_tempered_deviation": 0.239550590515,
    "tuning_frequency": 431.443084717,
    "tuning_nontempered_energy_ratio": 0.852424800396,
    "hpcp": {
        "mean": [0.107661537826, 0.169573992491, 0.207146719098, 0.193674728274, 0.158179596066, 0.0796751603484, 0.0256843306124, 0.0214476194233, 0.0915099158883, 0.144043460488, 0.13028845191, 0.212105348706, 0.237554684281, 0.143444061279, 0.182241752744, 0.196272850037, 0.151383191347, 0.271297305822, 0.434847414494, 0.456279486418, 0.291551530361, 0.119650654495, 0.102102778852, 0.124583765864, 0.0731325000525, 0.0172998644412, 0.0109823187813, 0.0230591055006, 0.0262275058776, 0.18958517909, 0.43300780654, 0.52850663662, 0.431598395109, 0.31627112627, 0.319971114397, 0.208301320672]
    },
    "chords_histogram": [0, 0, 100, 0, 0, 0, 0, 0, 0, 0, 0, 0, 0, 0, 0, 0, 0, 0, 0, 0, 0, 0, 0, 0],
    "thpcp": [1, 0.816637635231, 0.598424136639, 0.605424940586, 0.39413189888, 0.203708961606, 0.320854991674, 0.391947239637, 0.366456568241, 0.299295395613, 0.150755271316, 0.0485979355872, 0.0405815504491, 0.173148095608, 0.272548049688, 0.246521890163, 0.401329576969, 0.449482887983, 0.27141392231, 0.34482395649, 0.371372550726, 0.286435753107, 0.513328075409, 0.822785139084, 0.863337278366, 0.551651597023, 0.226393848658, 0.193191096187, 0.235727906227, 0.138375744224, 0.0327334851027, 0.0207799077034, 0.043630681932, 0.0496256873012, 0.358718633652, 0.819304406643],
    "chords_key": "D#",
    "chords_scale": "major",
    "key_key": "G#",
    "key_scale": "major",
    "chords_progression": ["D#", "D#", "D#", "D#", "D#", "D#", "D#"]
}
}