{
"metadata": {
    "version": {
        "essentia": "2.1-beta2"
    }
},
"lowLevel": {
    "average_loudness": 0.90673905611,
    "barkbands_kurtosis": {
        "mean": 1.80284810066
    },
    "barkbands_skewness": {
        "mean": 0.187350183725
    },
    "barkbands_spread": {
        "mean": 15.1850547791
    },
    "dissonance": {
        "mean": 0.445877313614
    },
    "hfc": {
        "mean": 16.9287986755
    },
    "pitch": {
        "mean": 566.110473633
    },
    "pitch_instantaneous_confidence": {
        "mean": 0.675360620022
    },
    "pitch_salience": {
        "mean": 0.760356128216
    },
    "silence_rate_20dB": {
        "mean": 1
    },
    "silence_rate_30dB": {
        "mean": 1
    },
    "silence_rate_60dB": {
        "mean": 0.448453605175
    },
    "spectral_centroid": {
        "mean": 1599.87634277
    },
    "spectral_complexity": {
        "mean": 5.69072151184
    },
    "spectral_crest": {
        "mean": 9.39319324493
    },
    "spectral_decrease": {
        "mean": -2.81544831893e-09
    },
    "spectral_energy": {
        "mean": 0.0121616283432
    },
    "spectral_energyband_high": {
        "mean": 5.43469104741e-05
    },
    "spectral_energyband_low": {
        "mean": 6.44695674623e-09
    },
    "spectral_energyband_middle_high": {
        "mean": 0.00959226302803
    },
    "spectral_energyband_middle_low": {
        "mean": 0.00299255177379
    },
    "spectral_flatness_db": {
        "mean": 0.27946549654
    },
    "spectral_flux": {
        "mean": 0.00803174357861
    },
    "spectral_kurtosis": {
        "mean": 12.5207920074
    },
    "spectral_rms": {
        "mean": 0.00256546959281
    },
    "spectral_rolloff": {
        "mean": 2439.80419922
    },
    "spectral_skewness": {
        "mean": 2.50202488899
    },
    "spectral_spread": {
        "mean": 9741793
    },
    "spectral_strongpeak": {
        "mean": 2.22842788696
    },
    "zerocrossingrate": {
        "mean": 0.0940117612481
    },
    "barkbands": {
        "mean": [8.11531464251e-09, 1.88965842973e-09, 9.37222521813e-10, 1.17784260123e-09, 6.48728137875e-09, 0.00115892279427, 0.000421747332439, 3.3110254094e-08, 0.000129155014292, 0.00130608677864, 3.09431186452e-07, 0.0043738395907, 1.31586602947e-06, 0.00168282282539, 0.00129617762286, 2.32326856349e-05, 0.000904301181436, 0.000567204959225, 0.000182765856152, 8.60093277879e-05, 1.76792091224e-05, 8.42839926918e-06, 1.24033692828e-06, 2.92903280297e-07, 5.91237245828e-08, 9.41724120906e-09, 8.02921340526e-10]
    },
    "mfcc": {
        "mean": [-906.284790039, 30.3041648865, -119.682029724, -16.7888393402, -22.5057201385, -11.043926239, -18.2100372314, -14.6805887222, -13.3622846603, -12.0951766968, -8.57407474518, -1.49547064304, 7.15845966339]
    },
    "sccoeffs": {
        "mean": [-0.874509036541, -0.559293270111, -0.568899452686, -0.643648087978, -0.70816975832, -0.785913467407]
    },
    "scvalleys": {
        "mean": [-11.6581993103, -10.8693685532, -10.2174940109, -10.0988798141, -10.455291748, -12.218952179]
    }
},
"rhythm": {
    "beats_loudness": {
        "mean": 0.0147715639323
    },
    "bpm": 151.999084473,
    "first_peak_bpm": {
        "mean": 152
    },
    "first_peak_spread": {
        "mean": 0
    },
    "first_peak_weight": {
        "mean": 0.444444447756
    },
    "onset_rate": 1.79211843014,
    "second_peak_bpm": {
        "mean": 140
    },
    "second_peak_spread": {
        "mean": 0.25
    },
    "second_peak_weight": {
        "mean": 0.333333343267
    },
    "beats_loudness_band_ratio": {
        "mean": [0.00333865219727, 0.0956866517663, 0.140729099512, 0.465571403503, 0.282273352146, 0.0883134454489]
    },
    "beats_position": [0.429569154978, 0.859138309956, 1.28870749474, 1.71827661991, 2.13623571396, 2.50775504112, 2.90249419212, 3.29723358154, 3.69197273254, 4.08671188354],
    "bpm_estimates": [151.99911499, 151.999023438, 151.99911499, 151.99911499],
    "bpm_intervals": [0.429569154978, 0.42956918478, 0.429569125175, 0.417959094048, 0.371519327164, 0.394739151001, 0.39473938942, 0.394739151001, 0.394739151001],
    "onset_times": [0.557278931141, 0.870748281479, 0.986848056316, 1.09133791924, 1.55573701859, 1.70666670799, 1.96208620071, 2.51936507225]
},
"sfx": {
    "inharmonicity": {
        "mean": 0.0484492518008
    },
    "oddtoevenharmonicenergyratio": {
        "mean": 1.62598991394
    },
    "pitch_after_max_to_before_max_energy_ratio": 0.181176885962,
    "pitch_centroid": 85.5177764893,
    "pitch_max_to_total": 0.99484539032,
    "pitch_min_to_total": 0.0463917516172,
    "tristimulus": {
        "mean": [0.244405850768, 0.638116121292, 0.105306722224]
    }
},
"tonal": {
    "chords_changes_rate": 0.0204081628472,
    "chords_number_rate": 0.0306122452021,
    "chords_strength": {
        "mean": 0.512888252735
    },
    "key_strength": 0.771222949028,
    "tuning_diatonic_strength": 0.534759402275,
    "tuning_equal_tempered_deviation": 0.138033315539,
    "tuning_frequency": 439.745910645,
    "tuning_nontempered_energy_ratio": 0.678658008575,
    "hpcp": {
        "mean": [0.145247772336, 0.129193142056, 0.120172604918, 0.118919976056, 0.138945639133, 0.236119478941, 0.216132968664, 0.121967412531, 0.116436697543, 0.124986328185, 0.133782342076, 0.118174150586, 0.120479717851, 0.154452845454, 0.476287841797, 0.720580458641, 0.409967273474, 0.164605736732, 0.155862256885, 0.114215373993, 0.0893462747335, 0.104467689991, 0.163323774934, 0.225955307484, 0.171708211303, 0.109124340117, 0.126088440418, 0.153027325869, 0.178559869528, 0.47387906909, 0.666197419167, 0.364265412092, 0.15161781013, 0.147299468517, 0.144286692142, 0.14321000874]
    },
    "chords_histogram": [45.9183654785, 0, 0, 0, 0, 17.3469390869, 0, 0, 0, 0, 0, 0, 0, 0, 0, 0, 0, 36.7346954346, 0, 0, 0, 0, 0, 0],
    "thpcp": [1, 0.568940341473, 0.228434920311, 0.216300979257, 0.158504679799, 0.123992085457, 0.144977137446, 0.226655840874, 0.313574016094, 0.2382915169, 0.151439487934, 0.174981757998, 0.212366744876, 0.247800037265, 0.657635211945, 0.924528837204, 0.505516648293, 0.210410654545, 0.204417794943, 0.200236752629, 0.198742568493, 0.201570510864, 0.179290384054, 0.166771948338, 0.165033578873, 0.192824602127, 0.327679544687, 0.299942880869, 0.169262722135, 0.161587357521, 0.173452287912, 0.185659125447, 0.163998544216, 0.16719815135, 0.214345037937, 0.660978019238],
    "chords_key": "G",
    "chords_scale": "major",
    "key_key": "G",
    "key_scale": "major",
    "chords_progression": ["C#m", "C#m", "C#m", "C#m", "C#m", "C#m", "C#m", "C#m", "C#m", "C#m", "C#m", "C#m", "C#m", "C#m", "C#m", "C#m", "C#m", "Gm", "Gm", "Gm", "Gm", "Gm", "Gm", "Gm", "Gm", "Gm", "Gm", "Gm", "Gm", "Gm", "Gm", "Gm", "Gm", "Gm", "Gm", "Gm", "Gm", "Gm", "Gm", "Gm", "Gm", "Gm", "Gm", "Gm", "Gm", "Gm", "Gm", "Gm", "Gm", "Gm", "Gm", "Gm", "Gm", "G", "G", "G", "G", "G", "G", "G", "G", "G", "G", "G", "G", "G", "G", "G", "G", "G", "G", "G", "G", "G", "G", "G", "G", "G", "G", "G", "G", "G", "G", "G", "G", "G", "G", "G", "G", "G", "G", "G", "G", "G", "G", "G", "G", "G"]
}
}