{"lowlevel.dissonance.mean": [0.30389344692230225], "sfx.inharmonicity.mean": [0.32494309544563293], "lowlevel.spectral_contrast.mean": [[0.3408747911453247, 0.9543086290359497, 0.97645103931427, 0.6182808876037598, 0.7315464019775391, 0.4722580909729004]], "lowlevel.spectral_centroid.mean": [0.3982701599597931], "lowlevel.mfcc.mean": [[0.3964439630508423, 0.42484351992607117, 0.19156360626220703, 0.5801960825920105, 0.4277583360671997, 0.3314855098724365, 0.4952194392681122, 0.4421803653240204, 0.47868403792381287, 0.20122861862182617, 0.4319917559623718, 0.9747061133384705, 0.8181076049804688]], "sfx.logattacktime.mean": [0.63729327917099], "lowlevel.hfc.mean": [0.46613651514053345]}