{
"metadata": {
    "version": {
        "essentia": "2.1-beta2"
    }
},
"lowLevel": {
    "average_loudness": 0.964625060558,
    "barkbands_kurtosis": {
        "mean": 13.6972999573
    },
    "barkbands_skewness": {
        "mean": 0.851359903812
    },
    "barkbands_spread": {
        "mean": 7.84666538239
    },
    "dissonance": {
        "mean": 0.242747232318
    },
    "hfc": {
        "mean": 7.89124917984
    },
    "pitch": {
        "mean": 191.746261597
    },
    "pitch_instantaneous_confidence": {
        "mean": 0.728898525238
    },
    "pitch_salience": {
        "mean": 0.424705862999
    },
    "silence_rate_20dB": {
        "mean": 1
    },
    "silence_rate_30dB": {
        "mean": 1
    },
    "silence_rate_60dB": {
        "mean": 0.358490556479
    },
    "spectral_centroid": {
        "mean": 766.733947754
    },
    "spectral_complexity": {
        "mean": 4.5
    },
    "spectral_crest": {
        "mean": 18.7116680145
    },
    "spectral_decrease": {
        "mean": -3.74160213923e-09
    },
    "spectral_energy": {
        "mean": 0.0148373953998
    },
    "spectral_energyband_high": {
        "mean": 3.92014214867e-07
    },
    "spectral_energyband_low": {
        "mean": 5.30121105839e-05
    },
    "spectral_energyband_middle_high": {
        "mean": 0.000710728520062
    },
    "spectral_energyband_middle_low": {
        "mean": 0.0141250491142
    },
    "spectral_flatness_db": {
        "mean": 0.342493414879
    },
    "spectral_flux": {
        "mean": 0.00916896946728
    },
    "spectral_kurtosis": {
        "mean": 62.0736465454
    },
    "spectral_rms": {
        "mean": 0.00304941390641
    },
    "spectral_rolloff": {
        "mean": 1029.12341309
    },
    "spectral_skewness": {
        "mean": 6.34778690338
    },
    "spectral_spread": {
        "mean": 11005147
    },
    "spectral_strongpeak": {
        "mean": 1.82810759544
    },
    "zerocrossingrate": {
        "mean": 0.0457418188453
    },
    "barkbands": {
        "mean": [5.19095635809e-07, 3.78659620992e-07, 3.95587051116e-07, 0.000302317930618, 0.000112120047561, 0.000678099051584, 0.00067284546094, 0.0123082771897, 5.13407430844e-05, 0.000521317881066, 1.97396548174e-05, 0.000107788539026, 1.01217174233e-05, 3.83030201192e-05, 5.22359505339e-06, 7.23366611055e-06, 4.40174829919e-07, 3.28441785769e-07, 2.17083638177e-07, 9.64173452189e-08, 1.93716203967e-07, 4.77773447471e-08, 1.38986848697e-08, 3.44377042438e-08, 2.84019723296e-08, 1.47971226383e-08, 5.06200636963e-09]
    },
    "mfcc": {
        "mean": [-934.052612305, 176.231552124, 9.99288749695, -37.3377380371, -20.3555927277, -15.6970472336, -24.5834503174, -22.5879707336, -7.63947343826, -3.01970028877, -3.48774409294, -2.26947140694, -3.71565127373]
    },
    "sccoeffs": {
        "mean": [-0.568971812725, -0.424015969038, -0.603516817093, -0.671561121941, -0.827741324902, -0.88514316082]
    },
    "scvalleys": {
        "mean": [-9.69012069702, -9.85492992401, -10.4272050858, -10.9016838074, -12.0075397491, -12.7370882034]
    }
},
"rhythm": {
    "beats_loudness": {
        "mean": 0.018898576498
    },
    "bpm": 178.205810547,
    "first_peak_bpm": {
        "mean": 178
    },
    "first_peak_spread": {
        "mean": 0
    },
    "first_peak_weight": {
        "mean": 0.600000023842
    },
    "onset_rate": 1.23487901688,
    "second_peak_bpm": {
        "mean": 172
    },
    "second_peak_spread": {
        "mean": 0
    },
    "second_peak_weight": {
        "mean": 0.20000000298
    },
    "beats_loudness_band_ratio": {
        "mean": [0.0418486483395, 0.0658207312226, 0.848871767521, 0.0472028292716, 0.00118295755237, 2.62169214693e-05]
    },
    "beats_position": [0.31346938014, 0.650158703327, 0.975238084793, 1.31192743778, 1.64861679077, 1.99691605568],
    "bpm_estimates": [178.205825806, 178.205810547, 178.205810547],
    "bpm_intervals": [0.336689323187, 0.325079381466, 0.336689352989, 0.336689352989, 0.348299264908],
    "onset_times": [0.0928798168898, 0.27863946557, 0.638548731804]
},
"sfx": {
    "inharmonicity": {
        "mean": 0.114928014576
    },
    "oddtoevenharmonicenergyratio": {
        "mean": 0.982804000378
    },
    "pitch_after_max_to_before_max_energy_ratio": 9.02842617035,
    "pitch_centroid": 48.3264122009,
    "pitch_max_to_total": 0.0377358496189,
    "pitch_min_to_total": 0.952830195427,
    "tristimulus": {
        "mean": [0.262954056263, 0.6856752038, 0.049330573529]
    }
},
"tonal": {
    "chords_changes_rate": 0.0555555559695,
    "chords_number_rate": 0.037037037313,
    "chords_strength": {
        "mean": 0.567735016346
    },
    "key_strength": 0.717470228672,
    "tuning_diatonic_strength": 0.611754179001,
    "tuning_equal_tempered_deviation": 0.0440554134548,
    "tuning_frequency": 442.804626465,
    "tuning_nontempered_energy_ratio": 0.634495019913,
    "hpcp": {
        "mean": [0.0257395226508, 0.0177808906883, 0.0233287233859, 0.0160700436682, 0.00702755153179, 0.00501984776929, 0.00601314613596, 0.025016060099, 0.408597558737, 0.733334600925, 0.356348305941, 0.0200313236564, 0.0208820477128, 0.013705868274, 0.0043724430725, 0.00384984421544, 0.014573905617, 0.0352769494057, 0.0410213246942, 0.0281813237816, 0.0351576656103, 0.049957819283, 0.11079288274, 0.225942835212, 0.207447350025, 0.0716347247362, 0.00696738995612, 0.00428466824815, 0.00343308993615, 0.00296104350127, 0.00298818247393, 0.00250724726357, 0.00368578708731, 0.00474856840447, 0.00951042119414, 0.027583565563]
    },
    "chords_histogram": [51.851852417, 0, 0, 0, 0, 0, 0, 0, 0, 0, 0, 0, 0, 0, 0, 0, 0, 48.148147583, 0, 0, 0, 0, 0, 0],
    "thpcp": [1, 0.485928654671, 0.0273153949529, 0.0284754708409, 0.018689788878, 0.00596241187304, 0.00524977827445, 0.0198734737933, 0.0481048487127, 0.0559380725026, 0.0384290106595, 0.0479421876371, 0.0681241825223, 0.151080936193, 0.308103322983, 0.282882273197, 0.0976835489273, 0.00950097013265, 0.00584271922708, 0.0046814782545, 0.00403777975589, 0.00407478725538, 0.00341896759346, 0.00502606481314, 0.00647530937567, 0.0129687339067, 0.0376138873398, 0.035099286586, 0.0242466274649, 0.0318118408322, 0.0219136588275, 0.0095830084756, 0.00684523489326, 0.00819973088801, 0.0341127514839, 0.55717754364],
    "chords_key": "F",
    "chords_scale": "major",
    "key_key": "F",
    "key_scale": "major",
    "chords_progression": ["F", "F", "F", "F", "F", "F", "F", "F", "F", "F", "F", "F", "F", "F", "F", "F", "F", "F", "F", "F", "F", "F", "F", "F", "F", "Fm", "F", "F", "F", "Fm", "Fm", "Fm", "Fm", "Fm", "Fm", "Fm", "Fm", "Fm", "Fm", "Fm", "Fm", "Fm", "Fm", "Fm", "Fm", "Fm", "Fm", "Fm", "Fm", "Fm", "Fm", "Fm", "Fm", "Fm"]
}
}