{
"metadata": {
    "version": {
        "essentia": "2.1-beta2"
    }
},
"lowLevel": {
    "dissonance": {
        "mean": 0.230143368244
    },
    "hfc": {
        "mean": 29.8188381195
    },
    "spectral_centroid": {
        "mean": 0.0975373834372
    },
    "mfcc": {
        "mean": [-740.581359863, 19.4771995544, -163.319046021, -24.175579071, -57.1167831421, -26.066198349, -33.86926651, -20.0792694092, -22.9028644562, -4.5367102623, 14.8063669205, 29.5900554657, 40.0803413391, 36.262046814, 13.3052558899, -7.48539447784, -30.1145267487, -34.7325630188, -23.383058548, 14.8111925125, 40.4626693726, 28.8653507233, -8.97980117798, -27.345457077, -6.52656650543, 24.5824985504, 19.8688659668, -12.1565666199, -17.5467147827, 6.48960447311, 18.8816242218, -2.74038386345, -25.3623771667, -8.72741031647, 17.7236232758, 6.89341259003, -5.19480323792, 5.4325094223, 3.22978019714, -11.5426006317]
    },
    "spectral_contrast": {
        "mean": [-0.329466223717, -0.414681881666, -0.444576203823, -0.535357058048, -0.693091452122, -0.696440458298]
    }
},
"sfx": {
    "inharmonicity": {
        "mean": 0.215444073081
    },
    "logattacktime": {
        "mean": -5
    }
}
}