{"lowlevel.dissonance.mean": [0.6811745166778564], "sfx.inharmonicity.mean": [0.6406893730163574], "lowlevel.spectral_contrast.mean": [[0.44000566005706787, 0.31510794162750244, 0.46309423446655273, 1.4311152696609497, 0.5062577724456787, 0.5325233936309814]], "lowlevel.spectral_centroid.mean": [0.48018336296081543], "lowlevel.mfcc.mean": [[0.2389984130859375, 0.1869199126958847, 0.14563289284706116, 0.24383094906806946, 0.6948124170303345, 1.0853266716003418, 0.6771142482757568, -0.14036685228347778, 0.3559691309928894, 1.2800045013427734, 1.5627222061157227, 0.27717113494873047, 0.0796976387500763]], "sfx.logattacktime.mean": [0.5122934579849243], "lowlevel.hfc.mean": [0.4843752384185791]}