{
"metadata": {
    "version": {
        "essentia": "2.1-beta2"
    }
},
"lowLevel": {
    "average_loudness": 0.99068403244,
    "barkbands_kurtosis": {
        "mean": 4.15695476532
    },
    "barkbands_skewness": {
        "mean": -1.63473260403
    },
    "barkbands_spread": {
        "mean": 19.1402683258
    },
    "dissonance": {
        "mean": 0.485707551241
    },
    "hfc": {
        "mean": 152.441757202
    },
    "pitch": {
        "mean": 1723.29492188
    },
    "pitch_instantaneous_confidence": {
        "mean": 0.335609197617
    },
    "pitch_salience": {
        "mean": 0.682934522629
    },
    "silence_rate_20dB": {
        "mean": 1
    },
    "silence_rate_30dB": {
        "mean": 0.885245919228
    },
    "silence_rate_60dB": {
        "mean": 0.459016382694
    },
    "spectral_centroid": {
        "mean": 4567.44238281
    },
    "spectral_complexity": {
        "mean": 20.4918041229
    },
    "spectral_crest": {
        "mean": 6.93550729752
    },
    "spectral_decrease": {
        "mean": -3.71134878385e-09
    },
    "spectral_energy": {
        "mean": 0.0278344042599
    },
    "spectral_energyband_high": {
        "mean": 0.0190659221262
    },
    "spectral_energyband_low": {
        "mean": 2.20968449867e-05
    },
    "spectral_energyband_middle_high": {
        "mean": 0.00817927811295
    },
    "spectral_energyband_middle_low": {
        "mean": 0.000560578831937
    },
    "spectral_flatness_db": {
        "mean": 0.157995000482
    },
    "spectral_flux": {
        "mean": 0.0727307647467
    },
    "spectral_kurtosis": {
        "mean": 1.09547281265
    },
    "spectral_rms": {
        "mean": 0.00378541089594
    },
    "spectral_rolloff": {
        "mean": 6899.44970703
    },
    "spectral_skewness": {
        "mean": 0.841892242432
    },
    "spectral_spread": {
        "mean": 10333529
    },
    "spectral_strongpeak": {
        "mean": 4.04188966751
    },
    "zerocrossingrate": {
        "mean": 0.221935838461
    },
    "barkbands": {
        "mean": [5.34289792995e-05, 3.60929175258e-06, 1.72748087834e-07, 7.89975274529e-07, 2.1224241209e-05, 4.77824469272e-05, 0.000107445914182, 0.000288714887574, 8.80368606886e-05, 1.87274763448e-05, 2.87598450086e-05, 0.000161085888976, 0.000174652901478, 0.000685140024871, 0.000268347910605, 0.000965984771028, 0.000473843188956, 0.0020207578782, 0.00292566348799, 0.00109706725925, 0.00295145646669, 0.00449961097911, 0.00657484540716, 0.0030357753858, 0.00110338069499, 0.000226148476941, 1.19653986985e-05]
    },
    "mfcc": {
        "mean": [-700.767272949, -50.3118553162, -53.4755401611, 8.80842018127, -12.6436653137, -1.25388455391, -22.3537559509, 3.52374124527, -8.13524150848, 8.08233356476, 20.06291008, 17.6351852417, 11.0161962509]
    },
    "sccoeffs": {
        "mean": [-0.656164646149, -0.80165374279, -0.801402747631, -0.766328155994, -0.767187654972, -0.752069234848]
    },
    "scvalleys": {
        "mean": [-9.66292667389, -8.00445365906, -8.40025901794, -7.44026088715, -7.19313192368, -7.88376426697]
    }
},
"rhythm": {
    "beats_loudness": {
        "mean": 0.0147441243753
    },
    "bpm": 126.048019409,
    "first_peak_bpm": {
        "mean": 126
    },
    "first_peak_spread": {
        "mean": 0
    },
    "first_peak_weight": {
        "mean": 1
    },
    "onset_rate": 0.722287714481,
    "second_peak_bpm": {
        "mean": 0
    },
    "second_peak_spread": {
        "mean": 0
    },
    "second_peak_weight": {
        "mean": 0
    },
    "beats_loudness_band_ratio": {
        "mean": [0.0276903603226, 0.000688509957399, 0.00657753925771, 0.0296857114881, 0.375332474709, 0.570447385311]
    },
    "beats_position": [0.46439909935, 0.940408170223],
    "bpm_estimates": [126.048019409],
    "bpm_intervals": [0.476009070873],
    "onset_times": [0.0464399084449]
},
"sfx": {
    "inharmonicity": {
        "mean": 0.117360621691
    },
    "oddtoevenharmonicenergyratio": {
        "mean": 1.75697672367
    },
    "pitch_after_max_to_before_max_energy_ratio": 13.7819366455,
    "pitch_centroid": 28.8534069061,
    "pitch_max_to_total": 0.098360657692,
    "pitch_min_to_total": 0.721311450005,
    "tristimulus": {
        "mean": [0.159328654408, 0.442302107811, 0.220973789692]
    }
},
"tonal": {
    "chords_changes_rate": 0.0322580635548,
    "chords_number_rate": 0.0645161271095,
    "chords_strength": {
        "mean": 0.513231754303
    },
    "key_strength": 0.636067032814,
    "tuning_diatonic_strength": 0.565932095051,
    "tuning_equal_tempered_deviation": 0.185900405049,
    "tuning_frequency": 437.213165283,
    "tuning_nontempered_energy_ratio": 0.836214065552,
    "hpcp": {
        "mean": [0.421824634075, 0.310172766447, 0.240962952375, 0.247062757611, 0.222924932837, 0.185075059533, 0.144515350461, 0.144571974874, 0.22915956378, 0.296691209078, 0.351384848356, 0.347702383995, 0.250711709261, 0.225207284093, 0.236302450299, 0.261249929667, 0.295233458281, 0.269025862217, 0.209344476461, 0.147557780147, 0.131624802947, 0.18163344264, 0.490577936172, 0.789286971092, 0.672135531902, 0.464535951614, 0.306131988764, 0.190144881606, 0.15365254879, 0.206817299128, 0.37956443429, 0.399564683437, 0.256734699011, 0.256562173367, 0.261677354574, 0.331601142883]
    },
    "chords_histogram": [12.9032258987, 0, 0, 0, 0, 0, 0, 0, 0, 0, 0, 0, 0, 0, 87.0967712402, 0, 0, 0, 0, 0, 0, 0, 0, 0],
    "thpcp": [1, 0.851573050022, 0.588551402092, 0.38785892725, 0.240907162428, 0.194672599435, 0.262030541897, 0.480895340443, 0.506235003471, 0.325274199247, 0.325055629015, 0.331536382437, 0.420127481222, 0.534437596798, 0.392978459597, 0.305291950703, 0.313020199537, 0.282438367605, 0.234483867884, 0.183096081018, 0.183167815208, 0.290337443352, 0.37589776516, 0.445192754269, 0.440527200699, 0.317643284798, 0.285330027342, 0.29938724637, 0.330994844437, 0.374050855637, 0.340846717358, 0.265232384205, 0.186950743198, 0.166764184833, 0.230123445392, 0.621545732021],
    "chords_key": "A#",
    "chords_scale": "minor",
    "key_key": "A",
    "key_scale": "minor",
    "chords_progression": ["A#m", "A#m", "A#m", "A#m", "A#m", "A#m", "A#m", "A#m", "A#m", "A#m", "A#m", "A#m", "A#m", "A#m", "A#m", "A#m", "A#m", "A#m", "A#m", "A#m", "A#m", "A#m", "A#m", "A#m", "A#m", "A#m", "A#m", "Am", "Am", "Am", "Am"]
}
}