{
"metadata": {
    "version": {
        "essentia": "2.1-beta2"
    }
},
"lowLevel": {
    "dissonance": {
        "mean": 0.208231121302
    },
    "hfc": {
        "mean": 64.9838027954
    },
    "spectral_centroid": {
        "mean": 0.101732321084
    },
    "mfcc": {
        "mean": [-865.915405273, 76.0094451904, 48.3152885437, 44.1100578308, 15.420712471, -2.3877966404, -9.76551151276, -15.9086761475, -19.6718387604, -20.1583309174, -23.9401798248, -19.279548645, -23.585855484, -19.4864940643, -16.6666145325, -15.021062851, -11.9732885361, -12.3472824097, -10.5775146484, -8.66353034973, -6.4082865715, -2.74084043503, -2.25317335129, -0.505790472031, 0.464762955904, 0.894694030285, 1.0214548111, 1.22691977024, 1.46926236153, 1.1216698885, -0.762438237667, -1.92924547195, -3.22482824326, -3.38423395157, -2.3285112381, -1.41169917583, -1.60204803944, -0.950876772404, -0.189669236541, 1.14596641064]
    },
    "spectral_contrast": {
        "mean": [-0.515676617622, -0.809153199196, -0.850858807564, -0.858936786652, -0.862226486206, -0.781205773354]
    }
},
"sfx": {
    "inharmonicity": {
        "mean": 0.0593998022377
    },
    "logattacktime": {
        "mean": -4.90545749664
    }
}
}