{
"metadata": {
    "version": {
        "essentia": "2.1-beta2"
    }
},
"lowLevel": {
    "average_loudness": 0.9643663764,
    "barkbands_kurtosis": {
        "mean": 2.85308551788
    },
    "barkbands_skewness": {
        "mean": 0.989098727703
    },
    "barkbands_spread": {
        "mean": 8.79009532928
    },
    "dissonance": {
        "mean": 0.38725912571
    },
    "hfc": {
        "mean": 211.942489624
    },
    "pitch": {
        "mean": 1094.50769043
    },
    "pitch_instantaneous_confidence": {
        "mean": 0.895867586136
    },
    "pitch_salience": {
        "mean": 0.455616921186
    },
    "silence_rate_20dB": {
        "mean": 1
    },
    "silence_rate_30dB": {
        "mean": 0.401913881302
    },
    "silence_rate_60dB": {
        "mean": 0.181818187237
    },
    "spectral_centroid": {
        "mean": 1569.08166504
    },
    "spectral_complexity": {
        "mean": 2.87559819221
    },
    "spectral_crest": {
        "mean": 17.726524353
    },
    "spectral_decrease": {
        "mean": -2.92294579651e-08
    },
    "spectral_energy": {
        "mean": 0.129542440176
    },
    "spectral_energyband_high": {
        "mean": 4.98605259054e-05
    },
    "spectral_energyband_low": {
        "mean": 2.22852520437e-07
    },
    "spectral_energyband_middle_high": {
        "mean": 0.129492148757
    },
    "spectral_energyband_middle_low": {
        "mean": 4.22197672378e-07
    },
    "spectral_flatness_db": {
        "mean": 0.575450658798
    },
    "spectral_flux": {
        "mean": 0.0622619725764
    },
    "spectral_kurtosis": {
        "mean": 45.5114402771
    },
    "spectral_rms": {
        "mean": 0.00988035928458
    },
    "spectral_rolloff": {
        "mean": 2282.93505859
    },
    "spectral_skewness": {
        "mean": 5.10267877579
    },
    "spectral_spread": {
        "mean": 5172390.5
    },
    "spectral_strongpeak": {
        "mean": 13.2568664551
    },
    "zerocrossingrate": {
        "mean": 0.0767185613513
    },
    "barkbands": {
        "mean": [3.71124968979e-07, 5.26845269633e-08, 5.17997644778e-09, 4.08862144141e-09, 1.15532090561e-08, 1.5116741281e-07, 1.50856749315e-08, 1.79022574542e-08, 4.4896697915e-08, 1.1226462675e-06, 1.34700130161e-07, 0.0789625644684, 2.469954552e-07, 4.10454305211e-07, 9.55887344389e-07, 0.00623192964122, 0.0433099232614, 4.42861988859e-07, 0.000984315760434, 2.01687853973e-07, 4.4309272198e-05, 2.02488786272e-06, 1.05358776636e-06, 1.80690153684e-06, 2.02786154091e-07, 3.44881158298e-07, 3.01719857987e-08]
    },
    "mfcc": {
        "mean": [-945.388305664, 3.95607662201, -110.353401184, -8.10980796814, 5.34526491165, 12.6267786026, 40.0372619629, 24.1686153412, -5.27999830246, -41.6936149597, -38.9185523987, 47.9424743652, 63.8018569946]
    },
    "sccoeffs": {
        "mean": [-0.800669848919, -0.889414012432, -0.312292158604, -0.656276524067, -0.466170191765, -0.753130555153]
    },
    "scvalleys": {
        "mean": [-10.8023710251, -10.664232254, -10.0422000885, -9.90645885468, -10.5239171982, -12.089179039]
    }
},
"rhythm": {
    "beats_loudness": {
        "mean": 0.173834040761
    },
    "bpm": 155.683914185,
    "first_peak_bpm": {
        "mean": 157
    },
    "first_peak_spread": {
        "mean": 0.199999988079
    },
    "first_peak_weight": {
        "mean": 0.40000000596
    },
    "onset_rate": 1.86567509174,
    "second_peak_bpm": {
        "mean": 144
    },
    "second_peak_spread": {
        "mean": 0.5
    },
    "second_peak_weight": {
        "mean": 0.20000000298
    },
    "beats_loudness_band_ratio": {
        "mean": [0.0159198716283, 0.000817446270958, 0.00255364621989, 0.583948910236, 0.366435557604, 0.0313988998532]
    },
    "beats_position": [0.359909296036, 0.743038535118, 1.11455774307, 1.49768710136, 1.90403628349, 2.32199549675, 2.70512461662, 3.08825397491, 3.48299312592, 3.90095233917, 4.33052158356],
    "bpm_estimates": [156.605117798, 156.605072021, 156.605163574, 156.605072021, 151.99911499],
    "bpm_intervals": [0.383129239082, 0.371519207954, 0.383129358292, 0.406349182129, 0.417959213257, 0.383129119873, 0.383129358292, 0.394739151001, 0.417959213257, 0.429569244385],
    "onset_times": [0.49922901392, 1.48607707024, 1.83437645435, 2.07818603516, 2.72834467888, 2.85605430603, 3.03020405769, 3.48299312592, 4.2492518425]
},
"sfx": {
    "inharmonicity": {
        "mean": 0.0498328842223
    },
    "oddtoevenharmonicenergyratio": {
        "mean": 2.51629400253
    },
    "pitch_after_max_to_before_max_energy_ratio": 33.6901054382,
    "pitch_centroid": 109.334350586,
    "pitch_max_to_total": 0.0861244052649,
    "pitch_min_to_total": 0.0526315793395,
    "tristimulus": {
        "mean": [0.239872440696, 0.702970862389, 0.0312530882657]
    }
},
"tonal": {
    "chords_changes_rate": 0.095238097012,
    "chords_number_rate": 0.0285714287311,
    "chords_strength": {
        "mean": 0.558049798012
    },
    "key_strength": 0.539140999317,
    "tuning_diatonic_strength": 0.398911714554,
    "tuning_equal_tempered_deviation": 0.176522284746,
    "tuning_frequency": 440,
    "tuning_nontempered_energy_ratio": 0.863048911095,
    "hpcp": {
        "mean": [0.0246918834746, 0.0221455637366, 0.0278338231146, 0.0362167917192, 0.0298863351345, 0.0214333310723, 0.0223922282457, 0.0219170097262, 0.0207497440279, 0.0243744403124, 0.0287636220455, 0.0249793753028, 0.0199322383851, 0.0856233388186, 0.608104169369, 0.848458111286, 0.343827188015, 0.0378047153354, 0.0176349058747, 0.0147347701713, 0.0123019600287, 0.0116024632007, 0.0407399274409, 0.108385957778, 0.0905710607767, 0.0325920619071, 0.0257342811674, 0.0205208715051, 0.0221441518515, 0.0205885618925, 0.0257123019546, 0.0331529341638, 0.0395339541137, 0.042443677783, 0.0307254027575, 0.0243051350117]
    },
    "chords_histogram": [0, 0, 45.7142868042, 0, 0, 0, 0, 0, 0, 0, 0, 28.571428299, 25.7142848969, 0, 0, 0, 0, 0, 0, 0, 0, 0, 0, 0],
    "thpcp": [1, 0.405237674713, 0.0445569604635, 0.0207846518606, 0.0173665266484, 0.0144991958514, 0.0136747621, 0.0480164289474, 0.127744615078, 0.106747828424, 0.0384132824838, 0.0303306449205, 0.0241860747337, 0.0260992869735, 0.0242658555508, 0.0303047392517, 0.039074331522, 0.0465950556099, 0.0500244833529, 0.0362132228911, 0.0286462400109, 0.0291020646691, 0.0261009503156, 0.0328051820397, 0.0426854193211, 0.0352242924273, 0.0252615083009, 0.0263916719705, 0.0258315745741, 0.0244558267295, 0.0287279244512, 0.0339010506868, 0.0294409058988, 0.0234923064709, 0.100916400552, 0.716716766357],
    "chords_key": "D",
    "chords_scale": "minor",
    "key_key": "G",
    "key_scale": "minor",
    "chords_progression": ["A", "A", "A", "A", "A", "A", "A", "A", "A", "A", "A", "A", "A", "A", "A", "A", "A", "A", "A", "A", "A", "A", "A", "A", "A", "A", "A", "A", "A", "A", "C#m", "C#m", "C#m", "C#m", "C#m", "C#m", "C#m", "C#m", "C#m", "C#m", "C#m", "C#m", "C#m", "Dm", "C#m", "C#m", "Dm", "Dm", "Dm", "Dm", "Dm", "Dm", "Dm", "Dm", "Dm", "C#m", "C#m", "C#m", "C#m", "Dm", "Dm", "Dm", "Dm", "Dm", "Dm", "Dm", "C#m", "C#m", "C#m", "C#m", "Dm", "C#m", "C#m", "C#m", "C#m", "Dm", "Dm", "Dm", "Dm", "Dm", "Dm", "Dm", "Dm", "Dm", "Dm", "Dm", "Dm", "Dm", "Dm", "Dm", "Dm", "Dm", "Dm", "Dm", "Dm", "Dm", "Dm", "Dm", "Dm", "Dm", "Dm", "Dm", "Dm", "Dm", "Dm"]
}
}