{
"metadata": {
    "version": {
        "essentia": "2.1-beta2"
    }
},
"lowLevel": {
    "dissonance": {
        "mean": 0.413494735956
    },
    "hfc": {
        "mean": 58.8705978394
    },
    "spectral_centroid": {
        "mean": 0.242474645376
    },
    "mfcc": {
        "mean": [-643.45300293, 23.5354328156, -19.2688732147, -3.10808730125, -23.0792922974, -20.2962474823, -7.40081882477, -11.279797554, -14.7979621887, -15.9339418411, -18.6588058472, -5.15412998199, -9.83532142639, -5.51927518845, -8.66320800781, -12.0792760849, -9.95524406433, -6.60377216339, -7.2346496582, -7.4085187912, -7.85894680023, -7.13559770584, -6.37730073929, -5.38241863251, -4.57651853561, -5.13598012924, -5.01507091522, -4.31368398666, -1.29996454716, 1.83182656765, 0.690702140331, -1.49386060238, -4.98439264297, -4.6447725296, -2.27897119522, 0.0967165976763, 1.02691543102, -0.205259934068, -0.951323926449, 0.970981955528]
    },
    "spectral_contrast": {
        "mean": [-0.707411825657, -0.786969840527, -0.839185833931, -0.815259218216, -0.816549479961, -0.677050173283]
    }
},
"sfx": {
    "inharmonicity": {
        "mean": 0.243775323033
    },
    "logattacktime": {
        "mean": -4.7940826416
    }
}
}