{"lowlevel.dissonance.mean": [0.3012354373931885], "sfx.inharmonicity.mean": [0.5883946418762207], "lowlevel.spectral_contrast.mean": [[0.403354287147522, 0.23330962657928467, 0.30550599098205566, 1.4464502334594727, 0.6267931461334229, 0.4971635341644287]], "lowlevel.spectral_centroid.mean": [0.44683462381362915], "lowlevel.mfcc.mean": [[0.22610116004943848, 0.20660869777202606, 0.23632249236106873, 0.21805234253406525, 0.4961872398853302, 0.9795000553131104, 1.1650166511535645, 0.4310939610004425, -0.022209584712982178, 0.30713552236557007, 1.1161091327667236, 1.6137679815292358, 0.9833354353904724]], "sfx.logattacktime.mean": [0.49503111839294434], "lowlevel.hfc.mean": [0.4801933169364929]}