{
"metadata": {
    "version": {
        "essentia": "2.1-beta2"
    }
},
"lowLevel": {
    "dissonance": {
        "mean": 0.189105913043
    },
    "hfc": {
        "mean": 2.62140774727
    },
    "spectral_centroid": {
        "mean": 0.0785307213664
    },
    "mfcc": {
        "mean": [-769.324157715, 141.329879761, -47.8703804016, -6.0081744194, -6.1965174675, -10.4485177994, -23.1486186981, -17.8694896698, -9.46987915039, 3.71000909805, -11.7036342621, -14.1306600571, -13.4528694153, -7.51182413101, -18.8075237274, -0.263638526201, -12.0625143051, -7.89539575577, 4.72491025925, 11.1197147369, 14.1366109848, -2.43169283867, -8.1799659729, 5.33535194397, 16.8149776459, 24.1295127869, 6.91561222076, -0.25487485528, -0.101551748812, 4.15275287628, 1.95313608646, -7.14482975006, -10.4026536942, -1.57286071777, 7.28202342987, 14.5997314453, 9.29081439972, 1.90658855438, -6.4953546524, 1.40598678589]
    },
    "spectral_contrast": {
        "mean": [-0.565069854259, -0.591463387012, -0.564247965813, -0.704115390778, -0.781066179276, -0.737391233444]
    }
},
"sfx": {
    "inharmonicity": {
        "mean": 0.168025955558
    },
    "logattacktime": {
        "mean": -4.97100782394
    }
}
}